translation_x,translation_y,translation_z,frame_numbers
0.000000,0.001366,0.003400,frame_000000
0.000000,0.001722,0.003640,frame_000001
0.000000,0.001880,0.003949,frame_000002
0.000000,0.001864,0.004324,frame_000003
0.000000,0.001694,0.004760,frame_000004
0.000000,0.001392,0.005253,frame_000005
0.000000,0.000978,0.005801,frame_000006
0.000000,0.000476,0.006398,frame_000007
0.000000,-0.000095,0.007042,frame_000008
0.000000,-0.000713,0.007728,frame_000009
0.000000,-0.001356,0.008452,frame_000010
0.000000,-0.002003,0.009211,frame_000011
0.000000,-0.002633,0.010001,frame_000012
0.000000,-0.003223,0.010818,frame_000013
0.000000,-0.003754,0.011658,frame_000014
0.000000,-0.004203,0.012518,frame_000015
0.000000,-0.004549,0.013393,frame_000016
0.000000,-0.004770,0.014280,frame_000017
0.000000,-0.004846,0.015174,frame_000018
0.000000,-0.004754,0.016073,frame_000019
0.000000,-0.004474,0.016972,frame_000020
0.000000,-0.003984,0.017867,frame_000021
0.000000,-0.003262,0.018755,frame_000022
0.000000,-0.002288,0.019632,frame_000023
0.000000,-0.001039,0.020494,frame_000024
0.000000,0.000505,0.021336,frame_000025
0.000000,0.002118,0.022003,frame_000026
0.000000,0.004562,0.022615,frame_000027
0.000000,0.007785,0.023187,frame_000028
-0.000746,0.011738,0.023803,frame_000029
-0.002083,0.016370,0.024454,frame_000030
-0.003861,0.021631,0.025135,frame_000031
-0.005191,0.026484,0.025760,frame_000032
-0.006094,0.031085,0.026319,frame_000033
-0.006588,0.035580,0.026803,frame_000034
-0.005945,0.041094,0.027165,frame_000035
-0.004341,0.047552,0.027415,frame_000036
-0.001943,0.054877,0.027566,frame_000037
0.000341,0.062009,0.027726,frame_000038
0.002510,0.069077,0.027886,frame_000039
0.004565,0.076203,0.028036,frame_000040
0.006506,0.084486,0.028152,frame_000041
0.008333,0.093825,0.028235,frame_000042
0.010046,0.104121,0.028283,frame_000043
0.011645,0.114285,0.028261,frame_000044
0.013129,0.124424,0.028179,frame_000045
0.014499,0.134633,0.028043,frame_000046
0.015755,0.145986,0.027863,frame_000047
0.016897,0.158359,0.027646,frame_000048
0.017925,0.171624,0.027401,frame_000049
0.018838,0.184671,0.027184,frame_000050
0.019637,0.197578,0.026993,frame_000051
0.020322,0.210418,0.026822,frame_000052
0.020893,0.224239,0.026601,frame_000053
0.021350,0.238889,0.026340,frame_000054
0.021693,0.254219,0.026052,frame_000055
0.021921,0.269091,0.025789,frame_000056
0.022035,0.283560,0.025531,frame_000057
0.022035,0.297672,0.025260,frame_000058
0.021921,0.311957,0.025003,frame_000059
0.021693,0.326342,0.024776,frame_000060
0.021350,0.340750,0.024593,frame_000061
0.020893,0.356299,0.024416,frame_000062
0.020322,0.373125,0.024253,frame_000063
0.019637,0.391368,0.024109,frame_000064
0.018838,0.409481,0.023929,frame_000065
0.017925,0.427492,0.023711,frame_000066
0.016897,0.445422,0.023454,frame_000067
0.015755,0.464271,0.023285,frame_000068
0.014499,0.483837,0.023204,frame_000069
0.013129,0.503918,0.023214,frame_000070
0.011645,0.523328,0.023182,frame_000071
0.010046,0.542070,0.023096,frame_000072
0.008333,0.560141,0.022943,frame_000073
0.006506,0.578727,0.022739,frame_000074
0.004565,0.598031,0.022480,frame_000075
0.002510,0.618252,0.022168,frame_000076
0.000341,0.638393,0.021937,frame_000077
-0.001943,0.658433,0.021788,frame_000078
-0.004341,0.678341,0.021722,frame_000079
-0.005945,0.698081,0.021615,frame_000080
-0.006588,0.717607,0.021452,frame_000081
-0.006094,0.736863,0.021220,frame_000082
-0.005191,0.756987,0.020920,frame_000083
-0.003861,0.778130,0.020547,frame_000084
-0.002083,0.800443,0.020097,frame_000085
-0.000746,0.822877,0.019592,frame_000086
-0.000000,0.845360,0.019055,frame_000087
-0.000000,0.867812,0.018512,frame_000088
-0.000000,0.891347,0.017977,frame_000089
-0.000000,0.916089,0.017430,frame_000090
-0.000000,0.942164,0.016853,frame_000091
-0.000000,0.968498,0.016251,frame_000092
-0.000000,0.994995,0.015614,frame_000093
-0.000000,1.021550,0.014933,frame_000094
-0.000000,1.048264,0.014215,frame_000095
-0.000000,1.075442,0.013463,frame_000096
-0.000000,1.103382,0.012684,frame_000097
-0.000000,1.132159,0.011935,frame_000098
-0.000000,1.161628,0.011212,frame_000099
-0.000000,1.191633,0.010510,frame_000100
-0.000000,1.222223,0.009735,frame_000101
-0.000000,1.253656,0.008877,frame_000102
-0.000000,1.286178,0.007927,frame_000103
-0.000000,1.318828,0.006956,frame_000104
-0.000000,1.351615,0.005972,frame_000105
0.000000,1.384530,0.004986,frame_000106
0.000000,1.419734,0.003863,frame_000107
0.000000,1.457202,0.002599,frame_000108
-0.000000,1.496909,0.001188,frame_000109
-0.000000,1.537244,-0.000360,frame_000110
-0.000000,1.578276,-0.002025,frame_000111
-0.000000,1.620061,-0.003785,frame_000112
-0.000000,1.662643,-0.005531,frame_000113
-0.000000,1.706054,-0.007260,frame_000114
-0.000000,1.750313,-0.008970,frame_000115
-0.000000,1.796027,-0.010737,frame_000116
-0.000000,1.843298,-0.012536,frame_000117
-0.000000,1.892226,-0.014344,frame_000118
-0.000000,1.941696,-0.016157,frame_000119
-0.000000,1.991567,-0.017974,frame_000120
-0.000000,2.041680,-0.019793,frame_000121
-0.000000,2.093058,-0.021615,frame_000122
-0.000000,2.145731,-0.023427,frame_000123
-0.000000,2.199720,-0.025214,frame_000124
-0.000000,2.255036,-0.026906,frame_000125
-0.000000,2.311685,-0.028492,frame_000126
-0.000000,2.369663,-0.029962,frame_000127
-0.000000,2.428956,-0.031445,frame_000128
-0.000000,2.489543,-0.032930,frame_000129
-0.000000,2.551397,-0.034411,frame_000130
-0.000000,2.613491,-0.035813,frame_000131
-0.000000,2.675986,-0.037136,frame_000132
-0.000000,2.739025,-0.038379,frame_000133
-0.000000,2.803719,-0.039513,frame_000134
-0.000000,2.869972,-0.040535,frame_000135
-0.000000,2.937678,-0.041443,frame_000136
0.000746,3.006726,-0.042188,frame_000137
0.002083,3.076993,-0.042749,frame_000138
0.003861,3.148349,-0.043106,frame_000139
0.005191,3.220656,-0.043384,frame_000140
0.006094,3.293767,-0.043584,frame_000141
0.006588,3.367527,-0.043705,frame_000142
0.006691,3.440786,-0.043749,frame_000143
0.006423,3.513579,-0.043712,frame_000144
0.005804,3.585921,-0.043595,frame_000145
0.004851,3.659999,-0.043340,frame_000146
0.003584,3.735812,-0.042946,frame_000147
0.002022,3.813362,-0.042417,frame_000148
0.000185,3.890461,-0.041845,frame_000149
-0.001910,3.967093,-0.041240,frame_000150
-0.004242,4.043224,-0.040612,frame_000151
-0.006794,4.120991,-0.039932,frame_000152
-0.009545,4.200342,-0.039207,frame_000153
-0.012477,4.281228,-0.038448,frame_000154
-0.015571,4.362612,-0.037645,frame_000155
-0.018807,4.444649,-0.036809,frame_000156
-0.022167,4.527486,-0.035952,frame_000157
-0.025632,4.610062,-0.035055,frame_000158
-0.029182,4.692284,-0.034126,frame_000159
-0.032799,4.774042,-0.033170,frame_000160
-0.036464,4.857398,-0.032114,frame_000161
-0.040157,4.942226,-0.030954,frame_000162
-0.043860,5.028400,-0.029686,frame_000163
-0.047553,5.114807,-0.028416,frame_000164
-0.051217,5.201529,-0.027160,frame_000165
-0.054834,5.288635,-0.025935,frame_000166
-0.058385,5.376188,-0.024633,frame_000167
-0.061850,5.464245,-0.023258,frame_000168
-0.065210,5.552849,-0.021810,frame_000169
-0.068446,5.643026,-0.020355,frame_000170
-0.071540,5.734599,-0.018903,frame_000171
-0.074472,5.827392,-0.017464,frame_000172
-0.077969,5.920242,-0.016005,frame_000173
-0.081857,6.013180,-0.014528,frame_000174
-0.085967,6.106227,-0.013037,frame_000175
-0.089393,6.199393,-0.011540,frame_000176
-0.092133,6.292685,-0.010055,frame_000177
-0.094188,6.386098,-0.008601,frame_000178
-0.095558,6.479619,-0.007129,frame_000179
-0.096244,6.573227,-0.005639,frame_000180
-0.096244,6.666893,-0.004132,frame_000181
-0.095558,6.761778,-0.002682,frame_000182
-0.094188,6.858060,-0.001295,frame_000183
-0.092133,6.955915,0.000024,frame_000184
-0.089393,7.054317,0.001283,frame_000185
-0.085967,7.153222,0.002469,frame_000186
-0.081857,7.252575,0.003569,frame_000187
-0.077969,7.352313,0.004573,frame_000188
-0.074472,7.452364,0.005480,frame_000189
-0.071540,7.552649,0.006289,frame_000190
-0.068446,7.653080,0.006994,frame_000191
-0.065210,7.753561,0.007601,frame_000192
-0.061850,7.853986,0.008119,frame_000193
-0.058385,7.955442,0.008612,frame_000194
-0.054834,8.058031,0.009081,frame_000195
-0.051217,8.161852,0.009528,frame_000196
-0.047553,8.265807,0.009895,frame_000197
-0.043860,8.369773,0.010184,frame_000198
-0.040157,8.473621,0.010399,frame_000199
-0.036464,8.578413,0.010583,frame_000200
-0.032799,8.684223,0.010741,frame_000201
-0.029182,8.791127,0.010883,frame_000202
-0.025632,8.898002,0.010985,frame_000203
-0.022167,9.004699,0.011058,frame_000204
-0.018807,9.111064,0.011111,frame_000205
-0.015571,9.218134,0.011152,frame_000206
-0.012477,9.325958,0.011187,frame_000207
-0.009545,9.434588,0.011222,frame_000208
-0.006794,9.544072,0.011264,frame_000209
-0.004242,9.654462,0.011319,frame_000210
-0.001910,9.765809,0.011394,frame_000211
0.000185,9.876961,0.011448,frame_000212
0.002022,9.987748,0.011496,frame_000213
0.003584,10.097989,0.011547,frame_000214
0.004851,10.208695,0.011651,frame_000215
0.005804,10.319892,0.011811,frame_000216
0.006423,10.431605,0.012032,frame_000217
0.006691,10.543858,0.012332,frame_000218
0.006588,10.656678,0.012704,frame_000219
0.006094,10.770088,0.013141,frame_000220
0.005191,10.882915,0.013621,frame_000221
0.003861,10.994962,0.014146,frame_000222
0.002083,11.106022,0.014716,frame_000223
0.000746,11.217082,0.015325,frame_000224
-0.000000,11.328142,0.015976,frame_000225
-0.000000,11.439202,0.016672,frame_000226
0.000000,11.549277,0.017391,frame_000227
-0.000000,11.658570,0.018125,frame_000228
-0.000000,11.767280,0.018865,frame_000229
-0.000000,11.875102,0.019667,frame_000230
-0.000000,11.982318,0.020513,frame_000231
-0.000000,12.091419,0.021432,frame_000232
-0.000000,12.202200,0.022419,frame_000233
-0.000000,12.314463,0.023452,frame_000234
-0.000000,12.428015,0.024510,frame_000235
-0.000000,12.540453,0.025559,frame_000236
-0.000000,12.652059,0.026572,frame_000237
0.000000,12.765324,0.027479,frame_000238
0.000000,12.880041,0.028293,frame_000239
0.000000,12.996014,0.029001,frame_000240
0.000000,13.113051,0.029592,frame_000241
-0.000000,13.230225,0.030104,frame_000242
-0.000000,13.347513,0.030528,frame_000243
-0.000000,13.464889,0.030859,frame_000244
-0.000746,13.581342,0.030956,frame_000245
-0.002083,13.697052,0.030820,frame_000246
-0.003861,13.812191,0.030453,frame_000247
-0.005191,13.927908,0.029926,frame_000248
-0.006094,14.044154,0.029239,frame_000249
-0.006588,14.160878,0.028393,frame_000250
-0.006691,14.278029,0.027423,frame_000251
-0.006423,14.395557,0.026321,frame_000252
-0.005804,14.513413,0.025079,frame_000253
-0.004851,14.628587,0.023614,frame_000254
-0.003584,14.741645,0.021943,frame_000255
-0.002022,14.856827,0.020093,frame_000256
-0.000185,14.973877,0.018069,frame_000257
0.001910,15.092547,0.015887,frame_000258
0.004242,15.212595,0.013563,frame_000259
0.005675,15.331566,0.011080,frame_000260
0.006421,15.449694,0.008460,frame_000261
0.007805,15.567690,0.005763,frame_000262
0.009788,15.685661,0.003047,frame_000263
0.012333,15.803702,0.000336,frame_000264
0.015401,15.922887,-0.002390,frame_000265
0.018954,16.043092,-0.005140,frame_000266
0.022955,16.164189,-0.007889,frame_000267
0.027364,16.286054,-0.010600,frame_000268
0.032145,16.408560,-0.013293,frame_000269
0.037259,16.531581,-0.015952,frame_000270
0.042667,16.654993,-0.018579,frame_000271
0.048333,16.778669,-0.021123,frame_000272
0.054217,16.902483,-0.023559,frame_000273
0.059537,17.025324,-0.025800,frame_000274
0.064408,17.147271,-0.027826,frame_000275
0.068943,17.268395,-0.029623,frame_000276
0.073991,17.389746,-0.031204,frame_000277
0.079496,17.512372,-0.032572,frame_000278
0.085401,17.636344,-0.033711,frame_000279
0.091648,17.762483,-0.034630,frame_000280
0.098181,17.891321,-0.035374,frame_000281
0.104942,18.022919,-0.035934,frame_000282
0.111874,18.154656,-0.036361,frame_000283
0.118921,18.283909,-0.036678,frame_000284
0.126025,18.410740,-0.036887,frame_000285
0.133128,18.535681,-0.037024,frame_000286
0.140175,18.661352,-0.037110,frame_000287
0.147107,18.788157,-0.037148,frame_000288
0.153868,18.914793,-0.037049,frame_000289
0.160401,19.040965,-0.036818,frame_000290
0.166648,19.166376,-0.036463,frame_000291
0.173299,19.290720,-0.036036,frame_000292
0.180141,19.414586,-0.035559,frame_000293
0.186967,19.537823,-0.035037,frame_000294
0.192833,19.659295,-0.034469,frame_000295
0.198607,19.780255,-0.033767,frame_000296
0.204420,19.900971,-0.032926,frame_000297
0.210407,20.022699,-0.031931,frame_000298
0.215805,20.144301,-0.030822,frame_000299
0.220594,20.265627,-0.029607,frame_000300
0.225501,20.386525,-0.028231,frame_000301
0.230352,20.506844,-0.026767,frame_000302
0.234978,20.626434,-0.025250,frame_000303
0.238471,20.745143,-0.023754,frame_000304
0.240833,20.866420,-0.022186,frame_000305
0.242062,20.990782,-0.020550,frame_000306
0.242158,21.113283,-0.018831,frame_000307
0.241123,21.233861,-0.017041,frame_000308
0.238955,21.352440,-0.015191,frame_000309
0.236401,21.469915,-0.013285,frame_000310
0.234666,21.588673,-0.011296,frame_000311
0.233855,21.708899,-0.009232,frame_000312
0.232724,21.830185,-0.007170,frame_000313
0.231156,21.952630,-0.005118,frame_000314
0.229040,22.076338,-0.003086,frame_000315
0.225525,22.200222,-0.001021,frame_000316
0.220668,22.324181,0.001073,frame_000317
0.214527,22.448115,0.003194,frame_000318
0.207905,22.571923,0.005339,frame_000319
0.200703,22.695505,0.007500,frame_000320
0.192829,22.818760,0.009671,frame_000321
0.184197,22.941588,0.011895,frame_000322
0.174729,23.063887,0.014163,frame_000323
0.164351,23.185557,0.016468,frame_000324
0.153905,23.306711,0.018736,frame_000325
0.143498,23.427677,0.020944,frame_000326
0.133251,23.548781,0.023070,frame_000327
0.122389,23.670136,0.025123,frame_000328
0.110890,23.791643,0.027086,frame_000329
0.098739,23.913200,0.028943,frame_000330
0.085925,24.033806,0.030672,frame_000331
0.072446,24.153196,0.032268,frame_000332
0.058305,24.271094,0.033729,frame_000333
0.043511,24.387221,0.035078,frame_000334
0.028080,24.503990,0.036330,frame_000335
0.012034,24.621610,0.037481,frame_000336
-0.004598,24.739701,0.038571,frame_000337
-0.021781,24.858383,0.039604,frame_000338
-0.039474,24.977788,0.040587,frame_000339
-0.057629,25.095866,0.041462,frame_000340
-0.076193,25.212749,0.042228,frame_000341
-0.095105,25.328558,0.042886,frame_000342
-0.115207,25.444392,0.043479,frame_000343
-0.136593,25.560150,0.044019,frame_000344
-0.159359,25.675733,0.044518,frame_000345
-0.181946,25.792238,0.044980,frame_000346
-0.204436,25.909789,0.045414,frame_000347
-0.226900,26.028514,0.045833,frame_000348
-0.250140,26.147352,0.046249,frame_000349
-0.274046,26.266228,0.046669,frame_000350
-0.298500,26.385067,0.047104,frame_000351
-0.324286,26.503792,0.047506,frame_000352
-0.351442,26.622329,0.047869,frame_000353
-0.380006,26.740601,0.048185,frame_000354
-0.408363,26.858534,0.048476,frame_000355
-0.436538,26.976051,0.048750,frame_000356
-0.464543,27.093079,0.049018,frame_000357
-0.493125,27.210740,0.049282,frame_000358
-0.522116,27.329181,0.049542,frame_000359
-0.551341,27.448559,0.049797,frame_000360
-0.581526,27.567836,0.050034,frame_000361
-0.612654,27.686962,0.050250,frame_000362
-0.644705,27.805887,0.050445,frame_000363
-0.676913,27.924560,0.050647,frame_000364
-0.709416,28.042931,0.050861,frame_000365
-0.742343,28.160950,0.051092,frame_000366
-0.775657,28.278567,0.051342,frame_000367
-0.809151,28.395731,0.051614,frame_000368
-0.842612,28.512392,0.051908,frame_000369
-0.875984,28.628499,0.052227,frame_000370
-0.909365,28.744002,0.052568,frame_000371
-0.942847,28.858852,0.052931,frame_000372
-0.976888,28.973737,0.053284,frame_000373
-1.011490,29.088452,0.053622,frame_000374
-1.046652,29.202801,0.053939,frame_000375
-1.082368,29.317790,0.054219,frame_000376
-1.118631,29.431238,0.054442,frame_000377
-1.155430,29.543658,0.054604,frame_000378
-1.192378,29.655839,0.054705,frame_000379
-1.229534,29.767757,0.054742,frame_000380
-1.266953,29.879384,0.054708,frame_000381
-1.304681,29.990698,0.054652,frame_000382
-1.342762,30.101672,0.054575,frame_000383
-1.381228,30.212281,0.054479,frame_000384
-1.420110,30.322500,0.054308,frame_000385
-1.459428,30.432304,0.054063,frame_000386
-1.499200,30.541668,0.053749,frame_000387
-1.540180,30.650567,0.053393,frame_000388
-1.582216,30.758975,0.052992,frame_000389
-1.625156,30.866867,0.052545,frame_000390
-1.668102,30.975418,0.052032,frame_000391
-1.711056,31.084826,0.051458,frame_000392
-1.754016,31.195295,0.050829,frame_000393
-1.796973,31.305839,0.050170,frame_000394
-1.839910,31.416459,0.049486,frame_000395
-1.882805,31.527155,0.048783,frame_000396
-1.926537,31.637926,0.048077,frame_000397
-1.971240,31.748772,0.047371,frame_000398
-2.017046,31.859694,0.046669,frame_000399
-2.063182,31.970691,0.045967,frame_000400
-2.109612,32.081764,0.045268,frame_000401
-2.156295,32.192912,0.044574,frame_000402
-2.203184,32.304136,0.043860,frame_000403
-2.250224,32.415435,0.043127,frame_000404
-2.297356,32.526810,0.042377,frame_000405
-2.345420,32.638260,0.041644,frame_000406
-2.394512,32.749786,0.040936,frame_000407
-2.444727,32.861387,0.040261,frame_000408
-2.495251,32.974050,0.039568,frame_000409
-2.546013,33.087568,0.038865,frame_000410
-2.596933,33.201746,0.038160,frame_000411
-2.647925,33.315409,0.037479,frame_000412
-2.698898,33.428580,0.036825,frame_000413
-2.749753,33.541286,0.036201,frame_000414
-2.800546,33.653552,0.035612,frame_000415
-2.851492,33.765403,0.035060,frame_000416
-2.902795,33.876865,0.034549,frame_000417
-2.954494,33.987961,0.034054,frame_000418
-3.006458,34.098718,0.033580,frame_000419
-3.058552,34.209160,0.033130,frame_000420
-3.111541,34.320299,0.032717,frame_000421
-3.165443,34.431954,0.032339,frame_000422
-3.220277,34.543955,0.031994,frame_000423
-3.274863,34.654250,0.031688,frame_000424
-3.329292,34.762724,0.031418,frame_000425
-3.383643,34.869254,0.031178,frame_000426
-3.438734,34.973711,0.030947,frame_000427
-3.494472,35.078660,0.030740,frame_000428
-3.550760,35.184460,0.030559,frame_000429
-3.607952,35.290667,0.030399,frame_000430
-3.666029,35.397126,0.030261,frame_000431
-3.724971,35.503691,0.030146,frame_000432
-3.784015,35.609237,0.030051,frame_000433
-3.843296,35.713840,0.029971,frame_000434
-3.902944,35.817575,0.029903,frame_000435
-3.963829,35.920517,0.029884,frame_000436
-4.025913,36.022743,0.029911,frame_000437
-4.089158,36.124327,0.029986,frame_000438
-4.151872,36.226331,0.030066,frame_000439
-4.214004,36.328625,0.030145,frame_000440
-4.275491,36.431088,0.030221,frame_000441
-4.337910,36.532620,0.030319,frame_000442
-4.401186,36.633322,0.030440,frame_000443
-4.465242,36.733295,0.030586,frame_000444
-4.529256,36.832638,0.030737,frame_000445
-4.593308,36.931453,0.030893,frame_000446
-4.657470,37.029841,0.031056,frame_000447
-4.722555,37.128888,0.031222,frame_000448
-4.788468,37.228489,0.031390,frame_000449
-4.855113,37.328547,0.031554,frame_000450
-4.921650,37.427990,0.031684,frame_000451
-4.988139,37.526942,0.031781,frame_000452
-5.054634,37.625529,0.031846,frame_000453
-5.121927,37.724863,0.031917,frame_000454
-5.189906,37.824865,0.031992,frame_000455
-5.258456,37.925463,0.032065,frame_000456
-5.326716,38.025608,0.032126,frame_000457
-5.394729,38.125452,0.032172,frame_000458
-5.462528,38.225144,0.032201,frame_000459
-5.530143,38.324623,0.032236,frame_000460
-5.597595,38.423611,0.032280,frame_000461
-5.664901,38.521831,0.032341,frame_000462
-5.732070,38.619222,0.032402,frame_000463
-5.799105,38.715933,0.032466,frame_000464
-5.866003,38.812117,0.032532,frame_000465
-5.934408,38.908909,0.032594,frame_000466
-6.004317,39.006255,0.032656,frame_000467
-6.075733,39.104109,0.032719,frame_000468
-6.147012,39.201448,0.032817,frame_000469
-6.218158,39.298447,0.032954,frame_000470
-6.289166,39.395282,0.033136,frame_000471
-6.360028,39.491917,0.033380,frame_000472
-6.430727,39.588098,0.033679,frame_000473
-6.501242,39.683575,0.034027,frame_000474
-6.572452,39.779296,0.034362,frame_000475
-6.644489,39.875232,0.034685,frame_000476
-6.717487,39.971362,0.034996,frame_000477
-6.790672,40.066686,0.035309,frame_000478
-6.864009,40.161407,0.035629,frame_000479
-6.937455,40.255725,0.035961,frame_000480
-7.011711,40.349628,0.036294,frame_000481
-7.086566,40.442890,0.036636,frame_000482
-7.161811,40.535284,0.036995,frame_000483
-7.237399,40.626797,0.037360,frame_000484
-7.313443,40.717632,0.037738,frame_000485
-7.390059,40.807988,0.038137,frame_000486
-7.466451,40.899054,0.038560,frame_000487
-7.542567,40.990824,0.039010,frame_000488
-7.618346,41.083305,0.039489,frame_000489
-7.694630,41.175307,0.040008,frame_000490
-7.771513,41.266630,0.040570,frame_000491
-7.849091,41.357073,0.041176,frame_000492
-7.926550,41.446647,0.041856,frame_000493
-8.003819,41.535581,0.042604,frame_000494
-8.080817,41.624099,0.043416,frame_000495
-8.158367,41.713415,0.044369,frame_000496
-8.236546,41.803549,0.045446,frame_000497
-8.315428,41.894530,0.046627,frame_000498
-8.394183,41.985198,0.047851,frame_000499
-8.472718,42.075375,0.049107,frame_000500
-8.550936,42.164885,0.050382,frame_000501
-8.629639,42.253766,0.051707,frame_000502
-8.708884,42.342270,0.053077,frame_000503
-8.788729,42.430648,0.054483,frame_000504
-8.868322,42.518938,0.055915,frame_000505
-8.947554,42.606964,0.057356,frame_000506
-9.026305,42.694550,0.058788,frame_000507
-9.105362,42.782720,0.060197,frame_000508
-9.184760,42.871519,0.061570,frame_000509
-9.264540,42.961002,0.062897,frame_000510
-9.344738,43.050033,0.064176,frame_000511
-9.425392,43.138460,0.065398,frame_000512
-9.506542,43.226132,0.066556,frame_000513
-9.588224,43.314098,0.067648,frame_000514
-9.670477,43.402430,0.068666,frame_000515
-9.753340,43.491208,0.069602,frame_000516
-9.835941,43.579318,0.070385,frame_000517
-9.918152,43.666637,0.071025,frame_000518
-9.999835,43.753037,0.071532,frame_000519
-10.082503,43.838607,0.071893,frame_000520
-10.166018,43.923648,0.072117,frame_000521
-10.250250,44.008464,0.072214,frame_000522
-10.334330,44.093141,0.072246,frame_000523
-10.418296,44.177554,0.072193,frame_000524
-10.502186,44.261576,0.072035,frame_000525
-10.586038,44.345084,0.071788,frame_000526
-10.669890,44.427949,0.071449,frame_000527
-10.753779,44.510048,0.071012,frame_000528
-10.837745,44.592453,0.070465,frame_000529
-10.921825,44.675262,0.069812,frame_000530
-11.006058,44.758579,0.069055,frame_000531
-11.089573,44.841317,0.068255,frame_000532
-11.172240,44.923376,0.067411,frame_000533
-11.253924,45.004656,0.066525,frame_000534
-11.336134,45.085268,0.065611,frame_000535
-11.418736,45.165541,0.064674,frame_000536
-11.501598,45.245802,0.063720,frame_000537
-11.583851,45.326163,0.062746,frame_000538
-11.665534,45.406524,0.061758,frame_000539
-11.746683,45.486785,0.060764,frame_000540
-11.827338,45.566844,0.059745,frame_000541
-11.907536,45.646601,0.058718,frame_000542
-11.987315,45.725956,0.057697,frame_000543
-12.067460,45.806008,0.056667,frame_000544
-12.147852,45.886878,0.055639,frame_000545
-12.228382,45.968696,0.054624,frame_000546
-12.308198,46.050401,0.053567,frame_000547
-12.387358,46.131918,0.052461,frame_000548
-12.465918,46.213170,0.051299,frame_000549
-12.544681,46.294083,0.050099,frame_000550
-12.623550,46.374581,0.048867,frame_000551
-12.702433,46.454588,0.047608,frame_000552
-12.780497,46.535230,0.046326,frame_000553
-12.857819,46.616651,0.045022,frame_000554
-12.934474,46.699009,0.043699,frame_000555
-13.011286,46.781266,0.042292,frame_000556
-13.088175,46.863372,0.040803,frame_000557
-13.165067,46.945277,0.039238,frame_000558
-13.241151,47.025944,0.037591,frame_000559
-13.316521,47.105529,0.035873,frame_000560
-13.391272,47.184178,0.034092,frame_000561
-13.466246,47.263015,0.032193,frame_000562
-13.541383,47.341966,0.030197,frame_000563
-13.616628,47.420954,0.028124,frame_000564
-13.691934,47.499905,0.026008,frame_000565
-13.767259,47.578742,0.023861,frame_000566
-13.842570,47.657391,0.021690,frame_000567
-13.917090,47.735776,0.019557,frame_000568
-13.990954,47.813821,0.017492,frame_000569
-14.064295,47.891451,0.015526,frame_000570
-14.137084,47.969791,0.013755,frame_000571
-14.209131,48.048986,0.012200,frame_000572
-14.280245,48.129193,0.010880,frame_000573
-14.351144,48.209375,0.009718,frame_000574
-14.421806,48.289481,0.008707,frame_000575
-14.492215,48.369461,0.007843,frame_000576
-14.561615,48.448279,0.007160,frame_000577
-14.630159,48.526091,0.006652,frame_000578
-14.697998,48.603041,0.006312,frame_000579
-14.766032,48.680256,0.006111,frame_000580
-14.834257,48.757660,0.006056,frame_000581
-14.902676,48.835177,0.006152,frame_000582
-14.971298,48.912731,0.006388,frame_000583
-15.040140,48.990248,0.006755,frame_000584
-15.109224,49.067652,0.007245,frame_000585
-15.177670,49.146067,0.007828,frame_000586
-15.245346,49.225639,0.008499,frame_000587
-15.312117,49.306525,0.009250,frame_000588
-15.378759,49.387688,0.010072,frame_000589
-15.445307,49.469077,0.010956,frame_000590
-15.511801,49.550643,0.011893,frame_000591
-15.577543,49.632334,0.012930,frame_000592
-15.642744,49.714100,0.014057,frame_000593
-15.707611,49.795892,0.015263,frame_000594
-15.772193,49.877658,0.016526,frame_000595
-15.836375,49.959349,0.017838,frame_000596
-15.900043,50.040914,0.019188,frame_000597
-15.963991,50.122303,0.020534,frame_000598
-16.028273,50.203466,0.021863,frame_000599
-16.092948,50.284352,0.023161,frame_000600
-16.157177,50.364911,0.024463,frame_000601
-16.220863,50.445093,0.025751,frame_000602
-16.283911,50.524847,0.027008,frame_000603
-16.347135,50.604123,0.028207,frame_000604
-16.410606,50.682871,0.029328,frame_000605
-16.474405,50.761040,0.030352,frame_000606
-16.537710,50.838580,0.031284,frame_000607
-16.600443,50.915441,0.032116,frame_000608
-16.662529,50.991573,0.032839,frame_000609
-16.724800,51.068124,0.033483,frame_000610
-16.787347,51.145268,0.034040,frame_000611
-16.850270,51.223184,0.034501,frame_000612
-16.912764,51.300861,0.034925,frame_000613
-16.974773,51.378274,0.035319,frame_000614
-17.036239,51.455397,0.035692,frame_000615
-17.097106,51.531220,0.036028,frame_000616
-17.157317,51.605923,0.036330,frame_000617
-17.216813,51.679677,0.036599,frame_000618
-17.276447,51.753633,0.036864,frame_000619
-17.336329,51.827740,0.037139,frame_000620
-17.396577,51.901947,0.037439,frame_000621
-17.456405,51.976204,0.037742,frame_000622
-17.515777,52.050462,0.038047,frame_000623
-17.574654,52.124669,0.038352,frame_000624
-17.632998,52.198775,0.038620,frame_000625
-17.690772,52.272731,0.038848,frame_000626
-17.747936,52.346485,0.039038,frame_000627
-17.806107,52.421188,0.039175,frame_000628
-17.865260,52.497011,0.039255,frame_000629
-17.925381,52.574135,0.039271,frame_000630
-17.984817,52.651547,0.039263,frame_000631
-18.043568,52.729224,0.039237,frame_000632
-18.101633,52.807140,0.039198,frame_000633
-18.159014,52.885270,0.039095,frame_000634
-18.215710,52.963589,0.038933,frame_000635
-18.271720,53.042071,0.038719,frame_000636
-18.327046,53.120691,0.038508,frame_000637
-18.381686,53.199424,0.038304,frame_000638
-18.435641,53.278246,0.038111,frame_000639
-18.488911,53.357130,0.037934,frame_000640
-18.541497,53.436053,0.037779,frame_000641
-18.593397,53.514987,0.037651,frame_000642
-18.645519,53.593909,0.037531,frame_000643
-18.698033,53.672794,0.037418,frame_000644
-18.751111,53.751615,0.037310,frame_000645
-18.804028,53.830349,0.037233,frame_000646
-18.856802,53.908969,0.037184,frame_000647
-18.909453,53.987451,0.037159,frame_000648
-18.961998,54.065770,0.037167,frame_000649
-19.014458,54.143899,0.037207,frame_000650
-19.066852,54.221815,0.037278,frame_000651
-19.119198,54.299492,0.037366,frame_000652
-19.171515,54.376905,0.037461,frame_000653
-19.223823,54.454029,0.037556,frame_000654
-19.276141,54.530838,0.037596,frame_000655
-19.328487,54.607307,0.037583,frame_000656
-19.380880,54.683412,0.037518,frame_000657
-19.434086,54.758141,0.037467,frame_000658
-19.487968,54.831674,0.037426,frame_000659
-19.542397,54.904183,0.037391,frame_000660
-19.596502,54.976818,0.037310,frame_000661
-19.650321,55.049528,0.037181,frame_000662
-19.703893,55.122264,0.037003,frame_000663
-19.757256,55.194974,0.036794,frame_000664
-19.810448,55.267609,0.036552,frame_000665
-19.863506,55.340118,0.036278,frame_000666
-19.916469,55.413651,0.035932,frame_000667
-19.969375,55.488380,0.035517,frame_000668
-20.022262,55.564485,0.035037,frame_000669
-20.075168,55.640954,0.034524,frame_000670
-20.128131,55.717763,0.033984,frame_000671
-20.181190,55.794887,0.033422,frame_000672
-20.234381,55.872300,0.032784,frame_000673
-20.287744,55.949977,0.032074,frame_000674
-20.341316,56.027893,0.031298,frame_000675
-20.395136,56.106023,0.030507,frame_000676
-20.449240,56.184341,0.029705,frame_000677
-20.503669,56.262823,0.028894,frame_000678
-20.557551,56.341443,0.028047,frame_000679
-20.610757,56.420177,0.027170,frame_000680
-20.663151,56.498999,0.026267,frame_000681
-20.715497,56.577883,0.025361,frame_000682
-20.767814,56.656805,0.024456,frame_000683
-20.820122,56.735740,0.023556,frame_000684
-20.872439,56.814662,0.022681,frame_000685
-20.924785,56.893547,0.021844,frame_000686
-20.977179,56.972368,0.021058,frame_000687
-21.030385,57.051102,0.020333,frame_000688
-21.084267,57.129722,0.019670,frame_000689
-21.138695,57.208204,0.019071,frame_000690
-21.192800,57.286523,0.018532,frame_000691
-21.246620,57.364652,0.018056,frame_000692
-21.300192,57.442568,0.017647,frame_000693
-21.353554,57.520245,0.017300,frame_000694
-21.406746,57.597658,0.017017,frame_000695
-21.459804,57.674782,0.016800,frame_000696
-21.512767,57.751591,0.016648,frame_000697
-21.565673,57.828060,0.016556,frame_000698
-21.618560,57.904165,0.016518,frame_000699
-21.671466,57.980866,0.016528,frame_000700
-21.724429,58.057933,0.016582,frame_000701
-21.777488,58.135143,0.016672,frame_000702
-21.829933,58.211296,0.016737,frame_000703
-21.881959,58.286393,0.016774,frame_000704
-21.933753,58.360433,0.016779,frame_000705
-21.986242,58.433417,0.016831,frame_000706
-22.039444,58.505344,0.016929,frame_000707
-22.093379,58.576215,0.017074,frame_000708
-22.147158,58.647229,0.017195,frame_000709
-22.200632,58.718609,0.017285,frame_000710
-22.253645,58.790584,0.017340,frame_000711
-22.306944,58.862196,0.017402,frame_000712
-22.360528,58.933467,0.017467,frame_000713
-22.414397,59.004424,0.017530,frame_000714
-22.468552,59.075092,0.017576,frame_000715
-22.522993,59.145495,0.017597,frame_000716
-22.577719,59.215660,0.017586,frame_000717
-22.632730,59.285611,0.017559,frame_000718
-22.688027,59.355373,0.017518,frame_000719
-22.743609,59.424972,0.017463,frame_000720
-22.799477,59.494432,0.017364,frame_000721
-22.855630,59.563779,0.017225,frame_000722
-22.912069,59.633038,0.017048,frame_000723
-22.968793,59.702234,0.016893,frame_000724
-23.025802,59.771393,0.016762,frame_000725
-23.083097,59.840539,0.016658,frame_000726
-23.140678,59.910683,0.016523,frame_000727
-23.198544,59.981646,0.016359,frame_000728
-23.256695,60.053256,0.016170,frame_000729
-23.315132,60.124362,0.015986,frame_000730
-23.373854,60.195016,0.015812,frame_000731
-23.432862,60.265267,0.015651,frame_000732
-23.492155,60.335165,0.015505,frame_000733
-23.551733,60.404762,0.015374,frame_000734
-23.611597,60.474108,0.015257,frame_000735
-23.671747,60.543252,0.015158,frame_000736
-23.732182,60.612245,0.015084,frame_000737
-23.792902,60.681138,0.015043,frame_000738
-23.853000,60.750966,0.015020,frame_000739
-23.912308,60.821575,0.015012,frame_000740
-23.970651,60.892818,0.015021,frame_000741
-24.028756,60.963571,0.015047,frame_000742
-24.086604,61.033908,0.015093,frame_000743
-24.144176,61.103906,0.015163,frame_000744
-24.200707,61.173640,0.015249,frame_000745
-24.256334,61.243185,0.015357,frame_000746
-24.311186,61.312617,0.015490,frame_000747
-24.366133,61.382011,0.015667,frame_000748
-24.421138,61.451443,0.015879,frame_000749
-24.476161,61.520987,0.016120,frame_000750
-24.531165,61.589521,0.016309,frame_000751
-24.586113,61.656897,0.016455,frame_000752
-24.640965,61.722960,0.016563,frame_000753
-24.696591,61.789732,0.016674,frame_000754
-24.753123,61.857058,0.016801,frame_000755
-24.810695,61.924792,0.016960,frame_000756
-24.867797,61.991808,0.017282,frame_000757
-24.924565,62.058184,0.017743,frame_000758
-24.981130,62.123993,0.018321,frame_000759
-25.038361,62.189312,0.018995,frame_000760
-25.096220,62.254216,0.019752,frame_000761
-25.154669,62.318780,0.020578,frame_000762
-25.213669,62.384066,0.021410,frame_000763
-25.273184,62.449944,0.022238,frame_000764
-25.333174,62.516293,0.023050,frame_000765
-25.392856,62.582012,0.023765,frame_000766
-25.452347,62.647204,0.024388,frame_000767
-25.511758,62.711968,0.024921,frame_000768
-25.571940,62.776404,0.025380,frame_000769
-25.632836,62.840615,0.025769,frame_000770
-25.694387,62.904699,0.026093,frame_000771
-25.756539,62.969745,0.026370,frame_000772
-25.819233,63.035646,0.026609,frame_000773
-25.882412,63.102308,0.026821,frame_000774
-25.945273,63.168655,0.027010,frame_000775
-26.007915,63.234813,0.027172,frame_000776
-26.070429,63.300908,0.027306,frame_000777
-26.133647,63.365866,0.027451,frame_000778
-26.197494,63.429591,0.027607,frame_000779
-26.261892,63.491978,0.027777,frame_000780
-26.326766,63.555099,0.027950,frame_000781
-26.392040,63.618850,0.028127,frame_000782
-26.457637,63.683134,0.028307,frame_000783
-26.522735,63.746877,0.028514,frame_000784
-26.587414,63.810205,0.028738,frame_000785
-26.651747,63.873244,0.028970,frame_000786
-26.716547,63.936120,0.029196,frame_000787
-26.781717,63.998957,0.029415,frame_000788
-26.847163,64.061883,0.029628,frame_000789
-26.912790,64.123823,0.029825,frame_000790
-26.978502,64.184680,0.030005,frame_000791
-27.044205,64.244350,0.030167,frame_000792
-27.109804,64.303919,0.030445,frame_000793
-27.175202,64.363488,0.030814,frame_000794
-27.240306,64.423158,0.031251,frame_000795
-27.305927,64.483029,0.031654,frame_000796
-27.372139,64.543201,0.032024,frame_000797
-27.439021,64.603777,0.032360,frame_000798
-27.505750,64.664855,0.032494,frame_000799
-27.572251,64.726537,0.032447,frame_000800
-27.638448,64.788924,0.032235,frame_000801
-27.704264,64.852116,0.032069,frame_000802
-27.769623,64.916213,0.031959,frame_000803
-27.834449,64.981316,0.031915,frame_000804
-27.898667,65.046326,0.031756,frame_000805
-27.962199,65.111122,0.031538,frame_000806
-28.024970,65.175573,0.031317,frame_000807
-28.087812,65.240741,0.031070,frame_000808
-28.150816,65.306701,0.030795,frame_000809
-28.214080,65.373530,0.030489,frame_000810
-28.276803,65.441301,0.030283,frame_000811
-28.338925,65.510092,0.030150,frame_000812
-28.400392,65.579976,0.030063,frame_000813
-28.461144,65.649831,0.030002,frame_000814
-28.521126,65.719508,0.029950,frame_000815
-28.580280,65.788854,0.029892,frame_000816
-28.638711,65.858904,0.029853,frame_000817
-28.696686,65.929708,0.029842,frame_000818
-28.754470,66.001318,0.029869,frame_000819
-28.812168,66.073782,0.029932,frame_000820
-28.869723,66.147153,0.030043,frame_000821
-28.927079,66.221479,0.030212,frame_000822
-28.984178,66.295612,0.030479,frame_000823
-29.040963,66.369379,0.030852,frame_000824
-29.097377,66.442600,0.031340,frame_000825
-29.154270,66.516286,0.032008,frame_000826
-29.211754,66.590463,0.032842,frame_000827
-29.269946,66.665156,0.033826,frame_000828
-29.328061,66.739404,0.034945,frame_000829
-29.386063,66.813436,0.036181,frame_000830
-29.443912,66.887477,0.037519,frame_000831
-29.501571,66.961525,0.038809,frame_000832
-29.559002,67.035358,0.040064,frame_000833
-29.616166,67.108746,0.041296,frame_000834
-29.673933,67.182650,0.042571,frame_000835
-29.732434,67.257044,0.043873,frame_000836
-29.791804,67.331904,0.045185,frame_000837
-29.851279,67.407203,0.046423,frame_000838
-29.910840,67.482918,0.047599,frame_000839
-29.970467,67.559023,0.048720,frame_000840
-30.030142,67.634507,0.049903,frame_000841
-30.089845,67.709549,0.051132,frame_000842
-30.149558,67.784322,0.052394,frame_000843
-30.209262,67.859976,0.053542,frame_000844
-30.268937,67.936460,0.054531,frame_000845
-30.328564,68.013724,0.055315,frame_000846
-30.388124,68.090731,0.055869,frame_000847
-30.447600,68.167636,0.056184,frame_000848
-30.506970,68.244587,0.056252,frame_000849
-30.566217,68.322708,0.056179,frame_000850
-30.625320,68.401923,0.055992,frame_000851
-30.684263,68.482157,0.055716,frame_000852
-30.743770,68.562348,0.055249,frame_000853
-30.803668,68.642626,0.054593,frame_000854
-30.863789,68.723113,0.053750,frame_000855
-30.923225,68.804908,0.053032,frame_000856
-30.981975,68.887910,0.052472,frame_000857
-31.040041,68.972020,0.052106,frame_000858
-31.097421,69.056149,0.051850,frame_000859
-31.154116,69.140404,0.051716,frame_000860
-31.210127,69.224880,0.051718,frame_000861
-31.266198,69.309665,0.051773,frame_000862
-31.322174,69.394839,0.051861,frame_000863
-31.377907,69.480474,0.051962,frame_000864
-31.433254,69.567618,0.052115,frame_000865
-31.488078,69.656120,0.052300,frame_000866
-31.542249,69.745830,0.052498,frame_000867
-31.595806,69.835611,0.052647,frame_000868
-31.648954,69.925516,0.052760,frame_000869
-31.701906,70.015592,0.052850,frame_000870
-31.754719,70.105878,0.053037,frame_000871
-31.807295,70.196401,0.053317,frame_000872
-31.859542,70.287183,0.053686,frame_000873
-31.912119,70.378237,0.054047,frame_000874
-31.964794,70.469567,0.054409,frame_000875
-32.017342,70.561169,0.054782,frame_000876
-32.068810,70.653030,0.055084,frame_000877
-32.119156,70.745128,0.055301,frame_000878
-32.168344,70.837436,0.055418,frame_000879
-32.216347,70.931115,0.055367,frame_000880
-32.263142,71.026340,0.055138,frame_000881
-32.308714,71.123289,0.054724,frame_000882
-32.353052,71.220937,0.054322,frame_000883
-32.396154,71.319239,0.053942,frame_000884
-32.438023,71.418139,0.053596,frame_000885
-32.478668,71.517575,0.053160,frame_000886
-32.518106,71.617475,0.052628,frame_000887
-32.556358,71.717761,0.051994,frame_000888
-32.594199,71.818343,0.051345,frame_000889
-32.631508,71.919126,0.050703,frame_000890
-32.668178,72.020004,0.050090,frame_000891
-32.703367,72.122064,0.049406,frame_000892
-32.737149,72.225408,0.048650,frame_000893
-32.769602,72.330135,0.047816,frame_000894
-32.801559,72.435146,0.046872,frame_000895
-32.832955,72.540320,0.045810,frame_000896
-32.863741,72.645526,0.044622,frame_000897
-32.893878,72.751827,0.043426,frame_000898
-32.923341,72.859298,0.042231,frame_000899
-32.952116,72.968014,0.041044,frame_000900
-32.979459,73.076850,0.039924,frame_000901
-33.005536,73.185661,0.038887,frame_000902
-33.030524,73.294291,0.037947,frame_000903
-33.054439,73.403775,0.037138,frame_000904
-33.077147,73.514166,0.036473,frame_000905
-33.098518,73.625512,0.035964,frame_000906
-33.120080,73.736664,0.035541,frame_000907
-33.141730,73.847451,0.035207,frame_000908
-33.163382,73.957693,0.034965,frame_000909
-33.184223,74.068399,0.034807,frame_000910
-33.204362,74.179596,0.034733,frame_000911
-33.223918,74.291309,0.034745,frame_000912
-33.242117,74.403562,0.034755,frame_000913
-33.258937,74.516382,0.034761,frame_000914
-33.274362,74.629792,0.034762,frame_000915
-33.289129,74.742620,0.034741,frame_000916
-33.303079,74.854666,0.034684,frame_000917
-33.316066,74.965726,0.034578,frame_000918
-33.328118,75.076787,0.034483,frame_000919
-33.339440,75.187847,0.034416,frame_000920
-33.350245,75.298907,0.034394,frame_000921
-33.360601,75.409967,0.034339,frame_000922
-33.370426,75.521028,0.034240,frame_000923
-33.379649,75.632088,0.034084,frame_000924
-33.386560,75.743148,0.033954,frame_000925
-33.391102,75.854208,0.033848,frame_000926
-33.393218,75.965269,0.033768,frame_000927
-33.394504,76.076329,0.033707,frame_000928
-33.394916,76.187389,0.033659,frame_000929
-33.394422,76.298449,0.033614,frame_000930
-33.393003,76.409510,0.033592,frame_000931
-33.390653,76.520570,0.033599,frame_000932
-33.387378,76.631630,0.033642,frame_000933
-33.383197,76.742690,0.033656,frame_000934
-33.378142,76.853750,0.033642,frame_000935
-33.372258,76.964811,0.033599,frame_000936
-33.365600,77.075871,0.033611,frame_000937
-33.358240,77.186931,0.033667,frame_000938
-33.350260,77.297991,0.033758,frame_000939
-33.340847,77.409051,0.033898,frame_000940
-33.329940,77.520112,0.034085,frame_000941
-33.317486,77.631172,0.034316,frame_000942
-33.304345,77.742232,0.034528,frame_000943
-33.290644,77.853292,0.034729,frame_000944
-33.276523,77.964352,0.034926,frame_000945
-33.261972,78.076399,0.035173,frame_000946
-33.246831,78.189225,0.035473,frame_000947
-33.230957,78.302636,0.035829,frame_000948
-33.213468,78.415455,0.036194,frame_000949
-33.194401,78.527709,0.036572,frame_000950
-33.173796,78.639421,0.036968,frame_000951
-33.153354,78.750618,0.037419,frame_000952
-33.133143,78.861324,0.037916,frame_000953
-33.113248,78.971565,0.038454,frame_000954
-33.092866,79.081366,0.038948,frame_000955
-33.071952,79.190751,0.039399,frame_000956
-33.050475,79.299747,0.039805,frame_000957
-33.026762,79.408378,0.040186,frame_000958
-33.000793,79.516669,0.040538,frame_000959
-32.972551,79.624646,0.040860,frame_000960
-32.943669,79.732334,0.041167,frame_000961
-32.914142,79.839757,0.041452,frame_000962
-32.883975,79.946942,0.041708,frame_000963
-32.853188,80.054898,0.041972,frame_000964
-32.821812,80.163447,0.042244,frame_000965
-32.789891,80.272416,0.042525,frame_000966
-32.756576,80.380655,0.042776,frame_000967
-32.721768,80.488215,0.042998,frame_000968
-32.685374,80.595146,0.043190,frame_000969
-32.648218,80.701499,0.043444,frame_000970
-32.610387,80.807323,0.043760,frame_000971
-32.571983,80.912669,0.044143,frame_000972
-32.532213,81.018574,0.044563,frame_000973
-32.491035,81.124882,0.045018,frame_000974
-32.448415,81.231447,0.045506,frame_000975
-32.405232,81.337144,0.045971,frame_000976
-32.361631,81.442048,0.046417,frame_000977
-32.317771,81.546236,0.046851,frame_000978
-32.272916,81.649782,0.047291,frame_000979
-32.227082,81.752762,0.047732,frame_000980
-32.180290,81.855251,0.048167,frame_000981
-32.132570,81.957326,0.048667,frame_000982
-32.083956,82.059060,0.049221,frame_000983
-32.034490,82.160531,0.049820,frame_000984
-31.983472,82.262799,0.050452,frame_000985
-31.931113,82.365735,0.051116,frame_000986
-31.877622,82.469216,0.051815,frame_000987
-31.824699,82.572144,0.052466,frame_000988
-31.772245,82.674619,0.053061,frame_000989
-31.720168,82.776742,0.053589,frame_000990
-31.667649,82.878614,0.054096,frame_000991
-31.614778,82.980334,0.054565,frame_000992
-31.561654,83.082004,0.054979,frame_000993
-31.508381,83.184711,0.055360,frame_000994
-31.455071,83.288349,0.055709,frame_000995
-31.401841,83.392822,0.056027,frame_000996
-31.347907,83.495857,0.056248,frame_000997
-31.293231,83.597356,0.056372,frame_000998
-31.237774,83.697215,0.056399,frame_000999
-31.182407,83.797507,0.056380,frame_001000
-31.127260,83.898126,0.056318,frame_001001
-31.072468,83.998977,0.056215,frame_001002
-31.018013,84.098985,0.056022,frame_001003
-30.963721,84.198277,0.055732,frame_001004
-30.909423,84.296977,0.055339,frame_001005
-30.854211,84.396198,0.054901,frame_001006
-30.798086,84.495859,0.054426,frame_001007
-30.741047,84.595891,0.053918,frame_001008
-30.684003,84.695244,0.053357,frame_001009
-30.627121,84.794068,0.052750,frame_001010
-30.570576,84.892515,0.052109,frame_001011
-30.514387,84.990735,0.051401,frame_001012
-30.458418,85.088880,0.050637,frame_001013
-30.402537,85.187101,0.049826,frame_001014
-30.345877,85.285334,0.048978,frame_001015
-30.288474,85.383303,0.048100,frame_001016
-30.230368,85.480731,0.047203,frame_001017
-30.172341,85.577555,0.046307,frame_001018
-30.114277,85.673927,0.045429,frame_001019
-30.056064,85.769997,0.044581,frame_001020
-29.996852,85.866901,0.043764,frame_001021
-29.936699,85.964587,0.042976,frame_001022
-29.875660,86.063007,0.042221,frame_001023
-29.814540,86.159938,0.041472,frame_001024
-29.753239,86.255333,0.040735,frame_001025
-29.691666,86.349139,0.040018,frame_001026
-29.628990,86.443478,0.039379,frame_001027
-29.565286,86.538296,0.038834,frame_001028
-29.500630,86.633546,0.038399,frame_001029
-29.435845,86.729191,0.038030,frame_001030
-29.370852,86.825202,0.037736,frame_001031
-29.305576,86.921558,0.037530,frame_001032
-29.239207,87.017259,0.037359,frame_001033
-29.171838,87.112508,0.037226,frame_001034
-29.103566,87.207505,0.037131,frame_001035
-29.036138,87.302238,0.037136,frame_001036
-28.969663,87.396481,0.037238,frame_001037
-28.904262,87.490006,0.037440,frame_001038
-28.838251,87.582802,0.037750,frame_001039
-28.771442,87.675070,0.038170,frame_001040
-28.703642,87.767011,0.038700,frame_001041
-28.635571,87.859812,0.039279,frame_001042
-28.567205,87.953469,0.039898,frame_001043
-28.498529,88.047987,0.040548,frame_001044
-28.428788,88.141191,0.041244,frame_001045
-28.358133,88.233086,0.041982,frame_001046
-28.286716,88.323669,0.042761,frame_001047
-28.215437,88.415111,0.043608,frame_001048
-28.144292,88.507410,0.044526,frame_001049
-28.073283,88.600569,0.045515,frame_001050
-28.002422,88.693401,0.046556,frame_001051
-27.931722,88.785705,0.047645,frame_001052
-27.861207,88.877279,0.048778,frame_001053
-27.789252,88.968137,0.049978,frame_001054
-27.715878,89.058504,0.051233,frame_001055
-27.641102,89.148606,0.052533,frame_001056
-27.566586,89.238457,0.053832,frame_001057
-27.492347,89.327856,0.055124,frame_001058
-27.418407,89.416600,0.056407,frame_001059
-27.344048,89.504703,0.057696,frame_001060
-27.269461,89.592390,0.058989,frame_001061
-27.194836,89.679889,0.060285,frame_001062
-27.120201,89.768412,0.061592,frame_001063
-27.045423,89.857980,0.062914,frame_001064
-26.970370,89.948622,0.064254,frame_001065
-26.895815,90.038189,0.065639,frame_001066
-26.821793,90.126712,0.067065,frame_001067
-26.748347,90.214211,0.068530,frame_001068
-26.674615,90.302885,0.070029,frame_001069
-26.600483,90.392755,0.071563,frame_001070
-26.525837,90.483849,0.073131,frame_001071
-26.450725,90.574021,0.074708,frame_001072
-26.375357,90.663298,0.076285,frame_001073
-26.299940,90.751703,0.077854,frame_001074
-26.224524,90.841433,0.079427,frame_001075
-26.148994,90.932510,0.081005,frame_001076
-26.073235,91.024963,0.082583,frame_001077
-25.998787,91.117630,0.084169,frame_001078
-25.925549,91.210335,0.085759,frame_001079
-25.853432,91.302901,0.087347,frame_001080
-25.779960,91.395153,0.088944,frame_001081
-25.705212,91.486914,0.090549,frame_001082
-25.629262,91.578009,0.092164,frame_001083
-25.553829,91.668475,0.093802,frame_001084
-25.478987,91.758563,0.095465,frame_001085
-25.404814,91.848526,0.097157,frame_001086
-25.330490,91.938400,0.098841,frame_001087
-25.255937,92.028011,0.100516,frame_001088
-25.181079,92.117181,0.102181,frame_001089
-25.105841,92.206935,0.103861,frame_001090
-25.030147,92.297318,0.105550,frame_001091
-24.953919,92.388386,0.107241,frame_001092
-24.877082,92.478015,0.108912,frame_001093
-24.799561,92.566260,0.110562,frame_001094
-24.721278,92.653166,0.112194,frame_001095
-24.643066,92.740958,0.113826,frame_001096
-24.565016,92.829681,0.115460,frame_001097
-24.487226,92.919390,0.117096,frame_001098
-24.408895,93.008949,0.118751,frame_001099
-24.329964,93.098205,0.120424,frame_001100
-24.250376,93.187009,0.122110,frame_001101
-24.170075,93.275209,0.123789,frame_001102
-24.089003,93.362655,0.125462,frame_001103
-24.007103,93.449194,0.127129,frame_001104
-23.925226,93.535877,0.128778,frame_001105
-23.843483,93.622775,0.130399,frame_001106
-23.761991,93.709967,0.131983,frame_001107
-23.679966,93.795356,0.133565,frame_001108
-23.597371,93.879020,0.135144,frame_001109
-23.514166,93.961032,0.136718,frame_001110
-23.431222,94.043640,0.138297,frame_001111
-23.348669,94.126915,0.139877,frame_001112
-23.266643,94.210938,0.141458,frame_001113
-23.184379,94.294596,0.143048,frame_001114
-23.101859,94.377763,0.144648,frame_001115
-23.019062,94.460314,0.146259,frame_001116
-22.935970,94.543323,0.147850,frame_001117
-22.852565,94.626886,0.149417,frame_001118
-22.768826,94.711108,0.150956,frame_001119
-22.684735,94.793916,0.152483,frame_001120
-22.600274,94.875415,0.153994,frame_001121
-22.515422,94.955702,0.155487,frame_001122
-22.431068,95.037051,0.156929,frame_001123
-22.347363,95.119557,0.158319,frame_001124
-22.264460,95.203326,0.159657,frame_001125
-22.181615,95.287272,0.160962,frame_001126
-22.098826,95.371293,0.162233,frame_001127
-22.016095,95.455288,0.163469,frame_001128
-21.932513,95.539158,0.164643,frame_001129
-21.847912,95.622802,0.165755,frame_001130
-21.762118,95.706118,0.166808,frame_001131
-21.676766,95.789007,0.167806,frame_001132
-21.592004,95.871368,0.168753,frame_001133
-21.507988,95.953099,0.169657,frame_001134
-21.423973,96.035302,0.170512,frame_001135
-21.339957,96.118096,0.171328,frame_001136
-21.255941,96.201612,0.172111,frame_001137
-21.171925,96.283802,0.172898,frame_001138
-21.087909,96.364797,0.173694,frame_001139
-21.003894,96.444717,0.174504,frame_001140
-20.919878,96.524663,0.175284,frame_001141
-20.835862,96.604533,0.176039,frame_001142
-20.751846,96.684227,0.176772,frame_001143
-20.667830,96.764844,0.177553,frame_001144
-20.583814,96.846507,0.178385,frame_001145
-20.499799,96.929343,0.179269,frame_001146
-20.415783,97.012294,0.180180,frame_001147
-20.331767,97.095281,0.181121,frame_001148
-20.247751,97.178231,0.182097,frame_001149
-20.163735,97.261068,0.183109,frame_001150
-20.079720,97.343717,0.184152,frame_001151
-19.995704,97.426101,0.185225,frame_001152
-19.911688,97.508145,0.186327,frame_001153
-19.827672,97.589774,0.187464,frame_001154
-19.743657,97.670913,0.188640,frame_001155
-19.659641,97.751486,0.189857,frame_001156
-19.575625,97.831418,0.191111,frame_001157
-19.491609,97.910632,0.192400,frame_001158
-19.407593,97.989268,0.193730,frame_001159
-19.323578,98.067677,0.195097,frame_001160
-19.239562,98.146213,0.196497,frame_001161
-19.155546,98.225012,0.197879,frame_001162
-19.071530,98.304000,0.199245,frame_001163
-18.987515,98.383101,0.200595,frame_001164
-18.903499,98.462240,0.201967,frame_001165
-18.819483,98.541342,0.203354,frame_001166
-18.735467,98.620330,0.204749,frame_001167
-18.651452,98.699129,0.206137,frame_001168
-18.567436,98.777664,0.207514,frame_001169
-18.483420,98.855860,0.208874,frame_001170
-18.399404,98.934840,0.210195,frame_001171
-18.315389,99.014753,0.211470,frame_001172
-18.231373,99.095751,0.212695,frame_001173
-18.148103,99.176801,0.213896,frame_001174
-18.065424,99.257850,0.215070,frame_001175
-17.983186,99.338849,0.216214,frame_001176
-17.900501,99.419747,0.217323,frame_001177
-17.817388,99.500494,0.218390,frame_001178
-17.733866,99.581040,0.219409,frame_001179
-17.649954,99.661335,0.220386,frame_001180
-17.565670,99.741327,0.221321,frame_001181
-17.481035,99.820968,0.222213,frame_001182
-17.396066,99.899220,0.223073,frame_001183
-17.310784,99.976238,0.223903,frame_001184
-17.225206,100.052170,0.224705,frame_001185
-17.139353,100.128139,0.225483,frame_001186
-17.053243,100.204071,0.226243,frame_001187
-16.966895,100.279889,0.226994,frame_001188
-16.880328,100.356719,0.227727,frame_001189
-16.793561,100.434707,0.228446,frame_001190
-16.706613,100.514007,0.229150,frame_001191
-16.619504,100.593585,0.229865,frame_001192
-16.532252,100.673389,0.230594,frame_001193
-16.444876,100.753369,0.231345,frame_001194
-16.357395,100.833475,0.232089,frame_001195
-16.269829,100.913656,0.232823,frame_001196
-16.182197,100.993863,0.233544,frame_001197
-16.094516,101.074044,0.234252,frame_001198
-16.006808,101.154150,0.234953,frame_001199
-15.919089,101.234130,0.235651,frame_001200
-15.831381,101.313934,0.236330,frame_001201
-15.743700,101.393511,0.236990,frame_001202
-15.656068,101.472812,0.237633,frame_001203
-15.568502,101.551786,0.238280,frame_001204
-15.481021,101.630383,0.238936,frame_001205
-15.393646,101.708552,0.239607,frame_001206
-15.306394,101.785256,0.240302,frame_001207
-15.219284,101.860652,0.241016,frame_001208
-15.132337,101.934886,0.241745,frame_001209
-15.045570,102.010282,0.242448,frame_001210
-14.959003,102.086987,0.243123,frame_001211
-14.872655,102.165155,0.243771,frame_001212
-14.785799,102.243752,0.244450,frame_001213
-14.698609,102.322726,0.245164,frame_001214
-14.611253,102.402027,0.245918,frame_001215
-14.524640,102.481604,0.246662,frame_001216
-14.438769,102.561408,0.247394,frame_001217
-14.353640,102.641388,0.248113,frame_001218
-14.269253,102.721494,0.248836,frame_001219
-14.185609,102.801676,0.249561,frame_001220
-14.102706,102.881882,0.250286,frame_001221
-14.020546,102.962063,0.251011,frame_001222
-13.939128,103.042169,0.251738,frame_001223
-13.858452,103.122149,0.252468,frame_001224
-13.777611,103.201953,0.253203,frame_001225
-13.696436,103.281531,0.253941,frame_001226
-13.614752,103.360832,0.254679,frame_001227
-13.533288,103.439806,0.255398,frame_001228
-13.452023,103.518402,0.256095,frame_001229
-13.370940,103.596571,0.256769,frame_001230
-13.290018,103.674262,0.257428,frame_001231
-13.209238,103.751425,0.258074,frame_001232
-13.128583,103.828009,0.258705,frame_001233
-13.048032,103.905164,0.259333,frame_001234
-12.967567,103.983062,0.259954,frame_001235
-12.887168,104.061883,0.260567,frame_001236
-12.806817,104.140617,0.261182,frame_001237
-12.726494,104.219237,0.261799,frame_001238
-12.646181,104.297718,0.262419,frame_001239
-12.565859,104.376036,0.263023,frame_001240
-12.485508,104.454166,0.263612,frame_001241
-12.405109,104.532082,0.264187,frame_001242
-12.324644,104.609758,0.264767,frame_001243
-12.244093,104.687171,0.265348,frame_001244
-12.163438,104.764294,0.265929,frame_001245
-12.082658,104.841103,0.266487,frame_001246
-12.001736,104.917572,0.267019,frame_001247
-11.920653,104.993677,0.267523,frame_001248
-11.838642,105.069391,0.268010,frame_001249
-11.755841,105.144691,0.268482,frame_001250
-11.672380,105.219550,0.268943,frame_001251
-11.589128,105.293944,0.269397,frame_001252
-11.506048,105.367847,0.269847,frame_001253
-11.423100,105.441235,0.270296,frame_001254
-11.340248,105.514082,0.270776,frame_001255
-11.257453,105.586362,0.271285,frame_001256
-11.174677,105.658052,0.271820,frame_001257
-11.091136,105.730325,0.272358,frame_001258
-11.006947,105.803379,0.272889,frame_001259
-10.922222,105.877419,0.273406,frame_001260
-10.837810,105.951459,0.273905,frame_001261
-10.753656,106.025499,0.274390,frame_001262
-10.669701,106.099539,0.274864,frame_001263
-10.586797,106.173579,0.275319,frame_001264
-10.505054,106.247619,0.275751,frame_001265
-10.424590,106.321659,0.276160,frame_001266
-10.344621,106.395699,0.276536,frame_001267
-10.265109,106.469739,0.276884,frame_001268
-10.186015,106.543779,0.277206,frame_001269
-10.107302,106.617820,0.277514,frame_001270
-10.028931,106.691860,0.277806,frame_001271
-9.950865,106.765900,0.278080,frame_001272
-9.872319,106.839940,0.278345,frame_001273
-9.793411,106.913980,0.278602,frame_001274
-9.714252,106.988020,0.278851,frame_001275
-9.635692,107.062060,0.279082,frame_001276
-9.557675,107.136100,0.279294,frame_001277
-9.480143,107.210140,0.279486,frame_001278
-9.403039,107.284180,0.279677,frame_001279
-9.326306,107.358220,0.279864,frame_001280
-9.249888,107.432260,0.280049,frame_001281
-9.172980,107.506300,0.280222,frame_001282
-9.095681,107.580340,0.280385,frame_001283
-9.018084,107.654380,0.280539,frame_001284
-8.942138,107.727434,0.280675,frame_001285
-8.867535,107.799707,0.280795,frame_001286
-8.791737,107.872876,0.280904,frame_001287
-8.714920,107.946821,0.281002,frame_001288
-8.637251,108.021427,0.281088,frame_001289
-8.558885,108.096582,0.281162,frame_001290
-8.481091,108.170701,0.281252,frame_001291
-8.403772,108.243989,0.281357,frame_001292
-8.326834,108.316643,0.281474,frame_001293
-8.249436,108.389838,0.281571,frame_001294
-8.171637,108.463548,0.281644,frame_001295
-8.093492,108.537749,0.281689,frame_001296
-8.015048,108.612416,0.281742,frame_001297
-7.936347,108.687522,0.281794,frame_001298
-7.857423,108.763044,0.281839,frame_001299
-7.779212,108.837970,0.281857,frame_001300
-7.701906,108.912479,0.281848,frame_001301
-7.625694,108.986745,0.281815,frame_001302
-7.549858,109.061916,0.281788,frame_001303
-7.474422,109.137943,0.281765,frame_001304
-7.399400,109.214774,0.281742,frame_001305
-7.324803,109.291374,0.281687,frame_001306
-7.250633,109.367898,0.281591,frame_001307
-7.176888,109.444492,0.281450,frame_001308
-7.105211,109.521295,0.281241,frame_001309
-7.035600,109.598437,0.280956,frame_001310
-6.966938,109.676779,0.280603,frame_001311
-6.898561,109.756280,0.280204,frame_001312
-6.830539,109.836897,0.279756,frame_001313
-6.762935,109.918585,0.279257,frame_001314
-6.696175,110.001543,0.278701,frame_001315
-6.630222,110.085671,0.278085,frame_001316
-6.565036,110.170868,0.277402,frame_001317
-6.499824,110.256047,0.276644,frame_001318
-6.434687,110.341314,0.275816,frame_001319
-6.369713,110.426764,0.274924,frame_001320
-6.305725,110.513473,0.273953,frame_001321
-6.242631,110.601313,0.272907,frame_001322
-6.180332,110.690159,0.271788,frame_001323
-6.119632,110.779886,0.270582,frame_001324
-6.060587,110.870367,0.269297,frame_001325
-6.003255,110.961478,0.267941,frame_001326
-5.947531,111.050626,0.266571,frame_001327
-5.893149,111.138200,0.265183,frame_001328
-5.838723,111.227525,0.263725,frame_001329
-5.784219,111.318330,0.262194,frame_001330
-5.729596,111.410350,0.260600,frame_001331
-5.674801,111.503321,0.258950,frame_001332
-5.621798,111.595508,0.257277,frame_001333
-5.570452,111.686964,0.255589,frame_001334
-5.519513,111.779215,0.253879,frame_001335
-5.466821,111.873191,0.252160,frame_001336
-5.412063,111.968847,0.250441,frame_001337
-5.357628,112.064352,0.248726,frame_001338
-5.304787,112.156396,0.247024,frame_001339
-5.253461,112.245242,0.245345,frame_001340
-5.203577,112.333596,0.243695,frame_001341
-5.153712,112.422956,0.242059,frame_001342
-5.103562,112.513353,0.240444,frame_001343
-5.052075,112.604824,0.238848,frame_001344
-5.000012,112.696215,0.237289,frame_001345
-4.947384,112.787359,0.235776,frame_001346
-4.894204,112.878088,0.234311,frame_001347
-4.840485,112.968234,0.232871,frame_001348
-4.786239,113.057630,0.231462,frame_001349
-4.731666,113.146601,0.230083,frame_001350
-4.676740,113.236075,0.228773,frame_001351
-4.621435,113.326011,0.227541,frame_001352
-4.565730,113.416375,0.226398,frame_001353
-4.509416,113.505456,0.225317,frame_001354
-4.452511,113.593128,0.224302,frame_001355
-4.395036,113.679266,0.223357,frame_001356
-4.338874,113.763958,0.222477,frame_001357
-4.283655,113.847505,0.221667,frame_001358
-4.227907,113.931195,0.220932,frame_001359
-4.170618,114.015125,0.220279,frame_001360
-4.111521,114.099400,0.219713,frame_001361
-4.051712,114.183233,0.219204,frame_001362
-3.991175,114.266578,0.218755,frame_001363
-3.929907,114.349393,0.218369,frame_001364
-3.867912,114.432624,0.218030,frame_001365
-3.804750,114.515725,0.217732,frame_001366
-3.740361,114.598408,0.217477,frame_001367
-3.674692,114.679405,0.217248,frame_001368
-3.608602,114.759850,0.217080,frame_001369
-3.542219,114.839897,0.216983,frame_001370
-3.475681,114.919711,0.216980,frame_001371
-3.408234,114.998262,0.217074,frame_001372
-3.339874,115.075510,0.217268,frame_001373
-3.270604,115.152397,0.217535,frame_001374
-3.200434,115.228678,0.217903,frame_001375
-3.129380,115.304113,0.218379,frame_001376
-3.056904,115.378717,0.219001,frame_001377
-2.982245,115.455218,0.219710,frame_001378
-2.905379,115.533907,0.220495,frame_001379
-2.827644,115.611508,0.221408,frame_001380
-2.752057,115.685493,0.222389,frame_001381
-2.678261,115.756017,0.223449,frame_001382
-2.603692,115.825198,0.224645,frame_001383
-2.527152,115.894556,0.225960,frame_001384
-2.448567,115.964152,0.227389,frame_001385
-2.369221,116.032259,0.228941,frame_001386
-2.289292,116.098637,0.230612,frame_001387
-2.208964,116.163049,0.232398,frame_001388
-2.129178,116.224276,0.234285,frame_001389
-2.048622,116.285896,0.236267,frame_001390
-1.967108,116.348547,0.238341,frame_001391
-1.883711,116.410875,0.240495,frame_001392
-1.798411,116.472803,0.242727,frame_001393
-1.711189,116.534257,0.245032,frame_001394
-1.622933,116.595422,0.247457,frame_001395
-1.533793,116.656192,0.249990,frame_001396
-1.443925,116.716471,0.252615,frame_001397
-1.353489,116.776175,0.255331,frame_001398
-1.263773,116.835968,0.258038,frame_001399
-1.174719,116.895633,0.260743,frame_001400
-1.085683,116.953383,0.263533,frame_001401
-0.996674,117.009127,0.266397,frame_001402
-0.907713,117.062779,0.269323,frame_001403
-0.818083,117.114258,0.272297,frame_001404
-0.728210,117.164085,0.275310,frame_001405
-0.638338,117.212300,0.278352,frame_001406
-0.549462,117.258947,0.281416,frame_001407
-0.459416,117.305281,0.284499,frame_001408
-0.367894,117.351588,0.287588,frame_001409
-0.275947,117.397955,0.290668,frame_001410
-0.183515,117.444273,0.293726,frame_001411
-0.090545,117.490451,0.296748,frame_001412
0.003757,117.535426,0.299725,frame_001413
0.099278,117.579345,0.302648,frame_001414
0.195902,117.622364,0.305513,frame_001415
0.292769,117.664432,0.308368,frame_001416
0.389921,117.705294,0.311205,frame_001417
0.487393,117.744701,0.314012,frame_001418
0.585214,117.782629,0.316810,frame_001419
0.683405,117.819275,0.319593,frame_001420
0.781982,117.854845,0.322353,frame_001421
0.881700,117.890537,0.325071,frame_001422
0.982409,117.926370,0.327737,frame_001423
1.083954,117.962376,0.330338,frame_001424
1.185439,117.997406,0.332915,frame_001425
1.286866,118.031305,0.335459,frame_001426
1.388233,118.063927,0.337963,frame_001427
1.488848,118.093845,0.340378,frame_001428
1.588569,118.121082,0.342693,frame_001429
1.687245,118.145653,0.344898,frame_001430
1.785456,118.168562,0.346976,frame_001431
1.886277,118.192316,0.348993,frame_001432
1.990001,118.217230,0.350956,frame_001433
2.093474,118.241244,0.352823,frame_001434
2.196680,118.264277,0.354590,frame_001435
2.299597,118.286258,0.356254,frame_001436
2.402196,118.307125,0.357822,frame_001437
2.504442,118.326824,0.359289,frame_001438
2.606295,118.345307,0.360653,frame_001439
2.709359,118.363737,0.361913,frame_001440
2.813595,118.382308,0.363072,frame_001441
2.918967,118.401228,0.364132,frame_001442
3.023792,118.419524,0.365107,frame_001443
3.128037,118.437217,0.366004,frame_001444
3.231659,118.454337,0.366829,frame_001445
3.335357,118.469635,0.367531,frame_001446
3.438922,118.483307,0.368110,frame_001447
3.542145,118.495547,0.368566,frame_001448
3.644070,118.507533,0.368920,frame_001449
3.746004,118.518349,0.369275,frame_001450
3.848140,118.527819,0.369648,frame_001451
3.950965,118.536968,0.369963,frame_001452
4.054438,118.545840,0.370220,frame_001453
4.158524,118.554491,0.370423,frame_001454
4.261540,118.562984,0.370559,frame_001455
4.363452,118.571390,0.370634,frame_001456
4.464218,118.579787,0.370657,frame_001457
4.565444,118.588266,0.370643,frame_001458
4.667090,118.596921,0.370595,frame_001459
4.769121,118.605858,0.370518,frame_001460
4.871507,118.613990,0.370441,frame_001461
4.974227,118.621217,0.370364,frame_001462
5.077264,118.627437,0.370287,frame_001463
5.178957,118.633750,0.370195,frame_001464
5.279288,118.640278,0.370101,frame_001465
5.378235,118.647151,0.370019,frame_001466
5.477424,118.653307,0.369927,frame_001467
5.576833,118.658670,0.369829,frame_001468
5.676445,118.663165,0.369731,frame_001469
5.775505,118.667917,0.369607,frame_001470
5.874166,118.673073,0.369465,frame_001471
5.972580,118.678787,0.369313,frame_001472
6.069990,118.683036,0.369153,frame_001473
6.166382,118.685977,0.368991,frame_001474
6.261733,118.687756,0.368829,frame_001475
6.357668,118.689497,0.368657,frame_001476
6.454165,118.691124,0.368473,frame_001477
6.551208,118.692563,0.368275,frame_001478
6.648042,118.694938,0.368062,frame_001479
6.744819,118.698395,0.367836,frame_001480
6.841691,118.703090,0.367597,frame_001481
6.938648,118.707987,0.367358,frame_001482
7.035520,118.713034,0.367123,frame_001483
7.132135,118.718182,0.366894,frame_001484
7.228484,118.723380,0.366656,frame_001485
7.324718,118.728578,0.366411,frame_001486
7.420991,118.733726,0.366164,frame_001487
7.518199,118.738773,0.365916,frame_001488
7.616341,118.743669,0.365666,frame_001489
7.715419,118.748364,0.365413,frame_001490
7.813790,118.752808,0.365168,frame_001491
7.911455,118.756949,0.364931,frame_001492
8.008413,118.760739,0.364704,frame_001493
8.106307,118.764125,0.364478,frame_001494
8.205134,118.767060,0.364258,frame_001495
8.304897,118.769491,0.364045,frame_001496
8.403952,118.772568,0.363854,frame_001497
8.502303,118.776464,0.363688,frame_001498
8.599945,118.781359,0.363554,frame_001499
8.697778,118.786241,0.363443,frame_001500
8.795954,118.791085,0.363353,frame_001501
8.894624,118.795866,0.363284,frame_001502
8.993780,118.800560,0.363235,frame_001503
9.093249,118.805140,0.363204,frame_001504
9.192861,118.809582,0.363189,frame_001505
9.292607,118.814846,0.363212,frame_001506
9.392638,118.820702,0.363273,frame_001507
9.493106,118.826929,0.363377,frame_001508
9.594003,118.832325,0.363503,frame_001509
9.695157,118.836890,0.363651,frame_001510
9.796396,118.840626,0.363819,frame_001511
9.897550,118.843532,0.363964,frame_001512
9.998447,118.845607,0.364081,frame_001513
10.098915,118.846853,0.364164,frame_001514
10.198946,118.847268,0.364248,frame_001515
10.298692,118.846853,0.364337,frame_001516
10.398304,118.845608,0.364429,frame_001517
10.497773,118.843533,0.364526,frame_001518
10.596929,118.840627,0.364623,frame_001519
10.695599,118.836892,0.364718,frame_001520
10.794521,118.833312,0.364821,frame_001521
10.893690,118.829683,0.364934,frame_001522
10.993111,118.825808,0.365059,frame_001523
11.092046,118.821711,0.365216,frame_001524
11.190668,118.817640,0.365400,frame_001525
11.289146,118.813851,0.365606,frame_001526
11.387492,118.809408,0.365818,frame_001527
11.485552,118.804361,0.366031,frame_001528
11.583174,118.798760,0.366237,frame_001529
11.681115,118.793643,0.366415,frame_001530
11.779388,118.788854,0.366567,frame_001531
11.878018,118.784245,0.366693,frame_001532
11.976124,118.778693,0.366822,frame_001533
12.073574,118.772274,0.366949,frame_001534
12.170234,118.765062,0.367069,frame_001535
12.266133,118.757133,0.367190,frame_001536
12.361461,118.748562,0.367310,frame_001537
12.456409,118.739426,0.367427,frame_001538
12.551004,118.729799,0.367528,frame_001539
12.645114,118.719757,0.367611,frame_001540
12.738606,118.709375,0.367672,frame_001541
12.832253,118.699716,0.367682,frame_001542
12.926092,118.690648,0.367644,frame_001543
13.020163,118.682051,0.367560,frame_001544
13.113606,118.672825,0.367478,frame_001545
13.206306,118.663070,0.367397,frame_001546
13.298150,118.652888,0.367314,frame_001547
13.389186,118.642379,0.367218,frame_001548
13.479622,118.631644,0.367107,frame_001549
13.569668,118.620782,0.366984,frame_001550
13.660279,118.610882,0.366827,frame_001551
13.751509,118.601838,0.366638,frame_001552
13.843419,118.593554,0.366417,frame_001553
13.935167,118.584955,0.366174,frame_001554
14.026658,118.576167,0.365907,frame_001555
14.117796,118.567317,0.365616,frame_001556
14.209396,118.557329,0.365290,frame_001557
14.301529,118.546108,0.364930,frame_001558
14.394274,118.533549,0.364539,frame_001559
14.486065,118.520738,0.364116,frame_001560
14.576979,118.507776,0.363663,frame_001561
14.667090,118.494764,0.363183,frame_001562
14.757211,118.482789,0.362686,frame_001563
14.847246,118.471745,0.362177,frame_001564
14.937101,118.461536,0.361659,frame_001565
15.027587,118.451088,0.361145,frame_001566
15.118778,118.440527,0.360638,frame_001567
15.210753,118.429978,0.360138,frame_001568
15.302689,118.419568,0.359631,frame_001569
15.394512,118.409422,0.359117,frame_001570
15.486145,118.399666,0.358600,frame_001571
15.576765,118.389226,0.358085,frame_001572
15.666451,118.378005,0.357579,frame_001573
15.755278,118.365899,0.357087,frame_001574
15.844965,118.354980,0.356585,frame_001575
15.935585,118.345143,0.356074,frame_001576
16.027218,118.336293,0.355555,frame_001577
16.119040,118.327354,0.355045,frame_001578
16.210977,118.318453,0.354543,frame_001579
16.302952,118.309716,0.354043,frame_001580
16.394143,118.300068,0.353577,frame_001581
16.484629,118.289413,0.353147,frame_001582
16.574483,118.277647,0.352755,frame_001583
16.664519,118.265855,0.352364,frame_001584
16.754639,118.254138,0.351973,frame_001585
16.844751,118.242598,0.351581,frame_001586
16.935665,118.232320,0.351206,frame_001587
17.027455,118.223200,0.350842,frame_001588
17.120201,118.215142,0.350486,frame_001589
17.213080,118.207072,0.350106,frame_001590
17.306016,118.199114,0.349704,frame_001591
17.398933,118.191396,0.349280,frame_001592
17.491755,118.182843,0.348886,frame_001593
17.584405,118.173357,0.348524,frame_001594
17.676808,118.162836,0.348198,frame_001595
17.768142,118.152364,0.347860,frame_001596
17.858485,118.142044,0.347506,frame_001597
17.947911,118.131975,0.347135,frame_001598
18.038141,118.123245,0.346755,frame_001599
18.129246,118.115748,0.346363,frame_001600
18.221307,118.109388,0.345961,frame_001601
18.313500,118.101891,0.345566,frame_001602
18.405751,118.093160,0.345177,frame_001603
18.497983,118.083092,0.344794,frame_001604
18.590120,118.072771,0.344386,frame_001605
18.682085,118.062300,0.343956,frame_001606
18.773803,118.051778,0.343504,frame_001607
18.865198,118.042293,0.343050,frame_001608
18.956193,118.033740,0.342595,frame_001609
19.046712,118.026021,0.342140,frame_001610
19.136841,118.018064,0.341685,frame_001611
19.226827,118.009993,0.341231,frame_001612
19.316918,118.001935,0.340779,frame_001613
19.407199,117.992816,0.340347,frame_001614
19.497595,117.982538,0.339932,frame_001615
19.588028,117.970998,0.339531,frame_001616
19.678424,117.959281,0.339105,frame_001617
19.768705,117.947489,0.338653,frame_001618
19.858796,117.935723,0.338177,frame_001619
19.948621,117.925068,0.337698,frame_001620
20.038103,117.915420,0.337216,frame_001621
20.127166,117.906683,0.336731,frame_001622
20.215896,117.897782,0.336246,frame_001623
20.304541,117.888844,0.335766,frame_001624
20.393348,117.879993,0.335296,frame_001625
20.482401,117.870157,0.334857,frame_001626
20.571627,117.859238,0.334450,frame_001627
20.660947,117.847131,0.334077,frame_001628
20.750286,117.835910,0.333699,frame_001629
20.839568,117.825470,0.333317,frame_001630
20.928717,117.815714,0.332932,frame_001631
21.018565,117.805568,0.332536,frame_001632
21.109202,117.795158,0.332131,frame_001633
21.200729,117.784610,0.331719,frame_001634
21.292341,117.774049,0.331323,frame_001635
21.383982,117.763601,0.330943,frame_001636
21.475594,117.753392,0.330581,frame_001637
21.566374,117.742348,0.330236,frame_001638
21.656422,117.730373,0.329901,frame_001639
21.745828,117.717361,0.329570,frame_001640
21.835424,117.705385,0.329252,frame_001641
21.925134,117.694341,0.328950,frame_001642
22.014883,117.684133,0.328667,frame_001643
22.104593,117.673685,0.328385,frame_001644
22.194189,117.663124,0.328104,frame_001645
22.283595,117.652576,0.327823,frame_001646
22.373642,117.642166,0.327560,frame_001647
22.464423,117.632020,0.327315,frame_001648
22.556035,117.622264,0.327087,frame_001649
22.646930,117.611823,0.326857,frame_001650
22.737205,117.600603,0.326628,frame_001651
22.826954,117.588496,0.326402,frame_001652
22.917007,117.577577,0.326162,frame_001653
23.007288,117.567741,0.325912,frame_001654
23.097721,117.558890,0.325651,frame_001655
23.188231,117.549952,0.325422,frame_001656
23.278741,117.541051,0.325226,frame_001657
23.369174,117.532314,0.325064,frame_001658
23.459456,117.522666,0.324937,frame_001659
23.549508,117.512012,0.324842,frame_001660
23.639257,117.500245,0.324776,frame_001661
23.728787,117.488453,0.324737,frame_001662
23.818345,117.476737,0.324724,frame_001663
23.908179,117.465196,0.324734,frame_001664
23.998374,117.454919,0.324725,frame_001665
24.088856,117.445799,0.324694,frame_001666
24.179546,117.437741,0.324640,frame_001667
24.270370,117.429671,0.324608,frame_001668
24.361250,117.421713,0.324598,frame_001669
24.452112,117.413995,0.324608,frame_001670
24.542879,117.405442,0.324628,frame_001671
24.633474,117.395956,0.324653,frame_001672
24.723822,117.385435,0.324680,frame_001673
24.814754,117.374964,0.324701,frame_001674
24.906362,117.364643,0.324717,frame_001675
24.998745,117.354575,0.324732,frame_001676
25.091099,117.344858,0.324726,frame_001677
25.183368,117.335595,0.324698,frame_001678
25.275494,117.326884,0.324646,frame_001679
25.366674,117.318614,0.324608,frame_001680
25.457007,117.310457,0.324582,frame_001681
25.546584,117.302087,0.324566,frame_001682
25.636237,117.293389,0.324568,frame_001683
25.725891,117.284465,0.324591,frame_001684
25.815468,117.275415,0.324633,frame_001685
25.904893,117.266340,0.324676,frame_001686
25.994089,117.257340,0.324721,frame_001687
26.082981,117.248517,0.324769,frame_001688
26.172401,117.240956,0.324806,frame_001689
26.262439,117.234553,0.324829,frame_001690
26.353195,117.229212,0.324832,frame_001691
26.443865,117.222659,0.324822,frame_001692
26.534392,117.214796,0.324800,frame_001693
26.624720,117.205520,0.324766,frame_001694
26.714045,117.195917,0.324721,frame_001695
26.802465,117.186087,0.324665,frame_001696
26.890072,117.176131,0.324598,frame_001697
26.977699,117.166151,0.324493,frame_001698
27.065268,117.156246,0.324352,frame_001699
27.152705,117.146517,0.324176,frame_001700
27.240840,117.137064,0.323989,frame_001701
27.329765,117.127989,0.323796,frame_001702
27.419578,117.119392,0.323603,frame_001703
27.508732,117.110174,0.323435,frame_001704
27.597323,117.100212,0.323297,frame_001705
27.685445,117.089378,0.323194,frame_001706
27.773928,117.079719,0.323085,frame_001707
27.862696,117.071104,0.322975,frame_001708
27.951674,117.063412,0.322873,frame_001709
28.040785,117.055545,0.322782,frame_001710
28.129953,117.047602,0.322705,frame_001711
28.219102,117.039684,0.322644,frame_001712
28.308317,117.031892,0.322592,frame_001713
28.397847,117.024326,0.322553,frame_001714
28.487938,117.017088,0.322529,frame_001715
28.578676,117.009077,0.322554,frame_001716
28.669985,117.000172,0.322631,frame_001717
28.761789,116.990243,0.322766,frame_001718
28.854011,116.980352,0.322931,frame_001719
28.946576,116.970575,0.323129,frame_001720
29.039407,116.960986,0.323360,frame_001721
29.131683,116.952647,0.323662,frame_001722
29.223482,116.945428,0.324028,frame_001723
29.314878,116.939209,0.324451,frame_001724
29.406683,116.932888,0.324954,frame_001725
29.498802,116.926568,0.325532,frame_001726
29.591140,116.920348,0.326181,frame_001727
29.683601,116.914329,0.326870,frame_001728
29.776091,116.908613,0.327600,frame_001729
29.868515,116.903298,0.328372,frame_001730
29.961684,116.897287,0.329174,frame_001731
30.055672,116.890458,0.330002,frame_001732
30.150559,116.882680,0.330850,frame_001733
30.244776,116.875016,0.331739,frame_001734
30.338402,116.867540,0.332659,frame_001735
30.431510,116.860328,0.333600,frame_001736
30.524914,116.853456,0.334533,frame_001737
30.618517,116.846999,0.335457,frame_001738
30.712225,116.841032,0.336368,frame_001739
30.805942,116.835418,0.337270,frame_001740
30.899574,116.829803,0.338154,frame_001741
30.993025,116.823837,0.339010,frame_001742
31.086200,116.817379,0.339911,frame_001743
31.179004,116.810507,0.340836,frame_001744
31.271342,116.803296,0.341763,frame_001745
31.364026,116.795820,0.342681,frame_001746
31.457130,116.788155,0.343568,frame_001747
31.550732,116.780377,0.344403,frame_001748
31.644010,116.772562,0.345170,frame_001749
31.736889,116.764784,0.345857,frame_001750
31.829292,116.757119,0.346453,frame_001751
31.921144,116.750630,0.346983,frame_001752
32.012367,116.745185,0.347432,frame_001753
32.102886,116.740663,0.347782,frame_001754
32.192787,116.735965,0.348009,frame_001755
32.282316,116.731192,0.348096,frame_001756
32.371722,116.726443,0.348029,frame_001757
32.461090,116.720621,0.347809,frame_001758
32.550344,116.713603,0.347433,frame_001759
32.639407,116.705259,0.346900,frame_001760
32.728204,116.696651,0.346178,frame_001761
32.816659,116.687855,0.345271,frame_001762
32.904694,116.678945,0.344181,frame_001763
32.993143,116.669998,0.342896,frame_001764
33.082097,116.661088,0.341427,frame_001765
33.171654,116.652291,0.339787,frame_001766
33.261011,116.643683,0.337961,frame_001767
33.350111,116.635340,0.335965,frame_001768
33.438897,116.627336,0.333815,frame_001769
33.527312,116.620733,0.331572,frame_001770
33.615299,116.615401,0.329250,frame_001771
33.702801,116.611219,0.326860,frame_001772
33.789922,116.605887,0.324489,frame_001773
33.876929,116.599284,0.322117,frame_001774
33.964088,116.591280,0.319728,frame_001775
34.051504,116.582936,0.317395,frame_001776
34.139120,116.574328,0.315081,frame_001777
34.226878,116.565532,0.312754,frame_001778
34.314723,116.556622,0.310538,frame_001779
34.402595,116.547675,0.308385,frame_001780
34.490440,116.538765,0.306249,frame_001781
34.577452,116.529968,0.304193,frame_001782
34.663732,116.521361,0.302153,frame_001783
34.749370,116.513017,0.300069,frame_001784
34.836106,116.505999,0.297995,frame_001785
34.924032,116.500177,0.295845,frame_001786
35.013246,116.495428,0.293538,frame_001787
35.102200,116.490655,0.291066,frame_001788
35.190991,116.485957,0.288357,frame_001789
35.279712,116.481436,0.285346,frame_001790
35.369194,116.475991,0.282040,frame_001791
35.459361,116.469501,0.278363,frame_001792
35.550137,116.461837,0.274245,frame_001793
35.641446,116.454059,0.269537,frame_001794
35.733212,116.446244,0.264166,frame_001795
35.825358,116.438466,0.258066,frame_001796
35.917063,116.431788,0.251192,frame_001797
36.008405,116.426079,0.243482,frame_001798
36.099459,116.421218,0.234879,frame_001799
36.190289,116.416105,0.225445,frame_001800
36.280958,116.410841,0.215120,frame_001801
36.371518,116.405527,0.203854,frame_001802
36.462762,116.399064,0.191382,frame_001803
36.554578,116.391329,0.177695,frame_001804
36.646851,116.382193,0.162790,frame_001805
36.739628,116.372718,0.146740,frame_001806
36.833118,116.362978,0.129538,frame_001807
36.927532,116.353050,0.111182,frame_001808
37.022916,116.343009,0.091707,frame_001809
37.119156,116.332930,0.071126,frame_001810
37.216139,116.322889,0.049456,frame_001811
37.313003,116.313947,0.026734,frame_001812
37.409791,116.305974,0.002996,frame_001813
37.506537,116.298849,-0.021715,frame_001814
37.603270,116.291473,-0.047256,frame_001815
37.700011,116.283945,-0.073581,frame_001816
37.796777,116.276368,-0.100633,frame_001817
37.893578,116.268841,-0.128385,frame_001818
37.990416,116.261464,-0.156752,frame_001819
38.087288,116.254339,-0.185646,frame_001820
38.184931,116.246367,-0.215020,frame_001821
38.283173,116.237425,-0.244780,frame_001822
38.381844,116.227384,-0.274821,frame_001823
38.480933,116.217305,-0.305194,frame_001824
38.580593,116.207264,-0.335804,frame_001825
38.680976,116.197336,-0.366553,frame_001826
38.781327,116.187597,-0.397467,frame_001827
38.881630,116.178122,-0.428457,frame_001828
38.981862,116.168986,-0.459431,frame_001829
39.081996,116.161252,-0.490470,frame_001830
39.181995,116.154789,-0.521497,frame_001831
39.281819,116.149476,-0.552430,frame_001832
39.382329,116.144212,-0.583397,frame_001833
39.483638,116.139100,-0.614323,frame_001834
39.585860,116.134239,-0.645131,frame_001835
39.688202,116.128531,-0.675897,frame_001836
39.790610,116.121853,-0.706579,frame_001837
39.893024,116.114076,-0.737133,frame_001838
39.996284,116.107248,-0.767566,frame_001839
40.100487,116.101237,-0.797841,frame_001840
40.205727,116.095924,-0.827919,frame_001841
40.311191,116.090208,-0.857871,frame_001842
40.416807,116.084190,-0.887679,frame_001843
40.522495,116.077971,-0.917326,frame_001844
40.628170,116.071651,-0.946779,frame_001845
40.733739,116.065332,-0.976026,frame_001846
40.839105,116.059113,-1.005057,frame_001847
40.945071,116.052881,-1.033984,frame_001848
41.051692,116.046310,-1.062784,frame_001849
41.159028,116.039072,-1.091438,frame_001850
41.267134,116.031054,-1.119984,frame_001851
41.376068,116.022357,-1.148435,frame_001852
41.485887,116.013082,-1.176809,frame_001853
41.595740,116.003328,-1.204979,frame_001854
41.705517,115.993198,-1.232912,frame_001855
41.815099,115.982790,-1.260575,frame_001856
41.925272,115.972206,-1.287943,frame_001857
42.036072,115.961547,-1.315018,frame_001858
42.147538,115.950914,-1.341802,frame_001859
42.258801,115.941392,-1.368339,frame_001860
42.369730,115.932877,-1.394630,frame_001861
42.480189,115.925272,-1.420678,frame_001862
42.590943,115.916304,-1.446485,frame_001863
42.702011,115.905877,-1.472054,frame_001864
42.813412,115.893885,-1.497388,frame_001865
42.925165,115.881414,-1.522567,frame_001866
43.037289,115.868567,-1.547612,frame_001867
43.149803,115.855442,-1.572545,frame_001868
43.262727,115.843128,-1.597359,frame_001869
43.376078,115.831519,-1.622062,frame_001870
43.489877,115.820519,-1.646662,frame_001871
43.603234,115.809053,-1.671104,frame_001872
43.716001,115.797247,-1.695409,frame_001873
43.828022,115.785228,-1.719599,frame_001874
43.940042,115.773121,-1.743649,frame_001875
44.052063,115.761052,-1.767585,frame_001876
44.164084,115.749146,-1.791433,frame_001877
44.276105,115.737529,-1.815175,frame_001878
44.388125,115.726327,-1.838844,frame_001879
44.500146,115.715667,-1.862474,frame_001880
44.612167,115.704473,-1.886095,frame_001881
44.724188,115.692649,-1.909730,frame_001882
44.836208,115.680090,-1.933403,frame_001883
44.947483,115.668870,-1.956972,frame_001884
45.058167,115.658884,-1.980462,frame_001885
45.168410,115.650034,-2.003899,frame_001886
45.279100,115.641248,-2.027293,frame_001887
45.390218,115.632650,-2.050677,frame_001888
45.501745,115.624366,-2.074086,frame_001889
45.613663,115.615323,-2.097531,frame_001890
45.725951,115.605424,-2.121045,frame_001891
45.838591,115.594563,-2.144658,frame_001892
45.951565,115.583829,-2.168364,frame_001893
46.064853,115.573321,-2.192197,frame_001894
46.178435,115.563140,-2.216191,frame_001895
46.291547,115.554372,-2.240393,frame_001896
46.404326,115.546914,-2.264838,frame_001897
46.516901,115.540668,-2.289563,frame_001898
46.630143,115.533361,-2.314493,frame_001899
46.744012,115.524895,-2.339642,frame_001900
46.858471,115.515167,-2.365019,frame_001901
46.973482,115.505263,-2.390717,frame_001902
47.089007,115.495283,-2.416750,frame_001903
47.205007,115.485328,-2.443132,frame_001904
47.320700,115.475500,-2.469734,frame_001905
47.436201,115.465897,-2.496561,frame_001906
47.551622,115.456622,-2.523617,frame_001907
47.667815,115.447774,-2.551035,frame_001908
47.784720,115.439455,-2.578823,frame_001909
47.902283,115.431764,-2.606987,frame_001910
48.020444,115.424589,-2.635509,frame_001911
48.139148,115.417603,-2.664385,frame_001912
48.258338,115.410479,-2.693608,frame_001913
48.377955,115.403103,-2.723179,frame_001914
48.497944,115.395576,-2.753081,frame_001915
48.618247,115.387998,-2.783297,frame_001916
48.738806,115.380471,-2.813819,frame_001917
48.859566,115.373095,-2.844623,frame_001918
48.980468,115.365971,-2.875687,frame_001919
49.100710,115.358985,-2.906923,frame_001920
49.220389,115.351810,-2.938301,frame_001921
49.339599,115.344120,-2.969788,frame_001922
49.459170,115.335801,-3.001360,frame_001923
49.579027,115.326953,-3.033003,frame_001924
49.699093,115.317678,-3.064700,frame_001925
49.819292,115.308075,-3.096404,frame_001926
49.939549,115.298247,-3.128113,frame_001927
50.059786,115.288292,-3.159824,frame_001928
50.179182,115.279299,-3.191494,frame_001929
50.297817,115.271162,-3.223139,frame_001930
50.415762,115.263784,-3.254773,frame_001931
50.533831,115.256092,-3.286330,frame_001932
50.651929,115.248211,-3.317821,frame_001933
50.769960,115.240267,-3.349255,frame_001934
50.888737,115.231187,-3.380715,frame_001935
51.008334,115.220873,-3.412225,frame_001936
51.128828,115.209220,-3.443806,frame_001937
51.248652,115.197316,-3.475508,frame_001938
51.367886,115.185261,-3.507357,frame_001939
51.486602,115.173156,-3.539374,frame_001940
51.605614,115.162087,-3.571537,frame_001941
51.724825,115.151950,-3.603876,frame_001942
51.844140,115.142648,-3.636418,frame_001943
51.963466,115.133107,-3.669363,frame_001944
52.082705,115.123453,-3.702713,frame_001945
52.201764,115.113811,-3.736467,frame_001946
52.321455,115.103108,-3.770573,frame_001947
52.441850,115.091247,-3.805043,frame_001948
52.563029,115.078123,-3.839886,frame_001949
52.683425,115.065809,-3.875172,frame_001950
52.803115,115.054200,-3.910896,frame_001951
52.922174,115.043200,-3.947047,frame_001952
53.041414,115.031735,-3.983586,frame_001953
53.160739,115.019930,-4.020500,frame_001954
53.280055,115.007911,-4.057772,frame_001955
53.400174,114.995805,-4.095674,frame_001956
53.521169,114.983736,-4.134153,frame_001957
53.643119,114.971830,-4.173156,frame_001958
53.764456,114.960214,-4.212483,frame_001959
53.885260,114.949013,-4.252097,frame_001960
54.005604,114.938353,-4.291962,frame_001961
54.126299,114.927159,-4.332099,frame_001962
54.247251,114.915336,-4.372454,frame_001963
54.368366,114.902778,-4.412973,frame_001964
54.488800,114.890572,-4.453569,frame_001965
54.608616,114.878819,-4.494187,frame_001966
54.727867,114.867620,-4.534769,frame_001967
54.847345,114.858061,-4.575352,frame_001968
54.966938,114.850037,-4.615856,frame_001969
55.086531,114.843452,-4.656199,frame_001970
55.206172,114.836032,-4.696216,frame_001971
55.326069,114.827680,-4.735852,frame_001972
55.446433,114.818292,-4.775054,frame_001973
55.567311,114.808954,-4.814037,frame_001974
55.688588,114.799767,-4.852715,frame_001975
55.810150,114.790831,-4.891006,frame_001976
55.931138,114.782248,-4.928817,frame_001977
56.051593,114.774118,-4.966100,frame_001978
56.171549,114.766541,-5.002812,frame_001979
56.292688,114.758418,-5.039069,frame_001980
56.415046,114.749628,-5.074835,frame_001981
56.538664,114.740040,-5.110079,frame_001982
56.661935,114.730716,-5.144886,frame_001983
56.784902,114.721732,-5.179226,frame_001984
56.907598,114.713163,-5.213075,frame_001985
57.030798,114.706071,-5.246485,frame_001986
57.154370,114.700325,-5.279431,frame_001987
57.278179,114.695804,-5.311894,frame_001988
57.402255,114.691409,-5.343929,frame_001989
57.526787,114.687241,-5.375515,frame_001990
57.651967,114.683400,-5.406635,frame_001991
57.777822,114.678786,-5.437394,frame_001992
57.904219,114.673278,-5.467787,frame_001993
58.031026,114.666747,-5.497814,frame_001994
58.157362,114.661239,-5.527319,frame_001995
58.283251,114.656626,-5.556284,frame_001996
58.408708,114.652784,-5.584697,frame_001997
58.534488,114.648616,-5.612677,frame_001998
58.660439,114.644221,-5.640224,frame_001999
58.786410,114.639700,-5.667346,frame_002000
58.913155,114.634940,-5.693976,frame_002001
59.040690,114.629615,-5.720119,frame_002002
59.169038,114.623396,-5.745784,frame_002003
59.296574,114.617157,-5.771102,frame_002004
59.423319,114.610793,-5.796072,frame_002005
59.549289,114.604208,-5.820701,frame_002006
59.675241,114.596328,-5.844694,frame_002007
59.801021,114.587277,-5.868027,frame_002008
59.926477,114.577183,-5.890680,frame_002009
60.051620,114.567156,-5.912757,frame_002010
60.176620,114.557118,-5.934274,frame_002011
60.301649,114.546997,-5.955249,frame_002012
60.426715,114.536729,-5.975628,frame_002013
60.551668,114.526262,-5.995422,frame_002014
60.676353,114.515548,-6.014648,frame_002015
60.801528,114.504549,-6.033353,frame_002016
60.927208,114.493237,-6.051561,frame_002017
61.053416,114.481591,-6.069298,frame_002018
61.179271,114.468397,-6.086486,frame_002019
61.304640,114.453430,-6.103134,frame_002020
61.429392,114.436463,-6.119254,frame_002021
61.553553,114.418469,-6.134957,frame_002022
61.677315,114.399445,-6.150297,frame_002023
61.800867,114.379395,-6.165329,frame_002024
61.924239,114.358331,-6.179849,frame_002025
62.047297,114.336274,-6.193881,frame_002026
62.169907,114.313253,-6.207450,frame_002027
62.292845,114.290293,-6.220765,frame_002028
62.416145,114.267234,-6.233862,frame_002029
62.539848,114.243933,-6.246782,frame_002030
62.663095,114.219280,-6.259415,frame_002031
62.785771,114.193369,-6.271812,frame_002032
62.907762,114.166306,-6.284026,frame_002033
63.029861,114.139190,-6.296128,frame_002034
63.152123,114.111937,-6.308146,frame_002035
63.274607,114.084481,-6.320109,frame_002036
63.396473,114.054585,-6.331995,frame_002037
63.517625,114.022198,-6.343827,frame_002038
63.637968,113.987270,-6.355629,frame_002039
63.758316,113.951938,-6.367344,frame_002040
63.878740,113.916166,-6.378992,frame_002041
63.999320,113.879940,-6.390592,frame_002042
64.119234,113.843258,-6.402110,frame_002043
64.238406,113.806138,-6.413557,frame_002044
64.356759,113.768613,-6.424946,frame_002045
64.475126,113.728546,-6.436334,frame_002046
64.593599,113.685990,-6.447727,frame_002047
64.712274,113.640993,-6.459135,frame_002048
64.830351,113.595793,-6.470475,frame_002049
64.947771,113.550456,-6.481754,frame_002050
65.064477,113.505066,-6.492979,frame_002051
65.181159,113.458524,-6.504177,frame_002052
65.297603,113.410725,-6.515352,frame_002053
65.413604,113.361573,-6.526514,frame_002054
65.529124,113.310979,-6.537542,frame_002055
65.644292,113.258864,-6.548423,frame_002056
65.759245,113.205157,-6.559144,frame_002057
65.873218,113.150994,-6.569728,frame_002058
65.986192,113.096544,-6.580172,frame_002059
66.098148,113.041991,-6.590476,frame_002060
66.210720,112.987322,-6.600670,frame_002061
66.323903,112.932327,-6.610751,frame_002062
66.437702,112.876814,-6.620721,frame_002063
66.551229,112.819621,-6.630605,frame_002064
66.664348,112.760794,-6.640397,frame_002065
66.776928,112.700387,-6.650091,frame_002066
66.888100,112.638463,-6.659651,frame_002067
66.997902,112.575093,-6.669073,frame_002068
67.106372,112.510358,-6.678353,frame_002069
67.214293,112.445330,-6.687465,frame_002070
67.321550,112.379902,-6.696404,frame_002071
67.428029,112.313981,-6.705164,frame_002072
67.534536,112.246505,-6.713757,frame_002073
67.641139,112.177621,-6.722195,frame_002074
67.747920,112.107484,-6.730487,frame_002075
67.854069,112.037245,-6.738712,frame_002076
67.959523,111.966868,-6.746878,frame_002077
68.064229,111.896338,-6.754994,frame_002078
68.168140,111.824455,-6.762940,frame_002079
68.271214,111.751013,-6.770722,frame_002080
68.373417,111.675815,-6.778346,frame_002081
68.475465,111.598886,-6.785952,frame_002082
68.577182,111.520474,-6.793557,frame_002083
68.678402,111.440834,-6.801181,frame_002084
68.778227,111.360017,-6.808789,frame_002085
68.876673,111.277868,-6.816373,frame_002086
68.973762,111.194239,-6.823925,frame_002087
69.070270,111.110193,-6.831358,frame_002088
69.166074,111.025822,-6.838679,frame_002089
69.261067,110.941234,-6.845895,frame_002090
69.354409,110.855355,-6.853098,frame_002091
69.446172,110.768107,-6.860284,frame_002092
69.536435,110.679417,-6.867451,frame_002093
69.626031,110.589223,-6.874463,frame_002094
69.714895,110.497469,-6.881342,frame_002095
69.802976,110.404111,-6.888115,frame_002096
69.890238,110.310311,-6.894812,frame_002097
69.976654,110.216260,-6.901435,frame_002098
70.062212,110.122169,-6.907985,frame_002099
70.146912,110.027064,-6.914497,frame_002100
70.230766,109.930966,-6.920979,frame_002101
70.313800,109.833905,-6.927438,frame_002102
70.395144,109.735918,-6.933818,frame_002103
70.474681,109.637052,-6.940133,frame_002104
70.552300,109.537360,-6.946398,frame_002105
70.628803,109.436907,-6.952681,frame_002106
70.704261,109.335762,-6.958983,frame_002107
70.778756,109.234006,-6.965310,frame_002108
70.853130,109.132713,-6.971712,frame_002109
70.927334,109.031773,-6.978187,frame_002110
71.001340,108.931095,-6.984735,frame_002111
71.073485,108.828418,-6.991263,frame_002112
71.143766,108.723665,-6.997785,frame_002113
71.212186,108.616761,-7.004312,frame_002114
71.279500,108.508831,-7.010901,frame_002115
71.345568,108.400021,-7.017538,frame_002116
71.410265,108.290487,-7.024209,frame_002117
71.473638,108.180391,-7.030875,frame_002118
71.535907,108.069907,-7.037534,frame_002119
71.597310,107.959214,-7.044181,frame_002120
71.657929,107.848286,-7.050733,frame_002121
71.717704,107.736895,-7.057203,frame_002122
71.776582,107.624816,-7.063606,frame_002123
71.834526,107.512051,-7.070075,frame_002124
71.891510,107.398821,-7.076609,frame_002125
71.947521,107.285357,-7.083208,frame_002126
72.003306,107.170699,-7.089776,frame_002127
72.058722,107.054870,-7.096313,frame_002128
72.113645,106.937897,-7.102819,frame_002129
72.167225,106.820791,-7.109366,frame_002130
72.219531,106.703371,-7.115960,frame_002131
72.270645,106.585466,-7.122607,frame_002132
72.319756,106.467125,-7.129281,frame_002133
72.366803,106.348622,-7.135978,frame_002134
72.411731,106.230236,-7.142696,frame_002135
72.456148,106.112045,-7.149385,frame_002136
72.500024,105.993917,-7.156026,frame_002137
72.543350,105.875732,-7.162602,frame_002138
72.584482,105.756389,-7.169171,frame_002139
72.623436,105.635989,-7.175732,frame_002140
72.660234,105.514634,-7.182284,frame_002141
72.696558,105.393410,-7.188733,frame_002142
72.732455,105.272211,-7.195062,frame_002143
72.767993,105.150942,-7.201258,frame_002144
72.802349,105.028528,-7.207421,frame_002145
72.835460,104.905096,-7.213572,frame_002146
72.867275,104.780771,-7.219730,frame_002147
72.897756,104.656664,-7.225796,frame_002148
72.926878,104.532697,-7.231787,frame_002149
72.954627,104.408797,-7.237719,frame_002150
72.981005,104.283916,-7.243677,frame_002151
73.006023,104.158206,-7.249662,frame_002152
73.029707,104.031816,-7.255674,frame_002153
73.052096,103.904898,-7.261776,frame_002154
73.073239,103.777602,-7.267976,frame_002155
73.093200,103.650080,-7.274283,frame_002156
73.112056,103.523468,-7.280597,frame_002157
73.129894,103.397713,-7.286925,frame_002158
73.146818,103.272768,-7.293275,frame_002159
73.162778,103.146409,-7.299600,frame_002160
73.177579,103.018590,-7.305901,frame_002161
73.191037,102.889257,-7.312178,frame_002162
73.203141,102.760532,-7.318515,frame_002163
73.214058,102.632362,-7.324926,frame_002164
73.223963,102.504700,-7.331426,frame_002165
73.232887,102.376522,-7.337983,frame_002166
73.240709,102.248004,-7.344577,frame_002167
73.247320,102.119323,-7.351189,frame_002168
73.253533,101.991641,-7.357780,frame_002169
73.259434,101.864928,-7.364352,frame_002170
73.265128,101.739164,-7.370905,frame_002171
73.269831,101.612149,-7.377544,frame_002172
73.273516,101.483863,-7.384286,frame_002173
73.276172,101.354276,-7.391145,frame_002174
73.277799,101.224551,-7.398049,frame_002175
73.278409,101.094864,-7.404989,frame_002176
73.278027,100.965390,-7.411957,frame_002177
73.275784,100.837293,-7.418981,frame_002178
73.271563,100.710542,-7.426066,frame_002179
73.265252,100.585117,-7.433218,frame_002180
73.257654,100.458819,-7.440420,frame_002181
73.248840,100.331627,-7.447671,frame_002182
73.238892,100.203512,-7.454973,frame_002183
73.227905,100.075636,-7.462341,frame_002184
73.215986,99.948174,-7.469767,frame_002185
73.203257,99.821304,-7.477244,frame_002186
73.189689,99.694002,-7.484741,frame_002187
73.175104,99.566220,-7.492246,frame_002188
73.159337,99.437906,-7.499747,frame_002189
73.142398,99.311181,-7.507260,frame_002190
73.124470,99.185991,-7.514768,frame_002191
73.105751,99.062291,-7.522258,frame_002192
73.086288,98.937856,-7.529699,frame_002193
73.065979,98.812640,-7.537082,frame_002194
73.044736,98.686589,-7.544401,frame_002195
73.021736,98.560840,-7.551672,frame_002196
72.997072,98.435544,-7.558899,frame_002197
72.970842,98.310852,-7.566085,frame_002198
72.943896,98.185714,-7.573279,frame_002199
72.916190,98.060060,-7.580496,frame_002200
72.887693,97.933809,-7.587751,frame_002201
72.858385,97.809061,-7.594982,frame_002202
72.828260,97.685734,-7.602187,frame_002203
72.797324,97.563758,-7.609363,frame_002204
72.765597,97.442085,-7.616533,frame_002205
72.733109,97.320864,-7.623684,frame_002206
72.699906,97.200246,-7.630804,frame_002207
72.666045,97.079184,-7.637933,frame_002208
72.631595,96.957605,-7.645070,frame_002209
72.596639,96.835429,-7.652212,frame_002210
72.561110,96.713770,-7.659377,frame_002211
72.524792,96.592752,-7.666563,frame_002212
72.487483,96.472501,-7.673769,frame_002213
72.449154,96.351943,-7.680949,frame_002214
72.409951,96.230982,-7.688114,frame_002215
72.370032,96.109513,-7.695272,frame_002216
72.329408,95.987636,-7.702321,frame_002217
72.287937,95.865657,-7.709263,frame_002218
72.245495,95.743875,-7.716101,frame_002219
72.201219,95.622365,-7.722947,frame_002220
72.155165,95.500979,-7.729808,frame_002221
72.107393,95.379564,-7.736690,frame_002222
72.058715,95.259154,-7.743556,frame_002223
72.009048,95.139801,-7.750417,frame_002224
71.958324,95.021555,-7.757285,frame_002225
71.906484,94.904466,-7.764151,frame_002226
71.853485,94.788585,-7.771023,frame_002227
71.799294,94.673961,-7.777909,frame_002228
71.743893,94.559446,-7.784817,frame_002229
71.687276,94.444866,-7.791764,frame_002230
71.629448,94.330043,-7.798761,frame_002231
71.570428,94.215001,-7.805815,frame_002232
71.510250,94.099970,-7.812938,frame_002233
71.448956,93.985174,-7.820145,frame_002234
71.386604,93.871811,-7.827418,frame_002235
71.323264,93.759883,-7.834762,frame_002236
71.259017,93.649388,-7.842185,frame_002237
71.193053,93.540327,-7.849673,frame_002238
71.125310,93.432699,-7.857236,frame_002239
71.055734,93.326506,-7.864881,frame_002240
70.985185,93.219561,-7.872602,frame_002241
70.913792,93.111846,-7.880397,frame_002242
70.841692,93.003329,-7.888268,frame_002243
70.768130,92.896146,-7.896251,frame_002244
70.693104,92.790245,-7.904349,frame_002245
70.616617,92.685577,-7.912562,frame_002246
70.540331,92.581105,-7.920919,frame_002247
70.464275,92.476985,-7.929423,frame_002248
70.388497,92.373362,-7.938074,frame_002249
70.311410,92.271363,-7.946882,frame_002250
70.233087,92.170910,-7.955849,frame_002251
70.153606,92.071929,-7.964978,frame_002252
70.073054,91.972157,-7.974222,frame_002253
69.991523,91.871504,-7.983588,frame_002254
69.909111,91.769860,-7.993081,frame_002255
69.826668,91.668299,-8.002716,frame_002256
69.744150,91.566900,-8.012476,frame_002257
69.661526,91.465735,-8.022347,frame_002258
69.578776,91.364867,-8.032268,frame_002259
69.495895,91.264351,-8.042229,frame_002260
69.412887,91.164232,-8.052224,frame_002261
69.328120,91.065534,-8.062230,frame_002262
69.241611,90.968081,-8.072236,frame_002263
69.153380,90.871698,-8.082226,frame_002264
69.065099,90.775221,-8.092285,frame_002265
68.976801,90.678681,-8.102398,frame_002266
68.888529,90.582098,-8.112549,frame_002267
68.799433,90.486685,-8.122791,frame_002268
68.709415,90.392667,-8.133112,frame_002269
68.618383,90.300273,-8.143497,frame_002270
68.527158,90.208527,-8.153855,frame_002271
68.435830,90.117435,-8.164172,frame_002272
68.344500,90.026991,-8.174434,frame_002273
68.252374,89.937184,-8.184626,frame_002274
68.159412,89.847993,-8.194749,frame_002275
68.065579,89.759388,-8.204807,frame_002276
67.970845,89.671331,-8.214809,frame_002277
67.875189,89.583776,-8.224755,frame_002278
67.778594,89.496669,-8.234644,frame_002279
67.681052,89.408961,-8.244539,frame_002280
67.582559,89.320786,-8.254435,frame_002281
67.483119,89.232261,-8.264325,frame_002282
67.382740,89.145673,-8.274149,frame_002283
67.281439,89.061122,-8.283916,frame_002284
67.179237,88.978710,-8.293635,frame_002285
67.076911,88.896351,-8.303313,frame_002286
66.974338,88.814129,-8.312958,frame_002287
66.871411,88.732110,-8.322576,frame_002288
66.767288,88.651331,-8.332213,frame_002289
66.662044,88.571621,-8.341877,frame_002290
66.555757,88.492798,-8.351575,frame_002291
66.448513,88.414889,-8.361292,frame_002292
66.340403,88.338124,-8.371037,frame_002293
66.231527,88.262724,-8.380816,frame_002294
66.122734,88.187705,-8.390623,frame_002295
66.013981,88.113048,-8.400464,frame_002296
65.905235,88.038721,-8.410342,frame_002297
65.794824,87.965873,-8.420232,frame_002298
65.682729,87.894659,-8.430140,frame_002299
65.568930,87.825227,-8.440070,frame_002300
65.455063,87.756514,-8.450027,frame_002301
65.341122,87.688428,-8.460015,frame_002302
65.227111,87.620860,-8.470036,frame_002303
65.112306,87.554885,-8.480120,frame_002304
64.996892,87.490581,-8.490280,frame_002305
64.881063,87.428021,-8.500531,frame_002306
64.764857,87.367268,-8.510910,frame_002307
64.648157,87.308374,-8.521399,frame_002308
64.530852,87.251388,-8.531982,frame_002309
64.412837,87.196346,-8.542633,frame_002310
64.294014,87.143278,-8.553358,frame_002311
64.174291,87.092205,-8.564162,frame_002312
64.053743,87.040954,-8.575070,frame_002313
63.932616,86.989511,-8.586081,frame_002314
63.811160,86.937839,-8.597198,frame_002315
63.689470,86.888061,-8.608316,frame_002316
63.567485,86.840107,-8.619436,frame_002317
63.445152,86.793896,-8.630562,frame_002318
63.321677,86.748353,-8.641678,frame_002319
63.197175,86.703589,-8.652775,frame_002320
63.071759,86.659696,-8.663844,frame_002321
62.946290,86.616748,-8.674890,frame_002322
62.820726,86.574805,-8.685913,frame_002323
62.695033,86.533908,-8.696914,frame_002324
62.569182,86.494083,-8.707902,frame_002325
62.443151,86.455338,-8.718896,frame_002326
62.316924,86.417664,-8.729913,frame_002327
62.189745,86.381038,-8.740959,frame_002328
62.061767,86.345415,-8.752046,frame_002329
61.933142,86.310739,-8.763189,frame_002330
61.804768,86.278132,-8.774326,frame_002331
61.676642,86.247726,-8.785462,frame_002332
61.548768,86.219642,-8.796600,frame_002333
61.421154,86.192794,-8.807854,frame_002334
61.293816,86.167062,-8.819230,frame_002335
61.166778,86.142315,-8.830734,frame_002336
61.038413,86.119600,-8.842284,frame_002337
60.908743,86.098972,-8.853902,frame_002338
60.777786,86.080477,-8.865611,frame_002339
60.649068,86.062954,-8.877300,frame_002340
60.522217,86.046208,-8.889006,frame_002341
60.394086,86.029292,-8.901020,frame_002342
60.264928,86.013332,-8.913332,frame_002343
60.134997,85.998455,-8.925926,frame_002344
60.004545,85.984774,-8.938784,frame_002345
59.873099,85.973126,-8.951755,frame_002346
59.740700,85.963439,-8.964849,frame_002347
59.607385,85.955633,-8.978073,frame_002348
59.474834,85.948635,-8.991484,frame_002349
59.343084,85.942554,-9.005086,frame_002350
59.212174,85.937481,-9.018881,frame_002351
59.081992,85.933000,-9.032632,frame_002352
58.952266,85.929271,-9.046390,frame_002353
58.821057,85.927174,-9.060550,frame_002354
58.689363,85.926676,-9.075106,frame_002355
58.557439,85.927726,-9.090035,frame_002356
58.425535,85.930262,-9.105314,frame_002357
58.293180,85.933957,-9.120696,frame_002358
58.160415,85.938769,-9.136163,frame_002359
58.027276,85.944641,-9.151693,frame_002360
57.894536,85.951496,-9.167341,frame_002361
57.762062,85.959243,-9.183097,frame_002362
57.629722,85.967772,-9.198949,frame_002363
57.497543,85.978158,-9.214838,frame_002364
57.365717,85.990480,-9.230751,frame_002365
57.234432,86.004809,-9.246675,frame_002366
57.103719,86.020008,-9.262714,frame_002367
56.973443,86.035911,-9.278852,frame_002368
56.843472,86.052331,-9.295074,frame_002369
56.713834,86.070269,-9.311297,frame_002370
56.584719,86.089727,-9.327508,frame_002371
56.456318,86.110703,-9.343696,frame_002372
56.328659,86.133182,-9.359860,frame_002373
56.201609,86.157145,-9.375995,frame_002374
56.075034,86.182562,-9.392094,frame_002375
55.949549,86.207424,-9.408022,frame_002376
55.824863,86.232094,-9.423817,frame_002377
55.698456,86.259131,-9.439810,frame_002378
55.571428,86.288387,-9.455974,frame_002379
55.444123,86.319709,-9.472284,frame_002380
55.316880,86.352936,-9.488713,frame_002381
55.190618,86.386668,-9.505155,frame_002382
55.065183,86.420990,-9.521611,frame_002383
54.940424,86.455969,-9.538080,frame_002384
54.815443,86.492640,-9.554500,frame_002385
54.690242,86.530832,-9.570865,frame_002386
54.564818,86.570366,-9.587170,frame_002387
54.441561,86.609079,-9.603207,frame_002388
54.320314,86.647186,-9.619053,frame_002389
54.198692,86.686355,-9.635226,frame_002390
54.073851,86.726440,-9.651839,frame_002391
53.945529,86.767285,-9.668894,frame_002392
53.816840,86.809620,-9.686088,frame_002393
53.690335,86.851950,-9.702993,frame_002394
53.565852,86.894562,-9.719637,frame_002395
53.441756,86.938707,-9.736311,frame_002396
53.317999,86.983531,-9.753144,frame_002397
53.194721,87.028897,-9.770132,frame_002398
53.072062,87.074656,-9.787209,frame_002399
52.949253,87.121840,-9.804349,frame_002400
52.826265,87.170486,-9.821556,frame_002401
52.703065,87.220624,-9.838838,frame_002402
52.578702,87.272874,-9.856487,frame_002403
52.452962,87.327361,-9.874554,frame_002404
52.327658,87.383304,-9.892671,frame_002405
52.202927,87.440651,-9.910814,frame_002406
52.078908,87.499341,-9.928959,frame_002407
51.954437,87.559794,-9.947186,frame_002408
51.829700,87.622126,-9.965584,frame_002409
51.705059,87.686199,-9.984128,frame_002410
51.580865,87.751873,-10.002794,frame_002411
51.459349,87.817524,-10.021304,frame_002412
51.340089,87.883312,-10.039687,frame_002413
51.219872,87.950119,-10.058263,frame_002414
51.099779,88.017917,-10.077027,frame_002415
50.980134,88.086666,-10.095950,frame_002416
50.861251,88.156318,-10.115003,frame_002417
50.745322,88.226073,-10.133749,frame_002418
50.631886,88.296014,-10.152219,frame_002419
50.518252,88.366210,-10.170644,frame_002420
50.405347,88.436711,-10.189065,frame_002421
50.293345,88.507549,-10.207477,frame_002422
50.182415,88.579728,-10.225885,frame_002423
50.071810,88.653042,-10.244303,frame_002424
49.961517,88.727278,-10.262727,frame_002425
49.851513,88.801228,-10.281146,frame_002426
49.740849,88.877265,-10.299779,frame_002427
49.629309,88.955792,-10.318663,frame_002428
49.520122,89.034513,-10.337484,frame_002429
49.413381,89.113329,-10.356215,frame_002430
49.309185,89.192125,-10.374830,frame_002431
49.206146,89.271751,-10.393330,frame_002432
49.102870,89.353347,-10.411804,frame_002433
48.999437,89.436821,-10.430240,frame_002434
48.896652,89.521096,-10.448589,frame_002435
48.795311,89.605084,-10.466870,frame_002436
48.695453,89.688667,-10.485079,frame_002437
48.597113,89.771712,-10.503207,frame_002438
48.498505,89.856468,-10.521626,frame_002439
48.399315,89.943211,-10.540404,frame_002440
48.301933,90.030419,-10.559096,frame_002441
48.206511,90.118034,-10.577668,frame_002442
48.113201,90.205987,-10.596087,frame_002443
48.021409,90.294197,-10.614306,frame_002444
47.928721,90.384368,-10.632752,frame_002445
47.834933,90.476729,-10.651475,frame_002446
47.742378,90.570304,-10.670200,frame_002447
47.650983,90.665099,-10.688920,frame_002448
47.560669,90.761109,-10.707627,frame_002449
47.470605,90.858321,-10.726369,frame_002450
47.380853,90.956715,-10.745156,frame_002451
47.291464,91.056261,-10.763997,frame_002452
47.202477,91.156921,-10.782941,frame_002453
47.113917,91.258650,-10.801985,frame_002454
47.025797,91.361392,-10.821124,frame_002455
46.938862,91.465085,-10.840301,frame_002456
46.852944,91.569658,-10.859523,frame_002457
46.767870,91.675031,-10.878797,frame_002458
46.684300,91.779530,-10.898009,frame_002459
46.602498,91.883152,-10.917141,frame_002460
46.522724,91.985875,-10.936173,frame_002461
46.445237,92.088641,-10.955092,frame_002462
46.366892,92.192979,-10.974182,frame_002463
46.287313,92.298940,-10.993477,frame_002464
46.209505,92.405674,-11.012652,frame_002465
46.133674,92.513064,-11.031677,frame_002466
46.060024,92.620988,-11.050519,frame_002467
45.988009,92.728331,-11.069145,frame_002468
45.914584,92.836063,-11.087941,frame_002469
45.839465,92.944407,-11.106949,frame_002470
45.765807,93.054561,-11.125978,frame_002471
45.693614,93.166527,-11.145027,frame_002472
45.622883,93.280304,-11.164093,frame_002473
45.553603,93.393707,-11.183166,frame_002474
45.485760,93.506717,-11.202241,frame_002475
45.419331,93.619303,-11.221314,frame_002476
45.353541,93.733599,-11.240412,frame_002477
45.288511,93.849555,-11.259529,frame_002478
45.224348,93.967122,-11.278660,frame_002479
45.160055,94.086248,-11.297827,frame_002480
45.095583,94.206883,-11.317021,frame_002481
45.030866,94.328978,-11.336231,frame_002482
44.967631,94.451281,-11.355416,frame_002483
44.907783,94.572042,-11.374202,frame_002484
44.851194,94.691287,-11.392650,frame_002485
44.794593,94.810715,-11.411175,frame_002486
44.738162,94.930432,-11.429776,frame_002487
44.682062,95.050534,-11.448448,frame_002488
44.627181,95.172094,-11.467201,frame_002489
44.573489,95.294989,-11.486035,frame_002490
44.520940,95.419090,-11.504948,frame_002491
44.469478,95.543287,-11.523873,frame_002492
44.419033,95.667660,-11.542813,frame_002493
44.369523,95.792279,-11.561768,frame_002494
44.321759,95.918193,-11.580786,frame_002495
44.275802,96.045252,-11.599862,frame_002496
44.231707,96.173305,-11.618992,frame_002497
44.187866,96.301215,-11.638136,frame_002498
44.144309,96.429035,-11.657297,frame_002499
44.101045,96.556813,-11.676477,frame_002500
44.059719,96.684586,-11.695737,frame_002501
44.020314,96.812383,-11.715076,frame_002502
43.982808,96.940225,-11.734492,frame_002503
43.946426,97.069112,-11.753912,frame_002504
43.911290,97.198841,-11.773325,frame_002505
43.877507,97.329211,-11.792720,frame_002506
43.844265,97.460022,-11.812250,frame_002507
43.811477,97.591072,-11.831896,frame_002508
43.779039,97.722159,-11.851639,frame_002509
43.747736,97.854283,-11.871448,frame_002510
43.717592,97.984506,-11.890980,frame_002511
43.688620,98.113474,-11.910283,frame_002512
43.660821,98.242588,-11.929613,frame_002513
43.634181,98.371826,-11.948967,frame_002514
43.608675,98.501160,-11.968344,frame_002515
43.584266,98.630553,-11.987708,frame_002516
43.560901,98.759956,-12.007064,frame_002517
43.538519,98.889317,-12.026418,frame_002518
43.517951,99.020759,-12.045828,frame_002519
43.499275,99.154226,-12.065287,frame_002520
43.482565,99.289673,-12.084790,frame_002521
43.466234,99.424876,-12.104266,frame_002522
43.450329,99.559789,-12.123718,frame_002523
43.434878,99.694358,-12.143149,frame_002524
43.419892,99.829719,-12.162631,frame_002525
43.405361,99.966023,-12.182152,frame_002526
43.391257,100.103421,-12.201698,frame_002527
43.379184,100.241851,-12.221234,frame_002528
43.369090,100.381035,-12.240745,frame_002529
43.360915,100.520698,-12.260213,frame_002530
43.354072,100.659575,-12.279563,frame_002531
43.348686,100.797597,-12.298777,frame_002532
43.344870,100.934683,-12.317837,frame_002533
43.342727,101.071731,-12.336753,frame_002534
43.340306,101.210239,-12.355937,frame_002535
43.337308,101.350239,-12.375446,frame_002536
43.336133,101.490188,-12.394912,frame_002537
43.336937,101.630239,-12.414336,frame_002538
43.339868,101.770541,-12.433717,frame_002539
43.344162,101.910045,-12.453047,frame_002540
43.349786,102.048681,-12.472328,frame_002541
43.356697,102.186368,-12.491561,frame_002542
43.364838,102.325205,-12.510791,frame_002543
43.374138,102.465112,-12.530026,frame_002544
43.384515,102.606018,-12.549275,frame_002545
43.395873,102.745674,-12.568521,frame_002546
43.408107,102.884008,-12.587762,frame_002547
43.421093,103.020940,-12.606995,frame_002548
43.435608,103.157584,-12.626180,frame_002549
43.451673,103.294064,-12.645338,frame_002550
43.469304,103.430506,-12.664489,frame_002551
43.486858,103.568022,-12.683736,frame_002552
43.504323,103.706533,-12.703064,frame_002553
43.521673,103.845967,-12.722459,frame_002554
43.540513,103.984076,-12.741847,frame_002555
43.560788,104.120787,-12.761232,frame_002556
43.582440,104.256022,-12.780617,frame_002557
43.604655,104.390678,-12.799909,frame_002558
43.627516,104.524454,-12.819082,frame_002559
43.651092,104.657048,-12.838111,frame_002560
43.675441,104.787171,-12.856941,frame_002561
43.700607,104.918327,-12.875947,frame_002562
43.726622,105.051078,-12.895177,frame_002563
43.753504,105.184589,-12.914435,frame_002564
43.781261,105.318805,-12.933723,frame_002565
43.809885,105.453680,-12.953040,frame_002566
43.839358,105.589177,-12.972438,frame_002567
43.869648,105.725265,-12.991922,frame_002568
43.900711,105.861925,-13.011500,frame_002569
43.932489,105.996957,-13.031104,frame_002570
43.964913,106.130340,-13.050730,frame_002571
43.997900,106.262046,-13.070376,frame_002572
44.031517,106.394222,-13.090084,frame_002573
44.065980,106.526839,-13.109867,frame_002574
44.101491,106.659876,-13.129736,frame_002575
44.138987,106.793320,-13.149678,frame_002576
44.178490,106.927169,-13.169677,frame_002577
44.220016,107.061424,-13.189716,frame_002578
44.262667,107.193914,-13.209751,frame_002579
44.306277,107.324642,-13.229771,frame_002580
44.350670,107.453604,-13.249763,frame_002581
44.395816,107.582973,-13.269741,frame_002582
44.441836,107.712746,-13.289698,frame_002583
44.488839,107.842926,-13.309632,frame_002584
44.536918,107.972327,-13.329541,frame_002585
44.586157,108.100746,-13.349406,frame_002586
44.636625,108.227983,-13.369211,frame_002587
44.689499,108.355777,-13.389110,frame_002588
44.744589,108.483992,-13.409071,frame_002589
44.801704,108.612513,-13.429063,frame_002590
44.860649,108.741234,-13.449067,frame_002591
44.918987,108.867848,-13.468695,frame_002592
44.976984,108.992742,-13.487998,frame_002593
45.036001,109.116580,-13.507264,frame_002594
45.096025,109.239210,-13.526489,frame_002595
45.157031,109.360482,-13.545671,frame_002596
45.218981,109.481445,-13.564767,frame_002597
45.281824,109.602169,-13.583775,frame_002598
45.345497,109.722735,-13.602693,frame_002599
45.409924,109.843230,-13.621696,frame_002600
45.475015,109.963752,-13.640784,frame_002601
45.540669,110.084404,-13.659957,frame_002602
45.607681,110.204100,-13.678996,frame_002603
45.676090,110.322740,-13.697892,frame_002604
45.745933,110.440223,-13.716634,frame_002605
45.816329,110.557648,-13.735301,frame_002606
45.887133,110.675136,-13.753898,frame_002607
45.958186,110.792819,-13.772432,frame_002608
46.029479,110.909633,-13.790896,frame_002609
46.101152,111.025504,-13.809287,frame_002610
46.173330,111.140356,-13.827605,frame_002611
46.246875,111.255314,-13.845889,frame_002612
46.321733,111.370524,-13.864143,frame_002613
46.397842,111.486142,-13.882370,frame_002614
46.475138,111.602117,-13.900571,frame_002615
46.553545,111.718194,-13.918744,frame_002616
46.632986,111.834125,-13.936887,frame_002617
46.712629,111.948684,-13.955016,frame_002618
46.792537,112.061848,-13.973121,frame_002619
46.872761,112.173590,-13.991196,frame_002620
46.953339,112.286072,-14.009255,frame_002621
47.034296,112.399285,-14.027292,frame_002622
47.115645,112.513237,-14.045303,frame_002623
47.198294,112.625768,-14.063333,frame_002624
47.282399,112.736904,-14.081378,frame_002625
47.368107,112.846668,-14.099436,frame_002626
47.455400,112.956072,-14.117412,frame_002627
47.544092,113.064937,-14.135295,frame_002628
47.633988,113.173089,-14.153078,frame_002629
47.724143,113.281566,-14.170800,frame_002630
47.814506,113.390435,-14.188457,frame_002631
47.905014,113.499779,-14.206043,frame_002632
47.996498,113.608499,-14.223584,frame_002633
48.089038,113.716491,-14.241075,frame_002634
48.182705,113.823657,-14.258514,frame_002635
48.277569,113.929910,-14.275863,frame_002636
48.373687,114.035171,-14.293114,frame_002637
48.471115,114.139367,-14.310257,frame_002638
48.568538,114.240551,-14.327155,frame_002639
48.665745,114.338705,-14.343771,frame_002640
48.762510,114.433809,-14.360067,frame_002641
48.858589,114.526820,-14.376014,frame_002642
48.956449,114.620198,-14.392012,frame_002643
49.056318,114.714204,-14.408102,frame_002644
49.157068,114.808309,-14.424047,frame_002645
49.258683,114.902277,-14.439840,frame_002646
49.361141,114.995891,-14.455475,frame_002647
49.463668,115.087962,-14.470987,frame_002648
49.566384,115.178512,-14.486375,frame_002649
49.669397,115.267571,-14.501635,frame_002650
49.773547,115.355175,-14.516656,frame_002651
49.878763,115.441372,-14.531423,frame_002652
49.984965,115.526215,-14.545927,frame_002653
50.091320,115.610754,-14.560261,frame_002654
50.197894,115.694854,-14.574429,frame_002655
50.304735,115.778398,-14.588433,frame_002656
50.412629,115.860300,-14.602281,frame_002657
50.521445,115.940681,-14.615980,frame_002658
50.631048,116.019670,-14.629539,frame_002659
50.742201,116.098393,-14.642966,frame_002660
50.854924,116.176791,-14.656264,frame_002661
50.969236,116.254821,-14.669440,frame_002662
51.083502,116.332459,-14.682455,frame_002663
51.197730,116.409696,-14.695325,frame_002664
51.311911,116.486540,-14.708065,frame_002665
51.426028,116.560831,-14.720706,frame_002666
51.540048,116.632594,-14.733256,frame_002667
51.653928,116.701855,-14.745722,frame_002668
51.769263,116.770823,-14.758048,frame_002669
51.885997,116.839541,-14.770244,frame_002670
52.004073,116.908068,-14.782325,frame_002671
52.122687,116.975280,-14.794346,frame_002672
52.241938,117.041046,-14.806311,frame_002673
52.361918,117.105245,-14.818222,frame_002674
52.483459,117.169949,-14.830015,frame_002675
52.606483,117.235071,-14.841697,frame_002676
52.730916,117.300548,-14.853277,frame_002677
52.855028,117.364156,-14.864792,frame_002678
52.978729,117.425865,-14.876253,frame_002679
53.101918,117.485655,-14.887674,frame_002680
53.225388,117.543512,-14.899045,frame_002681
53.349182,117.599434,-14.910375,frame_002682
53.473333,117.653424,-14.921676,frame_002683
53.598617,117.705494,-14.932964,frame_002684
53.724900,117.755666,-14.944241,frame_002685
53.852049,117.803969,-14.955511,frame_002686
53.979184,117.851427,-14.966776,frame_002687
54.106328,117.897880,-14.978037,frame_002688
54.233497,117.943186,-14.989296,frame_002689
54.360700,117.988419,-15.000525,frame_002690
54.487941,118.033692,-15.011727,frame_002691
54.615216,118.079144,-15.022902,frame_002692
54.742515,118.123738,-15.034053,frame_002693
54.869824,118.167441,-15.045178,frame_002694
54.997119,118.210235,-15.056277,frame_002695
55.124373,118.249936,-15.067350,frame_002696
55.251549,118.286542,-15.078393,frame_002697
55.378608,118.320054,-15.089405,frame_002698
55.507155,118.352658,-15.100362,frame_002699
55.637149,118.384371,-15.111261,frame_002700
55.768554,118.415225,-15.122096,frame_002701
55.899690,118.446259,-15.132859,frame_002702
56.030520,118.477333,-15.143556,frame_002703
56.161004,118.508333,-15.154193,frame_002704
56.292002,118.536987,-15.164738,frame_002705
56.423628,118.563214,-15.175199,frame_002706
56.555996,118.586943,-15.185581,frame_002707
56.689059,118.609311,-15.195919,frame_002708
56.822607,118.630486,-15.206215,frame_002709
56.956431,118.650652,-15.216469,frame_002710
57.089576,118.669797,-15.226620,frame_002711
57.221987,118.687711,-15.236674,frame_002712
57.353605,118.704201,-15.246640,frame_002713
57.486016,118.718105,-15.256638,frame_002714
57.619160,118.729469,-15.266669,frame_002715
57.752984,118.738348,-15.276734,frame_002716
57.886694,118.746990,-15.286792,frame_002717
58.020404,118.755484,-15.296836,frame_002718
58.154228,118.763943,-15.306862,frame_002719
58.287373,118.771304,-15.316909,frame_002720
58.419784,118.777511,-15.326978,frame_002721
58.551402,118.782520,-15.337076,frame_002722
58.683813,118.786306,-15.347141,frame_002723
58.816958,118.788861,-15.357168,frame_002724
58.950782,118.790194,-15.367149,frame_002725
59.083584,118.788144,-15.377088,frame_002726
59.215311,118.782735,-15.386993,frame_002727
59.345901,118.773993,-15.396874,frame_002728
59.476942,118.764129,-15.406722,frame_002729
59.608375,118.753185,-15.416547,frame_002730
59.740144,118.741219,-15.426358,frame_002731
59.872202,118.729294,-15.436167,frame_002732
60.004508,118.717296,-15.445984,frame_002733
60.137027,118.705137,-15.455819,frame_002734
60.268078,118.691768,-15.465633,frame_002735
60.397624,118.677356,-15.475433,frame_002736
60.525625,118.662087,-15.485228,frame_002737
60.653687,118.644962,-15.495042,frame_002738
60.781768,118.625975,-15.504874,frame_002739
60.909835,118.605132,-15.514724,frame_002740
61.037858,118.583432,-15.524611,frame_002741
61.165814,118.560689,-15.534534,frame_002742
61.293689,118.536736,-15.544494,frame_002743
61.421473,118.511422,-15.554461,frame_002744
61.549162,118.484613,-15.564437,frame_002745
61.676760,118.456191,-15.574422,frame_002746
61.804275,118.426271,-15.584407,frame_002747
61.931725,118.395194,-15.594390,frame_002748
62.059132,118.363323,-15.604369,frame_002749
62.185615,118.330820,-15.614351,frame_002750
62.311042,118.297653,-15.624332,frame_002751
62.435280,118.263804,-15.634308,frame_002752
62.559102,118.228073,-15.644262,frame_002753
62.682545,118.190255,-15.654204,frame_002754
62.805650,118.150152,-15.664145,frame_002755
62.928463,118.108777,-15.674150,frame_002756
63.051039,118.066171,-15.684227,frame_002757
63.173437,118.022393,-15.694380,frame_002758
63.294818,117.976532,-15.704584,frame_002759
63.415086,117.928885,-15.714838,frame_002760
63.534145,117.879760,-15.725143,frame_002761
63.653554,117.829256,-15.735552,frame_002762
63.773231,117.777268,-15.746075,frame_002763
63.893106,117.723701,-15.756721,frame_002764
64.011468,117.669666,-15.767442,frame_002765
64.128261,117.615305,-15.778225,frame_002766
64.243426,117.560779,-15.789060,frame_002767
64.358560,117.506048,-15.799979,frame_002768
64.473620,117.450879,-15.810961,frame_002769
64.588573,117.395054,-15.821985,frame_002770
64.702655,117.337384,-15.832970,frame_002771
64.816014,117.277892,-15.843907,frame_002772
64.928806,117.216606,-15.854789,frame_002773
65.041031,117.153564,-15.865643,frame_002774
65.152534,117.088813,-15.876454,frame_002775
65.263165,117.022406,-15.887207,frame_002776
65.373689,116.956593,-15.897946,frame_002777
65.484139,116.891461,-15.908660,frame_002778
65.594558,116.827125,-15.919339,frame_002779
65.704096,116.761535,-15.930000,frame_002780
65.812654,116.694840,-15.940633,frame_002781
65.920142,116.627194,-15.951225,frame_002782
66.026472,116.558546,-15.961722,frame_002783
66.131566,116.488642,-15.972124,frame_002784
66.235350,116.417233,-15.982431,frame_002785
66.338667,116.344295,-15.992700,frame_002786
66.441623,116.270024,-16.002928,frame_002787
66.544340,116.194626,-16.013113,frame_002788
66.646042,116.119302,-16.023186,frame_002789
66.746708,116.044067,-16.033147,frame_002790
66.846321,115.968955,-16.042999,frame_002791
66.944872,115.891831,-16.052712,frame_002792
67.042359,115.812744,-16.062291,frame_002793
67.138784,115.731746,-16.071739,frame_002794
67.234902,115.649873,-16.081098,frame_002795
67.330574,115.566968,-16.090371,frame_002796
67.425674,115.482887,-16.099563,frame_002797
67.519340,115.398690,-16.108669,frame_002798
67.611628,115.314469,-16.117694,frame_002799
67.702596,115.230334,-16.126646,frame_002800
67.793059,115.145210,-16.135484,frame_002801
67.882933,115.059018,-16.144222,frame_002802
67.972148,114.971686,-16.152870,frame_002803
68.060648,114.882166,-16.161549,frame_002804
68.148388,114.790608,-16.170270,frame_002805
68.235337,114.697163,-16.179043,frame_002806
68.321475,114.602969,-16.187801,frame_002807
68.406795,114.507970,-16.196559,frame_002808
68.491305,114.412122,-16.205326,frame_002809
68.575024,114.316585,-16.214170,frame_002810
68.657982,114.221553,-16.223091,frame_002811
68.740225,114.127236,-16.232091,frame_002812
68.820902,114.032659,-16.241165,frame_002813
68.899914,113.937844,-16.250315,frame_002814
68.977170,113.842820,-16.259549,frame_002815
69.054238,113.747626,-16.268873,frame_002816
69.131050,113.652306,-16.278283,frame_002817
69.207560,113.556916,-16.287769,frame_002818
69.282085,113.460319,-16.297299,frame_002819
69.354603,113.362363,-16.306852,frame_002820
69.425098,113.262897,-16.316407,frame_002821
69.495215,113.162972,-16.325974,frame_002822
69.564962,113.062657,-16.335557,frame_002823
69.634369,112.962033,-16.345159,frame_002824
69.701829,112.861187,-16.354777,frame_002825
69.767396,112.760216,-16.364400,frame_002826
69.831130,112.659226,-16.374018,frame_002827
69.893845,112.558114,-16.383635,frame_002828
69.955457,112.456576,-16.393230,frame_002829
70.015897,112.354313,-16.402785,frame_002830
70.075107,112.251250,-16.412328,frame_002831
70.133044,112.147534,-16.421824,frame_002832
70.189675,112.043320,-16.431235,frame_002833
70.244982,111.937572,-16.440554,frame_002834
70.298958,111.830238,-16.449764,frame_002835
70.351609,111.721270,-16.458846,frame_002836
70.403701,111.611816,-16.467742,frame_002837
70.455110,111.502048,-16.476429,frame_002838
70.505731,111.392147,-16.484886,frame_002839
70.554733,111.281101,-16.493109,frame_002840
70.602204,111.168886,-16.501093,frame_002841
70.648245,111.055476,-16.508831,frame_002842
70.692972,110.943031,-16.516369,frame_002843
70.736511,110.831544,-16.523702,frame_002844
70.779001,110.721024,-16.530828,frame_002845
70.820433,110.609308,-16.537793,frame_002846
70.860648,110.496422,-16.544580,frame_002847
70.899501,110.382392,-16.551171,frame_002848
70.937766,110.267243,-16.557616,frame_002849
70.975491,110.150999,-16.563892,frame_002850
71.012741,110.033686,-16.569980,frame_002851
71.047950,109.915329,-16.575957,frame_002852
71.081208,109.795953,-16.581807,frame_002853
71.112616,109.675584,-16.587515,frame_002854
71.143022,109.556432,-16.593012,frame_002855
71.172382,109.438539,-16.598275,frame_002856
71.200666,109.321965,-16.603287,frame_002857
71.227854,109.204598,-16.608090,frame_002858
71.253939,109.086515,-16.612674,frame_002859
71.278927,108.967789,-16.617034,frame_002860
71.302839,108.848498,-16.621092,frame_002861
71.325706,108.728716,-16.624839,frame_002862
71.347571,108.608519,-16.628265,frame_002863
71.368493,108.488969,-16.631352,frame_002864
71.388540,108.369935,-16.634104,frame_002865
71.407796,108.251296,-16.636530,frame_002866
71.424701,108.131953,-16.638606,frame_002867
71.439352,108.012006,-16.640335,frame_002868
71.451842,107.891556,-16.641723,frame_002869
71.463922,107.770703,-16.642763,frame_002870
71.475698,107.649548,-16.643456,frame_002871
71.487292,107.528193,-16.643805,frame_002872
71.497928,107.406736,-16.643798,frame_002873
71.507585,107.285280,-16.643468,frame_002874
71.516247,107.163924,-16.642849,frame_002875
71.524812,107.043755,-16.641951,frame_002876
71.533444,106.924669,-16.640801,frame_002877
71.542322,106.806569,-16.639428,frame_002878
71.550729,106.687181,-16.637829,frame_002879
71.558698,106.566409,-16.636024,frame_002880
71.566271,106.444147,-16.634040,frame_002881
71.573496,106.321483,-16.631797,frame_002882
71.580426,106.198517,-16.629310,frame_002883
71.587123,106.075350,-16.626596,frame_002884
71.593652,105.953069,-16.623713,frame_002885
71.600087,105.831568,-16.620682,frame_002886
71.606506,105.710751,-16.617528,frame_002887
71.612088,105.589544,-16.614354,frame_002888
71.616757,105.468073,-16.611170,frame_002889
71.620436,105.346464,-16.607986,frame_002890
71.623957,105.225828,-16.604822,frame_002891
71.627412,105.106087,-16.601702,frame_002892
71.630899,104.987167,-16.598656,frame_002893
71.635270,104.866822,-16.595654,frame_002894
71.640479,104.744979,-16.592729,frame_002895
71.646495,104.621558,-16.589911,frame_002896
71.651645,104.498658,-16.587177,frame_002897
71.655910,104.376200,-16.584541,frame_002898
71.659271,104.254111,-16.582017,frame_002899
71.661709,104.131343,-16.579539,frame_002900
71.663206,104.008047,-16.577117,frame_002901
71.663741,103.884373,-16.574760,frame_002902
71.664204,103.760473,-16.572395,frame_002903
71.664744,103.636497,-16.570024,frame_002904
71.665516,103.512597,-16.567650,frame_002905
71.665774,103.388710,-16.565264,frame_002906
71.665518,103.264558,-16.562864,frame_002907
71.664748,103.139865,-16.560451,frame_002908
71.663465,103.014569,-16.557993,frame_002909
71.661668,102.888820,-16.555487,frame_002910
71.659357,102.762769,-16.552930,frame_002911
71.657278,102.636567,-16.550319,frame_002912
71.655276,102.510365,-16.547653,frame_002913
71.653202,102.384314,-16.544932,frame_002914
71.650167,102.258351,-16.542169,frame_002915
71.646189,102.132200,-16.539371,frame_002916
71.641289,102.005583,-16.536545,frame_002917
71.636392,101.878438,-16.533679,frame_002918
71.631687,101.750915,-16.530779,frame_002919
71.627366,101.623166,-16.527851,frame_002920
71.622721,101.495342,-16.524905,frame_002921
71.617791,101.367593,-16.521937,frame_002922
71.612613,101.240070,-16.518941,frame_002923
71.607973,101.113911,-16.515963,frame_002924
71.603751,100.989061,-16.513019,frame_002925
71.599838,100.865473,-16.510127,frame_002926
71.595382,100.740925,-16.507301,frame_002927
71.590441,100.615369,-16.504549,frame_002928
71.585072,100.488752,-16.501880,frame_002929
71.580078,100.362211,-16.499301,frame_002930
71.575360,100.235896,-16.496818,frame_002931
71.570827,100.109958,-16.494434,frame_002932
71.565647,99.985535,-16.492158,frame_002933
71.559896,99.862571,-16.490002,frame_002934
71.553650,99.741021,-16.487978,frame_002935
71.546986,99.618662,-16.486097,frame_002936
71.539979,99.495446,-16.484364,frame_002937
71.532706,99.371319,-16.482790,frame_002938
71.525242,99.247419,-16.481283,frame_002939
71.517664,99.123896,-16.479832,frame_002940
71.510048,99.000902,-16.478427,frame_002941
71.503216,98.878372,-16.477088,frame_002942
71.497089,98.756032,-16.475807,frame_002943
71.491594,98.633603,-16.474576,frame_002944
71.485010,98.511024,-16.473428,frame_002945
71.477265,98.388444,-16.472360,frame_002946
71.468279,98.266016,-16.471364,frame_002947
71.458874,98.142689,-16.470387,frame_002948
71.449127,98.018393,-16.469419,frame_002949
71.439113,97.893048,-16.468452,frame_002950
71.428909,97.767766,-16.467481,frame_002951
71.418591,97.642673,-16.466503,frame_002952
71.408235,97.517894,-16.465515,frame_002953
71.398663,97.394541,-16.464526,frame_002954
71.389795,97.272535,-16.463538,frame_002955
71.381559,97.151805,-16.462551,frame_002956
71.373143,97.030101,-16.461592,frame_002957
71.364641,96.907352,-16.460655,frame_002958
71.356148,96.783479,-16.459735,frame_002959
71.347760,96.659593,-16.458870,frame_002960
71.339572,96.535820,-16.458048,frame_002961
71.331679,96.412286,-16.457257,frame_002962
71.323269,96.289117,-16.456441,frame_002963
71.314267,96.166439,-16.455602,frame_002964
71.304596,96.044377,-16.454740,frame_002965
71.295077,95.922843,-16.453867,frame_002966
71.285787,95.801536,-16.452989,frame_002967
71.276801,95.680153,-16.452110,frame_002968
71.268941,95.558606,-16.451237,frame_002969
71.262129,95.437022,-16.450380,frame_002970
71.256291,95.315526,-16.449545,frame_002971
71.250615,95.194244,-16.448734,frame_002972
71.245196,95.073301,-16.447944,frame_002973
71.240128,94.952824,-16.447171,frame_002974
71.234601,94.831738,-16.446433,frame_002975
71.228540,94.709947,-16.445740,frame_002976
71.221866,94.587345,-16.445096,frame_002977
71.215401,94.465021,-16.444468,frame_002978
71.209222,94.343074,-16.443864,frame_002979
71.203404,94.221604,-16.443288,frame_002980
71.197117,94.101700,-16.442752,frame_002981
71.190267,93.983255,-16.442254,frame_002982
71.182757,93.866174,-16.441794,frame_002983
71.176136,93.748182,-16.441382,frame_002984
71.170305,93.629183,-16.441022,frame_002985
71.165172,93.509072,-16.440717,frame_002986
71.159906,93.388936,-16.440459,frame_002987
71.154584,93.268876,-16.440249,frame_002988
71.149280,93.148992,-16.440087,frame_002989
71.144071,93.029384,-16.439999,frame_002990
71.139034,92.910154,-16.439980,frame_002991
71.134244,92.791401,-16.440023,frame_002992
71.128870,92.672027,-16.440096,frame_002993
71.122819,92.551911,-16.440197,frame_002994
71.115994,92.430921,-16.440325,frame_002995
71.109944,92.310120,-16.440476,frame_002996
71.104570,92.189583,-16.440645,frame_002997
71.099780,92.069386,-16.440825,frame_002998
71.094742,91.949604,-16.441049,frame_002999
71.089534,91.830313,-16.441310,frame_003000
71.084230,91.711587,-16.441602,frame_003001
71.078907,91.593503,-16.441929,frame_003002
71.073641,91.476136,-16.442292,frame_003003
71.068509,91.359561,-16.442688,frame_003004
71.062678,91.242654,-16.443128,frame_003005
71.056057,91.125269,-16.443613,frame_003006
71.048547,91.007249,-16.444142,frame_003007
71.040951,90.889632,-16.444668,frame_003008
71.033327,90.772468,-16.445189,frame_003009
71.025731,90.655807,-16.445703,frame_003010
71.018221,90.539699,-16.446184,frame_003011
71.010854,90.424195,-16.446617,frame_003012
71.003686,90.309345,-16.446988,frame_003013
70.997522,90.195200,-16.447294,frame_003014
70.992261,90.081809,-16.447543,frame_003015
70.987814,89.969223,-16.447742,frame_003016
70.983347,89.856293,-16.447873,frame_003017
70.978938,89.742846,-16.447954,frame_003018
70.974662,89.628702,-16.447998,frame_003019
70.969687,89.514872,-16.448041,frame_003020
70.963922,89.401383,-16.448096,frame_003021
70.957268,89.288258,-16.448176,frame_003022
70.950529,89.175522,-16.448299,frame_003023
70.943761,89.063202,-16.448463,frame_003024
70.937022,88.951323,-16.448666,frame_003025
70.930368,88.839908,-16.448849,frame_003026
70.923857,88.728984,-16.449030,frame_003027
70.917546,88.618576,-16.449226,frame_003028
70.912238,88.508709,-16.449538,frame_003029
70.907834,88.399407,-16.449972,frame_003030
70.904243,88.290697,-16.450534,frame_003031
70.900632,88.181403,-16.451236,frame_003032
70.897079,88.071329,-16.452072,frame_003033
70.893659,87.960268,-16.453040,frame_003034
70.889541,87.848222,-16.454118,frame_003035
70.884632,87.735394,-16.455310,frame_003036
70.878835,87.621984,-16.456618,frame_003037
70.872952,87.509164,-16.458009,frame_003038
70.867041,87.396910,-16.459492,frame_003039
70.861158,87.285197,-16.461076,frame_003040
70.855360,87.174000,-16.462815,frame_003041
70.849706,87.063293,-16.464695,frame_003042
70.844251,86.953052,-16.466699,frame_003043
70.839053,86.843251,-16.468888,frame_003044
70.834169,86.733865,-16.471244,frame_003045
70.829656,86.624869,-16.473746,frame_003046
70.824664,86.516237,-16.476375,frame_003047
70.819081,86.407946,-16.479108,frame_003048
70.812790,86.299968,-16.481923,frame_003049
70.807321,86.191294,-16.484742,frame_003050
70.802557,86.082104,-16.487547,frame_003051
70.798387,85.972568,-16.490320,frame_003052
70.793959,85.863838,-16.493073,frame_003053
70.789332,85.755863,-16.495786,frame_003054
70.784562,85.648591,-16.498438,frame_003055
70.779707,85.541974,-16.501021,frame_003056
70.774823,85.435961,-16.503513,frame_003057
70.769968,85.330501,-16.505892,frame_003058
70.765198,85.225544,-16.508153,frame_003059
70.760571,85.121040,-16.510279,frame_003060
70.756144,85.016938,-16.512257,frame_003061
70.751973,84.912203,-16.514052,frame_003062
70.748117,84.806988,-16.515646,frame_003063
70.744632,84.701442,-16.517021,frame_003064
70.741413,84.596688,-16.518208,frame_003065
70.738194,84.492651,-16.519205,frame_003066
70.734708,84.389255,-16.520011,frame_003067
70.730852,84.286426,-16.520643,frame_003068
70.726682,84.184087,-16.521113,frame_003069
70.722254,84.082163,-16.521437,frame_003070
70.717627,83.980579,-16.521661,frame_003071
70.712857,83.879258,-16.521791,frame_003072
70.708002,83.778127,-16.521830,frame_003073
70.703118,83.677108,-16.521733,frame_003074
70.698262,83.576128,-16.521499,frame_003075
70.693492,83.475109,-16.521129,frame_003076
70.688865,83.373978,-16.520749,frame_003077
70.684438,83.272658,-16.520371,frame_003078
70.680268,83.171073,-16.520012,frame_003079
70.676249,83.068163,-16.519578,frame_003080
70.672117,82.964057,-16.519079,frame_003081
70.667604,82.858877,-16.518528,frame_003082
70.662606,82.753723,-16.517958,frame_003083
70.657180,82.648492,-16.517365,frame_003084
70.651382,82.543086,-16.516747,frame_003085
70.645271,82.438603,-16.516079,frame_003086
70.638902,82.335164,-16.515376,frame_003087
70.632334,82.232901,-16.514656,frame_003088
70.625623,82.130750,-16.513906,frame_003089
70.618826,82.028638,-16.513166,frame_003090
70.612001,81.926487,-16.512477,frame_003091
70.605951,81.824224,-16.511816,frame_003092
70.600576,81.721771,-16.511199,frame_003093
70.595786,81.619055,-16.510641,frame_003094
70.590749,81.515999,-16.510110,frame_003095
70.585540,81.412528,-16.509611,frame_003096
70.580236,81.308566,-16.509144,frame_003097
70.574913,81.204039,-16.508675,frame_003098
70.569647,81.098870,-16.508209,frame_003099
70.564514,80.992984,-16.507749,frame_003100
70.558683,80.887505,-16.507334,frame_003101
70.552062,80.782581,-16.506975,frame_003102
70.544552,80.678366,-16.506685,frame_003103
70.536956,80.573824,-16.506454,frame_003104
70.529331,80.468905,-16.506288,frame_003105
70.521736,80.363558,-16.506194,frame_003106
70.514972,80.257733,-16.506166,frame_003107
70.508941,80.151380,-16.506208,frame_003108
70.503551,80.044449,-16.506321,frame_003109
70.497971,79.936888,-16.506500,frame_003110
70.492277,79.828648,-16.506751,frame_003111
70.486545,79.719679,-16.507080,frame_003112
70.480851,79.612116,-16.507518,frame_003113
70.475271,79.505926,-16.508063,frame_003114
70.469882,79.401091,-16.508712,frame_003115
70.463851,79.295426,-16.509503,frame_003116
70.457087,79.188932,-16.510433,frame_003117
70.449491,79.081607,-16.511496,frame_003118
70.442612,78.973452,-16.512749,frame_003119
70.436353,78.864466,-16.514189,frame_003120
70.430621,78.754651,-16.515810,frame_003121
70.424585,78.644006,-16.517513,frame_003122
70.418320,78.532530,-16.519292,frame_003123
70.411903,78.420224,-16.521143,frame_003124
70.405409,78.308074,-16.523089,frame_003125
70.398916,78.195875,-16.525123,frame_003126
70.392499,78.083429,-16.527237,frame_003127
70.386234,77.969562,-16.529399,frame_003128
70.380198,77.854299,-16.531593,frame_003129
70.374466,77.737665,-16.533802,frame_003130
70.368207,77.620885,-16.536024,frame_003131
70.361328,77.504206,-16.538256,frame_003132
70.353733,77.387884,-16.540491,frame_003133
70.346969,77.270984,-16.542687,frame_003134
70.340938,77.153556,-16.544820,frame_003135
70.335548,77.035650,-16.546866,frame_003136
70.329969,76.918302,-16.548901,frame_003137
70.324275,76.801357,-16.550903,frame_003138
70.318543,76.684669,-16.552852,frame_003139
70.312849,76.567114,-16.554840,frame_003140
70.307269,76.448765,-16.556857,frame_003141
70.301880,76.329700,-16.558894,frame_003142
70.295849,76.210980,-16.560899,frame_003143
70.289085,76.092474,-16.562856,frame_003144
70.281489,75.974061,-16.564752,frame_003145
70.274611,75.854642,-16.566506,frame_003146
70.268352,75.734318,-16.568116,frame_003147
70.262620,75.613188,-16.569576,frame_003148
70.256584,75.492340,-16.570976,frame_003149
70.250319,75.371669,-16.572305,frame_003150
70.243902,75.251079,-16.573553,frame_003151
70.237408,75.129495,-16.574704,frame_003152
70.230915,75.007043,-16.575753,frame_003153
70.224498,74.883849,-16.576699,frame_003154
70.218234,74.761024,-16.577576,frame_003155
70.212197,74.638490,-16.578375,frame_003156
70.206465,74.516175,-16.579089,frame_003157
70.200206,74.393029,-16.579713,frame_003158
70.193328,74.269205,-16.580241,frame_003159
70.185732,74.144852,-16.580668,frame_003160
70.178968,74.020122,-16.580926,frame_003161
70.172937,73.895165,-16.581034,frame_003162
70.167548,73.770133,-16.581014,frame_003163
70.161968,73.644962,-16.580916,frame_003164
70.156275,73.519377,-16.580745,frame_003165
70.150543,73.393099,-16.580503,frame_003166
70.144849,73.267054,-16.580156,frame_003167
70.139269,73.141185,-16.579709,frame_003168
70.133880,73.015446,-16.579167,frame_003169
70.127849,72.888815,-16.578486,frame_003170
70.121085,72.761467,-16.577670,frame_003171
70.113489,72.633578,-16.576723,frame_003172
70.105865,72.506310,-16.575748,frame_003173
70.098270,72.379635,-16.574750,frame_003174
70.090760,72.253530,-16.573734,frame_003175
70.084138,72.126784,-16.572757,frame_003176
70.078307,71.999170,-16.571808,frame_003177
70.073175,71.870462,-16.570876,frame_003178
70.067909,71.740647,-16.569915,frame_003179
70.062586,71.609926,-16.568921,frame_003180
70.057283,71.478501,-16.567892,frame_003181
70.052074,71.347559,-16.566920,frame_003182
70.047037,71.217095,-16.565998,frame_003183
70.042247,71.087115,-16.565118,frame_003184
70.036873,70.957630,-16.564271,frame_003185
70.030822,70.828662,-16.563443,frame_003186
70.023998,70.700240,-16.562621,frame_003187
70.017201,70.570215,-16.561786,frame_003188
70.010491,70.438617,-16.560915,frame_003189
70.003923,70.305467,-16.559985,frame_003190
69.997554,70.172964,-16.558950,frame_003191
69.991443,70.041128,-16.557785,frame_003192
69.985646,69.909989,-16.556463,frame_003193
69.980220,69.777398,-16.554970,frame_003194
69.975222,69.643386,-16.553280,frame_003195
69.970709,69.507972,-16.551373,frame_003196
69.965831,69.373355,-16.549319,frame_003197
69.960477,69.239557,-16.547104,frame_003198
69.954529,69.106607,-16.544718,frame_003199
69.949517,68.973342,-16.542122,frame_003200
69.945324,68.839586,-16.539288,frame_003201
69.941839,68.705164,-16.536188,frame_003202
69.938211,68.570114,-16.532837,frame_003203
69.934497,68.434685,-16.529213,frame_003204
69.930755,68.299131,-16.525297,frame_003205
69.927042,68.163489,-16.521135,frame_003206
69.923414,68.027583,-16.516681,frame_003207
69.919929,67.891237,-16.511894,frame_003208
69.916644,67.754488,-16.506683,frame_003209
69.913615,67.617588,-16.501023,frame_003210
69.910901,67.480789,-16.494892,frame_003211
69.907650,67.345328,-16.488441,frame_003212
69.903751,67.211251,-16.481660,frame_003213
69.899088,67.078614,-16.474545,frame_003214
69.895189,66.946278,-16.467054,frame_003215
69.891938,66.814093,-16.459166,frame_003216
69.889223,66.681908,-16.450868,frame_003217
69.886195,66.548586,-16.442267,frame_003218
69.882910,66.414182,-16.433338,frame_003219
69.879425,66.278741,-16.424061,frame_003220
69.875797,66.144488,-16.414560,frame_003221
69.872083,66.011468,-16.404803,frame_003222
69.868341,65.879735,-16.394766,frame_003223
69.864628,65.747168,-16.384536,frame_003224
69.861000,65.613820,-16.374057,frame_003225
69.857514,65.479738,-16.363280,frame_003226
69.853321,65.345945,-16.352146,frame_003227
69.848309,65.212265,-16.340589,frame_003228
69.842361,65.078522,-16.328550,frame_003229
69.836260,64.945740,-16.316184,frame_003230
69.830046,64.813965,-16.303416,frame_003231
69.823755,64.683252,-16.290176,frame_003232
69.818172,64.551477,-16.276577,frame_003233
69.813179,64.418695,-16.262502,frame_003234
69.808667,64.284952,-16.247843,frame_003235
69.803783,64.151272,-16.232596,frame_003236
69.798585,64.017479,-16.216641,frame_003237
69.793130,63.883396,-16.199870,frame_003238
69.787475,63.749062,-16.182675,frame_003239
69.781678,63.614728,-16.164853,frame_003240
69.775795,63.480646,-16.146212,frame_003241
69.769883,63.346852,-16.127144,frame_003242
69.764000,63.213172,-16.107368,frame_003243
69.758203,63.079429,-16.086621,frame_003244
69.753294,62.945661,-16.064678,frame_003245
69.749176,62.812120,-16.041310,frame_003246
69.745756,62.679056,-16.016306,frame_003247
69.742202,62.546508,-15.989376,frame_003248
69.738592,62.414299,-15.960357,frame_003249
69.735001,62.282254,-15.929111,frame_003250
69.730597,62.150197,-15.895479,frame_003251
69.725288,62.017950,-15.859346,frame_003252
69.718977,61.885339,-15.820614,frame_003253
69.712465,61.752401,-15.779185,frame_003254
69.705811,61.619387,-15.734996,frame_003255
69.699072,61.486550,-15.688004,frame_003256
69.692303,61.353926,-15.637938,frame_003257
69.685564,61.221340,-15.584794,frame_003258
69.678909,61.088616,-15.528583,frame_003259
69.673144,60.955790,-15.469948,frame_003260
69.668169,60.823116,-15.408833,frame_003261
69.663892,60.690845,-15.345203,frame_003262
69.659482,60.559013,-15.278755,frame_003263
69.655015,60.427446,-15.209532,frame_003264
69.650567,60.295966,-15.137591,frame_003265
69.645306,60.164399,-15.062516,frame_003266
69.639140,60.032567,-14.984494,frame_003267
69.631972,59.900295,-14.903726,frame_003268
69.625350,59.767621,-14.820026,frame_003269
69.619176,59.634796,-14.733665,frame_003270
69.613357,59.502071,-14.644924,frame_003271
69.607063,59.369484,-14.553843,frame_003272
69.600369,59.236860,-14.460727,frame_003273
69.593352,59.104022,-14.365893,frame_003274
69.586087,58.971994,-14.269703,frame_003275
69.578651,58.840822,-14.172410,frame_003276
69.571119,58.710561,-14.074279,frame_003277
69.563569,58.579088,-13.975853,frame_003278
69.556076,58.446456,-13.877328,frame_003279
69.548716,58.312712,-13.778913,frame_003280
69.542311,58.178881,-13.680937,frame_003281
69.536782,58.044785,-13.583528,frame_003282
69.532057,57.910249,-13.486832,frame_003283
69.526414,57.775310,-13.391088,frame_003284
69.519781,57.640221,-13.296334,frame_003285
69.512078,57.505232,-13.202625,frame_003286
69.504128,57.370382,-13.110421,frame_003287
69.496007,57.235494,-13.019669,frame_003288
69.487791,57.100392,-12.930333,frame_003289
69.479556,56.965114,-12.841580,frame_003290
69.471377,56.829911,-12.753328,frame_003291
69.463332,56.695036,-12.665512,frame_003292
69.456243,56.560525,-12.577594,frame_003293
69.450029,56.426203,-12.489359,frame_003294
69.444619,56.291894,-12.400600,frame_003295
69.438291,56.158620,-12.311478,frame_003296
69.430973,56.026430,-12.221720,frame_003297
69.422585,55.895376,-12.131066,frame_003298
69.413950,55.763337,-12.038354,frame_003299
69.405144,55.630366,-11.943574,frame_003300
69.396242,55.496509,-11.846726,frame_003301
69.387322,55.362791,-11.746885,frame_003302
69.378458,55.229034,-11.644244,frame_003303
69.369728,55.095064,-11.538996,frame_003304
69.361207,54.960918,-11.430584,frame_003305
69.352971,54.826848,-11.319349,frame_003306
69.345097,54.693104,-11.205625,frame_003307
69.337661,54.558739,-11.089772,frame_003308
69.330739,54.423782,-10.972154,frame_003309
69.324406,54.288254,-10.853127,frame_003310
69.318578,54.154354,-10.732494,frame_003311
69.313006,54.022102,-10.610442,frame_003312
69.307444,53.891528,-10.487150,frame_003313
69.301806,53.760483,-10.363200,frame_003314
69.296168,53.628998,-10.238761,frame_003315
69.290606,53.497092,-10.113991,frame_003316
69.285196,53.365765,-9.989989,frame_003317
69.280015,53.234815,-9.866916,frame_003318
69.275138,53.104042,-9.744928,frame_003319
69.269734,52.973457,-9.624970,frame_003320
69.263711,52.843287,-9.507169,frame_003321
69.256970,52.713759,-9.391655,frame_003322
69.250316,52.584885,-9.279145,frame_003323
69.243803,52.456463,-9.169713,frame_003324
69.237491,52.328293,-9.063440,frame_003325
69.231436,52.199188,-8.960145,frame_003326
69.225695,52.069151,-8.859874,frame_003327
69.220325,51.938178,-8.762681,frame_003328
69.216129,51.807457,-8.668141,frame_003329
69.213009,51.677188,-8.576253,frame_003330
69.210872,51.547574,-8.487020,frame_003331
69.207981,51.418601,-8.400114,frame_003332
69.204242,51.290043,-8.315462,frame_003333
69.199557,51.161674,-8.232993,frame_003334
69.194729,51.033481,-8.151614,frame_003335
69.189816,50.905665,-8.071289,frame_003336
69.184874,50.778428,-7.991973,frame_003337
69.179961,50.650771,-7.913383,frame_003338
69.175133,50.522673,-7.835253,frame_003339
69.170448,50.394104,-7.757308,frame_003340
69.165963,50.267213,-7.679711,frame_003341
69.161735,50.141971,-7.602161,frame_003342
69.157821,50.018357,-7.524352,frame_003343
69.153370,49.894171,-7.445661,frame_003344
69.148272,49.769393,-7.365733,frame_003345
69.142408,49.643994,-7.284209,frame_003346
69.137310,49.517936,-7.199599,frame_003347
69.132859,49.391173,-7.111578,frame_003348
69.128944,49.263650,-7.019804,frame_003349
69.124716,49.137490,-6.924886,frame_003350
69.120231,49.012640,-6.826734,frame_003351
69.115546,48.889052,-6.725247,frame_003352
69.110718,48.764503,-6.620824,frame_003353
69.105804,48.638947,-6.513678,frame_003354
69.100862,48.512329,-6.404012,frame_003355
69.095948,48.385787,-6.292570,frame_003356
69.091120,48.259471,-6.179788,frame_003357
69.086435,48.133533,-6.066101,frame_003358
69.081950,48.008123,-5.951759,frame_003359
69.077721,47.883392,-5.837280,frame_003360
69.073807,47.759491,-5.723175,frame_003361
69.070101,47.635372,-5.609545,frame_003362
69.066339,47.510962,-5.496919,frame_003363
69.062253,47.386183,-5.385818,frame_003364
69.057739,47.263131,-5.276572,frame_003365
69.052854,47.141729,-5.169647,frame_003366
69.047655,47.021903,-5.065504,frame_003367
69.042199,46.901406,-4.963848,frame_003368
69.036544,46.780166,-4.865084,frame_003369
69.030745,46.658104,-4.769602,frame_003370
69.024861,46.536330,-4.677158,frame_003371
69.018949,46.414972,-4.588028,frame_003372
69.013065,46.294155,-4.502471,frame_003373
69.007267,46.172805,-4.420257,frame_003374
69.001611,46.050824,-4.341490,frame_003375
68.996156,45.928110,-4.266254,frame_003376
68.990957,45.805747,-4.194901,frame_003377
68.986072,45.683837,-4.127403,frame_003378
68.981559,45.562481,-4.063714,frame_003379
68.977312,45.441779,-4.004207,frame_003380
68.973065,45.321832,-3.948729,frame_003381
68.968551,45.202739,-3.897112,frame_003382
68.963667,45.083403,-3.849517,frame_003383
68.958469,44.963702,-3.805646,frame_003384
68.953013,44.843504,-3.765189,frame_003385
68.947358,44.724859,-3.728556,frame_003386
68.941561,44.607636,-3.695526,frame_003387
68.935677,44.491714,-3.665869,frame_003388
68.929765,44.375993,-3.638500,frame_003389
68.923882,44.260574,-3.613147,frame_003390
68.918084,44.145557,-3.589522,frame_003391
68.912429,44.029844,-3.566801,frame_003392
68.906974,43.913312,-3.544662,frame_003393
68.901776,43.795832,-3.522764,frame_003394
68.896892,43.677478,-3.500510,frame_003395
68.892379,43.558533,-3.477594,frame_003396
68.888294,43.439269,-3.453690,frame_003397
68.883787,43.320935,-3.429114,frame_003398
68.878746,43.203582,-3.403673,frame_003399
68.873054,43.087261,-3.377153,frame_003400
68.867495,42.970821,-3.349357,frame_003401
68.862108,42.854091,-3.320159,frame_003402
68.856930,42.736891,-3.289417,frame_003403
68.852000,42.620232,-3.257508,frame_003404
68.847354,42.504138,-3.224432,frame_003405
68.843033,42.388636,-3.190173,frame_003406
68.839819,42.273750,-3.155058,frame_003407
68.837595,42.159506,-3.119147,frame_003408
68.836250,42.045928,-3.082490,frame_003409
68.834934,41.933042,-3.045479,frame_003410
68.833703,41.820873,-3.008217,frame_003411
68.832615,41.709446,-2.970801,frame_003412
68.830819,41.598786,-2.933615,frame_003413
68.828205,41.488919,-2.896802,frame_003414
68.824654,41.379869,-2.860498,frame_003415
68.820950,41.270462,-2.824866,frame_003416
68.817133,41.160501,-2.790021,frame_003417
68.813239,41.049780,-2.756069,frame_003418
68.809308,40.939285,-2.723373,frame_003419
68.805376,40.829017,-2.692096,frame_003420
68.801483,40.718976,-2.662402,frame_003421
68.797665,40.609160,-2.634589,frame_003422
68.793962,40.499571,-2.608819,frame_003423
68.790411,40.390209,-2.585252,frame_003424
68.787051,40.281073,-2.563967,frame_003425
68.783919,40.172163,-2.545098,frame_003426
68.781053,40.063480,-2.528780,frame_003427
68.778492,39.954037,-2.514746,frame_003428
68.776273,39.844040,-2.503060,frame_003429
68.774435,39.733686,-2.493779,frame_003430
68.772854,39.624149,-2.486518,frame_003431
68.771244,39.515405,-2.481233,frame_003432
68.769321,39.407428,-2.477872,frame_003433
68.766959,39.300193,-2.475894,frame_003434
68.764199,39.193675,-2.475132,frame_003435
68.761076,39.087849,-2.475408,frame_003436
68.757630,38.981489,-2.476439,frame_003437
68.753899,38.874349,-2.478013,frame_003438
68.749920,38.766172,-2.479907,frame_003439
68.745732,38.657895,-2.482292,frame_003440
68.741372,38.549467,-2.484991,frame_003441
68.736880,38.440838,-2.487816,frame_003442
68.732292,38.331957,-2.490865,frame_003443
68.727647,38.222774,-2.493978,frame_003444
68.722983,38.113239,-2.496987,frame_003445
68.718338,38.003515,-2.500052,frame_003446
68.713751,37.893980,-2.503058,frame_003447
68.709258,37.785011,-2.505883,frame_003448
68.704899,37.678251,-2.508579,frame_003449
68.700710,37.573341,-2.511033,frame_003450
68.696732,37.467716,-2.513103,frame_003451
68.693000,37.361506,-2.515021,frame_003452
68.689554,37.254833,-2.516732,frame_003453
68.686432,37.147814,-2.518177,frame_003454
68.683671,37.041297,-2.519549,frame_003455
68.681310,36.935234,-2.520824,frame_003456
68.679386,36.829573,-2.521972,frame_003457
68.677030,36.724264,-2.523050,frame_003458
68.674113,36.619257,-2.524054,frame_003459
68.670497,36.514502,-2.524981,frame_003460
68.666947,36.408961,-2.525898,frame_003461
68.663484,36.302791,-2.526800,frame_003462
68.660125,36.196138,-2.527683,frame_003463
68.656889,36.091606,-2.528530,frame_003464
68.653796,35.988811,-2.529350,frame_003465
68.650120,35.885902,-2.530144,frame_003466
68.646033,35.782830,-2.530867,frame_003467
68.641704,35.679544,-2.531522,frame_003468
68.638042,35.575254,-2.532119,frame_003469
68.635046,35.470065,-2.532721,frame_003470
68.632716,35.364073,-2.533340,frame_003471
68.631052,35.257370,-2.533988,frame_003472
68.630053,35.152259,-2.534634,frame_003473
68.629721,35.048356,-2.535280,frame_003474
68.630055,34.943073,-2.535931,frame_003475
68.631056,34.836513,-2.536575,frame_003476
68.632722,34.728772,-2.537209,frame_003477
68.635054,34.619943,-2.537828,frame_003478
68.638052,34.512050,-2.538455,frame_003479
68.641716,34.405240,-2.539095,frame_003480
68.646047,34.298927,-2.539751,frame_003481
68.650136,34.192231,-2.540408,frame_003482
68.653814,34.085247,-2.541066,frame_003483
68.656909,33.978068,-2.541726,frame_003484
68.660147,33.872997,-2.542354,frame_003485
68.663508,33.769650,-2.542950,frame_003486
68.666227,33.666178,-2.543533,frame_003487
68.668442,33.562529,-2.544130,frame_003488
68.670282,33.458654,-2.544744,frame_003489
68.672617,33.353517,-2.545358,frame_003490
68.675408,33.247271,-2.545970,frame_003491
68.678618,33.140065,-2.546582,frame_003492
68.682209,33.033022,-2.547218,frame_003493
68.686142,32.926067,-2.547855,frame_003494
68.690380,32.819125,-2.548491,frame_003495
68.694884,32.712120,-2.549140,frame_003496
68.699617,32.606176,-2.549817,frame_003497
68.704540,32.501441,-2.550520,frame_003498
68.709615,32.397330,-2.551222,frame_003499
68.714804,32.291160,-2.551895,frame_003500
68.720070,32.182696,-2.552535,frame_003501
68.725373,32.074383,-2.553171,frame_003502
68.730676,31.968666,-2.553819,frame_003503
68.735942,31.865310,-2.554477,frame_003504
68.741131,31.761631,-2.555155,frame_003505
68.746206,31.657046,-2.555819,frame_003506
68.751129,31.551701,-2.556462,frame_003507
68.755115,31.446721,-2.557066,frame_003508
68.758283,31.342030,-2.557660,frame_003509
68.760743,31.237553,-2.558243,frame_003510
68.763345,31.133214,-2.558834,frame_003511
68.766033,31.030139,-2.559387,frame_003512
68.768750,30.928472,-2.559893,frame_003513
68.771438,30.828371,-2.560340,frame_003514
68.774040,30.726998,-2.560762,frame_003515
68.776500,30.623969,-2.561156,frame_003516
68.779667,30.519703,-2.561542,frame_003517
68.783654,30.414329,-2.561917,frame_003518
68.788577,30.307970,-2.562280,frame_003519
68.793652,30.202623,-2.562595,frame_003520
68.798841,30.098355,-2.562866,frame_003521
68.804107,29.995239,-2.563095,frame_003522
68.809410,29.893353,-2.563316,frame_003523
68.814713,29.790083,-2.563509,frame_003524
68.819979,29.685018,-2.563673,frame_003525
68.825168,29.579453,-2.563769,frame_003526
68.830243,29.473658,-2.563798,frame_003527
68.835166,29.367902,-2.563762,frame_003528
68.839152,29.263439,-2.563671,frame_003529
68.842320,29.159429,-2.563532,frame_003530
68.844780,29.055771,-2.563348,frame_003531
68.847382,28.953265,-2.563127,frame_003532
68.850070,28.851977,-2.562871,frame_003533
68.852787,28.751978,-2.562579,frame_003534
68.855475,28.653347,-2.562233,frame_003535
68.858077,28.553471,-2.561854,frame_003536
68.860537,28.451938,-2.561449,frame_003537
68.862958,28.350130,-2.561005,frame_003538
68.865608,28.247944,-2.560525,frame_003539
68.868753,28.145279,-2.560012,frame_003540
68.872497,28.042251,-2.559485,frame_003541
68.876784,27.939184,-2.558952,frame_003542
68.881556,27.836407,-2.558423,frame_003543
68.886010,27.734032,-2.557924,frame_003544
68.890244,27.631959,-2.557452,frame_003545
68.894351,27.530087,-2.557007,frame_003546
68.899162,27.428316,-2.556557,frame_003547
68.904601,27.326545,-2.556102,frame_003548
68.910592,27.224674,-2.555638,frame_003549
68.916313,27.123501,-2.555172,frame_003550
68.921843,27.023093,-2.554712,frame_003551
68.927255,26.923521,-2.554264,frame_003552
68.933361,26.823880,-2.553834,frame_003553
68.940067,26.721758,-2.553414,frame_003554
68.947278,26.616945,-2.553007,frame_003555
68.954151,26.513194,-2.552616,frame_003556
68.960748,26.410600,-2.552241,frame_003557
68.967122,26.309269,-2.551883,frame_003558
68.974229,26.208114,-2.551516,frame_003559
68.982278,26.107035,-2.551150,frame_003560
68.991478,26.005931,-2.550795,frame_003561
69.001131,25.904701,-2.550483,frame_003562
69.011278,25.803244,-2.550209,frame_003563
69.021954,25.701461,-2.549969,frame_003564
69.033188,25.598263,-2.549706,frame_003565
69.045002,25.493757,-2.549426,frame_003566
69.057411,25.388038,-2.549135,frame_003567
69.070426,25.283381,-2.548856,frame_003568
69.084048,25.179882,-2.548587,frame_003569
69.098276,25.077646,-2.548324,frame_003570
69.113100,24.974599,-2.548062,frame_003571
69.128503,24.870848,-2.547811,frame_003572
69.144464,24.766488,-2.547582,frame_003573
69.160954,24.662593,-2.547325,frame_003574
69.177938,24.559037,-2.547049,frame_003575
69.195376,24.455696,-2.546761,frame_003576
69.213218,24.353642,-2.546528,frame_003577
69.231412,24.252973,-2.546357,frame_003578
69.249897,24.153794,-2.546254,frame_003579
69.268768,24.054030,-2.546259,frame_003580
69.288276,23.953788,-2.546366,frame_003581
69.308666,23.853163,-2.546569,frame_003582
69.330012,23.753230,-2.546789,frame_003583
69.352224,23.653864,-2.547033,frame_003584
69.375202,23.554937,-2.547303,frame_003585
69.398843,23.456325,-2.547661,frame_003586
69.423035,23.357901,-2.548107,frame_003587
69.447661,23.259541,-2.548640,frame_003588
69.472759,23.160131,-2.549260,frame_003589
69.498523,23.059752,-2.549964,frame_003590
69.525139,22.958476,-2.550753,frame_003591
69.552626,22.858549,-2.551617,frame_003592
69.580836,22.760046,-2.552561,frame_003593
69.609614,22.663043,-2.553588,frame_003594
69.639704,22.566431,-2.554703,frame_003595
69.671107,22.470083,-2.555891,frame_003596
69.703823,22.373874,-2.557139,frame_003597
69.736199,22.276690,-2.558433,frame_003598
69.768222,22.178613,-2.559763,frame_003599
69.799865,22.079714,-2.561118,frame_003600
69.832746,21.981041,-2.562534,frame_003601
69.866826,21.882443,-2.563998,frame_003602
69.902066,21.783770,-2.565496,frame_003603
69.936776,21.686070,-2.567026,frame_003604
69.970904,21.589415,-2.568572,frame_003605
70.004386,21.493885,-2.570120,frame_003606
70.038801,21.398367,-2.571592,frame_003607
70.074073,21.302736,-2.572983,frame_003608
70.110125,21.206866,-2.574287,frame_003609
70.146135,21.109645,-2.575587,frame_003610
70.182182,21.011153,-2.576876,frame_003611
70.218340,20.911461,-2.578148,frame_003612
70.255420,20.811618,-2.579332,frame_003613
70.293329,20.711473,-2.580416,frame_003614
70.331970,20.610875,-2.581385,frame_003615
70.370503,20.510874,-2.582317,frame_003616
70.408987,20.411540,-2.583203,frame_003617
70.447477,20.312953,-2.584036,frame_003618
70.486767,20.214002,-2.584805,frame_003619
70.526741,20.114559,-2.585491,frame_003620
70.567287,20.014501,-2.586078,frame_003621
70.607543,19.914900,-2.586548,frame_003622
70.647551,19.815854,-2.586903,frame_003623
70.687346,19.717467,-2.587145,frame_003624
70.726957,19.618652,-2.587282,frame_003625
70.766405,19.519309,-2.587329,frame_003626
70.805706,19.419337,-2.587301,frame_003627
70.844871,19.318635,-2.587217,frame_003628
70.883902,19.217103,-2.587080,frame_003629
70.922795,19.114641,-2.586893,frame_003630
70.962450,19.012347,-2.586571,frame_003631
71.003019,18.910343,-2.586116,frame_003632
71.044653,18.808760,-2.585529,frame_003633
71.086597,18.706534,-2.584854,frame_003634
71.128835,18.603592,-2.584113,frame_003635
71.171346,18.499858,-2.583330,frame_003636
71.214100,18.395256,-2.582528,frame_003637
71.257063,18.289710,-2.581716,frame_003638
71.300194,18.183145,-2.580899,frame_003639
71.344352,18.077673,-2.580067,frame_003640
71.389652,17.973233,-2.579230,frame_003641
71.436208,17.869784,-2.578400,frame_003642
71.483226,17.765116,-2.577609,frame_003643
71.530653,17.659202,-2.576871,frame_003644
71.578428,17.552018,-2.576203,frame_003645
71.626485,17.443538,-2.575566,frame_003646
71.674750,17.333738,-2.574966,frame_003647
71.723145,17.222592,-2.574407,frame_003648
71.771746,17.111275,-2.573836,frame_003649
71.820783,16.999983,-2.573274,frame_003650
71.870483,16.888924,-2.572744,frame_003651
71.920902,16.778095,-2.572241,frame_003652
71.971930,16.667293,-2.571778,frame_003653
72.023448,16.556320,-2.571367,frame_003654
72.076241,16.444000,-2.570999,frame_003655
72.130348,16.330360,-2.570682,frame_003656
72.185806,16.215425,-2.570426,frame_003657
72.241745,16.100205,-2.570356,frame_003658
72.298036,15.984521,-2.570480,frame_003659
72.354541,15.868201,-2.570806,frame_003660
72.411281,15.751294,-2.571285,frame_003661
72.468429,15.634074,-2.571917,frame_003662
72.526154,15.516820,-2.572697,frame_003663
72.584456,15.399610,-2.573633,frame_003664
72.643166,15.282313,-2.574723,frame_003665
72.702110,15.164806,-2.575964,frame_003666
72.762015,15.045992,-2.577339,frame_003667
72.822862,14.925970,-2.578835,frame_003668
72.884633,14.804842,-2.580438,frame_003669
72.945653,14.683693,-2.582129,frame_003670
73.005892,14.562419,-2.583883,frame_003671
73.065305,14.440924,-2.585672,frame_003672
73.124743,14.318133,-2.587516,frame_003673
73.184303,14.194173,-2.589398,frame_003674
73.244079,14.069169,-2.591304,frame_003675
73.304902,13.944232,-2.593241,frame_003676
73.366695,13.819284,-2.595202,frame_003677
73.429382,13.694253,-2.597178,frame_003678
73.492142,13.568090,-2.599137,frame_003679
73.555053,13.440945,-2.601058,frame_003680
73.618189,13.312971,-2.602921,frame_003681
73.681617,13.185304,-2.604733,frame_003682
73.745395,13.057889,-2.606485,frame_003683
73.809579,12.930680,-2.608168,frame_003684
73.874216,12.803639,-2.609800,frame_003685
73.939347,12.676738,-2.611383,frame_003686
74.005007,12.549956,-2.612922,frame_003687
74.071225,12.422292,-2.614402,frame_003688
74.138022,12.293950,-2.615808,frame_003689
74.205415,12.165130,-2.617127,frame_003690
74.273413,12.035819,-2.618368,frame_003691
74.342020,11.905791,-2.619521,frame_003692
74.411232,11.774820,-2.620577,frame_003693
74.481039,11.643879,-2.621536,frame_003694
74.551426,11.512964,-2.622386,frame_003695
74.622371,11.382079,-2.623119,frame_003696
74.693845,11.250251,-2.623697,frame_003697
74.765813,11.117705,-2.624116,frame_003698
74.838234,10.984670,-2.624373,frame_003699
74.911968,10.852356,-2.624558,frame_003700
74.987129,10.720786,-2.624681,frame_003701
75.063832,10.589987,-2.624755,frame_003702
75.140537,10.458799,-2.624762,frame_003703
75.217345,10.327045,-2.624715,frame_003704
75.294345,10.194548,-2.624631,frame_003705
75.372359,10.061347,-2.624553,frame_003706
75.451296,9.927694,-2.624495,frame_003707
75.531057,9.793839,-2.624472,frame_003708
75.611538,9.659821,-2.624452,frame_003709
75.692626,9.525463,-2.624436,frame_003710
75.774206,9.390589,-2.624425,frame_003711
75.856314,9.255238,-2.624430,frame_003712
75.939146,9.119660,-2.624451,frame_003713
76.022886,8.984107,-2.624489,frame_003714
76.106810,8.848617,-2.624509,frame_003715
76.190922,8.713014,-2.624520,frame_003716
76.275218,8.577122,-2.624533,frame_003717
76.360423,8.440978,-2.624543,frame_003718
76.446350,8.304834,-2.624555,frame_003719
76.532806,8.168942,-2.624573,frame_003720
76.619754,8.033339,-2.624569,frame_003721
76.707310,7.897849,-2.624541,frame_003722
76.795585,7.762296,-2.624488,frame_003723
76.884684,7.626719,-2.624428,frame_003724
76.974705,7.491367,-2.624358,frame_003725
77.065741,7.356494,-2.624278,frame_003726
77.156969,7.222136,-2.624171,frame_003727
77.248300,7.088118,-2.624041,frame_003728
77.339634,6.954263,-2.623896,frame_003729
77.431762,6.820610,-2.623703,frame_003730
77.524728,6.687409,-2.623465,frame_003731
77.618565,6.554913,-2.623190,frame_003732
77.713302,6.423159,-2.622921,frame_003733
77.808961,6.291971,-2.622663,frame_003734
77.905559,6.161173,-2.622421,frame_003735
78.003104,6.029602,-2.622211,frame_003736
78.101601,5.897289,-2.622045,frame_003737
78.201045,5.764254,-2.621933,frame_003738
78.301427,5.632695,-2.621869,frame_003739
78.402731,5.502634,-2.621849,frame_003740
78.504936,5.374100,-2.621871,frame_003741
78.608012,5.244945,-2.621940,frame_003742
78.711925,5.115197,-2.622050,frame_003743
78.816634,4.984879,-2.622197,frame_003744
78.922090,4.854988,-2.622338,frame_003745
79.028240,4.725324,-2.622471,frame_003746
79.135024,4.595685,-2.622595,frame_003747
79.242375,4.467069,-2.622774,frame_003748
79.350220,4.339499,-2.623006,frame_003749
79.458480,4.213002,-2.623286,frame_003750
79.567070,4.085432,-2.623555,frame_003751
79.675896,3.956817,-2.623818,frame_003752
79.784862,3.827177,-2.624078,frame_003753
79.894769,3.697513,-2.624351,frame_003754
80.005676,3.567623,-2.624647,frame_003755
80.117638,3.437304,-2.624975,frame_003756
80.229807,3.306571,-2.625295,frame_003757
80.342070,3.175649,-2.625617,frame_003758
80.454310,3.044765,-2.625952,frame_003759
80.566403,2.913931,-2.626259,frame_003760
80.678220,2.782946,-2.626550,frame_003761
80.789624,2.651608,-2.626834,frame_003762
80.901380,2.519932,-2.627072,frame_003763
81.013507,2.388142,-2.627277,frame_003764
81.126024,2.256465,-2.627462,frame_003765
81.239697,2.124914,-2.627687,frame_003766
81.354388,1.993288,-2.627970,frame_003767
81.469968,1.861385,-2.628324,frame_003768
81.584659,1.729218,-2.628706,frame_003769
81.698331,1.597013,-2.629138,frame_003770
81.810848,1.464996,-2.629636,frame_003771
81.922976,1.333181,-2.630201,frame_003772
82.034732,1.201366,-2.630852,frame_003773
82.146136,1.069350,-2.631606,frame_003774
82.257207,0.938131,-2.632504,frame_003775
82.367964,0.807731,-2.633553,frame_003776
82.478426,0.678178,-2.634756,frame_003777
82.588612,0.547325,-2.636183,frame_003778
82.698541,0.415200,-2.637835,frame_003779
82.808232,0.281826,-2.639712,frame_003780
82.917705,0.148413,-2.641691,frame_003781
83.026977,0.015189,-2.643805,frame_003782
83.136069,-0.117619,-2.646082,frame_003783
83.244999,-0.250000,-2.648662,frame_003784
83.353787,-0.382155,-2.651539,frame_003785
83.462451,-0.514285,-2.654708,frame_003786
83.571010,-0.646376,-2.658171,frame_003787
83.679483,-0.778204,-2.661921,frame_003788
83.787890,-0.909541,-2.665954,frame_003789
83.896995,-1.040375,-2.670165,frame_003790
84.006662,-1.170907,-2.674553,frame_003791
84.116762,-1.301339,-2.679116,frame_003792
84.226423,-1.431657,-2.683936,frame_003793
84.335685,-1.561636,-2.688984,frame_003794
84.444586,-1.691048,-2.694231,frame_003795
84.553163,-1.820869,-2.699680,frame_003796
84.661454,-1.951092,-2.705306,frame_003797
84.769498,-2.081723,-2.711084,frame_003798
84.878079,-2.211788,-2.716944,frame_003799
84.987079,-2.341514,-2.722854,frame_003800
85.096387,-2.471126,-2.728777,frame_003801
85.205899,-2.600637,-2.734706,frame_003802
85.315516,-2.729847,-2.740618,frame_003803
85.425147,-2.858554,-2.746492,frame_003804
85.533959,-2.987756,-2.752335,frame_003805
85.642029,-3.117475,-2.758121,frame_003806
85.749433,-3.247739,-2.763824,frame_003807
85.856993,-3.377388,-2.769506,frame_003808
85.964630,-3.506243,-2.775133,frame_003809
86.072271,-3.634131,-2.780676,frame_003810
86.179848,-3.762074,-2.786136,frame_003811
86.287303,-3.890118,-2.791487,frame_003812
86.394581,-4.018318,-2.796706,frame_003813
86.501634,-4.146523,-2.801760,frame_003814
86.608422,-4.274377,-2.806643,frame_003815
86.714908,-4.401531,-2.811351,frame_003816
86.820158,-4.527861,-2.815898,frame_003817
86.923981,-4.653462,-2.820272,frame_003818
87.026185,-4.778439,-2.824462,frame_003819
87.127490,-4.901705,-2.828389,frame_003820
87.227873,-5.023160,-2.832079,frame_003821
87.327317,-5.142703,-2.835558,frame_003822
87.425813,-5.262420,-2.838873,frame_003823
87.523359,-5.382227,-2.842055,frame_003824
87.619957,-5.502056,-2.845132,frame_003825
87.714871,-5.620871,-2.848110,frame_003826
87.808271,-5.738845,-2.851005,frame_003827
87.900331,-5.856157,-2.853835,frame_003828
87.991965,-5.972782,-2.856620,frame_003829
88.083192,-6.088490,-2.859358,frame_003830
88.174032,-6.203059,-2.862049,frame_003831
88.264514,-6.315288,-2.864893,frame_003832
88.354673,-6.425177,-2.867915,frame_003833
88.444550,-6.532727,-2.871143,frame_003834
88.534940,-6.640124,-2.874451,frame_003835
88.625740,-6.747383,-2.877838,frame_003836
88.716861,-6.854540,-2.881301,frame_003837
88.807482,-6.960444,-2.884892,frame_003838
88.897695,-7.064940,-2.888599,frame_003839
88.987597,-7.167881,-2.892410,frame_003840
89.076386,-7.269344,-2.896309,frame_003841
89.164005,-7.369625,-2.900316,frame_003842
89.250396,-7.469030,-2.904453,frame_003843
89.337156,-7.567661,-2.908629,frame_003844
89.424241,-7.665411,-2.912843,frame_003845
89.511619,-7.762186,-2.917094,frame_003846
89.599272,-7.856911,-2.921439,frame_003847
89.687191,-7.949711,-2.925864,frame_003848
89.775385,-8.040713,-2.930352,frame_003849
89.862965,-8.132228,-2.934907,frame_003850
89.949793,-8.224398,-2.939510,frame_003851
90.035740,-8.317384,-2.944143,frame_003852
90.120682,-8.410161,-2.948785,frame_003853
90.204502,-8.502700,-2.953433,frame_003854
90.287089,-8.594979,-2.958082,frame_003855
90.369246,-8.686987,-2.962753,frame_003856
90.451042,-8.778719,-2.967429,frame_003857
90.532561,-8.870180,-2.972095,frame_003858
90.612989,-8.960395,-2.976691,frame_003859
90.692267,-9.049591,-2.981184,frame_003860
90.770340,-9.137995,-2.985547,frame_003861
90.847907,-9.226819,-2.989723,frame_003862
90.924771,-9.316085,-2.993690,frame_003863
91.000748,-9.405820,-2.997422,frame_003864
91.075667,-9.494864,-3.000964,frame_003865
91.149369,-9.583040,-3.004302,frame_003866
91.221709,-9.670172,-3.007426,frame_003867
91.291806,-9.757284,-3.010366,frame_003868
91.359698,-9.844422,-3.013091,frame_003869
91.425423,-9.931640,-3.015570,frame_003870
91.489776,-10.019002,-3.017919,frame_003871
91.552656,-10.106579,-3.020139,frame_003872
91.613973,-10.194450,-3.022235,frame_003873
91.673652,-10.280517,-3.024212,frame_003874
91.731629,-10.364860,-3.026078,frame_003875
91.787853,-10.447551,-3.027844,frame_003876
91.843194,-10.530838,-3.029525,frame_003877
91.897795,-10.614792,-3.031126,frame_003878
91.951818,-10.699493,-3.032653,frame_003879
92.004535,-10.783830,-3.034051,frame_003880
92.055978,-10.867676,-3.035321,frame_003881
92.106191,-10.950906,-3.036467,frame_003882
92.155233,-11.034593,-3.037443,frame_003883
92.203172,-11.118835,-3.038254,frame_003884
92.250091,-11.203736,-3.038904,frame_003885
92.295177,-11.288210,-3.039398,frame_003886
92.338371,-11.372155,-3.039739,frame_003887
92.379618,-11.455471,-3.039932,frame_003888
92.419778,-11.538058,-3.039909,frame_003889
92.458978,-11.619814,-3.039666,frame_003890
92.497358,-11.700640,-3.039202,frame_003891
92.535070,-11.781635,-3.038602,frame_003892
92.572279,-11.862919,-3.037885,frame_003893
92.609163,-11.944624,-3.037070,frame_003894
92.645003,-12.025687,-3.036194,frame_003895
92.679836,-12.106034,-3.035272,frame_003896
92.713702,-12.185587,-3.034320,frame_003897
92.747395,-12.265473,-3.033269,frame_003898
92.780813,-12.345838,-3.032128,frame_003899
92.813868,-12.426837,-3.030901,frame_003900
92.845737,-12.507433,-3.029426,frame_003901
92.876513,-12.587576,-3.027739,frame_003902
92.906293,-12.667217,-3.025874,frame_003903
92.935929,-12.745318,-3.023838,frame_003904
92.965375,-12.822034,-3.021690,frame_003905
92.994601,-12.897513,-3.019483,frame_003906
93.022841,-12.972878,-3.017060,frame_003907
93.050244,-13.048055,-3.014498,frame_003908
93.076966,-13.122968,-3.011872,frame_003909
93.103169,-13.198741,-3.009159,frame_003910
93.129020,-13.275521,-3.006441,frame_003911
93.154694,-13.353463,-3.003794,frame_003912
93.180210,-13.430545,-3.001207,frame_003913
93.205432,-13.506922,-2.998781,frame_003914
93.230229,-13.582741,-2.996610,frame_003915
93.253732,-13.659125,-2.994768,frame_003916
93.275980,-13.736000,-2.993345,frame_003917
93.297009,-13.813290,-2.992428,frame_003918
93.318513,-13.890920,-2.991949,frame_003919
93.340541,-13.968813,-2.991983,frame_003920
93.363157,-14.046896,-2.992599,frame_003921
93.384783,-14.125091,-2.993755,frame_003922
93.405496,-14.203325,-2.995536,frame_003923
93.425372,-14.281520,-2.998018,frame_003924
93.444486,-14.359817,-3.001229,frame_003925
93.462915,-14.438566,-3.005241,frame_003926
93.480736,-14.518120,-3.010123,frame_003927
93.498769,-14.598617,-3.015858,frame_003928
93.516937,-14.679983,-3.022502,frame_003929
93.535165,-14.762140,-3.030105,frame_003930
93.552642,-14.845015,-3.038826,frame_003931
93.569462,-14.928531,-3.048678,frame_003932
93.585721,-15.012614,-3.059671,frame_003933
93.601514,-15.097186,-3.071686,frame_003934
93.616935,-15.182174,-3.084750,frame_003935
93.632081,-15.267501,-3.098884,frame_003936
93.647792,-15.353093,-3.114084,frame_003937
93.664007,-15.438873,-3.130355,frame_003938
93.680674,-15.524767,-3.147696,frame_003939
93.696999,-15.609712,-3.166125,frame_003940
93.713094,-15.693838,-3.185625,frame_003941
93.729076,-15.777268,-3.206169,frame_003942
93.745804,-15.861101,-3.227611,frame_003943
93.763236,-15.945235,-3.249938,frame_003944
93.781339,-16.029570,-3.273128,frame_003945
93.799337,-16.114006,-3.296996,frame_003946
93.817363,-16.198442,-3.321524,frame_003947
93.835551,-16.282778,-3.346683,frame_003948
93.853126,-16.366912,-3.372430,frame_003949
93.870054,-16.450744,-3.398722,frame_003950
93.886293,-16.534174,-3.425510,frame_003951
93.903449,-16.616115,-3.452888,frame_003952
93.921481,-16.696671,-3.480827,frame_003953
93.940354,-16.775939,-3.509287,frame_003954
93.958386,-16.856194,-3.538296,frame_003955
93.975542,-16.937530,-3.567815,frame_003956
93.991781,-17.020055,-3.597798,frame_003957
94.007963,-17.102680,-3.628374,frame_003958
94.024201,-17.185304,-3.659518,frame_003959
94.040611,-17.267829,-3.691196,frame_003960
94.057307,-17.350152,-3.723519,frame_003961
94.074402,-17.432173,-3.756442,frame_003962
94.092011,-17.513792,-3.789916,frame_003963
94.109341,-17.596107,-3.823966,frame_003964
94.126336,-17.679241,-3.858568,frame_003965
94.142938,-17.763323,-3.893698,frame_003966
94.160733,-17.846306,-3.929361,frame_003967
94.179661,-17.928320,-3.965520,frame_003968
94.199668,-18.009486,-4.002134,frame_003969
94.219052,-18.090903,-4.039151,frame_003970
94.237761,-18.172471,-4.076550,frame_003971
94.255733,-18.254090,-4.114304,frame_003972
94.273809,-18.335658,-4.152672,frame_003973
94.292086,-18.417076,-4.191613,frame_003974
94.310657,-18.498242,-4.231081,frame_003975
94.330365,-18.580255,-4.271020,frame_003976
94.351148,-18.663238,-4.311402,frame_003977
94.372953,-18.747320,-4.352197,frame_003978
94.394079,-18.831440,-4.393309,frame_003979
94.414472,-18.915523,-4.434734,frame_003980
94.434071,-18.999492,-4.476467,frame_003981
94.453718,-19.082286,-4.518580,frame_003982
94.473507,-19.164035,-4.560992,frame_003983
94.493535,-19.244862,-4.603617,frame_003984
94.513895,-19.325864,-4.646274,frame_003985
94.534683,-19.406942,-4.688961,frame_003986
94.555995,-19.487994,-4.731671,frame_003987
94.577018,-19.568921,-4.773968,frame_003988
94.597678,-19.649622,-4.815933,frame_003989
94.617897,-19.729995,-4.857634,frame_003990
94.639242,-19.810155,-4.899107,frame_003991
94.661635,-19.890428,-4.940404,frame_003992
94.685002,-19.971141,-4.981573,frame_003993
94.707623,-20.052407,-5.022847,frame_003994
94.729425,-20.134126,-5.064277,frame_003995
94.750329,-20.216198,-5.105907,frame_003996
94.771157,-20.298521,-5.148227,frame_003997
94.791985,-20.380995,-5.191234,frame_003998
94.812889,-20.463519,-5.234922,frame_003999
94.833945,-20.545007,-5.279383,frame_004000
94.855230,-20.625563,-5.324595,frame_004001
94.876819,-20.705284,-5.370531,frame_004002
94.897881,-20.786444,-5.417258,frame_004003
94.918324,-20.869140,-5.464741,frame_004004
94.938049,-20.953475,-5.512942,frame_004005
94.957860,-21.038364,-5.561978,frame_004006
94.977814,-21.123706,-5.611780,frame_004007
94.997968,-21.209400,-5.662283,frame_004008
95.019125,-21.295345,-5.713557,frame_004009
95.041186,-21.381442,-5.765510,frame_004010
95.064060,-21.467589,-5.818057,frame_004011
95.086914,-21.552699,-5.871042,frame_004012
95.109826,-21.636878,-5.924365,frame_004013
95.132871,-21.720221,-5.977927,frame_004014
95.156126,-21.803804,-6.031712,frame_004015
95.179666,-21.887499,-6.085634,frame_004016
95.203567,-21.971183,-6.139609,frame_004017
95.226999,-22.055927,-6.193640,frame_004018
95.249868,-22.141830,-6.247618,frame_004019
95.272077,-22.228996,-6.301439,frame_004020
95.294429,-22.315351,-6.355062,frame_004021
95.316980,-22.401002,-6.408411,frame_004022
95.339789,-22.486043,-6.461415,frame_004023
95.362911,-22.571550,-6.513820,frame_004024
95.386405,-22.657397,-6.565526,frame_004025
95.410327,-22.743457,-6.616433,frame_004026
95.433826,-22.829605,-6.666518,frame_004027
95.456792,-22.915716,-6.715700,frame_004028
95.479107,-23.001663,-6.763898,frame_004029
95.501555,-23.087321,-6.811137,frame_004030
95.524174,-23.172564,-6.857375,frame_004031
95.547003,-23.257266,-6.902572,frame_004032
95.570079,-23.341515,-6.946473,frame_004033
95.593440,-23.425613,-6.988988,frame_004034
95.617125,-23.509862,-7.030024,frame_004035
95.641172,-23.594350,-7.069851,frame_004036
95.665618,-23.678952,-7.108432,frame_004037
95.690502,-23.763540,-7.145735,frame_004038
95.715861,-23.847005,-7.182235,frame_004039
95.741735,-23.929424,-7.218009,frame_004040
95.768160,-24.010870,-7.253144,frame_004041
95.794267,-24.093591,-7.287707,frame_004042
95.819927,-24.177659,-7.321809,frame_004043
95.845002,-24.263154,-7.355567,frame_004044
95.870258,-24.347976,-7.389156,frame_004045
95.895714,-24.432207,-7.422676,frame_004046
95.921389,-24.515917,-7.456232,frame_004047
95.947302,-24.600155,-7.489517,frame_004048
95.973472,-24.684770,-7.522597,frame_004049
95.999917,-24.769612,-7.555539,frame_004050
96.026658,-24.854744,-7.588418,frame_004051
96.053712,-24.940441,-7.621273,frame_004052
96.081100,-25.026981,-7.654148,frame_004053
96.108839,-25.114426,-7.687017,frame_004054
96.136950,-25.202626,-7.719919,frame_004055
96.165451,-25.291430,-7.752898,frame_004056
96.194361,-25.379701,-7.785758,frame_004057
96.223699,-25.467493,-7.818534,frame_004058
96.253485,-25.554852,-7.851263,frame_004059
96.282828,-25.642802,-7.883842,frame_004060
96.311582,-25.731168,-7.916284,frame_004061
96.339589,-25.819772,-7.948601,frame_004062
96.367596,-25.908653,-7.980806,frame_004063
96.395604,-25.998062,-8.012912,frame_004064
96.423611,-26.088252,-8.044932,frame_004065
96.451619,-26.179258,-8.076844,frame_004066
96.479626,-26.270907,-8.108667,frame_004067
96.507633,-26.363020,-8.140423,frame_004068
96.535641,-26.454437,-8.171986,frame_004069
96.563648,-26.545186,-8.203358,frame_004070
96.591655,-26.635289,-8.234543,frame_004071
96.618917,-26.725958,-8.265595,frame_004072
96.645588,-26.817419,-8.296524,frame_004073
96.671817,-26.909899,-8.327337,frame_004074
96.698493,-27.003411,-8.357975,frame_004075
96.725598,-27.097752,-8.388462,frame_004076
96.753112,-27.192723,-8.418821,frame_004077
96.781016,-27.287135,-8.449194,frame_004078
96.809291,-27.380992,-8.479581,frame_004079
96.837918,-27.474292,-8.509981,frame_004080
96.866879,-27.568006,-8.540351,frame_004081
96.896153,-27.661909,-8.570720,frame_004082
96.925722,-27.755774,-8.601118,frame_004083
96.955567,-27.849589,-8.631545,frame_004084
96.985669,-27.943555,-8.662016,frame_004085
97.016009,-28.037873,-8.692547,frame_004086
97.046568,-28.131545,-8.723142,frame_004087
97.077326,-28.224549,-8.753803,frame_004088
97.108266,-28.316856,-8.784527,frame_004089
97.139367,-28.409629,-8.815348,frame_004090
97.170611,-28.503043,-8.846270,frame_004091
97.201978,-28.597275,-8.877300,frame_004092
97.233450,-28.692286,-8.908496,frame_004093
97.265008,-28.787826,-8.939872,frame_004094
97.296633,-28.883643,-8.971441,frame_004095
97.328305,-28.979698,-9.003087,frame_004096
97.360005,-29.076169,-9.034803,frame_004097
97.391716,-29.173230,-9.066580,frame_004098
97.423416,-29.269859,-9.098525,frame_004099
97.455088,-29.366010,-9.130632,frame_004100
97.486713,-29.461627,-9.162892,frame_004101
97.518271,-29.558833,-9.195162,frame_004102
97.549743,-29.657575,-9.227417,frame_004103
97.581111,-29.757807,-9.259634,frame_004104
97.611609,-29.857304,-9.291743,frame_004105
97.641373,-29.956020,-9.323728,frame_004106
97.670535,-30.053901,-9.355573,frame_004107
97.699963,-30.152084,-9.387400,frame_004108
97.729619,-30.250719,-9.419197,frame_004109
97.759465,-30.349959,-9.450951,frame_004110
97.789464,-30.448753,-9.482668,frame_004111
97.819577,-30.547031,-9.514327,frame_004112
97.849766,-30.644712,-9.545910,frame_004113
97.879993,-30.742909,-9.577390,frame_004114
97.910220,-30.841748,-9.608746,frame_004115
97.940409,-30.941354,-9.639961,frame_004116
97.970522,-31.040653,-9.671057,frame_004117
98.000521,-31.139548,-9.702022,frame_004118
98.030367,-31.237936,-9.732843,frame_004119
98.060024,-31.337888,-9.763530,frame_004120
98.089451,-31.439300,-9.794075,frame_004121
98.118613,-31.542075,-9.824474,frame_004122
98.148378,-31.645140,-9.854905,frame_004123
98.178876,-31.748620,-9.885323,frame_004124
98.210243,-31.852641,-9.915683,frame_004125
98.241716,-31.956128,-9.945879,frame_004126
98.273274,-32.058986,-9.975920,frame_004127
98.304898,-32.161109,-10.005816,frame_004128
98.336570,-32.263584,-10.035519,frame_004129
98.368271,-32.366512,-10.065001,frame_004130
98.399981,-32.469994,-10.094235,frame_004131
98.431682,-32.572929,-10.123312,frame_004132
98.463354,-32.675197,-10.152227,frame_004133
98.494979,-32.776668,-10.180977,frame_004134
98.526537,-32.878403,-10.209537,frame_004135
98.558009,-32.980477,-10.237902,frame_004136
98.589377,-33.082967,-10.266068,frame_004137
98.620621,-33.185947,-10.294025,frame_004138
98.651722,-33.289493,-10.321759,frame_004139
98.682662,-33.393681,-10.349257,frame_004140
98.713420,-33.498585,-10.376491,frame_004141
98.743979,-33.604282,-10.403457,frame_004142
98.774319,-33.710847,-10.430154,frame_004143
98.804422,-33.817155,-10.456569,frame_004144
98.834267,-33.923060,-10.482703,frame_004145
98.863836,-34.028406,-10.508559,frame_004146
98.893856,-34.135217,-10.534167,frame_004147
98.924153,-34.243336,-10.559528,frame_004148
98.954559,-34.352618,-10.584645,frame_004149
98.984165,-34.461937,-10.609414,frame_004150
99.012972,-34.571370,-10.633839,frame_004151
99.040979,-34.680991,-10.657927,frame_004152
99.068188,-34.789676,-10.681822,frame_004153
99.094597,-34.897279,-10.705513,frame_004154
99.120206,-35.003645,-10.728993,frame_004155
99.145925,-35.109809,-10.752308,frame_004156
99.171919,-35.215822,-10.775466,frame_004157
99.198365,-35.321734,-10.798476,frame_004158
99.224535,-35.427596,-10.821286,frame_004159
99.250448,-35.533458,-10.843900,frame_004160
99.276123,-35.639371,-10.866323,frame_004161
99.302325,-35.745384,-10.888603,frame_004162
99.328918,-35.851548,-10.910730,frame_004163
99.355772,-35.957913,-10.932697,frame_004164
99.382016,-36.064530,-10.954481,frame_004165
99.407690,-36.171449,-10.976086,frame_004166
99.432831,-36.278720,-10.997517,frame_004167
99.457477,-36.386393,-11.018842,frame_004168
99.481667,-36.494519,-11.040055,frame_004169
99.505437,-36.603148,-11.061152,frame_004170
99.528828,-36.711131,-11.082082,frame_004171
99.551875,-36.818296,-11.102858,frame_004172
99.574618,-36.924461,-11.123498,frame_004173
99.597841,-37.029654,-11.143784,frame_004174
99.621426,-37.134103,-11.163697,frame_004175
99.645262,-37.238031,-11.183215,frame_004176
99.668498,-37.342639,-11.202478,frame_004177
99.691192,-37.447926,-11.221506,frame_004178
99.713401,-37.553892,-11.240326,frame_004179
99.735182,-37.660538,-11.258900,frame_004180
99.756592,-37.767862,-11.277233,frame_004181
99.777688,-37.875866,-11.295328,frame_004182
99.799272,-37.984549,-11.313192,frame_004183
99.821248,-38.093911,-11.330829,frame_004184
99.843522,-38.203953,-11.348245,frame_004185
99.865264,-38.314673,-11.365412,frame_004186
99.886548,-38.426073,-11.382343,frame_004187
99.907452,-38.538152,-11.399053,frame_004188
99.928798,-38.650910,-11.415498,frame_004189
99.950506,-38.764348,-11.431693,frame_004190
99.972503,-38.878464,-11.447651,frame_004191
99.993977,-38.993260,-11.463421,frame_004192
100.015023,-39.108735,-11.479020,frame_004193
100.035735,-39.224890,-11.494470,frame_004194
100.056956,-39.341723,-11.509828,frame_004195
100.078624,-39.459236,-11.525110,frame_004196
100.100687,-39.577428,-11.540332,frame_004197
100.121442,-39.694113,-11.555474,frame_004198
100.140836,-39.809274,-11.570550,frame_004199
100.158808,-39.922878,-11.585579,frame_004200
100.176946,-40.037061,-11.600678,frame_004201
100.195189,-40.151773,-11.615868,frame_004202
100.213483,-40.266962,-11.631172,frame_004203
100.231036,-40.382579,-11.646483,frame_004204
100.247960,-40.498573,-11.661801,frame_004205
100.264370,-40.614894,-11.677125,frame_004206
100.281127,-40.731492,-11.692432,frame_004207
100.298189,-40.848316,-11.707728,frame_004208
100.315521,-40.965317,-11.723023,frame_004209
100.332349,-41.081457,-11.738345,frame_004210
100.348806,-41.196892,-11.753701,frame_004211
100.365025,-41.311768,-11.769099,frame_004212
100.380977,-41.427210,-11.784533,frame_004213
100.396473,-41.543143,-11.799982,frame_004214
100.411322,-41.659492,-11.815427,frame_004215
100.426241,-41.776179,-11.830899,frame_004216
100.441208,-41.893131,-11.846378,frame_004217
100.456208,-42.010271,-11.861846,frame_004218
100.471231,-42.126539,-11.877166,frame_004219
100.486273,-42.242064,-11.892315,frame_004220
100.501338,-42.356967,-11.907270,frame_004221
100.515689,-42.472348,-11.922110,frame_004222
100.529498,-42.588107,-11.936816,frame_004223
100.542936,-42.704142,-11.951375,frame_004224
100.556012,-42.821553,-11.965780,frame_004225
100.568575,-42.940462,-11.980016,frame_004226
100.580472,-43.060999,-11.994069,frame_004227
100.592458,-43.182102,-12.007943,frame_004228
100.604549,-43.303695,-12.021636,frame_004229
100.616768,-43.425703,-12.035148,frame_004230
100.629142,-43.547064,-12.048464,frame_004231
100.641708,-43.667910,-12.061574,frame_004232
100.654506,-43.788360,-12.074469,frame_004233
100.666676,-43.909514,-12.087148,frame_004234
100.678104,-44.031272,-12.099599,frame_004235
100.688675,-44.153534,-12.111812,frame_004236
100.699184,-44.276198,-12.123836,frame_004237
100.709683,-44.399164,-12.135664,frame_004238
100.720234,-44.522331,-12.147290,frame_004239
100.729996,-44.644612,-12.158760,frame_004240
100.738872,-44.766113,-12.170070,frame_004241
100.746768,-44.886930,-12.181220,frame_004242
100.755243,-45.008136,-12.192190,frame_004243
100.764214,-45.129607,-12.202985,frame_004244
100.773611,-45.251216,-12.213610,frame_004245
100.781724,-45.372838,-12.224038,frame_004246
100.788495,-45.494346,-12.234270,frame_004247
100.793867,-45.615616,-12.244307,frame_004248
100.798691,-45.736734,-12.254163,frame_004249
100.803078,-45.858004,-12.263847,frame_004250
100.807145,-45.979726,-12.273368,frame_004251
100.810109,-46.101989,-12.282693,frame_004252
100.811931,-46.224667,-12.291822,frame_004253
100.812573,-46.347635,-12.300760,frame_004254
100.813650,-46.469780,-12.309483,frame_004255
100.815138,-46.591182,-12.317998,frame_004256
100.817024,-46.711912,-12.326317,frame_004257
100.817654,-46.833020,-12.334473,frame_004258
100.817028,-46.954354,-12.342487,frame_004259
100.815146,-47.075764,-12.350382,frame_004260
100.813661,-47.198298,-12.358177,frame_004261
100.812587,-47.322028,-12.365889,frame_004262
100.811949,-47.447033,-12.373538,frame_004263
100.810131,-47.571215,-12.381076,frame_004264
100.807171,-47.694655,-12.388505,frame_004265
100.803107,-47.817423,-12.395829,frame_004266
100.798724,-47.940569,-12.403003,frame_004267
100.793903,-48.063940,-12.410031,frame_004268
100.788535,-48.187388,-12.416916,frame_004269
100.782513,-48.310973,-12.423691,frame_004270
100.775741,-48.434974,-12.430371,frame_004271
100.768125,-48.559666,-12.436977,frame_004272
100.760489,-48.685114,-12.443483,frame_004273
100.752921,-48.811165,-12.449904,frame_004274
100.745522,-48.937668,-12.456250,frame_004275
100.737498,-49.064474,-12.462526,frame_004276
100.728810,-49.191431,-12.468744,frame_004277
100.719421,-49.318387,-12.474916,frame_004278
100.709303,-49.444207,-12.481085,frame_004279
100.698434,-49.568944,-12.487269,frame_004280
100.686798,-49.692644,-12.493483,frame_004281
100.674385,-49.817532,-12.499749,frame_004282
100.661193,-49.943654,-12.506070,frame_004283
100.647225,-50.071063,-12.512453,frame_004284
100.632490,-50.198623,-12.518829,frame_004285
100.617003,-50.326184,-12.525212,frame_004286
100.600788,-50.453593,-12.531618,frame_004287
100.583872,-50.579715,-12.538046,frame_004288
100.566291,-50.704603,-12.544501,frame_004289
100.548086,-50.828304,-12.550990,frame_004290
100.529304,-50.953041,-12.557494,frame_004291
100.510000,-51.078860,-12.564011,frame_004292
100.490233,-51.205817,-12.570540,frame_004293
100.469162,-51.332774,-12.577070,frame_004294
100.446693,-51.459580,-12.583607,frame_004295
100.422730,-51.586084,-12.590153,frame_004296
100.398831,-51.712135,-12.596710,frame_004297
100.374915,-51.837582,-12.603278,frame_004298
100.350911,-51.962275,-12.609856,frame_004299
100.326017,-52.086276,-12.616461,frame_004300
100.300343,-52.209862,-12.623089,frame_004301
100.274006,-52.333309,-12.629736,frame_004302
100.247878,-52.456681,-12.636378,frame_004303
100.221931,-52.579827,-12.643011,frame_004304
100.196153,-52.702595,-12.649630,frame_004305
100.168891,-52.826036,-12.656252,frame_004306
100.140145,-52.950219,-12.662877,frame_004307
100.109915,-53.075224,-12.669505,frame_004308
100.079853,-53.199940,-12.676154,frame_004309
100.049974,-53.324242,-12.682826,frame_004310
100.020303,-53.448002,-12.689519,frame_004311
99.989969,-53.571096,-12.696222,frame_004312
99.958855,-53.693397,-12.702929,frame_004313
99.926851,-53.814780,-12.709635,frame_004314
99.894013,-53.936320,-12.716313,frame_004315
99.860567,-54.058111,-12.722955,frame_004316
99.826744,-54.180260,-12.729552,frame_004317
99.792620,-54.301679,-12.736108,frame_004318
99.758117,-54.422268,-12.742620,frame_004319
99.723160,-54.541927,-12.749084,frame_004320
99.687684,-54.661754,-12.755529,frame_004321
99.651628,-54.781871,-12.761953,frame_004322
99.614939,-54.902408,-12.768357,frame_004323
99.577568,-55.022304,-12.774732,frame_004324
99.539474,-55.141482,-12.781080,frame_004325
99.500623,-55.259869,-12.787403,frame_004326
99.460987,-55.376401,-12.793695,frame_004327
99.420542,-55.491210,-12.799961,frame_004328
99.379273,-55.604416,-12.806205,frame_004329
99.337170,-55.718318,-12.812422,frame_004330
99.294231,-55.833040,-12.818614,frame_004331
99.250458,-55.948709,-12.824786,frame_004332
99.205861,-56.064266,-12.830914,frame_004333
99.160456,-56.179634,-12.836991,frame_004334
99.114265,-56.294737,-12.843008,frame_004335
99.068063,-56.409501,-12.849012,frame_004336
99.021729,-56.523850,-12.855009,frame_004337
98.975154,-56.637709,-12.861005,frame_004338
98.927499,-56.753187,-12.866992,frame_004339
98.878836,-56.870227,-12.872971,frame_004340
98.829245,-56.988786,-12.878942,frame_004341
98.779556,-57.106654,-12.884905,frame_004342
98.729707,-57.223804,-12.890856,frame_004343
98.679646,-57.340213,-12.896793,frame_004344
98.628591,-57.455854,-12.902726,frame_004345
98.576670,-57.570703,-12.908659,frame_004346
98.524020,-57.684734,-12.914597,frame_004347
98.470622,-57.797923,-12.920549,frame_004348
98.416302,-57.910243,-12.926515,frame_004349
98.360891,-58.021671,-12.932495,frame_004350
98.304390,-58.133380,-12.938466,frame_004351
98.246967,-58.245569,-12.944425,frame_004352
98.188795,-58.358441,-12.950367,frame_004353
98.129895,-58.471012,-12.956301,frame_004354
98.070130,-58.583280,-12.962224,frame_004355
98.009369,-58.695247,-12.968136,frame_004356
97.948397,-58.806912,-12.974054,frame_004357
97.887264,-58.918276,-12.979973,frame_004358
97.826035,-59.029337,-12.985891,frame_004359
97.763877,-59.141082,-12.991810,frame_004360
97.700711,-59.253307,-12.997723,frame_004361
97.636463,-59.365813,-13.003622,frame_004362
97.570323,-59.477426,-13.009506,frame_004363
97.502384,-59.588171,-13.015362,frame_004364
97.432741,-59.698074,-13.021179,frame_004365
97.363145,-59.808145,-13.026928,frame_004366
97.293702,-59.918204,-13.032602,frame_004367
97.224533,-60.028080,-13.038194,frame_004368
97.155609,-60.136623,-13.043717,frame_004369
97.086753,-60.243882,-13.049166,frame_004370
97.017801,-60.349909,-13.054537,frame_004371
96.947852,-60.455740,-13.059795,frame_004372
96.876925,-60.561219,-13.064941,frame_004373
96.805040,-60.666200,-13.069971,frame_004374
96.732227,-60.770545,-13.074904,frame_004375
96.658519,-60.874124,-13.079739,frame_004376
96.583959,-60.976814,-13.084477,frame_004377
96.509340,-61.079703,-13.089146,frame_004378
96.434561,-61.182908,-13.093745,frame_004379
96.359532,-61.286564,-13.098275,frame_004380
96.284178,-61.388635,-13.102735,frame_004381
96.208435,-61.489272,-13.107128,frame_004382
96.132253,-61.588626,-13.111455,frame_004383
96.054846,-61.687834,-13.115672,frame_004384
95.976346,-61.786841,-13.119783,frame_004385
95.896889,-61.885603,-13.123794,frame_004386
95.816456,-61.984079,-13.127705,frame_004387
95.734872,-62.082243,-13.131526,frame_004388
95.651969,-62.180072,-13.135272,frame_004389
95.568493,-62.276353,-13.138951,frame_004390
95.484457,-62.370861,-13.142575,frame_004391
95.399886,-62.463370,-13.146151,frame_004392
95.313165,-62.555838,-13.149670,frame_004393
95.224332,-62.648056,-13.153142,frame_004394
95.133424,-62.739832,-13.156578,frame_004395
95.042133,-62.830002,-13.159961,frame_004396
94.950511,-62.918614,-13.163313,frame_004397
94.858620,-63.005721,-13.166653,frame_004398
94.765630,-63.091387,-13.169943,frame_004399
94.671460,-63.175683,-13.173206,frame_004400
94.576038,-63.258689,-13.176465,frame_004401
94.480205,-63.340492,-13.179652,frame_004402
94.384069,-63.421189,-13.182808,frame_004403
94.287749,-63.500884,-13.185972,frame_004404
94.190473,-63.580678,-13.189099,frame_004405
94.092217,-63.660486,-13.192244,frame_004406
93.992966,-63.740242,-13.195456,frame_004407
93.893457,-63.819894,-13.198790,frame_004408
93.793529,-63.899409,-13.202282,frame_004409
93.693039,-63.978772,-13.205968,frame_004410
93.591106,-64.055794,-13.209762,frame_004411
93.487765,-64.130477,-13.213712,frame_004412
93.383058,-64.202821,-13.217864,frame_004413
93.277939,-64.275011,-13.222218,frame_004414
93.172632,-64.347065,-13.226816,frame_004415
93.067371,-64.419015,-13.231691,frame_004416
92.961494,-64.489713,-13.236891,frame_004417
92.855095,-64.559002,-13.242449,frame_004418
92.748272,-64.626738,-13.248399,frame_004419
92.640221,-64.693980,-13.254723,frame_004420
92.530886,-64.760821,-13.261453,frame_004421
92.420209,-64.827370,-13.268615,frame_004422
92.309787,-64.892554,-13.276178,frame_004423
92.199575,-64.956292,-13.284181,frame_004424
92.089542,-65.018513,-13.292663,frame_004425
91.978924,-65.079154,-13.301647,frame_004426
91.867868,-65.138161,-13.311161,frame_004427
91.756530,-65.195488,-13.321227,frame_004428
91.644165,-65.252082,-13.331826,frame_004429
91.530772,-65.307710,-13.342973,frame_004430
91.416352,-65.362153,-13.354679,frame_004431
91.301650,-65.415424,-13.366914,frame_004432
91.186511,-65.467765,-13.379689,frame_004433
91.070785,-65.519438,-13.393007,frame_004434
90.954493,-65.569518,-13.406901,frame_004435
90.837820,-65.618077,-13.421373,frame_004436
90.720961,-65.665195,-13.436419,frame_004437
90.603954,-65.710959,-13.452070,frame_004438
90.486681,-65.755466,-13.468317,frame_004439
90.369031,-65.798821,-13.485141,frame_004440
90.250153,-65.842124,-13.502496,frame_004441
90.130105,-65.885289,-13.520357,frame_004442
90.008944,-65.928251,-13.538699,frame_004443
89.888381,-65.968773,-13.557501,frame_004444
89.768484,-66.006805,-13.576730,frame_004445
89.649338,-66.042295,-13.596346,frame_004446
89.530128,-66.076395,-13.616361,frame_004447
89.410796,-66.109275,-13.636734,frame_004448
89.291287,-66.141117,-13.657420,frame_004449
89.170807,-66.173094,-13.678344,frame_004450
89.049470,-66.205199,-13.699476,frame_004451
88.927392,-66.237439,-13.720782,frame_004452
88.805431,-66.268855,-13.742360,frame_004453
88.683548,-66.299692,-13.764181,frame_004454
88.561706,-66.330208,-13.786216,frame_004455
88.439131,-66.359466,-13.808535,frame_004456
88.315957,-66.387516,-13.831118,frame_004457
88.192317,-66.414410,-13.853941,frame_004458
88.068182,-66.441182,-13.876937,frame_004459
87.943361,-66.467679,-13.900072,frame_004460
87.817666,-66.493753,-13.923312,frame_004461
87.691812,-66.519480,-13.946683,frame_004462
87.565778,-66.545157,-13.970178,frame_004463
87.439549,-66.571092,-13.993785,frame_004464
87.313113,-66.597383,-14.017487,frame_004465
87.186469,-66.623926,-14.041279,frame_004466
87.059620,-66.650626,-14.065151,frame_004467
86.932574,-66.676408,-14.089095,frame_004468
86.805349,-66.701397,-14.113102,frame_004469
86.677965,-66.725719,-14.137159,frame_004470
86.550452,-66.750487,-14.161314,frame_004471
86.422844,-66.775620,-14.185553,frame_004472
86.295183,-66.801048,-14.209863,frame_004473
86.166609,-66.825720,-14.234341,frame_004474
86.037007,-66.849790,-14.258983,frame_004475
85.906263,-66.873406,-14.283784,frame_004476
85.775171,-66.897707,-14.308781,frame_004477
85.643785,-66.922637,-14.333957,frame_004478
85.512164,-66.948151,-14.359293,frame_004479
85.380376,-66.973011,-14.384784,frame_004480
85.248494,-66.996965,-14.410416,frame_004481
85.116596,-67.019763,-14.436174,frame_004482
84.983861,-67.041365,-14.462050,frame_004483
84.850213,-67.061948,-14.488044,frame_004484
84.715574,-67.081689,-14.514154,frame_004485
84.581524,-67.101749,-14.540387,frame_004486
84.447999,-67.122100,-14.566737,frame_004487
84.314947,-67.142719,-14.593200,frame_004488
84.180678,-67.162609,-14.619782,frame_004489
84.045152,-67.181971,-14.646467,frame_004490
83.908332,-67.201006,-14.673234,frame_004491
83.771088,-67.219701,-14.700148,frame_004492
83.633550,-67.237830,-14.727181,frame_004493
83.495854,-67.255167,-14.754304,frame_004494
83.357234,-67.272685,-14.781505,frame_004495
83.217673,-67.290380,-14.808753,frame_004496
83.077151,-67.308255,-14.836016,frame_004497
82.935648,-67.325339,-14.863332,frame_004498
82.793147,-67.341857,-14.890651,frame_004499
82.649627,-67.358034,-14.917923,frame_004500
82.505978,-67.373885,-14.945179,frame_004501
82.362348,-67.389208,-14.972389,frame_004502
82.218894,-67.403801,-14.999526,frame_004503
82.077853,-67.418663,-15.026295,frame_004504
81.938603,-67.433816,-15.052714,frame_004505
81.796631,-67.449288,-15.079180,frame_004506
81.653091,-67.465117,-15.105620,frame_004507
81.508388,-67.481349,-15.131971,frame_004508
81.362925,-67.498039,-15.158174,frame_004509
81.218994,-67.514050,-15.183830,frame_004510
81.076244,-67.529231,-15.208958,frame_004511
80.932104,-67.542692,-15.233918,frame_004512
80.786719,-67.555634,-15.258724,frame_004513
80.640235,-67.568278,-15.283338,frame_004514
80.492793,-67.580845,-15.307727,frame_004515
80.344904,-67.593098,-15.331803,frame_004516
80.196625,-67.604884,-15.355564,frame_004517
80.048012,-67.616055,-15.379005,frame_004518
79.900989,-67.627658,-15.401885,frame_004519
79.755223,-67.639766,-15.424260,frame_004520
79.608534,-67.652457,-15.446414,frame_004521
79.461012,-67.664619,-15.468335,frame_004522
79.312743,-67.676128,-15.490031,frame_004523
79.163445,-67.687596,-15.511619,frame_004524
79.013285,-67.699944,-15.533067,frame_004525
78.862424,-67.713121,-15.554364,frame_004526
78.711024,-67.727089,-15.575500,frame_004527
78.561479,-67.739888,-15.595951,frame_004528
78.413478,-67.751441,-15.615799,frame_004529
78.264858,-67.761674,-15.635505,frame_004530
78.115727,-67.770510,-15.655081,frame_004531
77.966193,-67.777875,-15.674534,frame_004532
77.815992,-67.783693,-15.693939,frame_004533
77.665308,-67.789088,-15.713334,frame_004534
77.514324,-67.794207,-15.732724,frame_004535
77.363219,-67.799206,-15.752116,frame_004536
77.211634,-67.803047,-15.771451,frame_004537
77.059497,-67.805681,-15.790750,frame_004538
76.906728,-67.807058,-15.810038,frame_004539
76.756015,-67.808326,-15.828994,frame_004540
76.607044,-67.809657,-15.847702,frame_004541
76.456722,-67.811972,-15.866605,frame_004542
76.305352,-67.814106,-15.885635,frame_004543
76.153226,-67.815885,-15.904790,frame_004544
76.000631,-67.817142,-15.924065,frame_004545
75.848779,-67.816979,-15.943324,frame_004546
75.697745,-67.815393,-15.962587,frame_004547
75.547606,-67.812387,-15.981875,frame_004548
75.400302,-67.809159,-16.000910,frame_004549
75.255521,-67.805932,-16.019737,frame_004550
75.111102,-67.802936,-16.038632,frame_004551
74.967152,-67.799211,-16.057600,frame_004552
74.823779,-67.794782,-16.076640,frame_004553
74.681092,-67.789673,-16.095781,frame_004554
74.535566,-67.783910,-16.115302,frame_004555
74.386638,-67.777518,-16.135244,frame_004556
74.237737,-67.771509,-16.155172,frame_004557
74.089285,-67.765702,-16.175054,frame_004558
73.941708,-67.759925,-16.194853,frame_004559
73.796176,-67.753029,-16.214587,frame_004560
73.649558,-67.745063,-16.234636,frame_004561
73.501503,-67.736079,-16.255032,frame_004562
73.354369,-67.727026,-16.275341,frame_004563
73.208276,-67.718121,-16.295533,frame_004564
73.063351,-67.709588,-16.315577,frame_004565
72.918790,-67.702396,-16.335587,frame_004566
72.774464,-67.695727,-16.355604,frame_004567
72.630611,-67.689508,-16.375587,frame_004568
72.487459,-67.683673,-16.395493,frame_004569
72.345759,-67.677423,-16.415210,frame_004570
72.204720,-67.670858,-16.434835,frame_004571
72.063956,-67.665066,-16.454514,frame_004572
71.923488,-67.659941,-16.474223,frame_004573
71.783334,-67.655387,-16.493942,frame_004574
71.643966,-67.649431,-16.513459,frame_004575
71.505489,-67.642030,-16.532744,frame_004576
71.368008,-67.633138,-16.551765,frame_004577
71.231632,-67.622701,-16.570491,frame_004578
71.093752,-67.611561,-16.589456,frame_004579
70.953978,-67.599816,-16.608732,frame_004580
70.813429,-67.588555,-16.627946,frame_004581
70.672262,-67.577671,-16.647088,frame_004582
70.530624,-67.567070,-16.666152,frame_004583
70.389859,-67.555676,-16.685018,frame_004584
70.250031,-67.543615,-16.703670,frame_004585
70.111209,-67.531013,-16.722090,frame_004586
69.973464,-67.518983,-16.740215,frame_004587
69.836417,-67.507444,-16.758108,frame_004588
69.700062,-67.496325,-16.775771,frame_004589
69.564391,-67.484577,-16.793225,frame_004590
69.427130,-67.472351,-16.810841,frame_004591
69.287852,-67.459798,-16.828686,frame_004592
69.148026,-67.446908,-16.846439,frame_004593
69.008135,-67.433513,-16.864081,frame_004594
68.868658,-67.419441,-16.881592,frame_004595
68.730068,-67.404523,-16.898952,frame_004596
68.595055,-67.388750,-16.915761,frame_004597
68.463175,-67.372273,-16.932131,frame_004598
68.332131,-67.356228,-16.948466,frame_004599
68.199631,-67.340562,-16.965058,frame_004600
68.065227,-67.325228,-16.981996,frame_004601
67.929982,-67.309201,-16.999054,frame_004602
67.793994,-67.292659,-17.016278,frame_004603
67.657356,-67.275778,-17.033710,frame_004604
67.520898,-67.259719,-17.051368,frame_004605
67.384545,-67.244453,-17.069280,frame_004606
67.248221,-67.229960,-17.087472,frame_004607
67.112756,-67.214040,-17.105973,frame_004608
66.978244,-67.196673,-17.124812,frame_004609
66.844782,-67.177830,-17.144018,frame_004610
66.710822,-67.159658,-17.163544,frame_004611
66.576462,-67.142128,-17.183404,frame_004612
66.441793,-67.125220,-17.203609,frame_004613
66.307647,-67.107934,-17.224233,frame_004614
66.173949,-67.090472,-17.245296,frame_004615
66.040622,-67.073036,-17.266813,frame_004616
65.907978,-67.054926,-17.288606,frame_004617
65.776308,-67.036177,-17.310659,frame_004618
65.645902,-67.016817,-17.332952,frame_004619
65.517798,-66.997854,-17.355507,frame_004620
65.388732,-66.980000,-17.378749,frame_004621
65.258219,-66.963232,-17.402725,frame_004622
65.127284,-66.945352,-17.427089,frame_004623
64.995987,-66.926340,-17.451813,frame_004624
64.864381,-66.906165,-17.476870,frame_004625
64.733261,-66.886976,-17.502188,frame_004626
64.602512,-66.868744,-17.527773,frame_004627
64.472020,-66.851448,-17.553626,frame_004628
64.340924,-66.834089,-17.579895,frame_004629
64.209267,-66.816868,-17.606545,frame_004630
64.077082,-66.799987,-17.633539,frame_004631
63.946052,-66.783433,-17.660656,frame_004632
63.816213,-66.766980,-17.687890,frame_004633
63.687605,-66.750400,-17.715228,frame_004634
63.558622,-66.733683,-17.742653,frame_004635
63.429305,-66.717028,-17.770161,frame_004636
63.299689,-66.700638,-17.797743,frame_004637
63.170550,-66.684499,-17.825336,frame_004638
63.041752,-66.668385,-17.852958,frame_004639
62.913164,-66.652070,-17.880623,frame_004640
62.783907,-66.635541,-17.908248,frame_004641
62.654001,-66.618999,-17.935850,frame_004642
62.523464,-66.602646,-17.963442,frame_004643
62.394120,-66.586770,-17.990954,frame_004644
62.266309,-66.571198,-18.018382,frame_004645
62.140375,-66.555763,-18.045717,frame_004646
62.016673,-66.539312,-18.072892,frame_004647
61.891474,-66.522785,-18.100529,frame_004648
61.764387,-66.506384,-18.128732,frame_004649
61.638014,-66.490096,-18.157148,frame_004650
61.512183,-66.473695,-18.185832,frame_004651
61.386724,-66.456954,-18.214834,frame_004652
61.261626,-66.439861,-18.244279,frame_004653
61.137041,-66.422617,-18.274208,frame_004654
61.013123,-66.405424,-18.304660,frame_004655
60.889116,-66.387282,-18.335620,frame_004656
60.765003,-66.368171,-18.367120,frame_004657
60.640763,-66.348061,-18.399187,frame_004658
60.516366,-66.329100,-18.432034,frame_004659
60.391779,-66.311260,-18.465649,frame_004660
60.266959,-66.294520,-18.500017,frame_004661
60.142768,-66.276680,-18.534927,frame_004662
60.019318,-66.257720,-18.570401,frame_004663
59.896726,-66.237610,-18.606461,frame_004664
59.774941,-66.218499,-18.643165,frame_004665
59.653757,-66.200357,-18.680516,frame_004666
59.532962,-66.183163,-18.718509,frame_004667
59.412510,-66.165919,-18.757304,frame_004668
59.292515,-66.148827,-18.796863,frame_004669
59.173091,-66.132086,-18.837149,frame_004670
59.053444,-66.115685,-18.878029,frame_004671
58.933520,-66.099397,-18.919458,frame_004672
58.813260,-66.082996,-18.961386,frame_004673
58.693504,-66.066469,-19.003786,frame_004674
58.574347,-66.050018,-19.046596,frame_004675
58.455885,-66.033843,-19.089751,frame_004676
58.337305,-66.017933,-19.133385,frame_004677
58.218534,-66.002060,-19.177440,frame_004678
58.099493,-65.985998,-19.221855,frame_004679
57.981004,-65.969736,-19.266564,frame_004680
57.863143,-65.953473,-19.311432,frame_004681
57.745986,-65.937412,-19.356324,frame_004682
57.628701,-65.920553,-19.401246,frame_004683
57.511197,-65.902875,-19.446111,frame_004684
57.393375,-65.884350,-19.490831,frame_004685
57.276038,-65.867126,-19.535432,frame_004686
57.159244,-65.851172,-19.579820,frame_004687
57.043049,-65.836469,-19.623898,frame_004688
56.925857,-65.820818,-19.667747,frame_004689
56.807713,-65.804197,-19.711288,frame_004690
56.688647,-65.786578,-19.754442,frame_004691
56.570332,-65.769122,-19.797221,frame_004692
56.452789,-65.752005,-19.839567,frame_004693
56.336035,-65.735405,-19.881424,frame_004694
56.220090,-65.719282,-19.922804,frame_004695
56.104973,-65.703386,-19.963651,frame_004696
55.990703,-65.687464,-20.003913,frame_004697
55.877299,-65.671480,-20.043594,frame_004698
55.764779,-65.655608,-20.082660,frame_004699
55.653164,-65.640026,-20.121081,frame_004700
55.540818,-65.624696,-20.158905,frame_004701
55.427747,-65.609366,-20.196138,frame_004702
55.313945,-65.593784,-20.232791,frame_004703
55.201048,-65.578898,-20.268854,frame_004704
55.089035,-65.564681,-20.304333,frame_004705
54.977888,-65.551110,-20.339238,frame_004706
54.867589,-65.537186,-20.373580,frame_004707
54.758116,-65.523112,-20.407390,frame_004708
54.649453,-65.509088,-20.440701,frame_004709
54.541580,-65.495101,-20.473275,frame_004710
54.434477,-65.480926,-20.505129,frame_004711
54.328126,-65.466336,-20.536284,frame_004712
54.221761,-65.452305,-20.567043,frame_004713
54.115520,-65.438827,-20.597469,frame_004714
54.009532,-65.425908,-20.627623,frame_004715
53.903759,-65.411374,-20.657469,frame_004716
53.797994,-65.395229,-20.687076,frame_004717
53.692026,-65.377470,-20.716522,frame_004718
53.585798,-65.360268,-20.745700,frame_004719
53.479406,-65.343621,-20.774662,frame_004720
53.372945,-65.327533,-20.803459,frame_004721
53.267245,-65.309829,-20.832302,frame_004722
53.162229,-65.290515,-20.861229,frame_004723
53.057823,-65.269585,-20.890281,frame_004724
52.953950,-65.249214,-20.919469,frame_004725
52.850533,-65.229397,-20.948833,frame_004726
52.747497,-65.210139,-20.978416,frame_004727
52.644020,-65.189266,-21.008293,frame_004728
52.540180,-65.166782,-21.038475,frame_004729
52.436051,-65.142683,-21.068976,frame_004730
52.332445,-65.119142,-21.099819,frame_004731
52.229268,-65.096156,-21.130937,frame_004732
52.126423,-65.073728,-21.162266,frame_004733
52.023070,-65.051871,-21.193937,frame_004734
51.919270,-65.030606,-21.225882,frame_004735
51.815076,-65.009963,-21.258039,frame_004736
51.711281,-64.988778,-21.290423,frame_004737
51.607772,-64.966877,-21.322932,frame_004738
51.504434,-64.944083,-21.355468,frame_004739
51.401315,-64.920433,-21.387992,frame_004740
51.298624,-64.896179,-21.420386,frame_004741
51.196570,-64.871574,-21.452537,frame_004742
51.095202,-64.847854,-21.484392,frame_004743
50.994404,-64.825065,-21.515839,frame_004744
50.894064,-64.803263,-21.546772,frame_004745
50.794065,-64.781310,-21.577076,frame_004746
50.694296,-64.759054,-21.606639,frame_004747
50.594640,-64.736346,-21.635358,frame_004748
50.494238,-64.714234,-21.663191,frame_004749
50.393132,-64.692790,-21.690040,frame_004750
50.291356,-64.672093,-21.715814,frame_004751
50.190592,-64.650045,-21.740518,frame_004752
50.090875,-64.626725,-21.764076,frame_004753
49.992247,-64.602206,-21.786422,frame_004754
49.893102,-64.577536,-21.807446,frame_004755
49.793480,-64.552563,-21.827099,frame_004756
49.693416,-64.527138,-21.845334,frame_004757
49.593685,-64.502310,-21.862178,frame_004758
49.494155,-64.478148,-21.877603,frame_004759
49.394690,-64.454734,-21.891593,frame_004760
49.295160,-64.430955,-21.904231,frame_004761
49.195429,-64.406685,-21.915531,frame_004762
49.095365,-64.381799,-21.925510,frame_004763
48.994997,-64.356171,-21.934162,frame_004764
48.894515,-64.329675,-21.941514,frame_004765
48.794108,-64.302186,-21.947599,frame_004766
48.693807,-64.274777,-21.952569,frame_004767
48.593477,-64.247545,-21.956477,frame_004768
48.492985,-64.220594,-21.959384,frame_004769
48.393106,-64.192839,-21.961364,frame_004770
48.293874,-64.164178,-21.962498,frame_004771
48.195331,-64.134510,-21.962880,frame_004772
48.096618,-64.104936,-21.962488,frame_004773
47.997618,-64.075576,-21.961401,frame_004774
47.898219,-64.046561,-21.959707,frame_004775
47.798306,-64.015843,-21.957512,frame_004776
47.697766,-63.983552,-21.954918,frame_004777
47.596483,-63.949810,-21.952035,frame_004778
47.495251,-63.916915,-21.948896,frame_004779
47.394125,-63.884989,-21.945594,frame_004780
47.293164,-63.854163,-21.942230,frame_004781
47.192273,-63.823375,-21.938650,frame_004782
47.091203,-63.792548,-21.934920,frame_004783
46.989708,-63.761609,-21.931109,frame_004784
46.887713,-63.730481,-21.927133,frame_004785
46.785309,-63.699089,-21.923052,frame_004786
46.682595,-63.667357,-21.918929,frame_004787
46.578767,-63.635210,-21.914753,frame_004788
46.473769,-63.602573,-21.910537,frame_004789
46.367544,-63.569369,-21.906298,frame_004790
46.260942,-63.536724,-21.902060,frame_004791
46.154074,-63.504784,-21.897796,frame_004792
46.047058,-63.473705,-21.893486,frame_004793
45.939855,-63.442450,-21.889116,frame_004794
45.832272,-63.410968,-21.884649,frame_004795
45.724123,-63.379209,-21.880047,frame_004796
45.614479,-63.347123,-21.875291,frame_004797
45.503322,-63.314660,-21.870335,frame_004798
45.390634,-63.281770,-21.865139,frame_004799
45.278048,-63.248401,-21.859632,frame_004800
45.165558,-63.214504,-21.853767,frame_004801
45.053172,-63.180029,-21.847506,frame_004802
44.939253,-63.146124,-21.840965,frame_004803
44.823821,-63.112963,-21.834064,frame_004804
44.706896,-63.080725,-21.826729,frame_004805
44.590149,-63.048398,-21.818960,frame_004806
44.473613,-63.015959,-21.810694,frame_004807
44.357332,-62.983381,-21.801874,frame_004808
44.240456,-62.950639,-21.792401,frame_004809
44.122885,-62.917709,-21.782231,frame_004810
44.004529,-62.884565,-21.771330,frame_004811
43.884554,-62.851183,-21.759877,frame_004812
43.763039,-62.817535,-21.747799,frame_004813
43.640058,-62.783599,-21.735031,frame_004814
43.517341,-62.749348,-21.721569,frame_004815
43.394978,-62.714758,-21.707347,frame_004816
43.273070,-62.679803,-21.692309,frame_004817
43.150823,-62.644458,-21.676524,frame_004818
43.028196,-62.608698,-21.659905,frame_004819
42.905154,-62.572497,-21.642380,frame_004820
42.781668,-62.535831,-21.623811,frame_004821
42.657717,-62.498675,-21.604163,frame_004822
42.533285,-62.461003,-21.583405,frame_004823
42.408362,-62.422790,-21.561329,frame_004824
42.282944,-62.384011,-21.537952,frame_004825
42.157035,-62.344641,-21.513302,frame_004826
42.031391,-62.305855,-21.487572,frame_004827
41.905872,-62.267849,-21.460765,frame_004828
41.780351,-62.230829,-21.432893,frame_004829
41.653968,-62.193809,-21.403925,frame_004830
41.526777,-62.156789,-21.373880,frame_004831
41.398838,-62.119770,-21.342785,frame_004832
41.269309,-62.082750,-21.310506,frame_004833
41.138097,-62.045730,-21.277119,frame_004834
41.005105,-62.008710,-21.242705,frame_004835
40.871147,-61.971691,-21.207411,frame_004836
40.736294,-61.934671,-21.171329,frame_004837
40.600627,-61.897651,-21.134558,frame_004838
40.464232,-61.860631,-21.097029,frame_004839
40.327199,-61.823611,-21.058838,frame_004840
40.189628,-61.786592,-21.020084,frame_004841
40.051623,-61.749572,-20.980615,frame_004842
39.913295,-61.712552,-20.940535,frame_004843
39.774762,-61.675532,-20.899950,frame_004844
39.635238,-61.639498,-20.858797,frame_004845
39.494688,-61.604245,-20.817192,frame_004846
39.353071,-61.569576,-20.775256,frame_004847
39.211259,-61.534315,-20.733010,frame_004848
39.069381,-61.498489,-20.690576,frame_004849
38.927573,-61.462121,-20.648075,frame_004850
38.784324,-61.426224,-20.605584,frame_004851
38.639771,-61.390617,-20.563230,frame_004852
38.494044,-61.355128,-20.521141,frame_004853
38.348921,-61.318608,-20.479158,frame_004854
38.204530,-61.281107,-20.437379,frame_004855
38.061010,-61.242675,-20.395903,frame_004856
37.917593,-61.204349,-20.354676,frame_004857
37.774263,-61.165973,-20.313810,frame_004858
37.630999,-61.127401,-20.273415,frame_004859
37.487783,-61.087509,-20.233603,frame_004860
37.344596,-61.046371,-20.194491,frame_004861
37.201417,-61.004063,-20.156194,frame_004862
37.058392,-60.961648,-20.118520,frame_004863
36.915822,-60.918994,-20.081538,frame_004864
36.774014,-60.875980,-20.045311,frame_004865
36.633110,-60.832494,-20.009736,frame_004866
36.493091,-60.788429,-19.974874,frame_004867
36.353938,-60.743691,-19.940781,frame_004868
36.214886,-60.698190,-19.907203,frame_004869
36.076071,-60.651848,-19.874167,frame_004870
35.937623,-60.604592,-19.841694,frame_004871
35.799666,-60.557346,-19.809760,frame_004872
35.662318,-60.509851,-19.778413,frame_004873
35.525689,-60.461862,-19.747697,frame_004874
35.390630,-60.412168,-19.717814,frame_004875
35.257084,-60.360764,-19.688836,frame_004876
35.124994,-60.307654,-19.660828,frame_004877
34.992648,-60.252852,-19.633632,frame_004878
34.859978,-60.196377,-19.607263,frame_004879
34.726901,-60.138260,-19.581726,frame_004880
34.594229,-60.079524,-19.557063,frame_004881
34.462023,-60.020010,-19.533253,frame_004882
34.330336,-59.959575,-19.510269,frame_004883
34.199216,-59.897108,-19.488205,frame_004884
34.068705,-59.832704,-19.467067,frame_004885
33.938836,-59.766469,-19.446850,frame_004886
33.809640,-59.699502,-19.427512,frame_004887
33.681138,-59.631720,-19.409023,frame_004888
33.553345,-59.563054,-19.391351,frame_004889
33.425526,-59.492468,-19.374459,frame_004890
33.297839,-59.420136,-19.358314,frame_004891
33.170429,-59.346236,-19.342874,frame_004892
33.044177,-59.271944,-19.328209,frame_004893
32.919047,-59.197250,-19.314283,frame_004894
32.794997,-59.122165,-19.301056,frame_004895
32.671982,-59.045512,-19.288551,frame_004896
32.549945,-58.967112,-19.276742,frame_004897
32.428828,-58.886792,-19.265596,frame_004898
32.308563,-58.805590,-19.255098,frame_004899
32.189078,-58.723571,-19.245213,frame_004900
32.070293,-58.640820,-19.235902,frame_004901
31.952285,-58.555252,-19.227187,frame_004902
31.835285,-58.466968,-19.219013,frame_004903
31.719517,-58.376067,-19.211323,frame_004904
31.605040,-58.284836,-19.204088,frame_004905
31.491743,-58.193393,-19.197257,frame_004906
31.379507,-58.101872,-19.190771,frame_004907
31.267463,-58.009225,-19.184680,frame_004908
31.155637,-57.915396,-19.178943,frame_004909
31.044042,-57.820339,-19.173513,frame_004910
30.933422,-57.724230,-19.168384,frame_004911
30.823611,-57.627469,-19.163504,frame_004912
30.714433,-57.530461,-19.158819,frame_004913
30.605871,-57.433407,-19.154305,frame_004914
30.498059,-57.336305,-19.149909,frame_004915
30.391128,-57.239156,-19.145573,frame_004916
30.285040,-57.141976,-19.141309,frame_004917
30.179590,-57.044783,-19.137080,frame_004918
30.074563,-56.947608,-19.132844,frame_004919
29.970650,-56.850489,-19.128703,frame_004920
29.867793,-56.753470,-19.124623,frame_004921
29.765936,-56.656608,-19.120572,frame_004922
29.664274,-56.558765,-19.116611,frame_004923
29.562906,-56.459790,-19.112746,frame_004924
29.461925,-56.359531,-19.108977,frame_004925
29.361254,-56.258053,-19.105400,frame_004926
29.260649,-56.155631,-19.102012,frame_004927
29.159860,-56.052543,-19.098805,frame_004928
29.058790,-55.950051,-19.095818,frame_004929
28.957502,-55.848226,-19.093039,frame_004930
28.856047,-55.747149,-19.090451,frame_004931
28.755221,-55.645707,-19.088039,frame_004932
28.654909,-55.543774,-19.085765,frame_004933
28.554996,-55.441225,-19.083592,frame_004934
28.454622,-55.339133,-19.081645,frame_004935
28.353830,-55.237596,-19.079882,frame_004936
28.252653,-55.136719,-19.078257,frame_004937
28.151120,-55.035413,-19.076976,frame_004938
28.049253,-54.933579,-19.075941,frame_004939
27.947069,-54.831116,-19.075057,frame_004940
27.846230,-54.729124,-19.074426,frame_004941
27.746752,-54.627724,-19.073935,frame_004942
27.648658,-54.527045,-19.073476,frame_004943
27.550322,-54.426027,-19.073050,frame_004944
27.451767,-54.324594,-19.072535,frame_004945
27.353008,-54.222671,-19.071816,frame_004946
27.254801,-54.119195,-19.070902,frame_004947
27.156993,-54.014297,-19.069678,frame_004948
27.059433,-53.908099,-19.068037,frame_004949
26.961222,-53.801699,-19.065931,frame_004950
26.862364,-53.694998,-19.063261,frame_004951
26.762854,-53.587894,-19.059934,frame_004952
26.663592,-53.481487,-19.055881,frame_004953
26.564730,-53.375898,-19.051002,frame_004954
26.466420,-53.271257,-19.045202,frame_004955
26.368652,-53.167490,-19.038436,frame_004956
26.271255,-53.064314,-19.030627,frame_004957
26.174057,-52.961458,-19.021705,frame_004958
26.077051,-52.857671,-19.011605,frame_004959
25.980386,-52.752903,-19.000280,frame_004960
25.884217,-52.647104,-18.987693,frame_004961
25.787786,-52.541423,-18.973909,frame_004962
25.691080,-52.436032,-18.958878,frame_004963
25.594074,-52.331111,-18.942562,frame_004964
25.498395,-52.225649,-18.924832,frame_004965
25.404020,-52.119622,-18.905687,frame_004966
25.310933,-52.013003,-18.885136,frame_004967
25.217472,-51.905768,-18.863269,frame_004968
25.123619,-51.797892,-18.840110,frame_004969
25.029354,-51.689349,-18.815688,frame_004970
24.934647,-51.580114,-18.790026,frame_004971
24.839464,-51.470162,-18.763157,frame_004972
24.743763,-51.359468,-18.735126,frame_004973
24.648405,-51.248993,-18.706129,frame_004974
24.553504,-51.138506,-18.676223,frame_004975
24.459173,-51.027785,-18.645475,frame_004976
24.364620,-50.916830,-18.613894,frame_004977
24.269790,-50.805863,-18.581552,frame_004978
24.174623,-50.695116,-18.548529,frame_004979
24.079961,-50.583626,-18.514923,frame_004980
23.985898,-50.471419,-18.480810,frame_004981
23.892530,-50.358521,-18.446278,frame_004982
23.799043,-50.244955,-18.411364,frame_004983
23.705366,-50.130749,-18.376157,frame_004984
23.611419,-50.015926,-18.340753,frame_004985
23.518769,-49.901498,-18.305196,frame_004986
23.427338,-49.787284,-18.269567,frame_004987
23.337053,-49.673114,-18.233958,frame_004988
23.247101,-49.557836,-18.198157,frame_004989
23.157576,-49.441502,-18.162210,frame_004990
23.068576,-49.324162,-18.126174,frame_004991
22.979286,-49.205866,-18.089994,frame_004992
22.889633,-49.086664,-18.053688,frame_004993
22.799540,-48.966607,-18.017277,frame_004994
22.709826,-48.846731,-17.980711,frame_004995
22.620570,-48.726881,-17.943986,frame_004996
22.531846,-48.606910,-17.907103,frame_004997
22.442078,-48.486894,-17.870066,frame_004998
22.351328,-48.367131,-17.832846,frame_004999
22.259648,-48.247925,-17.795419,frame_005000
22.168729,-48.128393,-17.757996,frame_005001
22.078609,-48.008635,-17.720497,frame_005002
21.989327,-47.888750,-17.682847,frame_005003
21.900920,-47.769827,-17.645009,frame_005004
21.813426,-47.651760,-17.606886,frame_005005
21.726884,-47.534452,-17.568387,frame_005006
21.640424,-47.415630,-17.529605,frame_005007
21.553916,-47.295197,-17.490421,frame_005008
21.467223,-47.173049,-17.450727,frame_005009
21.381110,-47.050272,-17.410410,frame_005010
21.295597,-46.926966,-17.369394,frame_005011
21.210703,-46.803233,-17.327609,frame_005012
21.126445,-46.680159,-17.284600,frame_005013
21.042845,-46.557639,-17.240346,frame_005014
20.959920,-46.435577,-17.194832,frame_005015
20.876036,-46.312898,-17.148204,frame_005016
20.791199,-46.189729,-17.100474,frame_005017
20.705403,-46.066195,-17.051664,frame_005018
20.620282,-45.942423,-17.001667,frame_005019
20.535819,-45.818537,-16.950525,frame_005020
20.451992,-45.694663,-16.898286,frame_005021
20.368784,-45.571915,-16.844672,frame_005022
20.286176,-45.450210,-16.789801,frame_005023
20.204148,-45.329480,-16.733795,frame_005024
20.121935,-45.207474,-16.676504,frame_005025
20.039675,-45.084121,-16.618078,frame_005026
19.957496,-44.959342,-16.558667,frame_005027
19.876268,-44.835235,-16.498410,frame_005028
19.795954,-44.711720,-16.437461,frame_005029
19.716516,-44.588725,-16.375969,frame_005030
19.637914,-44.465202,-16.313837,frame_005031
19.560112,-44.341302,-16.251243,frame_005032
19.483072,-44.217175,-16.188365,frame_005033
19.406008,-44.093959,-16.125366,frame_005034
19.329039,-43.971599,-16.062418,frame_005035
19.252276,-43.850049,-15.999690,frame_005036
19.175660,-43.727086,-15.937110,frame_005037
19.098969,-43.602662,-15.874871,frame_005038
19.021968,-43.476724,-15.813164,frame_005039
18.944584,-43.350409,-15.752273,frame_005040
18.866894,-43.223868,-15.692360,frame_005041
18.788973,-43.097250,-15.633585,frame_005042
18.711631,-42.971695,-15.575998,frame_005043
18.634775,-42.847147,-15.519740,frame_005044
18.558309,-42.723559,-15.464949,frame_005045
18.481392,-42.598709,-15.411807,frame_005046
18.404084,-42.472550,-15.360408,frame_005047
18.326440,-42.345027,-15.310840,frame_005048
18.250160,-42.218264,-15.262975,frame_005049
18.175298,-42.092207,-15.216893,frame_005050
18.101915,-41.966808,-15.172671,frame_005051
18.028424,-41.841045,-15.129982,frame_005052
17.954884,-41.715093,-15.088845,frame_005053
17.881350,-41.589128,-15.049268,frame_005054
17.807870,-41.463113,-15.011372,frame_005055
17.734483,-41.336797,-14.975075,frame_005056
17.661227,-41.209927,-14.940288,frame_005057
17.588874,-41.082465,-14.906779,frame_005058
17.517292,-40.954589,-14.874383,frame_005059
17.446348,-40.826474,-14.842932,frame_005060
17.375161,-40.699282,-14.812329,frame_005061
17.303756,-40.572983,-14.782392,frame_005062
17.232146,-40.447558,-14.752936,frame_005063
17.161089,-40.321793,-14.724222,frame_005064
17.090431,-40.195462,-14.696082,frame_005065
17.020021,-40.068339,-14.668343,frame_005066
16.949868,-39.940411,-14.641029,frame_005067
16.880142,-39.811879,-14.613906,frame_005068
16.811017,-39.682944,-14.586739,frame_005069
16.741754,-39.554794,-14.559568,frame_005070
16.672357,-39.427425,-14.532139,frame_005071
16.602824,-39.300841,-14.504199,frame_005072
16.533143,-39.173855,-14.475784,frame_005073
16.463301,-39.046264,-14.446731,frame_005074
16.393274,-38.917869,-14.416879,frame_005075
16.323941,-38.788681,-14.386498,frame_005076
16.255436,-38.658927,-14.355433,frame_005077
16.187893,-38.528834,-14.323531,frame_005078
16.120535,-38.398413,-14.290506,frame_005079
16.053330,-38.267465,-14.256251,frame_005080
15.986235,-38.135787,-14.220664,frame_005081
15.919202,-38.004377,-14.183723,frame_005082
15.852179,-37.873258,-14.145408,frame_005083
15.785104,-37.742459,-14.105703,frame_005084
15.718819,-37.610817,-14.064527,frame_005085
15.653418,-37.478156,-14.021890,frame_005086
15.588998,-37.344300,-13.977803,frame_005087
15.524745,-37.209287,-13.932485,frame_005088
15.460587,-37.073368,-13.886005,frame_005089
15.396444,-36.936795,-13.838437,frame_005090
15.332393,-36.800806,-13.789761,frame_005091
15.268664,-36.665447,-13.740036,frame_005092
15.205483,-36.530771,-13.689326,frame_005093
15.142908,-36.395643,-13.637653,frame_005094
15.080826,-36.259911,-13.585109,frame_005095
15.019122,-36.123425,-13.531792,frame_005096
14.958578,-35.987233,-13.477476,frame_005097
14.899233,-35.851406,-13.422281,frame_005098
14.841126,-35.716025,-13.366328,frame_005099
14.782639,-35.578991,-13.309734,frame_005100
14.723799,-35.440384,-13.252672,frame_005101
14.664619,-35.300275,-13.195316,frame_005102
14.606751,-35.160913,-13.137854,frame_005103
14.550197,-35.022370,-13.080491,frame_005104
14.494956,-34.884725,-13.023434,frame_005105
14.440282,-34.746865,-12.966648,frame_005106
14.386330,-34.608667,-12.910273,frame_005107
14.333250,-34.470003,-12.854451,frame_005108
14.280277,-34.330961,-12.799487,frame_005109
14.227378,-34.191844,-12.745445,frame_005110
14.174510,-34.052954,-12.692389,frame_005111
14.122523,-33.914378,-12.640192,frame_005112
14.071516,-33.775990,-12.588950,frame_005113
14.021580,-33.637666,-12.538756,frame_005114
13.972639,-33.499278,-12.489756,frame_005115
13.924449,-33.360702,-12.441971,frame_005116
13.876760,-33.221812,-12.395422,frame_005117
13.829476,-33.082695,-12.349769,frame_005118
13.782658,-32.943654,-12.305000,frame_005119
13.736359,-32.804990,-12.261099,frame_005120
13.690627,-32.666791,-12.217986,frame_005121
13.645504,-32.528932,-12.175575,frame_005122
13.601024,-32.391287,-12.133776,frame_005123
13.557216,-32.253730,-12.092395,frame_005124
13.514102,-32.116135,-12.051401,frame_005125
13.471697,-31.978376,-12.010764,frame_005126
13.430012,-31.841528,-11.969986,frame_005127
13.389049,-31.705688,-11.929027,frame_005128
13.348806,-31.570959,-11.887841,frame_005129
13.309273,-31.435269,-11.846273,frame_005130
13.270433,-31.298723,-11.804356,frame_005131
13.232266,-31.161418,-11.762114,frame_005132
13.194741,-31.024426,-11.719882,frame_005133
13.157825,-30.887624,-11.677675,frame_005134
13.121476,-30.750884,-11.635502,frame_005135
13.085647,-30.614082,-11.593588,frame_005136
13.050283,-30.477091,-11.551918,frame_005137
13.015324,-30.339785,-11.510477,frame_005138
12.980705,-30.203239,-11.469143,frame_005139
12.946351,-30.067549,-11.427925,frame_005140
12.912183,-29.932821,-11.386828,frame_005141
12.879025,-29.797966,-11.345777,frame_005142
12.846950,-29.662885,-11.304775,frame_005143
12.816037,-29.527477,-11.263818,frame_005144
12.785453,-29.391641,-11.223030,frame_005145
12.755106,-29.255277,-11.182403,frame_005146
12.724899,-29.118285,-11.141927,frame_005147
12.693979,-28.980562,-11.101795,frame_005148
12.662392,-28.842010,-11.062034,frame_005149
12.630169,-28.702526,-11.022667,frame_005150
12.598984,-28.562226,-10.983821,frame_005151
12.568855,-28.421434,-10.945551,frame_005152
12.539801,-28.280479,-10.907909,frame_005153
12.510933,-28.139474,-10.871120,frame_005154
12.482103,-27.998318,-10.835224,frame_005155
12.453155,-27.856911,-10.800264,frame_005156
12.424089,-27.715151,-10.765821,frame_005157
12.395061,-27.572938,-10.732002,frame_005158
12.366219,-27.430172,-10.698905,frame_005159
12.338452,-27.286966,-10.666336,frame_005160
12.311741,-27.143646,-10.634316,frame_005161
12.286068,-27.000541,-10.602857,frame_005162
12.260666,-26.857762,-10.572249,frame_005163
12.235673,-26.715210,-10.542510,frame_005164
12.211219,-26.572783,-10.513653,frame_005165
12.187265,-26.430382,-10.485792,frame_005166
12.163606,-26.287905,-10.458807,frame_005167
12.140028,-26.145253,-10.432574,frame_005168
12.116475,-26.002537,-10.407528,frame_005169
12.093045,-25.860085,-10.383461,frame_005170
12.069831,-25.718225,-10.360167,frame_005171
12.047663,-25.577069,-10.337339,frame_005172
12.026465,-25.436517,-10.314728,frame_005173
12.006162,-25.296468,-10.292086,frame_005174
11.985931,-25.155835,-10.268588,frame_005175
11.965852,-25.014723,-10.244209,frame_005176
11.945997,-24.873229,-10.218919,frame_005177
11.927180,-24.731441,-10.192802,frame_005178
11.909304,-24.589438,-10.165895,frame_005179
11.892276,-24.447292,-10.138235,frame_005180
11.875253,-24.306265,-10.109975,frame_005181
11.858296,-24.166634,-10.081254,frame_005182
11.841459,-24.028676,-10.052206,frame_005183
11.825535,-23.891468,-10.022720,frame_005184
11.810411,-23.755064,-9.992909,frame_005185
11.795972,-23.619510,-9.962883,frame_005186
11.781357,-23.484844,-9.932602,frame_005187
11.766609,-23.351096,-9.902131,frame_005188
11.751762,-23.218285,-9.871529,frame_005189
11.736844,-23.085440,-9.840957,frame_005190
11.721879,-22.952769,-9.810503,frame_005191
11.706881,-22.820465,-9.780251,frame_005192
11.691860,-22.688705,-9.750376,frame_005193
11.676819,-22.557647,-9.720956,frame_005194
11.661756,-22.427435,-9.692062,frame_005195
11.647406,-22.298193,-9.663653,frame_005196
11.633599,-22.170032,-9.635792,frame_005197
11.620162,-22.043043,-9.608538,frame_005198
11.607088,-21.916315,-9.581902,frame_005199
11.594527,-21.790114,-9.555948,frame_005200
11.582632,-21.664677,-9.530733,frame_005201
11.570647,-21.540432,-9.506372,frame_005202
11.558558,-21.417996,-9.482920,frame_005203
11.546341,-21.297960,-9.460424,frame_005204
11.533968,-21.180676,-9.438766,frame_005205
11.521404,-21.066257,-9.417969,frame_005206
11.508607,-20.954792,-9.398053,frame_005207
11.497185,-20.845357,-9.379592,frame_005208
11.487096,-20.738195,-9.362656,frame_005209
11.478304,-20.633515,-9.347314,frame_005210
11.469128,-20.532695,-9.333497,frame_005211
11.459533,-20.436098,-9.321275,frame_005212
11.449477,-20.344065,-9.310714,frame_005213
11.440567,-20.255709,-9.301814,frame_005214
11.432761,-20.171099,-9.294603,frame_005215
11.426025,-20.090266,-9.289108,frame_005216
11.418676,-20.013212,-9.284880,frame_005217
11.410679,-19.939903,-9.281860,frame_005218
11.401994,-19.870272,-9.279983,frame_005219
11.394225,-19.805418,-9.278614,frame_005220
11.387333,-19.745429,-9.277566,frame_005221
11.381282,-19.690368,-9.276644,frame_005222
11.374390,-19.639073,-9.275635,frame_005223
11.366622,-19.591334,-9.274286,frame_005224
11.357936,-19.546908,-9.272336,frame_005225
11.349194,-19.506718,-9.270527,frame_005226
11.340508,-19.470676,-9.268761,frame_005227
11.331994,-19.438670,-9.266938,frame_005228
11.322857,-19.410560,-9.265082,frame_005229
11.313045,-19.386183,-9.263125,frame_005230
11.302495,-19.365351,-9.260995,frame_005231
11.292051,-19.347849,-9.258889,frame_005232
11.281806,-19.333439,-9.256780,frame_005233
11.271856,-19.321856,-9.254639,frame_005234
11.261389,-19.312812,-9.252532,frame_005235
11.250331,-19.305991,-9.250447,frame_005236
11.238603,-19.301055,-9.248369,frame_005237
11.227028,-19.298624,-9.246244,frame_005238
11.215681,-19.298103,-9.244056,frame_005239
11.204638,-19.298881,-9.241788,frame_005240
11.193976,-19.300541,-9.239497,frame_005241
11.183771,-19.302866,-9.237173,frame_005242
11.174098,-19.305622,-9.234808,frame_005243
11.165035,-19.308556,-9.232313,frame_005244
11.156656,-19.311400,-9.229678,frame_005245
11.149039,-19.313869,-9.226891,frame_005246
11.141351,-19.315662,-9.224032,frame_005247
11.133501,-19.316460,-9.221091,frame_005248
11.125391,-19.315926,-9.218063,frame_005249
11.117822,-19.314910,-9.215015,frame_005250
11.110853,-19.313264,-9.211951,frame_005251
11.104541,-19.310833,-9.208879,frame_005252
11.099688,-19.309640,-9.205748,frame_005253
11.096197,-19.309529,-9.202572,frame_005254
11.093975,-19.310354,-9.199364,frame_005255
11.092190,-19.309791,-9.196235,frame_005256
11.090920,-19.307692,-9.193198,frame_005257
11.090239,-19.303903,-9.190267,frame_005258
11.089317,-19.299459,-9.187301,frame_005259
11.088061,-19.294412,-9.184301,frame_005260
11.086373,-19.288812,-9.181264,frame_005261
11.085056,-19.283694,-9.178271,frame_005262
11.084167,-19.278905,-9.175339,frame_005263
11.083764,-19.274296,-9.172489,frame_005264
11.082995,-19.268744,-9.169730,frame_005265
11.081750,-19.262324,-9.167062,frame_005266
11.079911,-19.255112,-9.164485,frame_005267
11.078262,-19.248169,-9.161977,frame_005268
11.076842,-19.241365,-9.159554,frame_005269
11.075688,-19.234579,-9.157234,frame_005270
11.073931,-19.226711,-9.155040,frame_005271
11.071440,-19.217862,-9.152986,frame_005272
11.068080,-19.208133,-9.151086,frame_005273
11.064615,-19.198610,-9.149219,frame_005274
11.061065,-19.189188,-9.147387,frame_005275
11.057448,-19.179771,-9.145591,frame_005276
11.053783,-19.169286,-9.143823,frame_005277
11.050090,-19.157856,-9.142081,frame_005278
11.046387,-19.145610,-9.140364,frame_005279
11.043440,-19.133657,-9.138822,frame_005280
11.041112,-19.121920,-9.137439,frame_005281
11.039273,-19.110325,-9.136202,frame_005282
11.037053,-19.098812,-9.135042,frame_005283
11.034491,-19.087324,-9.133956,frame_005284
11.031625,-19.075816,-9.132939,frame_005285
11.028492,-19.064250,-9.132021,frame_005286
11.025130,-19.052597,-9.131190,frame_005287
11.021578,-19.040836,-9.130433,frame_005288
11.017874,-19.027754,-9.129731,frame_005289
11.014056,-19.013125,-9.129079,frame_005290
11.010162,-18.996723,-9.128472,frame_005291
11.006230,-18.979520,-9.127896,frame_005292
11.002297,-18.961514,-9.127342,frame_005293
10.998403,-18.942707,-9.126803,frame_005294
10.994585,-18.923113,-9.126268,frame_005295
10.990881,-18.902753,-9.125747,frame_005296
10.987329,-18.881656,-9.125247,frame_005297
10.983968,-18.859859,-9.124734,frame_005298
10.980835,-18.837409,-9.124211,frame_005299
10.977968,-18.814361,-9.123680,frame_005300
10.975406,-18.790776,-9.123213,frame_005301
10.973186,-18.766727,-9.122795,frame_005302
10.971347,-18.742293,-9.122411,frame_005303
10.969019,-18.716363,-9.122048,frame_005304
10.966072,-18.688810,-9.121710,frame_005305
10.962369,-18.659508,-9.121404,frame_005306
10.958676,-18.629533,-9.121062,frame_005307
10.955012,-18.598979,-9.120685,frame_005308
10.951394,-18.567953,-9.120268,frame_005309
10.947844,-18.537553,-9.119888,frame_005310
10.944379,-18.507695,-9.119542,frame_005311
10.941019,-18.478313,-9.119226,frame_005312
10.937782,-18.447171,-9.118931,frame_005313
10.934689,-18.414216,-9.118664,frame_005314
10.931757,-18.379401,-9.118428,frame_005315
10.929006,-18.344859,-9.118202,frame_005316
10.926454,-18.310559,-9.117976,frame_005317
10.924122,-18.276482,-9.117736,frame_005318
10.922027,-18.240443,-9.117502,frame_005319
10.920189,-18.202442,-9.117281,frame_005320
10.918627,-18.162478,-9.117078,frame_005321
10.917361,-18.122739,-9.116917,frame_005322
10.916408,-18.083240,-9.116797,frame_005323
10.915788,-18.044015,-9.116715,frame_005324
10.915520,-18.003915,-9.116714,frame_005325
10.915623,-17.962785,-9.116799,frame_005326
10.916117,-17.920477,-9.116978,frame_005327
10.917020,-17.877067,-9.117267,frame_005328
10.918350,-17.832853,-9.117675,frame_005329
10.920128,-17.788141,-9.118212,frame_005330
10.921465,-17.743032,-9.118750,frame_005331
10.922211,-17.697420,-9.119279,frame_005332
10.922211,-17.651210,-9.119791,frame_005333
10.922211,-17.604313,-9.120383,frame_005334
10.922211,-17.556649,-9.121049,frame_005335
10.922210,-17.508148,-9.121778,frame_005336
10.922210,-17.458746,-9.122503,frame_005337
10.922210,-17.408389,-9.123210,frame_005338
10.922210,-17.357031,-9.123887,frame_005339
10.922210,-17.304634,-9.124561,frame_005340
10.922210,-17.251169,-9.125224,frame_005341
10.922210,-17.196614,-9.125865,frame_005342
10.922210,-17.140958,-9.126484,frame_005343
10.922210,-17.084195,-9.127070,frame_005344
10.922210,-17.026331,-9.127610,frame_005345
10.922210,-16.968364,-9.128157,frame_005346
10.922210,-16.910109,-9.128706,frame_005347
10.922210,-16.851399,-9.129255,frame_005348
10.922209,-16.791096,-9.129795,frame_005349
10.922209,-16.729272,-9.130328,frame_005350
10.922209,-16.666007,-9.130860,frame_005351
10.922209,-16.601388,-9.131352,frame_005352
10.922209,-16.535513,-9.131784,frame_005353
10.922209,-16.468485,-9.132136,frame_005354
10.922209,-16.400419,-9.132408,frame_005355
10.922209,-16.331435,-9.132601,frame_005356
10.922209,-16.261663,-9.132716,frame_005357
10.922209,-16.192229,-9.132796,frame_005358
10.922208,-16.123073,-9.132841,frame_005359
10.922208,-16.054154,-9.132855,frame_005360
10.922208,-15.983260,-9.132798,frame_005361
10.922208,-15.910366,-9.132665,frame_005362
10.922208,-15.835447,-9.132453,frame_005363
10.922208,-15.760664,-9.132190,frame_005364
10.922208,-15.686008,-9.131880,frame_005365
10.922208,-15.611488,-9.131523,frame_005366
10.922208,-15.534943,-9.131075,frame_005367
10.922207,-15.456398,-9.130537,frame_005368
10.922207,-15.375879,-9.129909,frame_005369
10.922207,-15.294610,-9.129264,frame_005370
10.922207,-15.212838,-9.128607,frame_005371
10.922207,-15.130820,-9.127941,frame_005372
10.922953,-15.048606,-9.127239,frame_005373
10.924289,-14.966040,-9.126503,frame_005374
10.926067,-14.882977,-9.125731,frame_005375
10.927398,-14.799277,-9.124935,frame_005376
10.928300,-14.714810,-9.124113,frame_005377
10.928794,-14.629456,-9.123265,frame_005378
10.928897,-14.543314,-9.122373,frame_005379
10.928629,-14.456707,-9.121442,frame_005380
10.928009,-14.369968,-9.120477,frame_005381
10.927056,-14.283220,-9.119486,frame_005382
10.925790,-14.196386,-9.118482,frame_005383
10.924228,-14.109393,-9.117479,frame_005384
10.922390,-14.021192,-9.116454,frame_005385
10.920295,-13.931935,-9.115408,frame_005386
10.917962,-13.841773,-9.114339,frame_005387
10.915411,-13.751842,-9.113262,frame_005388
10.912660,-13.662087,-9.112183,frame_005389
10.909728,-13.572464,-9.111108,frame_005390
10.906634,-13.482934,-9.110033,frame_005391
10.903397,-13.393467,-9.108962,frame_005392
10.900037,-13.304043,-9.107901,frame_005393
10.896572,-13.214650,-9.106835,frame_005394
10.893022,-13.125282,-9.105768,frame_005395
10.889404,-13.035944,-9.104705,frame_005396
10.885740,-12.945450,-9.103658,frame_005397
10.882046,-12.853597,-9.102626,frame_005398
10.878344,-12.760184,-9.101607,frame_005399
10.874650,-12.666210,-9.100622,frame_005400
10.870986,-12.571696,-9.099673,frame_005401
10.867368,-12.476672,-9.098765,frame_005402
10.863818,-12.381175,-9.097819,frame_005403
10.860353,-12.285251,-9.096834,frame_005404
10.856993,-12.188954,-9.095809,frame_005405
10.853756,-12.093334,-9.094822,frame_005406
10.850662,-11.998257,-9.093876,frame_005407
10.847730,-11.903605,-9.092971,frame_005408
10.844979,-11.807092,-9.092081,frame_005409
10.842427,-11.708616,-9.091205,frame_005410
10.840095,-11.608077,-9.090344,frame_005411
10.838000,-11.507561,-9.089506,frame_005412
10.836162,-11.406984,-9.088690,frame_005413
10.834600,-11.306279,-9.087894,frame_005414
10.833333,-11.203209,-9.087081,frame_005415
10.832380,-11.097724,-9.086255,frame_005416
10.831760,-10.989774,-9.085423,frame_005417
10.831493,-10.881494,-9.084638,frame_005418
10.831596,-10.772851,-9.083903,frame_005419
10.832089,-10.663828,-9.083221,frame_005420
10.832992,-10.553439,-9.082554,frame_005421
10.834322,-10.441907,-9.081901,frame_005422
10.836100,-10.329461,-9.081261,frame_005423
10.837437,-10.216128,-9.080642,frame_005424
10.838182,-10.101726,-9.080041,frame_005425
10.838182,-9.986084,-9.079454,frame_005426
10.838182,-9.869038,-9.078822,frame_005427
10.838182,-9.750433,-9.078149,frame_005428
10.838182,-9.630123,-9.077437,frame_005429
10.838182,-9.509169,-9.076773,frame_005430
10.838181,-9.387663,-9.076149,frame_005431
10.838181,-9.265714,-9.075558,frame_005432
10.838181,-9.141263,-9.075024,frame_005433
10.838181,-9.014434,-9.074542,frame_005434
10.838181,-8.885354,-9.074106,frame_005435
10.838180,-8.756334,-9.073665,frame_005436
10.838180,-8.627517,-9.073215,frame_005437
10.838180,-8.499062,-9.072756,frame_005438
10.838180,-8.369945,-9.072284,frame_005439
10.838180,-8.240138,-9.071803,frame_005440
10.838179,-8.109619,-9.071313,frame_005441
10.837433,-7.978375,-9.070841,frame_005442
10.836097,-7.846403,-9.070384,frame_005443
10.834318,-7.713706,-9.069936,frame_005444
10.832987,-7.580297,-9.069495,frame_005445
10.832084,-7.446197,-9.069062,frame_005446
10.831591,-7.311436,-9.068635,frame_005447
10.831487,-7.176051,-9.068166,frame_005448
10.831755,-7.040088,-9.067658,frame_005449
10.832374,-6.903602,-9.067111,frame_005450
10.833327,-6.766655,-9.066555,frame_005451
10.834593,-6.629320,-9.065983,frame_005452
10.836155,-6.491675,-9.065391,frame_005453
10.837992,-6.354794,-9.064879,frame_005454
10.840087,-6.218570,-9.064433,frame_005455
10.842419,-6.082909,-9.064041,frame_005456
10.844970,-5.945549,-9.063658,frame_005457
10.847721,-5.806417,-9.063268,frame_005458
10.850653,-5.665435,-9.062855,frame_005459
10.853000,-5.523729,-9.062413,frame_005460
10.854900,-5.381446,-9.061930,frame_005461
10.856482,-5.238739,-9.061393,frame_005462
10.858615,-5.094574,-9.060797,frame_005463
10.861263,-4.948899,-9.060127,frame_005464
10.864386,-4.801665,-9.059365,frame_005465
10.867947,-4.655006,-9.058576,frame_005466
10.871908,-4.508890,-9.057745,frame_005467
10.876230,-4.363300,-9.056861,frame_005468
10.880876,-4.216050,-9.055835,frame_005469
10.885807,-4.067139,-9.054661,frame_005470
10.890985,-3.916568,-9.053333,frame_005471
10.896373,-3.765537,-9.051866,frame_005472
10.901933,-3.614268,-9.050255,frame_005473
10.907625,-3.462991,-9.048498,frame_005474
10.914158,-3.311731,-9.046573,frame_005475
10.921340,-3.160309,-9.044477,frame_005476
10.928981,-3.008553,-9.042211,frame_005477
10.936157,-2.855312,-9.039829,frame_005478
10.942847,-2.700637,-9.037340,frame_005479
10.949033,-2.544579,-9.034758,frame_005480
10.954695,-2.387187,-9.032001,frame_005481
10.959815,-2.228513,-9.029073,frame_005482
10.964374,-2.068606,-9.025980,frame_005483
10.968353,-1.909702,-9.022723,frame_005484
10.971732,-1.751870,-9.019304,frame_005485
10.974492,-1.595192,-9.015724,frame_005486
10.976615,-1.437583,-9.012002,frame_005487
10.978081,-1.279144,-9.008148,frame_005488
10.978872,-1.119976,-9.004177,frame_005489
10.979714,-0.961165,-9.000112,frame_005490
10.980433,-0.802606,-8.995969,frame_005491
10.980861,-0.644203,-8.991766,frame_005492
10.980998,-0.484883,-8.987495,frame_005493
10.981012,-0.324769,-8.983166,frame_005494
10.981077,-0.163989,-8.978791,frame_005495
10.981212,-0.003654,-8.974399,frame_005496
10.981282,0.156315,-8.970003,frame_005497
10.981155,0.315989,-8.965613,frame_005498
10.979963,0.475433,-8.961241,frame_005499
10.977743,0.634699,-8.956911,frame_005500
10.974534,0.793835,-8.952653,frame_005501
10.971119,0.953864,-8.948486,frame_005502
10.967381,1.114609,-8.944430,frame_005503
10.963210,1.275896,-8.940500,frame_005504
10.958499,1.437761,-8.936636,frame_005505
10.953152,1.600456,-8.932840,frame_005506
10.947076,1.764233,-8.929112,frame_005507
10.939440,1.928143,-8.925425,frame_005508
10.930319,2.092216,-8.921786,frame_005509
10.919790,2.256472,-8.918200,frame_005510
10.909582,2.421911,-8.914673,frame_005511
10.899785,2.588331,-8.911210,frame_005512
10.890500,2.755531,-8.907816,frame_005513
10.880933,2.923309,-8.904457,frame_005514
10.871044,3.091465,-8.901138,frame_005515
10.860796,3.259796,-8.897861,frame_005516
10.850163,3.428317,-8.894569,frame_005517
10.839120,3.597252,-8.891262,frame_005518
10.827654,3.766829,-8.887935,frame_005519
10.815753,3.936074,-8.884622,frame_005520
10.803416,4.104991,-8.881333,frame_005521
10.790644,4.273576,-8.878075,frame_005522
10.777448,4.442803,-8.874872,frame_005523
10.763844,4.612444,-8.871724,frame_005524
10.749853,4.782274,-8.868629,frame_005525
10.735343,4.952281,-8.865605,frame_005526
10.720025,5.122664,-8.862650,frame_005527
10.703616,5.293626,-8.859761,frame_005528
10.686002,5.464169,-8.856936,frame_005529
10.667238,5.634270,-8.854169,frame_005530
10.647384,5.803900,-8.851458,frame_005531
10.626506,5.973023,-8.848802,frame_005532
10.604676,6.141591,-8.846203,frame_005533
10.581975,6.309550,-8.843664,frame_005534
10.559235,6.479024,-8.841184,frame_005535
10.536390,6.649958,-8.838762,frame_005536
10.513392,6.822305,-8.836393,frame_005537
10.489456,6.993843,-8.834079,frame_005538
10.464711,7.164524,-8.831823,frame_005539
10.439295,7.334294,-8.829629,frame_005540
10.413187,7.505278,-8.827500,frame_005541
10.386215,7.677419,-8.825438,frame_005542
10.358209,7.850672,-8.823446,frame_005543
10.329170,8.022813,-8.821540,frame_005544
10.299265,8.193796,-8.819714,frame_005545
10.268670,8.363567,-8.817962,frame_005546
10.237403,8.533262,-8.816239,frame_005547
10.205328,8.703032,-8.814541,frame_005548
10.172315,8.873029,-8.812864,frame_005549
10.139147,9.043404,-8.811282,frame_005550
10.105877,9.214306,-8.809789,frame_005551
10.072566,9.385888,-8.808381,frame_005552
10.037637,9.558086,-8.806985,frame_005553
10.001168,9.730624,-8.805598,frame_005554
9.963232,9.903225,-8.804214,frame_005555
9.924654,10.075826,-8.802828,frame_005556
9.885353,10.248577,-8.801430,frame_005557
9.845257,10.421631,-8.800011,frame_005558
9.805206,10.596123,-8.798612,frame_005559
9.765309,10.772000,-8.797223,frame_005560
9.725686,10.949215,-8.795836,frame_005561
9.685562,11.125544,-8.794399,frame_005562
9.644916,11.300942,-8.792911,frame_005563
9.603731,11.475354,-8.791373,frame_005564
9.562744,11.649703,-8.789815,frame_005565
9.521796,11.823712,-8.788237,frame_005566
9.480742,11.997106,-8.786641,frame_005567
9.438702,12.169819,-8.785049,frame_005568
9.395711,12.342005,-8.783464,frame_005569
9.351811,12.513813,-8.781891,frame_005570
9.307048,12.685395,-8.780373,frame_005571
9.261478,12.856901,-8.778913,frame_005572
9.215159,13.028483,-8.777517,frame_005573
9.168159,13.200078,-8.776147,frame_005574
9.120551,13.371408,-8.774803,frame_005575
9.072414,13.542197,-8.773486,frame_005576
9.024791,13.709918,-8.772171,frame_005577
8.977216,13.875234,-8.770859,frame_005578
8.927004,14.043226,-8.769537,frame_005579
8.875096,14.213593,-8.768208,frame_005580
8.821689,14.386050,-8.766874,frame_005581
8.766986,14.560328,-8.765536,frame_005582
8.712309,14.734204,-8.764245,frame_005583
8.657633,14.907853,-8.763000,frame_005584
8.602946,15.081452,-8.761799,frame_005585
8.547340,15.252991,-8.760619,frame_005586
8.490659,15.422628,-8.759459,frame_005587
8.432754,15.591494,-8.758314,frame_005588
8.374391,15.760707,-8.757206,frame_005589
8.315601,15.930403,-8.756139,frame_005590
8.255869,16.101947,-8.755129,frame_005591
8.194461,16.274018,-8.754176,frame_005592
8.131391,16.446281,-8.753281,frame_005593
8.066672,16.618404,-8.752447,frame_005594
8.001790,16.791009,-8.751622,frame_005595
7.936815,16.964044,-8.750804,frame_005596
7.871828,17.137460,-8.749994,frame_005597
7.806016,17.310235,-8.749222,frame_005598
7.739321,17.482545,-8.748492,frame_005599
7.671687,17.654565,-8.747807,frame_005600
7.604187,17.825486,-8.747155,frame_005601
7.536545,17.995689,-8.746525,frame_005602
7.466826,18.168506,-8.745867,frame_005603
7.396043,18.342486,-8.745221,frame_005604
7.324473,18.517170,-8.744593,frame_005605
7.252402,18.692111,-8.743986,frame_005606
7.180891,18.863631,-8.743421,frame_005607
7.109725,19.032444,-8.742894,frame_005608
7.037583,19.202696,-8.742405,frame_005609
6.964512,19.373142,-8.741928,frame_005610
6.890567,19.543520,-8.741453,frame_005611
6.815807,19.712585,-8.740963,frame_005612
6.740299,19.881482,-8.740503,frame_005613
6.664116,20.050371,-8.740074,frame_005614
6.588083,20.220397,-8.739671,frame_005615
6.511223,20.390314,-8.739285,frame_005616
6.433311,20.559862,-8.738917,frame_005617
6.353382,20.728781,-8.738570,frame_005618
6.272286,20.898011,-8.738243,frame_005619
6.190135,21.067514,-8.737939,frame_005620
6.107791,21.236276,-8.737676,frame_005621
6.025224,21.404480,-8.737429,frame_005622
5.942413,21.572310,-8.737191,frame_005623
5.858607,21.740939,-8.736937,frame_005624
5.773968,21.909143,-8.736674,frame_005625
5.688663,22.076690,-8.736401,frame_005626
5.603614,22.243343,-8.736115,frame_005627
5.516575,22.413068,-8.735831,frame_005628
5.427165,22.586409,-8.735547,frame_005629
5.337722,22.758536,-8.735291,frame_005630
5.248361,22.929053,-8.735063,frame_005631
5.159215,23.097553,-8.734865,frame_005632
5.069684,23.262633,-8.734706,frame_005633
4.978725,23.426477,-8.734555,frame_005634
4.886416,23.589294,-8.734405,frame_005635
4.793578,23.752279,-8.734240,frame_005636
4.700131,23.916637,-8.734074,frame_005637
4.606003,24.082602,-8.733903,frame_005638
4.511127,24.249227,-8.733733,frame_005639
4.415443,24.416557,-8.733562,frame_005640
4.318897,24.584646,-8.733389,frame_005641
4.222122,24.752058,-8.733218,frame_005642
4.125203,24.918586,-8.733043,frame_005643
4.028236,25.084022,-8.732856,frame_005644
3.931328,25.248155,-8.732641,frame_005645
3.833916,25.411072,-8.732419,frame_005646
3.736004,25.572614,-8.732189,frame_005647
3.636855,25.733607,-8.731919,frame_005648
3.536640,25.894887,-8.731616,frame_005649
3.435531,26.056320,-8.731287,frame_005650
3.333699,26.217788,-8.730936,frame_005651
3.232191,26.377432,-8.730592,frame_005652
3.130460,26.536007,-8.730243,frame_005653
3.028520,26.692640,-8.729905,frame_005654
2.926531,26.847008,-8.729580,frame_005655
2.824665,26.998780,-8.729271,frame_005656
2.723851,27.147616,-8.728928,frame_005657
2.622087,27.298569,-8.728534,frame_005658
2.519049,27.452281,-8.728096,frame_005659
2.415035,27.605226,-8.727671,frame_005660
2.310136,27.757328,-8.727254,frame_005661
2.204452,27.908512,-8.726840,frame_005662
2.098086,28.059902,-8.726436,frame_005663
1.991151,28.211645,-8.726039,frame_005664
1.883762,28.363896,-8.725648,frame_005665
1.775882,28.515619,-8.725251,frame_005666
1.667318,28.666764,-8.724854,frame_005667
1.557882,28.817279,-8.724458,frame_005668
1.447369,28.968102,-8.724069,frame_005669
1.335967,29.118975,-8.723688,frame_005670
1.223868,29.269653,-8.723320,frame_005671
1.110363,29.421095,-8.722946,frame_005672
0.997163,29.570335,-8.722606,frame_005673
0.883952,29.717998,-8.722290,frame_005674
0.769841,29.866458,-8.722016,frame_005675
0.655017,30.015485,-8.721778,frame_005676
0.539673,30.164857,-8.721571,frame_005677
0.423848,30.313374,-8.721354,frame_005678
0.307424,30.461035,-8.721131,frame_005679
0.190291,30.607841,-8.720904,frame_005680
0.072342,30.753791,-8.720683,frame_005681
-0.046519,30.898887,-8.720466,frame_005682
-0.166385,31.043127,-8.720250,frame_005683
-0.286433,31.188698,-8.720005,frame_005684
-0.406575,31.335616,-8.719730,frame_005685
-0.526710,31.483915,-8.719424,frame_005686
-0.648377,31.631460,-8.719098,frame_005687
-0.771461,31.778300,-8.718754,frame_005688
-0.895850,31.924487,-8.718392,frame_005689
-1.020681,32.070069,-8.718023,frame_005690
-1.145997,32.215098,-8.717646,frame_005691
-1.271833,32.359624,-8.717261,frame_005692
-1.397470,32.504684,-8.716837,frame_005693
-1.523088,32.650121,-8.716371,frame_005694
-1.648850,32.795790,-8.715862,frame_005695
-1.775654,32.940566,-8.715317,frame_005696
-1.903486,33.084524,-8.714735,frame_005697
-2.032323,33.227740,-8.714116,frame_005698
-2.161228,33.370076,-8.713478,frame_005699
-2.289999,33.511179,-8.712831,frame_005700
-2.418419,33.650698,-8.712184,frame_005701
-2.546261,33.787293,-8.711575,frame_005702
-2.676007,33.924418,-8.710942,frame_005703
-2.807906,34.062585,-8.710278,frame_005704
-2.940402,34.200907,-8.709592,frame_005705
-3.073420,34.339281,-8.708885,frame_005706
-3.206882,34.477610,-8.708155,frame_005707
-3.341609,34.615805,-8.707456,frame_005708
-3.477677,34.753787,-8.706801,frame_005709
-3.615164,34.891485,-8.706203,frame_005710
-3.752490,35.028836,-8.705619,frame_005711
-3.889720,35.165785,-8.705049,frame_005712
-4.026905,35.302286,-8.704492,frame_005713
-4.164828,35.437316,-8.703939,frame_005714
-4.303359,35.571050,-8.703391,frame_005715
-4.442362,35.703665,-8.702849,frame_005716
-4.581856,35.836322,-8.702335,frame_005717
-4.722016,35.968993,-8.701855,frame_005718
-4.863009,36.101657,-8.701413,frame_005719
-5.004608,36.233100,-8.701031,frame_005720
-5.146604,36.363097,-8.700711,frame_005721
-5.288779,36.491421,-8.700454,frame_005722
-5.430159,36.617846,-8.700261,frame_005723
-5.572711,36.745745,-8.700085,frame_005724
-5.716718,36.875558,-8.699919,frame_005725
-5.861397,37.004152,-8.699741,frame_005726
-6.006541,37.131349,-8.699543,frame_005727
-6.151938,37.256974,-8.699320,frame_005728
-6.297532,37.383036,-8.699390,frame_005729
-6.443420,37.509377,-8.699696,frame_005730
-6.589694,37.635854,-8.700179,frame_005731
-6.737186,37.761355,-8.700649,frame_005732
-6.885820,37.885976,-8.701075,frame_005733
-7.035519,38.009822,-8.701426,frame_005734
-7.185463,38.131807,-8.701677,frame_005735
-7.335729,38.251830,-8.701807,frame_005736
-7.486390,38.369790,-8.701798,frame_005737
-7.637353,38.486786,-8.701659,frame_005738
-7.788353,38.602941,-8.701368,frame_005739
-7.939121,38.718383,-8.700905,frame_005740
-8.089542,38.834239,-8.700248,frame_005741
-8.239658,38.950448,-8.699378,frame_005742
-8.389504,39.066969,-8.698274,frame_005743
-8.540017,39.181591,-8.696920,frame_005744
-8.691385,39.294288,-8.695303,frame_005745
-8.843800,39.405036,-8.693412,frame_005746
-8.996544,39.515995,-8.691158,frame_005747
-9.149640,39.627157,-8.688548,frame_005748
-9.303103,39.738530,-8.685593,frame_005749
-9.457689,39.847954,-8.682341,frame_005750
-9.613245,39.955453,-8.678803,frame_005751
-9.769620,40.061053,-8.674993,frame_005752
-9.925915,40.166965,-8.670900,frame_005753
-10.082133,40.273231,-8.666530,frame_005754
-10.238271,40.379910,-8.661892,frame_005755
-10.394319,40.485876,-8.656997,frame_005756
-10.550263,40.591001,-8.651856,frame_005757
-10.706078,40.695162,-8.646487,frame_005758
-10.861738,40.798246,-8.640904,frame_005759
-11.017207,40.900149,-8.635130,frame_005760
-11.172443,41.000775,-8.629185,frame_005761
-11.328308,41.099048,-8.623063,frame_005762
-11.484915,41.195094,-8.616790,frame_005763
-11.642378,41.289041,-8.610390,frame_005764
-11.799904,41.383198,-8.603910,frame_005765
-11.957439,41.477710,-8.597378,frame_005766
-12.114922,41.572734,-8.590821,frame_005767
-12.273195,41.667248,-8.584252,frame_005768
-12.432353,41.761222,-8.577703,frame_005769
-12.592491,41.854635,-8.571210,frame_005770
-12.752797,41.947474,-8.564787,frame_005771
-12.913197,42.039736,-8.558465,frame_005772
-13.073612,42.131424,-8.552277,frame_005773
-13.234865,42.222551,-8.546256,frame_005774
-13.397031,42.313139,-8.540437,frame_005775
-13.560187,42.403215,-8.534854,frame_005776
-13.724619,42.494051,-8.529503,frame_005777
-13.890004,42.585436,-8.524433,frame_005778
-14.056018,42.677179,-8.519692,frame_005779
-14.223251,42.767906,-8.514983,frame_005780
-14.388199,42.855022,-8.510357,frame_005781
-14.551422,42.938624,-8.505782,frame_005782
-14.714794,43.020985,-8.501322,frame_005783
-14.878203,43.102203,-8.496977,frame_005784
-15.041533,43.182382,-8.492747,frame_005785
-15.205566,43.261636,-8.488661,frame_005786
-15.370342,43.340085,-8.484720,frame_005787
-15.535898,43.417860,-8.480922,frame_005788
-15.701365,43.496085,-8.477180,frame_005789
-15.866612,43.574702,-8.473497,frame_005790
-16.031503,43.653668,-8.469874,frame_005791
-16.196803,43.730773,-8.466318,frame_005792
-16.362532,43.805991,-8.462822,frame_005793
-16.528707,43.879298,-8.459377,frame_005794
-16.695349,43.952853,-8.455975,frame_005795
-16.862476,44.026650,-8.452609,frame_005796
-17.030108,44.100695,-8.449269,frame_005797
-17.198263,44.173814,-8.446044,frame_005798
-17.366960,44.245828,-8.442939,frame_005799
-17.536219,44.316563,-8.439960,frame_005800
-17.705150,44.386071,-8.437126,frame_005801
-17.873605,44.454624,-8.434430,frame_005802
-18.041428,44.522503,-8.431864,frame_005803
-18.209365,44.589783,-8.429384,frame_005804
-18.377416,44.656334,-8.426984,frame_005805
-18.545582,44.722036,-8.424658,frame_005806
-18.713116,44.786773,-8.422376,frame_005807
-18.880173,44.850442,-8.420137,frame_005808
-19.046903,44.912947,-8.417945,frame_005809
-19.214195,44.974199,-8.415835,frame_005810
-19.382029,45.034118,-8.413803,frame_005811
-19.550386,45.092634,-8.411844,frame_005812
-19.719247,45.150883,-8.409972,frame_005813
-19.888594,45.209034,-8.408184,frame_005814
-20.058407,45.267269,-8.406478,frame_005815
-20.228667,45.324592,-8.404855,frame_005816
-20.399356,45.380997,-8.403305,frame_005817
-20.570453,45.436489,-8.401816,frame_005818
-20.741941,45.492067,-8.400382,frame_005819
-20.913799,45.547545,-8.398997,frame_005820
-21.086010,45.602757,-8.397656,frame_005821
-21.257808,45.656566,-8.396372,frame_005822
-21.429329,45.709042,-8.395135,frame_005823
-21.600704,45.760265,-8.393935,frame_005824
-21.772802,45.811309,-8.392743,frame_005825
-21.945585,45.862066,-8.391552,frame_005826
-22.119015,45.912444,-8.390355,frame_005827
-22.291692,45.960865,-8.389193,frame_005828
-22.463326,46.006996,-8.388071,frame_005829
-22.633618,46.050504,-8.386993,frame_005830
-22.802258,46.090080,-8.385962,frame_005831
-22.973013,46.128313,-8.384901,frame_005832
-23.146310,46.165587,-8.383798,frame_005833
-23.319127,46.202091,-8.382668,frame_005834
-23.491582,46.237817,-8.381514,frame_005835
-23.663786,46.272773,-8.380336,frame_005836
-23.836589,46.306985,-8.379171,frame_005837
-24.009935,46.340493,-8.378006,frame_005838
-24.183765,46.373358,-8.376832,frame_005839
-24.358025,46.404455,-8.375692,frame_005840
-24.532655,46.433653,-8.374589,frame_005841
-24.707599,46.460831,-8.373526,frame_005842
-24.882800,46.487076,-8.372447,frame_005843
-25.058201,46.512505,-8.371358,frame_005844
-25.233745,46.537252,-8.370265,frame_005845
-25.408628,46.560268,-8.369211,frame_005846
-25.582949,46.581500,-8.368196,frame_005847
-25.756800,46.600900,-8.367221,frame_005848
-25.931013,46.619417,-8.366271,frame_005849
-26.105511,46.636816,-8.365349,frame_005850
-26.280219,46.652879,-8.364460,frame_005851
-26.455060,46.667620,-8.363573,frame_005852
-26.629958,46.681280,-8.362684,frame_005853
-26.804837,46.694120,-8.361785,frame_005854
-26.979620,46.706203,-8.360885,frame_005855
-27.154233,46.717394,-8.359985,frame_005856
-27.328598,46.727577,-8.359089,frame_005857
-27.503547,46.735665,-8.358276,frame_005858
-27.679173,46.741778,-8.357548,frame_005859
-27.855573,46.746048,-8.356907,frame_005860
-28.031944,46.749598,-8.356306,frame_005861
-28.208230,46.752370,-8.355746,frame_005862
-28.384373,46.754322,-8.355225,frame_005863
-28.560317,46.755429,-8.354709,frame_005864
-28.736003,46.755682,-8.354205,frame_005865
-28.911376,46.755090,-8.353719,frame_005866
-29.085631,46.753677,-8.353246,frame_005867
-29.258868,46.751487,-8.352785,frame_005868
-29.431177,46.748577,-8.352335,frame_005869
-29.603392,46.743823,-8.351936,frame_005870
-29.775436,46.737096,-8.351586,frame_005871
-29.947232,46.728273,-8.351283,frame_005872
-30.119612,46.718441,-8.351014,frame_005873
-30.292669,46.707718,-8.350769,frame_005874
-30.466500,46.696237,-8.350542,frame_005875
-30.641048,46.682951,-8.350345,frame_005876
-30.816102,46.667803,-8.350174,frame_005877
-30.991454,46.650749,-8.350023,frame_005878
-31.166159,46.632737,-8.349855,frame_005879
-31.340179,46.613531,-8.349676,frame_005880
-31.513476,46.592914,-8.349490,frame_005881
-31.686012,46.570899,-8.349348,frame_005882
-31.857748,46.547727,-8.349245,frame_005883
-32.028648,46.523661,-8.349177,frame_005884
-32.199579,46.498761,-8.349136,frame_005885
-32.370673,46.472895,-8.349130,frame_005886
-32.542066,46.445945,-8.349168,frame_005887
-32.712992,46.417810,-8.349205,frame_005888
-32.883434,46.388406,-8.349239,frame_005889
-33.053370,46.357666,-8.349266,frame_005890
-33.223530,46.324554,-8.349306,frame_005891
-33.393738,46.289242,-8.349353,frame_005892
-33.563826,46.251910,-8.349404,frame_005893
-33.732886,46.213733,-8.349535,frame_005894
-33.900919,46.174702,-8.349741,frame_005895
-34.067924,46.134826,-8.350019,frame_005896
-34.234809,46.094129,-8.350342,frame_005897
-34.401743,46.052655,-8.350700,frame_005898
-34.568899,46.010461,-8.351080,frame_005899
-34.736296,45.966423,-8.351487,frame_005900
-34.903799,45.920412,-8.351913,frame_005901
-35.071278,45.872304,-8.352356,frame_005902
-35.237862,45.824175,-8.352763,frame_005903
-35.403589,45.775934,-8.353137,frame_005904
-35.568499,45.727520,-8.353477,frame_005905
-35.733374,45.676709,-8.353833,frame_005906
-35.898097,45.623471,-8.354203,frame_005907
-36.062558,45.567785,-8.354587,frame_005908
-36.225906,45.510839,-8.354940,frame_005909
-36.388197,45.452850,-8.355253,frame_005910
-36.549489,45.394055,-8.355518,frame_005911
-36.710586,45.333503,-8.355747,frame_005912
-36.871388,45.271241,-8.355935,frame_005913
-37.031804,45.207325,-8.356077,frame_005914
-37.191747,45.142802,-8.356184,frame_005915
-37.351140,45.077538,-8.356264,frame_005916
-37.509908,45.011417,-8.356326,frame_005917
-37.668894,44.943351,-8.356385,frame_005918
-37.828204,44.873463,-8.356444,frame_005919
-37.987959,44.801881,-8.356507,frame_005920
-38.147385,44.729731,-8.356536,frame_005921
-38.306460,44.656953,-8.356535,frame_005922
-38.465168,44.583507,-8.356508,frame_005923
-38.623498,44.509366,-8.356445,frame_005924
-38.781449,44.434522,-8.356347,frame_005925
-38.939023,44.358984,-8.356215,frame_005926
-39.096068,44.282777,-8.356049,frame_005927
-39.252276,44.205943,-8.355848,frame_005928
-39.407347,44.128540,-8.355613,frame_005929
-39.561146,44.049445,-8.355441,frame_005930
-39.713708,43.968526,-8.355332,frame_005931
-39.865076,43.885663,-8.355287,frame_005932
-40.015296,43.801942,-8.355225,frame_005933
-40.164423,43.717480,-8.355145,frame_005934
-40.312516,43.632412,-8.355043,frame_005935
-40.460389,43.545689,-8.354968,frame_005936
-40.607958,43.457257,-8.354923,frame_005937
-40.755154,43.367068,-8.354912,frame_005938
-40.901175,43.275086,-8.354938,frame_005939
-41.046130,43.181281,-8.355005,frame_005940
-41.190137,43.085631,-8.355117,frame_005941
-41.333159,42.989326,-8.355241,frame_005942
-41.475002,42.892582,-8.355387,frame_005943
-41.615478,42.795634,-8.355561,frame_005944
-41.755315,42.698520,-8.355747,frame_005945
-41.894506,42.601080,-8.355942,frame_005946
-42.033057,42.503173,-8.356143,frame_005947
-42.170243,42.403686,-8.356316,frame_005948
-42.306249,42.302715,-8.356460,frame_005949
-42.441269,42.200366,-8.356573,frame_005950
-42.575342,42.096752,-8.356671,frame_005951
-42.708349,41.991994,-8.356752,frame_005952
-42.840181,41.886222,-8.356812,frame_005953
-42.971639,41.779361,-8.356908,frame_005954
-43.102794,41.671130,-8.357041,frame_005955
-43.233729,41.561256,-8.357212,frame_005956
-43.364376,41.450675,-8.357398,frame_005957
-43.494521,41.339354,-8.357593,frame_005958
-43.623959,41.227275,-8.357791,frame_005959
-43.752662,41.113454,-8.357975,frame_005960
-43.880777,40.998111,-8.358141,frame_005961
-44.008462,40.881478,-8.358286,frame_005962
-44.134981,40.764779,-8.358385,frame_005963
-44.260348,40.648057,-8.358440,frame_005964
-44.384588,40.531370,-8.358448,frame_005965
-44.508473,40.412607,-8.358450,frame_005966
-44.631884,40.291845,-8.358449,frame_005967
-44.754712,40.169159,-8.358448,frame_005968
-44.876863,40.046809,-8.358445,frame_005969
-44.998254,39.924889,-8.358438,frame_005970
-45.118816,39.803507,-8.358421,frame_005971
-45.237744,39.681589,-8.358402,frame_005972
-45.355151,39.559056,-8.358385,frame_005973
-45.471153,39.435836,-8.358372,frame_005974
-45.586621,39.311866,-8.358363,frame_005975
-45.701529,39.187093,-8.358363,frame_005976
-45.815863,39.061469,-8.358374,frame_005977
-45.928718,38.934957,-8.358417,frame_005978
-46.039936,38.807527,-8.358491,frame_005979
-46.149369,38.679160,-8.358597,frame_005980
-46.257782,38.549841,-8.358618,frame_005981
-46.365207,38.419567,-8.358559,frame_005982
-46.471688,38.288343,-8.358421,frame_005983
-46.578029,38.156180,-8.358304,frame_005984
-46.684142,38.023099,-8.358200,frame_005985
-46.789963,37.889131,-8.358107,frame_005986
-46.893789,37.754313,-8.358000,frame_005987
-46.995580,37.618690,-8.357874,frame_005988
-47.095301,37.482318,-8.357726,frame_005989
-47.194576,37.346245,-8.357533,frame_005990
-47.293396,37.210337,-8.357295,frame_005991
-47.391771,37.074477,-8.357011,frame_005992
-47.488075,36.937578,-8.356714,frame_005993
-47.582344,36.799762,-8.356408,frame_005994
-47.674618,36.661158,-8.356099,frame_005995
-47.765692,36.520705,-8.355798,frame_005996
-47.855463,36.378328,-8.355502,frame_005997
-47.943844,36.233951,-8.355206,frame_005998
-48.031665,36.088699,-8.354946,frame_005999
-48.119031,35.942718,-8.354721,frame_006000
-48.206065,35.796163,-8.354527,frame_006001
-48.292004,35.650184,-8.354335,frame_006002
-48.376840,35.504748,-8.354144,frame_006003
-48.460581,35.359838,-8.353957,frame_006004
-48.543244,35.213268,-8.353743,frame_006005
-48.624861,35.065037,-8.353501,frame_006006
-48.705478,34.915145,-8.353232,frame_006007
-48.784243,34.763594,-8.352932,frame_006008
-48.861058,34.610382,-8.352598,frame_006009
-48.935831,34.455510,-8.352224,frame_006010
-49.009385,34.300178,-8.351827,frame_006011
-49.081807,34.144607,-8.351403,frame_006012
-49.153200,33.989029,-8.350947,frame_006013
-49.224423,33.833469,-8.350460,frame_006014
-49.295449,33.677745,-8.349947,frame_006015
-49.366267,33.521688,-8.349412,frame_006016
-49.435979,33.365346,-8.348867,frame_006017
-49.504447,33.208992,-8.348312,frame_006018
-49.571542,33.052907,-8.347745,frame_006019
-49.636405,32.897167,-8.347173,frame_006020
-49.699089,32.741642,-8.346585,frame_006021
-49.759656,32.586210,-8.345974,frame_006022
-49.819825,32.429771,-8.345270,frame_006023
-49.879682,32.272427,-8.344481,frame_006024
-49.939331,32.114278,-8.343618,frame_006025
-49.998735,31.956410,-8.342767,frame_006026
-50.057712,31.798720,-8.341920,frame_006027
-50.116102,31.641110,-8.341070,frame_006028
-50.173015,31.483492,-8.340178,frame_006029
-50.228482,31.325788,-8.339236,frame_006030
-50.282550,31.167925,-8.338235,frame_006031
-50.336019,31.008854,-8.337180,frame_006032
-50.388806,30.848727,-8.336090,frame_006033
-50.440842,30.687694,-8.334984,frame_006034
-50.491174,30.525906,-8.333824,frame_006035
-50.539604,30.363515,-8.332612,frame_006036
-50.585948,30.200671,-8.331349,frame_006037
-50.630943,30.038511,-8.330067,frame_006038
-50.674598,29.876981,-8.328765,frame_006039
-50.716942,29.716034,-8.327444,frame_006040
-50.757114,29.554434,-8.326143,frame_006041
-50.795014,29.391927,-8.324864,frame_006042
-50.830552,29.228264,-8.323608,frame_006043
-50.864560,29.063405,-8.322359,frame_006044
-50.897143,28.897528,-8.321122,frame_006045
-50.928424,28.730808,-8.319905,frame_006046
-50.958384,28.564408,-8.318654,frame_006047
-50.986862,28.398298,-8.317376,frame_006048
-51.013715,28.232457,-8.316078,frame_006049
-51.038073,28.065886,-8.314734,frame_006050
-51.059987,27.898787,-8.313349,frame_006051
-51.079520,27.731361,-8.311927,frame_006052
-51.096749,27.563595,-8.310509,frame_006053
-51.111761,27.395264,-8.309098,frame_006054
-51.124660,27.226140,-8.307698,frame_006055
-51.136304,27.057197,-8.306296,frame_006056
-51.146666,26.888431,-8.304901,frame_006057
-51.155736,26.719846,-8.303524,frame_006058
-51.162777,26.550468,-8.302156,frame_006059
-51.167974,26.380525,-8.300805,frame_006060
-51.171522,26.210242,-8.299480,frame_006061
-51.174378,26.039846,-8.298180,frame_006062
-51.176607,25.869563,-8.296911,frame_006063
-51.178296,25.699619,-8.295679,frame_006064
-51.178642,25.530028,-8.294501,frame_006065
-51.177600,25.360588,-8.293390,frame_006066
-51.175138,25.191097,-8.292354,frame_006067
-51.171237,25.022555,-8.291392,frame_006068
-51.165891,24.854982,-8.290508,frame_006069
-51.159107,24.688408,-8.289704,frame_006070
-51.151065,24.520684,-8.288952,frame_006071
-51.142120,24.351840,-8.288248,frame_006072
-51.132640,24.181896,-8.287587,frame_006073
-51.122845,24.013052,-8.287016,frame_006074
-51.112803,23.845328,-8.286552,frame_006075
-51.102597,23.678754,-8.286214,frame_006076
-51.091416,23.511181,-8.285929,frame_006077
-51.079198,23.342639,-8.285695,frame_006078
-51.065889,23.173148,-8.285507,frame_006079
-51.052350,23.003708,-8.285345,frame_006080
-51.038708,22.834116,-8.285210,frame_006081
-51.025102,22.664173,-8.285103,frame_006082
-51.010777,22.493890,-8.285116,frame_006083
-50.995729,22.323493,-8.285256,frame_006084
-50.979962,22.153210,-8.285534,frame_006085
-50.963484,21.983267,-8.285942,frame_006086
-50.946313,21.813889,-8.286482,frame_006087
-50.928471,21.645304,-8.287156,frame_006088
-50.909238,21.477524,-8.287932,frame_006089
-50.888808,21.310348,-8.288807,frame_006090
-50.867368,21.143574,-8.289780,frame_006091
-50.845856,20.976015,-8.290832,frame_006092
-50.824307,20.807676,-8.291953,frame_006093
-50.802761,20.638551,-8.293132,frame_006094
-50.781267,20.470816,-8.294378,frame_006095
-50.759878,20.304464,-8.295681,frame_006096
-50.738655,20.139502,-8.297033,frame_006097
-50.716756,19.973754,-8.298471,frame_006098
-50.694087,19.807226,-8.299989,frame_006099
-50.670551,19.639913,-8.301575,frame_006100
-50.646963,19.473988,-8.303224,frame_006101
-50.623394,19.309448,-8.304928,frame_006102
-50.599923,19.146297,-8.306682,frame_006103
-50.576638,18.982360,-8.308457,frame_006104
-50.553629,18.817643,-8.310243,frame_006105
-50.530995,18.652141,-8.312027,frame_006106
-50.507933,18.485842,-8.313832,frame_006107
-50.484385,18.318724,-8.315650,frame_006108
-50.460295,18.150759,-8.317475,frame_006109
-50.436514,17.984094,-8.319338,frame_006110
-50.413152,17.818700,-8.321229,frame_006111
-50.390326,17.654557,-8.323136,frame_006112
-50.367253,17.490665,-8.325015,frame_006113
-50.343895,17.327226,-8.326862,frame_006114
-50.320213,17.164441,-8.328675,frame_006115
-50.295423,17.002297,-8.330469,frame_006116
-50.269643,16.840569,-8.332241,frame_006117
-50.242984,16.679029,-8.333989,frame_006118
-50.216297,16.516465,-8.335688,frame_006119
-50.189524,16.352857,-8.337335,frame_006120
-50.162608,16.188174,-8.338926,frame_006121
-50.136400,16.023579,-8.340457,frame_006122
-50.111011,15.859249,-8.341924,frame_006123
-50.086558,15.695359,-8.343321,frame_006124
-50.062258,15.531871,-8.344679,frame_006125
-50.038071,15.368534,-8.346001,frame_006126
-50.013961,15.205097,-8.347293,frame_006127
-49.989143,15.041521,-8.348558,frame_006128
-49.963734,14.877983,-8.349796,frame_006129
-49.937846,14.714658,-8.351009,frame_006130
-49.912329,14.550524,-8.352212,frame_006131
-49.887126,14.385534,-8.353415,frame_006132
-49.862179,14.219633,-8.354629,frame_006133
-49.837433,14.054944,-8.355827,frame_006134
-49.812829,13.891414,-8.357017,frame_006135
-49.788311,13.728995,-8.358211,frame_006136
-49.763822,13.566665,-8.359363,frame_006137
-49.739304,13.404598,-8.360490,frame_006138
-49.714700,13.242972,-8.361610,frame_006139
-49.690115,13.081748,-8.362757,frame_006140
-49.665816,12.920675,-8.363946,frame_006141
-49.642068,12.759502,-8.365193,frame_006142
-49.618978,12.598190,-8.366482,frame_006143
-49.596486,12.436916,-8.367829,frame_006144
-49.574537,12.275856,-8.369250,frame_006145
-49.553073,12.113986,-8.370747,frame_006146
-49.532038,11.951260,-8.372338,frame_006147
-49.511373,11.787623,-8.374035,frame_006148
-49.491023,11.625198,-8.375857,frame_006149
-49.470929,11.463932,-8.377806,frame_006150
-49.451036,11.303777,-8.379886,frame_006151
-49.430539,11.142511,-8.382090,frame_006152
-49.409537,10.980086,-8.384424,frame_006153
-49.388122,10.816449,-8.386895,frame_006154
-49.367126,10.652737,-8.389515,frame_006155
-49.346472,10.489100,-8.392287,frame_006156
-49.326085,10.325689,-8.395211,frame_006157
-49.305888,10.162656,-8.398289,frame_006158
-49.285805,10.000151,-8.401520,frame_006159
-49.265760,9.838325,-8.404902,frame_006160
-49.245677,9.676130,-8.408376,frame_006161
-49.225480,9.513493,-8.411937,frame_006162
-49.205093,9.350336,-8.415583,frame_006163
-49.184439,9.187770,-8.419358,frame_006164
-49.163443,9.025920,-8.423264,frame_006165
-49.142028,8.864914,-8.427298,frame_006166
-49.121026,8.703676,-8.431457,frame_006167
-49.100529,8.542110,-8.435733,frame_006168
-49.080636,8.380112,-8.440120,frame_006169
-49.059796,8.218767,-8.444619,frame_006170
-49.038109,8.058177,-8.449222,frame_006171
-49.015666,7.898443,-8.453923,frame_006172
-48.993300,7.739664,-8.458703,frame_006173
-48.970934,7.581942,-8.463555,frame_006174
-48.948491,7.425378,-8.468469,frame_006175
-48.925896,7.268871,-8.473448,frame_006176
-48.903073,7.112300,-8.478483,frame_006177
-48.879945,6.955535,-8.483565,frame_006178
-48.857345,6.799639,-8.488673,frame_006179
-48.835363,6.644686,-8.493796,frame_006180
-48.814099,6.490751,-8.498919,frame_006181
-48.792004,6.337911,-8.504051,frame_006182
-48.769175,6.186241,-8.509180,frame_006183
-48.745705,6.035816,-8.514294,frame_006184
-48.722425,5.885511,-8.519421,frame_006185
-48.699259,5.735181,-8.524547,frame_006186
-48.676131,5.584669,-8.529661,frame_006187
-48.652965,5.435013,-8.534811,frame_006188
-48.629685,5.286262,-8.539991,frame_006189
-48.606215,5.138468,-8.545196,frame_006190
-48.583386,4.990479,-8.550418,frame_006191
-48.561291,4.842125,-8.555648,frame_006192
-48.540026,4.693225,-8.560877,frame_006193
-48.518791,4.544791,-8.566118,frame_006194
-48.497527,4.396847,-8.571364,frame_006195
-48.476177,4.249419,-8.576612,frame_006196
-48.454685,4.102531,-8.581858,frame_006197
-48.432993,3.956210,-8.587102,frame_006198
-48.411043,3.810480,-8.592344,frame_006199
-48.388780,3.663180,-8.597587,frame_006200
-48.366146,3.514318,-8.602817,frame_006201
-48.343084,3.363887,-8.608021,frame_006202
-48.320444,3.214048,-8.613191,frame_006203
-48.298337,3.064774,-8.618322,frame_006204
-48.276882,2.916041,-8.623409,frame_006205
-48.255293,2.767823,-8.628428,frame_006206
-48.233533,2.620097,-8.633377,frame_006207
-48.211563,2.472835,-8.638251,frame_006208
-48.189347,2.326014,-8.642992,frame_006209
-48.166844,2.179608,-8.647610,frame_006210
-48.144018,2.033592,-8.652110,frame_006211
-48.120831,1.886954,-8.656577,frame_006212
-48.097244,1.739876,-8.661015,frame_006213
-48.073219,1.592528,-8.665427,frame_006214
-48.049465,1.446061,-8.669806,frame_006215
-48.025787,1.300423,-8.674155,frame_006216
-48.001999,1.155566,-8.678477,frame_006217
-47.977174,1.010452,-8.682753,frame_006218
-47.951292,0.865237,-8.686989,frame_006219
-47.924335,0.720067,-8.691186,frame_006220
-47.897192,0.576066,-8.695329,frame_006221
-47.870012,0.433160,-8.699426,frame_006222
-47.842949,0.291273,-8.703484,frame_006223
-47.815258,0.150329,-8.707519,frame_006224
-47.786940,0.010253,-8.711541,frame_006225
-47.757993,-0.129031,-8.715557,frame_006226
-47.729164,-0.267598,-8.719577,frame_006227
-47.700298,-0.405523,-8.723610,frame_006228
-47.671246,-0.542882,-8.727663,frame_006229
-47.641118,-0.680737,-8.731782,frame_006230
-47.609934,-0.818958,-8.735966,frame_006231
-47.577713,-0.957422,-8.740218,frame_006232
-47.546127,-1.096017,-8.744513,frame_006233
-47.515209,-1.234639,-8.748859,frame_006234
-47.485002,-1.373190,-8.753262,frame_006235
-47.454657,-1.510596,-8.757719,frame_006236
-47.424074,-1.646983,-8.762232,frame_006237
-47.393162,-1.782478,-8.766802,frame_006238
-47.361090,-1.917205,-8.771447,frame_006239
-47.327932,-2.051291,-8.776162,frame_006240
-47.293766,-2.184861,-8.780941,frame_006241
-47.259414,-2.319027,-8.785778,frame_006242
-47.224795,-2.453709,-8.790663,frame_006243
-47.189838,-2.588837,-8.795588,frame_006244
-47.154476,-2.723362,-8.800490,frame_006245
-47.118648,-2.857433,-8.805373,frame_006246
-47.082300,-2.991203,-8.810238,frame_006247
-47.044639,-3.125808,-8.815135,frame_006248
-47.005780,-3.261193,-8.820059,frame_006249
-46.965835,-3.397313,-8.825007,frame_006250
-46.925667,-3.531944,-8.829834,frame_006251
-46.885232,-3.665039,-8.834550,frame_006252
-46.844497,-3.796545,-8.839162,frame_006253
-46.803432,-3.928584,-8.843733,frame_006254
-46.762016,-4.061101,-8.848268,frame_006255
-46.720233,-4.194052,-8.852766,frame_006256
-46.678073,-4.327397,-8.857250,frame_006257
-46.635532,-4.461108,-8.861719,frame_006258
-46.592616,-4.595164,-8.866174,frame_006259
-46.549331,-4.728565,-8.870636,frame_006260
-46.505696,-4.861514,-8.875124,frame_006261
-46.461731,-4.994211,-8.879658,frame_006262
-46.417465,-5.126644,-8.884179,frame_006263
-46.372934,-5.258587,-8.888701,frame_006264
-46.328178,-5.389812,-8.893238,frame_006265
-46.283084,-5.520308,-8.897821,frame_006266
-46.237381,-5.650276,-8.902458,frame_006267
-46.190806,-5.779917,-8.907156,frame_006268
-46.143265,-5.909218,-8.911881,frame_006269
-46.094830,-6.037953,-8.916650,frame_006270
-46.045580,-6.165896,-8.921482,frame_006271
-45.995602,-6.294020,-8.926424,frame_006272
-45.944987,-6.422320,-8.931493,frame_006273
-45.893833,-6.550802,-8.936705,frame_006274
-45.842245,-6.679478,-8.942076,frame_006275
-45.790334,-6.808368,-8.947621,frame_006276
-45.738218,-6.937503,-8.953353,frame_006277
-45.685858,-7.065933,-8.959303,frame_006278
-45.633062,-7.193910,-8.965478,frame_006279
-45.579640,-7.321686,-8.971885,frame_006280
-45.526322,-7.449298,-8.978515,frame_006281
-45.473100,-7.576571,-8.985359,frame_006282
-45.419981,-7.703328,-8.992407,frame_006283
-45.365330,-7.829393,-8.999683,frame_006284
-45.309166,-7.954591,-9.007181,frame_006285
-45.251509,-8.078744,-9.014897,frame_006286
-45.193122,-8.202878,-9.022829,frame_006287
-45.133870,-8.327037,-9.030967,frame_006288
-45.073623,-8.451277,-9.039297,frame_006289
-45.012418,-8.575660,-9.047684,frame_006290
-44.950463,-8.700258,-9.056125,frame_006291
-44.887969,-8.825150,-9.064618,frame_006292
-44.824993,-8.949225,-9.073173,frame_006293
-44.761438,-9.072356,-9.081776,frame_006294
-44.697211,-9.194419,-9.090411,frame_006295
-44.632226,-9.315500,-9.099170,frame_006296
-44.566405,-9.435902,-9.108038,frame_006297
-44.499674,-9.555926,-9.116998,frame_006298
-44.432875,-9.675662,-9.125910,frame_006299
-44.366114,-9.794982,-9.134766,frame_006300
-44.299514,-9.913761,-9.143553,frame_006301
-44.232299,-10.033074,-9.152407,frame_006302
-44.164448,-10.153017,-9.161330,frame_006303
-44.095943,-10.273694,-9.170323,frame_006304
-44.026776,-10.394019,-9.179346,frame_006305
-43.956944,-10.513891,-9.188391,frame_006306
-43.886450,-10.633209,-9.197451,frame_006307
-43.815302,-10.751874,-9.206463,frame_006308
-43.743518,-10.869784,-9.215423,frame_006309
-43.671119,-10.986838,-9.224330,frame_006310
-43.598135,-11.104137,-9.233258,frame_006311
-43.524598,-11.221801,-9.242206,frame_006312
-43.450552,-11.339961,-9.251173,frame_006313
-43.376044,-11.458541,-9.260196,frame_006314
-43.301126,-11.577260,-9.269277,frame_006315
-43.225861,-11.695846,-9.278415,frame_006316
-43.150152,-11.813262,-9.287535,frame_006317
-43.073749,-11.929885,-9.296645,frame_006318
-42.996408,-12.046094,-9.305750,frame_006319
-42.918053,-12.163037,-9.314989,frame_006320
-42.838775,-12.280459,-9.324365,frame_006321
-42.758674,-12.398112,-9.333878,frame_006322
-42.678599,-12.514772,-9.343501,frame_006323
-42.598506,-12.630413,-9.353236,frame_006324
-42.518364,-12.745010,-9.363086,frame_006325
-42.437407,-12.858538,-9.373071,frame_006326
-42.355785,-12.970971,-9.383190,frame_006327
-42.273652,-13.082285,-9.393441,frame_006328
-42.190264,-13.194641,-9.403802,frame_006329
-42.105620,-13.308030,-9.414267,frame_006330
-42.019720,-13.422460,-9.424831,frame_006331
-41.933309,-13.535770,-9.435473,frame_006332
-41.846234,-13.647987,-9.446178,frame_006333
-41.758344,-13.759134,-9.456931,frame_006334
-41.669658,-13.869237,-9.467723,frame_006335
-41.580364,-13.978322,-9.478537,frame_006336
-41.490655,-14.086413,-9.489355,frame_006337
-41.400569,-14.194521,-9.500154,frame_006338
-41.309989,-14.302467,-9.510909,frame_006339
-41.218804,-14.410078,-9.521593,frame_006340
-41.127071,-14.516205,-9.532296,frame_006341
-41.035015,-14.620898,-9.543010,frame_006342
-40.942868,-14.724208,-9.553727,frame_006343
-40.850705,-14.827170,-9.564453,frame_006344
-40.758448,-14.929631,-9.575164,frame_006345
-40.666024,-15.031442,-9.585841,frame_006346
-40.572619,-15.133665,-9.596383,frame_006347
-40.478329,-15.236394,-9.606765,frame_006348
-40.383250,-15.339736,-9.616966,frame_006349
-40.288222,-15.441632,-9.627040,frame_006350
-40.193185,-15.542207,-9.636986,frame_006351
-40.098086,-15.641587,-9.646805,frame_006352
-40.002876,-15.740885,-9.656472,frame_006353
-39.907514,-15.840019,-9.665981,frame_006354
-39.811966,-15.938920,-9.675326,frame_006355
-39.715457,-16.037524,-9.684527,frame_006356
-39.618120,-16.135776,-9.693575,frame_006357
-39.520088,-16.233631,-9.702458,frame_006358
-39.422241,-16.330065,-9.711223,frame_006359
-39.324556,-16.425253,-9.719871,frame_006360
-39.227018,-16.519372,-9.728405,frame_006361
-39.129617,-16.613585,-9.736815,frame_006362
-39.032350,-16.707861,-9.745096,frame_006363
-38.935220,-16.802180,-9.753246,frame_006364
-38.838236,-16.895329,-9.761261,frame_006365
-38.741415,-16.987082,-9.769136,frame_006366
-38.644778,-17.077212,-9.776868,frame_006367
-38.546700,-17.167894,-9.784501,frame_006368
-38.447205,-17.259344,-9.792050,frame_006369
-38.346306,-17.351798,-9.799531,frame_006370
-38.245669,-17.443107,-9.806954,frame_006371
-38.145308,-17.533096,-9.814305,frame_006372
-38.045246,-17.621588,-9.821573,frame_006373
-37.944603,-17.708621,-9.828767,frame_006374
-37.843247,-17.794447,-9.835884,frame_006375
-37.741043,-17.879316,-9.842918,frame_006376
-37.638768,-17.964467,-9.849882,frame_006377
-37.536455,-18.049947,-9.856763,frame_006378
-37.434146,-18.135808,-9.863553,frame_006379
-37.331888,-18.220915,-9.870269,frame_006380
-37.229736,-18.305116,-9.876900,frame_006381
-37.127749,-18.388261,-9.883436,frame_006382
-37.025086,-18.471398,-9.889882,frame_006383
-36.921653,-18.554599,-9.896222,frame_006384
-36.817354,-18.637943,-9.902441,frame_006385
-36.713001,-18.721519,-9.908515,frame_006386
-36.608669,-18.805422,-9.914431,frame_006387
-36.504435,-18.889759,-9.920179,frame_006388
-36.399478,-18.973441,-9.925658,frame_006389
-36.293722,-19.056368,-9.930873,frame_006390
-36.187090,-19.138440,-9.935829,frame_006391
-36.080415,-19.220757,-9.940558,frame_006392
-35.973788,-19.303439,-9.945060,frame_006393
-35.867307,-19.386616,-9.949335,frame_006394
-35.760170,-19.468241,-9.953314,frame_006395
-35.652319,-19.548444,-9.956994,frame_006396
-35.543697,-19.627347,-9.960375,frame_006397
-35.435156,-19.706048,-9.963515,frame_006398
-35.326805,-19.784448,-9.966416,frame_006399
-35.218763,-19.862445,-9.969079,frame_006400
-35.110244,-19.941138,-9.971523,frame_006401
-35.001212,-20.020651,-9.973759,frame_006402
-34.891628,-20.101111,-9.975799,frame_006403
-34.781454,-20.181458,-9.977658,frame_006404
-34.670653,-20.261617,-9.979348,frame_006405
-34.559185,-20.341512,-9.980882,frame_006406
-34.448666,-20.421067,-9.982218,frame_006407
-34.339072,-20.500206,-9.983372,frame_006408
-34.230390,-20.578856,-9.984362,frame_006409
-34.120965,-20.658139,-9.985234,frame_006410
-34.010798,-20.738203,-9.986004,frame_006411
-33.899889,-20.819203,-9.986686,frame_006412
-33.788984,-20.900102,-9.987286,frame_006413
-33.677927,-20.980850,-9.987816,frame_006414
-33.566569,-21.061397,-9.988292,frame_006415
-33.454022,-21.141692,-9.988725,frame_006416
-33.340305,-21.221686,-9.989131,frame_006417
-33.225436,-21.301327,-9.989521,frame_006418
-33.110343,-21.380566,-9.989935,frame_006419
-32.995212,-21.459352,-9.990392,frame_006420
-32.880238,-21.537635,-9.990914,frame_006421
-32.765457,-21.615364,-9.991420,frame_006422
-32.650753,-21.692490,-9.991919,frame_006423
-32.536015,-21.768961,-9.992419,frame_006424
-32.421138,-21.845929,-9.992940,frame_006425
-32.306024,-21.923563,-9.993491,frame_006426
-32.190581,-22.002046,-9.994083,frame_006427
-32.073977,-22.081351,-9.994691,frame_006428
-31.956288,-22.161248,-9.995316,frame_006429
-31.837590,-22.241515,-9.995962,frame_006430
-31.718706,-22.320951,-9.996598,frame_006431
-31.599556,-22.399558,-9.997222,frame_006432
-31.480067,-22.477334,-9.997830,frame_006433
-31.360173,-22.555267,-9.998386,frame_006434
-31.239814,-22.633150,-9.998879,frame_006435
-31.118934,-22.710786,-9.999296,frame_006436
-30.998234,-22.787001,-9.999635,frame_006437
-30.877516,-22.861820,-9.999883,frame_006438
-30.756596,-22.935268,-10.000026,frame_006439
-30.634558,-23.008356,-10.000128,frame_006440
-30.511397,-23.080904,-10.000194,frame_006441
-30.387117,-23.152741,-10.000231,frame_006442
-30.261727,-23.223702,-10.000227,frame_006443
-30.135244,-23.293632,-10.000176,frame_006444
-30.007690,-23.362385,-10.000072,frame_006445
-29.879093,-23.431022,-9.999931,frame_006446
-29.749487,-23.499636,-9.999753,frame_006447
-29.618915,-23.568335,-9.999536,frame_006448
-29.488170,-23.636046,-9.999277,frame_006449
-29.357150,-23.702689,-9.998964,frame_006450
-29.225767,-23.768192,-9.998589,frame_006451
-29.093198,-23.832492,-9.998208,frame_006452
-28.959535,-23.895536,-9.997802,frame_006453
-28.824877,-23.957276,-9.997357,frame_006454
-28.690075,-24.017676,-9.996865,frame_006455
-28.555083,-24.076705,-9.996307,frame_006456
-28.419871,-24.134343,-9.995666,frame_006457
-28.282765,-24.191564,-9.994958,frame_006458
-28.143747,-24.248158,-9.994174,frame_006459
-28.002797,-24.303931,-9.993308,frame_006460
-27.861550,-24.357722,-9.992383,frame_006461
-27.720000,-24.409577,-9.991376,frame_006462
-27.578153,-24.459551,-9.990267,frame_006463
-27.435120,-24.507705,-9.989035,frame_006464
-27.290766,-24.554113,-9.987658,frame_006465
-27.144959,-24.598852,-9.986117,frame_006466
-26.997739,-24.642011,-9.984455,frame_006467
-26.849310,-24.683688,-9.982640,frame_006468
-26.699887,-24.723985,-9.980642,frame_006469
-26.550433,-24.764004,-9.978549,frame_006470
-26.401018,-24.803659,-9.976311,frame_006471
-26.251725,-24.842884,-9.973884,frame_006472
-26.101741,-24.880643,-9.971316,frame_006473
-25.951006,-24.917107,-9.968553,frame_006474
-25.799466,-24.952456,-9.965547,frame_006475
-25.647074,-24.986880,-9.962319,frame_006476
-25.493788,-25.020575,-9.958813,frame_006477
-25.339573,-25.053747,-9.954971,frame_006478
-25.185308,-25.086395,-9.950689,frame_006479
-25.031140,-25.118315,-9.945929,frame_006480
-24.877227,-25.149309,-9.940657,frame_006481
-24.722087,-25.179403,-9.934852,frame_006482
-24.565890,-25.208843,-9.928487,frame_006483
-24.408809,-25.237886,-9.921539,frame_006484
-24.251760,-25.266582,-9.913935,frame_006485
-24.094759,-25.294775,-9.905669,frame_006486
-23.937828,-25.322320,-9.896736,frame_006487
-23.780089,-25.349290,-9.887031,frame_006488
-23.621407,-25.375985,-9.876575,frame_006489
-23.461651,-25.402711,-9.865397,frame_006490
-23.301594,-25.429567,-9.853624,frame_006491
-23.141270,-25.456448,-9.841273,frame_006492
-22.980723,-25.483260,-9.828364,frame_006493
-22.819998,-25.509913,-9.814879,frame_006494
-22.659151,-25.536328,-9.800841,frame_006495
-22.498240,-25.562433,-9.786277,frame_006496
-22.337333,-25.588166,-9.771316,frame_006497
-22.176503,-25.613473,-9.755971,frame_006498
-22.015830,-25.638306,-9.740259,frame_006499
-21.854490,-25.661643,-9.724075,frame_006500
-21.692407,-25.683659,-9.707458,frame_006501
-21.529507,-25.704530,-9.690452,frame_006502
-21.366620,-25.726405,-9.673229,frame_006503
-21.203838,-25.749049,-9.655787,frame_006504
-21.041260,-25.772244,-9.638132,frame_006505
-20.878082,-25.794803,-9.620277,frame_006506
-20.714248,-25.816745,-9.602227,frame_006507
-20.549700,-25.838102,-9.583991,frame_006508
-20.385289,-25.857711,-9.565616,frame_006509
-20.221127,-25.875395,-9.547114,frame_006510
-20.057329,-25.890978,-9.528499,frame_006511
-19.893113,-25.905485,-9.509867,frame_006512
-19.728440,-25.918962,-9.491196,frame_006513
-19.563273,-25.931462,-9.472473,frame_006514
-19.397572,-25.943049,-9.453898,frame_006515
-19.231301,-25.953794,-9.435419,frame_006516
-19.064420,-25.963777,-9.416992,frame_006517
-18.897801,-25.974072,-9.398386,frame_006518
-18.731572,-25.984570,-9.379578,frame_006519
-18.565870,-25.995179,-9.360549,frame_006520
-18.399930,-26.003636,-9.341280,frame_006521
-18.233734,-26.009868,-9.321711,frame_006522
-18.067261,-26.013798,-9.301790,frame_006523
-17.900494,-26.016550,-9.281334,frame_006524
-17.733412,-26.018272,-9.260292,frame_006525
-17.565998,-26.019118,-9.238616,frame_006526
-17.398231,-26.020239,-9.216158,frame_006527
-17.230094,-26.021600,-9.192864,frame_006528
-17.061566,-26.023185,-9.168687,frame_006529
-16.893375,-26.023794,-9.143687,frame_006530
-16.725346,-26.023222,-9.117824,frame_006531
-16.557312,-26.021271,-9.091061,frame_006532
-16.389272,-26.018952,-9.063384,frame_006533
-16.221394,-26.016309,-9.034757,frame_006534
-16.053854,-26.013399,-9.005153,frame_006535
-15.885923,-26.008111,-8.974522,frame_006536
-15.717621,-26.000522,-8.942875,frame_006537
-15.548967,-25.990706,-8.910223,frame_006538
-15.379980,-25.980926,-8.876893,frame_006539
-15.210679,-25.971273,-8.842889,frame_006540
-15.041083,-25.961856,-8.808228,frame_006541
-14.871211,-25.952588,-8.772724,frame_006542
-14.701082,-25.943184,-8.736407,frame_006543
-14.530715,-25.933374,-8.699314,frame_006544
-14.360129,-25.921922,-8.661556,frame_006545
-14.189344,-25.908797,-8.623172,frame_006546
-14.018378,-25.893980,-8.584203,frame_006547
-13.847250,-25.877457,-8.544649,frame_006548
-13.675979,-25.859224,-8.504530,frame_006549
-13.504584,-25.839286,-8.463870,frame_006550
-13.333085,-25.819840,-8.422828,frame_006551
-13.161501,-25.800926,-8.381461,frame_006552
-12.989849,-25.782605,-8.339832,frame_006553
-12.817404,-25.762566,-8.297690,frame_006554
-12.644340,-25.740478,-8.255090,frame_006555
-12.470825,-25.716017,-8.212094,frame_006556
-12.297767,-25.690070,-8.168780,frame_006557
-12.125165,-25.662552,-8.125204,frame_006558
-11.953021,-25.633397,-8.081426,frame_006559
-11.780586,-25.601567,-8.037503,frame_006560
-11.608018,-25.567235,-7.993492,frame_006561
-11.435466,-25.530582,-7.949449,frame_006562
-11.263817,-25.493767,-7.905151,frame_006563
-11.093053,-25.456578,-7.860654,frame_006564
-10.923155,-25.418825,-7.816019,frame_006565
-10.754104,-25.379359,-7.770824,frame_006566
-10.585881,-25.338247,-7.725129,frame_006567
-10.418466,-25.295572,-7.678993,frame_006568
-10.251095,-25.250237,-7.633003,frame_006569
-10.083905,-25.202135,-7.587156,frame_006570
-9.917024,-25.151170,-7.541453,frame_006571
-9.750578,-25.098454,-7.495636,frame_006572
-9.584683,-25.044130,-7.449705,frame_006573
-9.419450,-24.988358,-7.403657,frame_006574
-9.254983,-24.932298,-7.357535,frame_006575
-9.091383,-24.875939,-7.311349,frame_006576
-8.928739,-24.819293,-7.265109,frame_006577
-8.767138,-24.761198,-7.218980,frame_006578
-8.606660,-24.701495,-7.172950,frame_006579
-8.447376,-24.640041,-7.127007,frame_006580
-8.288447,-24.575725,-7.080794,frame_006581
-8.129763,-24.508642,-7.034353,frame_006582
-7.971206,-24.438897,-6.987727,frame_006583
-7.813548,-24.367590,-6.941067,frame_006584
-7.656813,-24.294638,-6.894380,frame_006585
-7.501016,-24.219972,-6.847673,frame_006586
-7.345420,-24.144743,-6.800911,frame_006587
-7.190185,-24.069139,-6.754149,frame_006588
-7.035456,-23.993374,-6.707446,frame_006589
-6.882113,-23.917473,-6.660996,frame_006590
-6.730120,-23.841272,-6.614741,frame_006591
-6.579436,-23.764634,-6.568623,frame_006592
-6.429268,-23.685259,-6.522527,frame_006593
-6.279718,-23.603043,-6.476460,frame_006594
-6.130873,-23.517888,-6.430427,frame_006595
-5.982811,-23.430906,-6.384495,frame_006596
-5.835594,-23.342241,-6.338631,frame_006597
-5.689273,-23.252052,-6.292804,frame_006598
-5.544633,-23.160514,-6.246572,frame_006599
-5.401543,-23.067821,-6.199958,frame_006600
-5.259867,-22.974182,-6.152989,frame_006601
-5.118717,-22.879609,-6.105675,frame_006602
-4.978098,-22.783919,-6.058036,frame_006603
-4.838004,-22.686943,-6.010089,frame_006604
-4.699324,-22.587545,-5.962013,frame_006605
-4.562194,-22.485796,-5.913836,frame_006606
-4.426745,-22.381775,-5.865584,frame_006607
-4.291447,-22.276556,-5.817213,frame_006608
-4.156403,-22.170032,-5.768741,frame_006609
-4.021700,-22.062108,-5.720187,frame_006610
-3.888312,-21.952924,-5.671616,frame_006611
-3.756454,-21.842849,-5.623017,frame_006612
-3.626330,-21.732268,-5.574380,frame_006613
-3.497969,-21.620171,-5.525843,frame_006614
-3.371224,-21.506326,-5.477415,frame_006615
-3.245936,-21.390511,-5.429105,frame_006616
-3.121189,-21.273712,-5.381007,frame_006617
-2.996954,-21.155947,-5.333217,frame_006618
-2.873183,-21.037249,-5.285831,frame_006619
-2.750718,-20.917667,-5.238373,frame_006620
-2.629640,-20.797270,-5.190871,frame_006621
-2.510021,-20.676140,-5.143347,frame_006622
-2.391170,-20.554379,-5.095677,frame_006623
-2.273288,-20.432104,-5.047955,frame_006624
-2.156555,-20.309450,-5.000272,frame_006625
-2.041880,-20.184380,-4.952730,frame_006626
-1.929249,-20.057046,-4.905409,frame_006627
-1.818637,-19.927600,-4.858380,frame_006628
-1.709260,-19.797177,-4.811450,frame_006629
-1.601223,-19.665723,-4.764671,frame_006630
-1.494611,-19.533193,-4.718085,frame_006631
-1.389491,-19.400749,-4.671818,frame_006632
-1.285911,-19.268583,-4.626019,frame_006633
-1.183899,-19.136905,-4.580830,frame_006634
-1.083465,-19.004741,-4.536072,frame_006635
-0.984598,-18.872113,-4.491872,frame_006636
-0.887272,-18.739049,-4.448350,frame_006637
-0.792344,-18.605589,-4.405601,frame_006638
-0.699919,-18.471777,-4.363798,frame_006639
-0.610083,-18.337668,-4.323104,frame_006640
-0.522751,-18.202618,-4.283127,frame_006641
-0.437664,-18.066374,-4.243952,frame_006642
-0.353057,-17.928192,-4.205646,frame_006643
-0.269862,-17.789131,-4.168484,frame_006644
-0.188248,-17.649271,-4.132551,frame_006645
-0.108737,-17.506972,-4.097914,frame_006646
-0.031381,-17.362692,-4.064475,frame_006647
0.043784,-17.216880,-4.032258,frame_006648
0.116736,-17.069979,-4.001272,frame_006649
0.188379,-16.924646,-3.971941,frame_006650
0.258891,-16.780848,-3.944320,frame_006651
0.328475,-16.637088,-3.918458,frame_006652
0.396446,-16.492468,-3.894388,frame_006653
0.462883,-16.347067,-3.872132,frame_006654
0.527877,-16.200957,-3.851704,frame_006655
0.591912,-16.055400,-3.833064,frame_006656
0.655036,-15.910673,-3.816194,frame_006657
0.717315,-15.767053,-3.801065,frame_006658
0.777554,-15.625096,-3.787682,frame_006659
0.835767,-15.484548,-3.775996,frame_006660
0.892538,-15.343681,-3.765942,frame_006661
0.947782,-15.203757,-3.757346,frame_006662
1.001433,-15.065053,-3.750109,frame_006663
1.053433,-14.927846,-3.744125,frame_006664
1.104465,-14.791212,-3.739258,frame_006665
1.154709,-14.655206,-3.735375,frame_006666
1.204365,-14.519875,-3.732332,frame_006667
1.252744,-14.385255,-3.730201,frame_006668
1.299916,-14.251377,-3.728857,frame_006669
1.345964,-14.118261,-3.728164,frame_006670
1.391727,-13.987399,-3.728055,frame_006671
1.437160,-13.858487,-3.728404,frame_006672
1.481487,-13.729746,-3.729089,frame_006673
1.523946,-13.601188,-3.730289,frame_006674
1.564529,-13.472819,-3.731908,frame_006675
1.603977,-13.344633,-3.733819,frame_006676
1.643047,-13.217818,-3.735899,frame_006677
1.681766,-13.092575,-3.738037,frame_006678
1.719623,-12.967627,-3.740135,frame_006679
1.755894,-12.842282,-3.742172,frame_006680
1.790607,-12.716816,-3.744033,frame_006681
1.823800,-12.591482,-3.745597,frame_006682
1.856078,-12.467992,-3.747067,frame_006683
1.887377,-12.346249,-3.748367,frame_006684
1.917647,-12.226149,-3.749414,frame_006685
1.946849,-12.107579,-3.750292,frame_006686
1.974958,-11.990416,-3.750945,frame_006687
2.001961,-11.874531,-3.751320,frame_006688
2.027859,-11.761265,-3.751600,frame_006689
2.052664,-11.650163,-3.751765,frame_006690
2.076401,-11.537816,-3.751793,frame_006691
2.100016,-11.423793,-3.751790,frame_006692
2.123728,-11.308132,-3.751756,frame_006693
2.145960,-11.191447,-3.751699,frame_006694
2.166632,-11.075314,-3.751655,frame_006695
2.185671,-10.959503,-3.751620,frame_006696
2.203465,-10.845875,-3.751604,frame_006697
2.220037,-10.736050,-3.751591,frame_006698
2.235420,-10.629869,-3.751586,frame_006699
2.249658,-10.524724,-3.751578,frame_006700
2.262802,-10.418307,-3.751545,frame_006701
2.274915,-10.310506,-3.751494,frame_006702
2.286068,-10.203975,-3.751420,frame_006703
2.296342,-10.098690,-3.751330,frame_006704
2.305827,-9.994625,-3.751227,frame_006705
2.314623,-9.891754,-3.751117,frame_006706
2.322386,-9.790054,-3.750991,frame_006707
2.329150,-9.689497,-3.750852,frame_006708
2.335703,-9.590061,-3.750729,frame_006709
2.342391,-9.489919,-3.750595,frame_006710
2.349203,-9.388712,-3.750441,frame_006711
2.354716,-9.286392,-3.750227,frame_006712
2.358981,-9.183214,-3.749956,frame_006713
2.362052,-9.079426,-3.749633,frame_006714
2.363989,-8.975258,-3.749260,frame_006715
2.365083,-8.873891,-3.748832,frame_006716
2.365445,-8.774915,-3.748353,frame_006717
2.365938,-8.676454,-3.747893,frame_006718
2.366531,-8.578434,-3.747432,frame_006719
2.367204,-8.480778,-3.746958,frame_006720
2.367205,-8.382672,-3.746406,frame_006721
2.365789,-8.282395,-3.745814,frame_006722
2.362955,-8.179685,-3.745189,frame_006723
2.359611,-8.076062,-3.744522,frame_006724
2.355925,-7.973781,-3.743896,frame_006725
2.352072,-7.872406,-3.743299,frame_006726
2.347324,-7.769051,-3.742735,frame_006727
2.341701,-7.663821,-3.742200,frame_006728
2.335222,-7.556813,-3.741695,frame_006729
2.329331,-7.450901,-3.741187,frame_006730
2.324021,-7.346291,-3.740672,frame_006731
2.319290,-7.243205,-3.740151,frame_006732
2.314405,-7.141875,-3.739649,frame_006733
2.308863,-7.040745,-3.739141,frame_006734
2.302722,-6.939742,-3.738618,frame_006735
2.296038,-6.838789,-3.738028,frame_006736
2.288870,-6.737811,-3.737384,frame_006737
2.281273,-6.636732,-3.736689,frame_006738
2.273305,-6.535477,-3.735938,frame_006739
2.265023,-6.432170,-3.735123,frame_006740
2.256484,-6.326404,-3.734247,frame_006741
2.247745,-6.220369,-3.733295,frame_006742
2.238863,-6.114505,-3.732276,frame_006743
2.229896,-6.009253,-3.731197,frame_006744
2.220901,-5.906046,-3.730075,frame_006745
2.211934,-5.803330,-3.728876,frame_006746
2.203052,-5.701029,-3.727601,frame_006747
2.195059,-5.599068,-3.726282,frame_006748
2.187857,-5.495571,-3.724933,frame_006749
2.181353,-5.390129,-3.723548,frame_006750
2.174716,-5.285321,-3.722073,frame_006751
2.168022,-5.181269,-3.720522,frame_006752
2.161346,-5.078102,-3.718909,frame_006753
2.154766,-4.973773,-3.717248,frame_006754
2.148358,-4.868412,-3.715552,frame_006755
2.142196,-4.762140,-3.713834,frame_006756
2.136358,-4.656057,-3.712117,frame_006757
2.130920,-4.550061,-3.710411,frame_006758
2.125958,-4.444054,-3.708728,frame_006759
2.120639,-4.336947,-3.707018,frame_006760
2.114873,-4.228845,-3.705291,frame_006761
2.108561,-4.119845,-3.703558,frame_006762
2.102505,-4.012822,-3.701896,frame_006763
2.096764,-3.907982,-3.700319,frame_006764
2.091393,-3.805545,-3.698841,frame_006765
2.086451,-3.704759,-3.697467,frame_006766
2.081994,-3.602474,-3.696221,frame_006767
2.078080,-3.498478,-3.695120,frame_006768
2.073857,-3.394339,-3.694090,frame_006769
2.069215,-3.290136,-3.693135,frame_006770
2.064036,-3.185941,-3.692259,frame_006771
2.059104,-3.083702,-3.691535,frame_006772
2.054458,-2.983436,-3.690977,frame_006773
2.050136,-2.885163,-3.690596,frame_006774
2.046175,-2.787434,-3.690415,frame_006775
2.042614,-2.687892,-3.690345,frame_006776
2.039490,-2.586372,-3.690376,frame_006777
2.036843,-2.485686,-3.690520,frame_006778
2.034709,-2.387654,-3.690741,frame_006779
2.033127,-2.292307,-3.691036,frame_006780
2.031227,-2.197496,-3.691427,frame_006781
2.028879,-2.103250,-3.691908,frame_006782
2.025947,-2.009590,-3.692472,frame_006783
2.023196,-1.916529,-3.693064,frame_006784
2.020645,-1.824070,-3.693673,frame_006785
2.018312,-1.732210,-3.694288,frame_006786
2.016217,-1.640444,-3.694970,frame_006787
2.014380,-1.548852,-3.695712,frame_006788
2.012818,-1.457504,-3.696508,frame_006789
2.011551,-1.366457,-3.697359,frame_006790
2.011717,-1.277234,-3.698274,frame_006791
2.013102,-1.189557,-3.699243,frame_006792
2.014383,-1.103365,-3.700264,frame_006793
2.015597,-1.018808,-3.701336,frame_006794
2.016782,-0.936037,-3.702453,frame_006795
2.017977,-0.854003,-3.703583,frame_006796
2.019219,-0.772635,-3.704725,frame_006797
2.020547,-0.691853,-3.705874,frame_006798
2.021091,-0.611570,-3.706994,frame_006799
2.020721,-0.531687,-3.708070,frame_006800
2.019300,-0.452102,-3.709088,frame_006801
2.017594,-0.372700,-3.710092,frame_006802
2.015621,-0.293361,-3.711088,frame_006803
2.013401,-0.213953,-3.712080,frame_006804
2.010953,-0.135539,-3.713090,frame_006805
2.008296,-0.058194,-3.714121,frame_006806
2.005448,0.018006,-3.715171,frame_006807
2.002429,0.095172,-3.716221,frame_006808
1.999257,0.173246,-3.717271,frame_006809
1.995953,0.252185,-3.718321,frame_006810
1.991974,0.330271,-3.719421,frame_006811
1.987458,0.407376,-3.720572,frame_006812
1.982534,0.483377,-3.721775,frame_006813
1.977329,0.559354,-3.723009,frame_006814
1.972524,0.633935,-3.724236,frame_006815
1.968119,0.707548,-3.725460,frame_006816
1.964113,0.781392,-3.726743,frame_006817
1.960507,0.855262,-3.728081,frame_006818
1.957300,0.928961,-3.729466,frame_006819
1.954493,1.001314,-3.730879,frame_006820
1.952086,1.072346,-3.732320,frame_006821
1.950078,1.142083,-3.733792,frame_006822
1.948470,1.211749,-3.735304,frame_006823
1.947261,1.281593,-3.736852,frame_006824
1.946453,1.351869,-3.738431,frame_006825
1.946043,1.422028,-3.740041,frame_006826
1.946034,1.491804,-3.741670,frame_006827
1.946424,1.560934,-3.743307,frame_006828
1.946468,1.628176,-3.744943,frame_006829
1.946321,1.695280,-3.746599,frame_006830
1.946132,1.762527,-3.748270,frame_006831
1.947535,1.829993,-3.749946,frame_006832
1.950357,1.897548,-3.751618,frame_006833
1.954430,1.965071,-3.753276,frame_006834
1.958845,2.031461,-3.754900,frame_006835
1.963602,2.096820,-3.756492,frame_006836
1.968703,2.161248,-3.758055,frame_006837
1.974145,2.225232,-3.759599,frame_006838
1.979930,2.288556,-3.761117,frame_006839
1.986058,2.351009,-3.762604,frame_006840
1.992528,2.412382,-3.764027,frame_006841
1.997980,2.474273,-3.765370,frame_006842
2.002160,2.536815,-3.766630,frame_006843
2.006168,2.597974,-3.767855,frame_006844
2.009987,2.657900,-3.769038,frame_006845
2.013596,2.716745,-3.770171,frame_006846
2.016976,2.775645,-3.771260,frame_006847
2.020110,2.834545,-3.772303,frame_006848
2.022977,2.893400,-3.773299,frame_006849
2.025558,2.951187,-3.774272,frame_006850
2.027835,3.008080,-3.775212,frame_006851
2.029789,3.064256,-3.776111,frame_006852
2.031399,3.120878,-3.776992,frame_006853
2.032649,3.177915,-3.777852,frame_006854
2.033517,3.235347,-3.778690,frame_006855
2.033987,3.293162,-3.779458,frame_006856
2.034037,3.351355,-3.780157,frame_006857
2.033650,3.409930,-3.780789,frame_006858
2.032806,3.467700,-3.781376,frame_006859
2.031486,3.524464,-3.781921,frame_006860
2.029671,3.580021,-3.782427,frame_006861
2.028024,3.633783,-3.782874,frame_006862
2.026650,3.685865,-3.783262,frame_006863
2.025663,3.736378,-3.783591,frame_006864
2.025177,3.786417,-3.783836,frame_006865
2.024635,3.837677,-3.784044,frame_006866
2.024035,3.890393,-3.784228,frame_006867
2.023379,3.942418,-3.784371,frame_006868
2.022665,3.993575,-3.784471,frame_006869
2.021895,4.043687,-3.784527,frame_006870
2.021067,4.093780,-3.784535,frame_006871
2.020182,4.143899,-3.784507,frame_006872
2.019240,4.194098,-3.784457,frame_006873
2.018241,4.243454,-3.784393,frame_006874
2.017184,4.292245,-3.784320,frame_006875
2.016071,4.340746,-3.784245,frame_006876
2.014901,4.389021,-3.784160,frame_006877
2.013673,4.436918,-3.784065,frame_006878
2.012389,4.484288,-3.783960,frame_006879
2.011955,4.532178,-3.783818,frame_006880
2.012540,4.580659,-3.783646,frame_006881
2.014318,4.629813,-3.783448,frame_006882
2.015654,4.678526,-3.783220,frame_006883
2.016400,4.726674,-3.782965,frame_006884
2.016400,4.774129,-3.782686,frame_006885
2.016400,4.821967,-3.782455,frame_006886
2.016400,4.870284,-3.782278,frame_006887
2.016400,4.919184,-3.782160,frame_006888
2.016400,4.967581,-3.782065,frame_006889
2.016400,5.015375,-3.781996,frame_006890
2.016400,5.062464,-3.781953,frame_006891
2.016400,5.108748,-3.781954,frame_006892
2.016400,5.154127,-3.782009,frame_006893
2.016400,5.198499,-3.782132,frame_006894
2.016400,5.242964,-3.782315,frame_006895
2.016400,5.287644,-3.782559,frame_006896
2.016400,5.332669,-3.782860,frame_006897
2.016400,5.376977,-3.783229,frame_006898
2.016400,5.420492,-3.783665,frame_006899
2.016400,5.463140,-3.784168,frame_006900
2.016400,5.506044,-3.784678,frame_006901
2.016400,5.549351,-3.785191,frame_006902
2.016400,5.593217,-3.785702,frame_006903
2.016400,5.636605,-3.786225,frame_006904
2.016400,5.679464,-3.786752,frame_006905
2.016400,5.721745,-3.787272,frame_006906
2.016400,5.762411,-3.787774,frame_006907
2.016400,5.801617,-3.788262,frame_006908
2.016400,5.839510,-3.788740,frame_006909
2.016400,5.877215,-3.789226,frame_006910
2.016400,5.914655,-3.789716,frame_006911
2.016400,5.951755,-3.790207,frame_006912
2.017146,5.989641,-3.790692,frame_006913
2.018482,6.028458,-3.791167,frame_006914
2.020261,6.068362,-3.791627,frame_006915
2.020845,6.108316,-3.792064,frame_006916
2.020411,6.148270,-3.792485,frame_006917
2.019127,6.188174,-3.792899,frame_006918
2.017899,6.227977,-3.793343,frame_006919
2.016729,6.267629,-3.793805,frame_006920
2.015616,6.307080,-3.794274,frame_006921
2.015306,6.346280,-3.794763,frame_006922
2.015643,6.385177,-3.795274,frame_006923
2.016479,6.423722,-3.795806,frame_006924
2.016179,6.464051,-3.796339,frame_006925
2.014917,6.506130,-3.796870,frame_006926
2.012862,6.549942,-3.797396,frame_006927
2.010921,6.593302,-3.797939,frame_006928
2.009094,6.636208,-3.798486,frame_006929
2.007381,6.678662,-3.799026,frame_006930
2.005783,6.720663,-3.799553,frame_006931
2.004298,6.762211,-3.800068,frame_006932
2.002928,6.803307,-3.800571,frame_006933
2.001672,6.843949,-3.801053,frame_006934
2.000530,6.884139,-3.801519,frame_006935
1.999503,6.923876,-3.801971,frame_006936
1.998589,6.963160,-3.802389,frame_006937
1.997790,7.001991,-3.802769,frame_006938
1.997105,7.040370,-3.803108,frame_006939
1.996534,7.078295,-3.803402,frame_006940
1.996077,7.115768,-3.803653,frame_006941
1.995735,7.152788,-3.803860,frame_006942
1.994760,7.189356,-3.804071,frame_006943
1.993310,7.225470,-3.804285,frame_006944
1.991531,7.261132,-3.804502,frame_006945
1.990315,7.296341,-3.804679,frame_006946
1.989641,7.331097,-3.804812,frame_006947
1.989490,7.365400,-3.804898,frame_006948
1.989843,7.400237,-3.804958,frame_006949
1.990681,7.435401,-3.804985,frame_006950
1.991986,7.470696,-3.804968,frame_006951
1.992992,7.504948,-3.804886,frame_006952
1.993836,7.538180,-3.804742,frame_006953
1.994647,7.570419,-3.804539,frame_006954
1.996296,7.601689,-3.804269,frame_006955
1.998744,7.632016,-3.803929,frame_006956
2.001953,7.661425,-3.803518,frame_006957
2.005139,7.691141,-3.803068,frame_006958
2.008420,7.721411,-3.802588,frame_006959
2.011906,7.752491,-3.802087,frame_006960
2.016449,7.783445,-3.801542,frame_006961
2.021991,7.814324,-3.800955,frame_006962
2.028474,7.845177,-3.800331,frame_006963
2.034189,7.877042,-3.799709,frame_006964
2.039065,7.909763,-3.799086,frame_006965
2.043020,7.943193,-3.798459,frame_006966
2.048521,7.976209,-3.797841,frame_006967
2.055639,8.008884,-3.797245,frame_006968
2.064455,8.041296,-3.796682,frame_006969
2.073401,8.073519,-3.796090,frame_006970
2.082555,8.105628,-3.795467,frame_006971
2.091991,8.137700,-3.794812,frame_006972
2.100867,8.169810,-3.794156,frame_006973
2.109076,8.202033,-3.793499,frame_006974
2.116497,8.234444,-3.792843,frame_006975
2.124813,8.266906,-3.792189,frame_006976
2.134213,8.299066,-3.791540,frame_006977
2.144888,8.330572,-3.790897,frame_006978
2.156121,8.361286,-3.790229,frame_006979
2.167934,8.391282,-3.789528,frame_006980
2.180342,8.420638,-3.788787,frame_006981
2.193356,8.450413,-3.788041,frame_006982
2.206978,8.480478,-3.787286,frame_006983
2.221205,8.510712,-3.786519,frame_006984
2.236027,8.540015,-3.785775,frame_006985
2.251430,8.568488,-3.785049,frame_006986
2.267390,8.596232,-3.784335,frame_006987
2.283879,8.624332,-3.783609,frame_006988
2.300862,8.652685,-3.782867,frame_006989
2.318298,8.681195,-3.782106,frame_006990
2.336140,8.708785,-3.781315,frame_006991
2.354333,8.735584,-3.780497,frame_006992
2.372817,8.761716,-3.779656,frame_006993
2.392433,8.788293,-3.778781,frame_006994
2.413277,8.815235,-3.777866,frame_006995
2.435443,8.842472,-3.776906,frame_006996
2.457374,8.868955,-3.775889,frame_006997
2.479151,8.894833,-3.774816,frame_006998
2.500844,8.920259,-3.773688,frame_006999
2.523256,8.945169,-3.772456,frame_007000
2.546277,8.969287,-3.771121,frame_007001
2.569789,8.992336,-3.769680,frame_007002
2.594576,9.014252,-3.768186,frame_007003
2.620676,9.035188,-3.766643,frame_007004
2.648127,9.055293,-3.765057,frame_007005
2.675314,9.074719,-3.763396,frame_007006
2.702261,9.093617,-3.761670,frame_007007
2.728982,9.112138,-3.759886,frame_007008
2.757130,9.131418,-3.758066,frame_007009
2.786706,9.151403,-3.756221,frame_007010
2.817709,9.172048,-3.754361,frame_007011
2.848485,9.192328,-3.752533,frame_007012
2.879022,9.212419,-3.750742,frame_007013
2.909295,9.232497,-3.748990,frame_007014
2.940919,9.252525,-3.747177,frame_007015
2.973856,9.272252,-3.745312,frame_007016
3.008068,9.291425,-3.743405,frame_007017
3.041863,9.310006,-3.741541,frame_007018
3.075190,9.328173,-3.739724,frame_007019
3.107987,9.346101,-3.737960,frame_007020
3.141085,9.364952,-3.736252,frame_007021
3.174562,9.384696,-3.734607,frame_007022
3.208492,9.405314,-3.733028,frame_007023
3.243688,9.425806,-3.731476,frame_007024
3.280054,9.446373,-3.729960,frame_007025
3.317495,9.467218,-3.728491,frame_007026
3.355171,9.488326,-3.727096,frame_007027
3.393141,9.509472,-3.725781,frame_007028
3.431459,9.530429,-3.724553,frame_007029
3.470173,9.551185,-3.723397,frame_007030
3.509323,9.571941,-3.722319,frame_007031
3.548946,9.592899,-3.721323,frame_007032
3.589070,9.614044,-3.720412,frame_007033
3.629716,9.635153,-3.719588,frame_007034
3.670900,9.655997,-3.718850,frame_007035
3.711887,9.676564,-3.718165,frame_007036
3.752834,9.697056,-3.717529,frame_007037
3.793888,9.717674,-3.716933,frame_007038
3.835928,9.738405,-3.716355,frame_007039
3.878919,9.759022,-3.715794,frame_007040
3.922819,9.779301,-3.715249,frame_007041
3.967581,9.800213,-3.714768,frame_007042
4.013152,9.821754,-3.714345,frame_007043
4.059470,9.843930,-3.713976,frame_007044
4.106469,9.864566,-3.713619,frame_007045
4.154077,9.883667,-3.713266,frame_007046
4.202214,9.901228,-3.712914,frame_007047
4.251703,9.919423,-3.712586,frame_007048
4.302618,9.938248,-3.712277,frame_007049
4.355037,9.957707,-3.711982,frame_007050
4.407381,9.975627,-3.711717,frame_007051
4.459715,9.992011,-3.711481,frame_007052
4.512089,10.006855,-3.711270,frame_007053
4.565287,10.022333,-3.711073,frame_007054
4.619178,10.038442,-3.710883,frame_007055
4.673628,10.055184,-3.710697,frame_007056
4.729400,10.071586,-3.710559,frame_007057
4.786513,10.087875,-3.710466,frame_007058
4.844987,10.104278,-3.710415,frame_007059
4.903188,10.120806,-3.710403,frame_007060
4.961120,10.137259,-3.710427,frame_007061
5.018778,10.153435,-3.710484,frame_007062
5.077052,10.169347,-3.710537,frame_007063
5.136076,10.185221,-3.710573,frame_007064
5.195981,10.201284,-3.710579,frame_007065
5.256729,10.217548,-3.710628,frame_007066
5.318115,10.233812,-3.710717,frame_007067
5.379924,10.249875,-3.710848,frame_007068
5.442101,10.266735,-3.710947,frame_007069
5.504744,10.284414,-3.711009,frame_007070
5.567944,10.302940,-3.711029,frame_007071
5.632533,10.320166,-3.710991,frame_007072
5.698435,10.336121,-3.710890,frame_007073
5.765574,10.350825,-3.710724,frame_007074
5.832221,10.366478,-3.710530,frame_007075
5.898286,10.383100,-3.710311,frame_007076
5.963667,10.400721,-3.710072,frame_007077
6.029159,10.418178,-3.709802,frame_007078
6.094803,10.435296,-3.709501,frame_007079
6.160633,10.451898,-3.709165,frame_007080
6.227424,10.468022,-3.708814,frame_007081
6.295043,10.483920,-3.708444,frame_007082
6.363356,10.499843,-3.708055,frame_007083
6.431485,10.515829,-3.707616,frame_007084
6.499451,10.531701,-3.707129,frame_007085
6.567271,10.547284,-3.706594,frame_007086
6.635862,10.563602,-3.706021,frame_007087
6.705395,10.580701,-3.705408,frame_007088
6.776041,10.598634,-3.704755,frame_007089
6.847809,10.615280,-3.704083,frame_007090
6.920549,10.630692,-3.703401,frame_007091
6.994106,10.644917,-3.702714,frame_007092
7.067584,10.658978,-3.701998,frame_007093
7.140985,10.672700,-3.701254,frame_007094
7.214306,10.685906,-3.700485,frame_007095
7.287537,10.698634,-3.699713,frame_007096
7.360664,10.711136,-3.698944,frame_007097
7.433662,10.723662,-3.698183,frame_007098
7.506505,10.736252,-3.697435,frame_007099
7.579157,10.748729,-3.696702,frame_007100
7.651576,10.760916,-3.695985,frame_007101
7.724624,10.772851,-3.695289,frame_007102
7.798414,10.784787,-3.694614,frame_007103
7.873060,10.796974,-3.693965,frame_007104
7.947769,10.809451,-3.693352,frame_007105
8.022486,10.822041,-3.692777,frame_007106
8.097153,10.834567,-3.692242,frame_007107
8.171701,10.847069,-3.691709,frame_007108
8.246059,10.859797,-3.691179,frame_007109
8.320146,10.873003,-3.690655,frame_007110
8.394785,10.886725,-3.690146,frame_007111
8.470052,10.900786,-3.689651,frame_007112
8.546023,10.915011,-3.689172,frame_007113
8.622029,10.929437,-3.688713,frame_007114
8.698300,10.944316,-3.688269,frame_007115
8.775062,10.959899,-3.687834,frame_007116
8.852373,10.976225,-3.687355,frame_007117
8.930120,10.993116,-3.686832,frame_007118
9.008187,11.010397,-3.686264,frame_007119
9.087358,11.027892,-3.685672,frame_007120
9.167671,11.045425,-3.685058,frame_007121
9.249163,11.062820,-3.684425,frame_007122
9.330220,11.080114,-3.683785,frame_007123
9.410866,11.097558,-3.683142,frame_007124
9.491115,11.115406,-3.682502,frame_007125
9.572620,11.133693,-3.681867,frame_007126
9.655380,11.152245,-3.681242,frame_007127
9.739397,11.170885,-3.680631,frame_007128
9.824669,11.188450,-3.680061,frame_007129
9.911198,11.204971,-3.679527,frame_007130
9.998982,11.220468,-3.679024,frame_007131
10.086369,11.237140,-3.678509,frame_007132
10.173346,11.255007,-3.677979,frame_007133
10.259886,11.274100,-3.677434,frame_007134
10.347607,11.293255,-3.676865,frame_007135
10.436469,11.312297,-3.676281,frame_007136
10.526435,11.331050,-3.675689,frame_007137
10.616721,11.348352,-3.675084,frame_007138
10.707444,11.364231,-3.674471,frame_007139
10.798715,11.378709,-3.673855,frame_007140
10.890477,11.393985,-3.673241,frame_007141
10.982504,11.410078,-3.672638,frame_007142
11.074566,11.427020,-3.672053,frame_007143
11.166586,11.443647,-3.671483,frame_007144
11.258644,11.459784,-3.670937,frame_007145
11.350812,11.475254,-3.670424,frame_007146
11.443902,11.490096,-3.669961,frame_007147
11.537821,11.504559,-3.669551,frame_007148
11.632472,11.518898,-3.669202,frame_007149
11.727761,11.533148,-3.668926,frame_007150
11.823592,11.547134,-3.668720,frame_007151
11.919871,11.560679,-3.668583,frame_007152
12.015755,11.574809,-3.668480,frame_007153
12.111306,11.589568,-3.668415,frame_007154
12.206577,11.605011,-3.668393,frame_007155
12.302362,11.620001,-3.668445,frame_007156
12.398546,11.634388,-3.668564,frame_007157
12.495016,11.648020,-3.668745,frame_007158
12.591658,11.660961,-3.669014,frame_007159
12.688356,11.673486,-3.669364,frame_007160
12.784997,11.685873,-3.669794,frame_007161
12.880721,11.698184,-3.670277,frame_007162
12.975569,11.710269,-3.670812,frame_007163
13.069576,11.721977,-3.671392,frame_007164
13.164424,11.734356,-3.671990,frame_007165
13.260148,11.747478,-3.672600,frame_007166
13.356789,11.761423,-3.673209,frame_007167
13.453487,11.774093,-3.673888,frame_007168
13.550129,11.785566,-3.674627,frame_007169
13.646599,11.795916,-3.675416,frame_007170
13.742783,11.806190,-3.676247,frame_007171
13.838568,11.816237,-3.677110,frame_007172
13.933839,11.825907,-3.677996,frame_007173
14.028644,11.836249,-3.678862,frame_007174
14.123192,11.847333,-3.679707,frame_007175
14.217692,11.859241,-3.680529,frame_007176
14.312192,11.870859,-3.681337,frame_007177
14.406579,11.882062,-3.682128,frame_007178
14.500736,11.892724,-3.682898,frame_007179
14.594552,11.902933,-3.683602,frame_007180
14.687910,11.912991,-3.684229,frame_007181
14.780698,11.923200,-3.684767,frame_007182
14.873708,11.933649,-3.685255,frame_007183
14.966995,11.944210,-3.685683,frame_007184
15.060619,11.954759,-3.686042,frame_007185
15.153738,11.965169,-3.686338,frame_007186
15.246258,11.975316,-3.686570,frame_007187
15.338083,11.985072,-3.686739,frame_007188
15.430026,11.995513,-3.686838,frame_007189
15.522161,12.006734,-3.686867,frame_007190
15.614565,12.018841,-3.686832,frame_007191
15.706418,12.029761,-3.686761,frame_007192
15.797642,12.039597,-3.686658,frame_007193
15.888163,12.048448,-3.686524,frame_007194
15.978811,12.057387,-3.686361,frame_007195
16.069678,12.066288,-3.686177,frame_007196
16.160863,12.075026,-3.685977,frame_007197
16.251563,12.084674,-3.685749,frame_007198
16.341721,12.095330,-3.685498,frame_007199
16.431279,12.107097,-3.685233,frame_007200
16.520181,12.118889,-3.684946,frame_007201
16.608369,12.130606,-3.684640,frame_007202
16.695786,12.142147,-3.684316,frame_007203
16.783283,12.152425,-3.684046,frame_007204
16.870971,12.161545,-3.683832,frame_007205
16.958968,12.169603,-3.683681,frame_007206
17.046489,12.177675,-3.683535,frame_007207
17.133495,12.185632,-3.683398,frame_007208
17.219950,12.193351,-3.683269,frame_007209
17.305815,12.201905,-3.683132,frame_007210
17.391052,12.211391,-3.682988,frame_007211
17.475623,12.221913,-3.682839,frame_007212
17.560398,12.232385,-3.682689,frame_007213
17.645506,12.242705,-3.682543,frame_007214
17.731085,12.252775,-3.682407,frame_007215
17.817114,12.262492,-3.682332,frame_007216
17.903420,12.271756,-3.682313,frame_007217
17.989834,12.280467,-3.682347,frame_007218
18.075449,12.288737,-3.682353,frame_007219
18.160265,12.296895,-3.682328,frame_007220
18.244282,12.305266,-3.682268,frame_007221
18.327499,12.313964,-3.682179,frame_007222
18.409917,12.322889,-3.682055,frame_007223
18.491536,12.331939,-3.681891,frame_007224
18.573263,12.341015,-3.681724,frame_007225
18.655267,12.350015,-3.681555,frame_007226
18.737722,12.358839,-3.681387,frame_007227
18.819901,12.367386,-3.681221,frame_007228
18.901823,12.375556,-3.681054,frame_007229
18.983507,12.383248,-3.680886,frame_007230
19.065718,12.391562,-3.680706,frame_007231
19.148320,12.400618,-3.680515,frame_007232
19.231183,12.410547,-3.680315,frame_007233
19.313436,12.420288,-3.680094,frame_007234
19.395119,12.429764,-3.679846,frame_007235
19.476269,12.438901,-3.679567,frame_007236
19.556924,12.446636,-3.679266,frame_007237
19.637123,12.453101,-3.678942,frame_007238
19.716903,12.458416,-3.678598,frame_007239
19.796302,12.463680,-3.678272,frame_007240
19.875358,12.468794,-3.677962,frame_007241
19.954111,12.473656,-3.677666,frame_007242
20.033342,12.479365,-3.677342,frame_007243
20.112936,12.486044,-3.676991,frame_007244
20.192781,12.493823,-3.676610,frame_007245
20.272027,12.501639,-3.676191,frame_007246
20.350730,12.509417,-3.675738,frame_007247
20.428948,12.517083,-3.675257,frame_007248
20.507484,12.524559,-3.674780,frame_007249
20.586240,12.531771,-3.674311,frame_007250
20.665123,12.538644,-3.673851,frame_007251
20.743301,12.545102,-3.673404,frame_007252
20.820852,12.551069,-3.672967,frame_007253
20.897851,12.556470,-3.672541,frame_007254
20.974374,12.562430,-3.672059,frame_007255
21.050497,12.569095,-3.671522,frame_007256
21.126297,12.576620,-3.670932,frame_007257
21.202596,12.582983,-3.670319,frame_007258
21.279314,12.588339,-3.669688,frame_007259
21.356378,12.592834,-3.669040,frame_007260
21.432976,12.597594,-3.668381,frame_007261
21.509203,12.602542,-3.667718,frame_007262
21.585154,12.607604,-3.667056,frame_007263
21.660924,12.612703,-3.666414,frame_007264
21.736608,12.617765,-3.665799,frame_007265
21.812302,12.622713,-3.665220,frame_007266
21.887939,12.627473,-3.664640,frame_007267
21.963291,12.631968,-3.664056,frame_007268
22.038128,12.636124,-3.663464,frame_007269
22.111640,12.641065,-3.662912,frame_007270
22.184075,12.646938,-3.662401,frame_007271
22.255679,12.653897,-3.661934,frame_007272
22.327435,12.659920,-3.661501,frame_007273
22.399419,12.665163,-3.661104,frame_007274
22.471708,12.669772,-3.660740,frame_007275
22.544377,12.674871,-3.660394,frame_007276
22.617504,12.680385,-3.660069,frame_007277
22.691163,12.686239,-3.659767,frame_007278
22.765431,12.692357,-3.659473,frame_007279
22.840384,12.698664,-3.659191,frame_007280
22.916098,12.705084,-3.658922,frame_007281
22.991742,12.711542,-3.658706,frame_007282
23.067224,12.717962,-3.658543,frame_007283
23.142444,12.724269,-3.658431,frame_007284
23.218207,12.730387,-3.658332,frame_007285
23.294570,12.736241,-3.658246,frame_007286
23.371589,12.741755,-3.658177,frame_007287
23.449322,12.748054,-3.658154,frame_007288
23.527826,12.755285,-3.658177,frame_007289
23.607157,12.763603,-3.658246,frame_007290
23.686627,12.771971,-3.658309,frame_007291
23.766449,12.780339,-3.658364,frame_007292
23.846828,12.788656,-3.658408,frame_007293
23.927803,12.795887,-3.658448,frame_007294
24.009243,12.802186,-3.658488,frame_007295
24.091013,12.807701,-3.658528,frame_007296
24.173877,12.813555,-3.658590,frame_007297
24.257854,12.819673,-3.658678,frame_007298
24.342964,12.825980,-3.658798,frame_007299
24.427571,12.832400,-3.658940,frame_007300
24.511682,12.838858,-3.659103,frame_007301
24.595291,12.845278,-3.659282,frame_007302
24.680032,12.851585,-3.659458,frame_007303
24.765886,12.857703,-3.659625,frame_007304
24.852834,12.863557,-3.659781,frame_007305
24.940858,12.868085,-3.659973,frame_007306
25.029938,12.871418,-3.660204,frame_007307
25.120055,12.873676,-3.660474,frame_007308
25.209537,12.877160,-3.660766,frame_007309
25.298351,12.881990,-3.661080,frame_007310
25.386453,12.888297,-3.661419,frame_007311
25.474694,12.895019,-3.661819,frame_007312
25.563173,12.902080,-3.662278,frame_007313
25.651980,12.909406,-3.662794,frame_007314
25.741949,12.916920,-3.663344,frame_007315
25.833002,12.924548,-3.663932,frame_007316
25.925064,12.932213,-3.664556,frame_007317
26.016405,12.939841,-3.665199,frame_007318
26.106936,12.947355,-3.665862,frame_007319
26.196555,12.954681,-3.666543,frame_007320
26.286963,12.961742,-3.667251,frame_007321
26.378371,12.968464,-3.667979,frame_007322
26.470988,12.974771,-3.668722,frame_007323
26.564114,12.980801,-3.669465,frame_007324
26.657792,12.986907,-3.670203,frame_007325
26.752055,12.993440,-3.670931,frame_007326
26.846934,13.000540,-3.671694,frame_007327
26.942449,13.008129,-3.672484,frame_007328
27.038617,13.016134,-3.673294,frame_007329
27.135447,13.024479,-3.674112,frame_007330
27.232943,13.033088,-3.674937,frame_007331
27.331101,13.041885,-3.675769,frame_007332
27.429911,13.050795,-3.676575,frame_007333
27.529359,13.059744,-3.677348,frame_007334
27.629421,13.068654,-3.678082,frame_007335
27.729323,13.077452,-3.678839,frame_007336
27.829187,13.086060,-3.679610,frame_007337
27.929118,13.094405,-3.680388,frame_007338
28.029959,13.102410,-3.681090,frame_007339
28.131637,13.110000,-3.681717,frame_007340
28.234072,13.117099,-3.682269,frame_007341
28.338087,13.122646,-3.682775,frame_007342
28.443758,13.126772,-3.683237,frame_007343
28.551160,13.129596,-3.683657,frame_007344
28.658716,13.133419,-3.684038,frame_007345
28.766490,13.138363,-3.684386,frame_007346
28.874532,13.144557,-3.684706,frame_007347
28.983627,13.150939,-3.684994,frame_007348
29.093644,13.157435,-3.685259,frame_007349
29.204447,13.163968,-3.685507,frame_007350
29.316801,13.170464,-3.685761,frame_007351
29.430724,13.176846,-3.686020,frame_007352
29.546237,13.183040,-3.686285,frame_007353
29.662450,13.188970,-3.686575,frame_007354
29.779215,13.194560,-3.686889,frame_007355
29.896375,13.199735,-3.687227,frame_007356
30.013023,13.205619,-3.687535,frame_007357
30.129147,13.212360,-3.687821,frame_007358
30.244721,13.220112,-3.688092,frame_007359
30.361360,13.227838,-3.688375,frame_007360
30.479027,13.235490,-3.688678,frame_007361
30.597684,13.243015,-3.689007,frame_007362
30.717292,13.250364,-3.689347,frame_007363
30.837814,13.257487,-3.689696,frame_007364
30.959211,13.264334,-3.690053,frame_007365
31.079791,13.269867,-3.690413,frame_007366
31.199505,13.274242,-3.690783,frame_007367
31.318288,13.277606,-3.691171,frame_007368
31.437718,13.281083,-3.691631,frame_007369
31.557719,13.284597,-3.692165,frame_007370
31.678214,13.288074,-3.692774,frame_007371
31.798383,13.291438,-3.693412,frame_007372
31.918303,13.294614,-3.694083,frame_007373
32.038048,13.297525,-3.694789,frame_007374
32.157685,13.301296,-3.695546,frame_007375
32.277273,13.306074,-3.696357,frame_007376
32.396867,13.312015,-3.697226,frame_007377
32.517261,13.318081,-3.698144,frame_007378
32.638340,13.324223,-3.699104,frame_007379
32.759989,13.330390,-3.700101,frame_007380
32.881349,13.336532,-3.701141,frame_007381
33.002461,13.342599,-3.702223,frame_007382
33.123360,13.348539,-3.703346,frame_007383
33.244821,13.353318,-3.704544,frame_007384
33.366710,13.357089,-3.705809,frame_007385
33.488893,13.360000,-3.707132,frame_007386
33.611400,13.363176,-3.708451,frame_007387
33.734421,13.366540,-3.709753,frame_007388
33.858146,13.370017,-3.711021,frame_007389
33.981858,13.373532,-3.712324,frame_007390
34.105579,13.377009,-3.713653,frame_007391
34.229324,13.380373,-3.715002,frame_007392
34.353104,13.384748,-3.716344,frame_007393
34.476921,13.390281,-3.717673,frame_007394
34.600772,13.397127,-3.718982,frame_007395
34.725556,13.404250,-3.720293,frame_007396
34.851424,13.411600,-3.721598,frame_007397
34.978530,13.419125,-3.722890,frame_007398
35.106116,13.426777,-3.724173,frame_007399
35.234169,13.434503,-3.725441,frame_007400
35.362665,13.442255,-3.726691,frame_007401
35.492322,13.449982,-3.727878,frame_007402
35.622949,13.457633,-3.728993,frame_007403
35.754356,13.465159,-3.730029,frame_007404
35.885608,13.471522,-3.730969,frame_007405
36.016668,13.476879,-3.731803,frame_007406
36.147497,13.481375,-3.732522,frame_007407
36.278953,13.486135,-3.733145,frame_007408
36.411152,13.491084,-3.733678,frame_007409
36.544207,13.496146,-3.734129,frame_007410
36.677325,13.501245,-3.734501,frame_007411
36.810451,13.506307,-3.734800,frame_007412
36.943526,13.511256,-3.735029,frame_007413
37.076484,13.516016,-3.735198,frame_007414
37.209250,13.520512,-3.735306,frame_007415
37.341746,13.524669,-3.735352,frame_007416
37.474794,13.529610,-3.735368,frame_007417
37.608470,13.535483,-3.735358,frame_007418
37.742850,13.542443,-3.735329,frame_007419
37.877102,13.549453,-3.735253,frame_007420
38.011136,13.556462,-3.735126,frame_007421
38.144851,13.563422,-3.734948,frame_007422
38.279051,13.570281,-3.734737,frame_007423
38.413794,13.576989,-3.734502,frame_007424
38.549137,13.583496,-3.734247,frame_007425
38.685135,13.588765,-3.733962,frame_007426
38.821848,13.592952,-3.733659,frame_007427
38.959331,13.596203,-3.733347,frame_007428
39.096735,13.599642,-3.733008,frame_007429
39.233947,13.603195,-3.732653,frame_007430
39.370851,13.606785,-3.732290,frame_007431
39.508231,13.610338,-3.731958,frame_007432
39.646125,13.613778,-3.731665,frame_007433
39.784570,13.617029,-3.731421,frame_007434
39.922698,13.621215,-3.731181,frame_007435
40.060378,13.626484,-3.730948,frame_007436
40.197474,13.632991,-3.730726,frame_007437
40.334750,13.639699,-3.730528,frame_007438
40.472226,13.646559,-3.730359,frame_007439
40.609921,13.653518,-3.730224,frame_007440
40.747854,13.659542,-3.730096,frame_007441
40.886044,13.664785,-3.729979,frame_007442
41.024510,13.669395,-3.729875,frame_007443
41.163271,13.674495,-3.729824,frame_007444
41.302346,13.680009,-3.729823,frame_007445
41.441754,13.685864,-3.729872,frame_007446
41.580767,13.691983,-3.729946,frame_007447
41.719562,13.698290,-3.730042,frame_007448
41.858305,13.704711,-3.730153,frame_007449
41.997904,13.711169,-3.730265,frame_007450
42.138360,13.717589,-3.730374,frame_007451
42.279672,13.723897,-3.730476,frame_007452
42.420933,13.730015,-3.730578,frame_007453
42.561974,13.735870,-3.730678,frame_007454
42.702622,13.741385,-3.730774,frame_007455
42.843602,13.747685,-3.730853,frame_007456
42.984896,13.754916,-3.730916,frame_007457
43.126486,13.763234,-3.730962,frame_007458
43.268351,13.771603,-3.731031,frame_007459
43.410473,13.779971,-3.731126,frame_007460
43.552833,13.788290,-3.731251,frame_007461
43.694666,13.795521,-3.731398,frame_007462
43.836108,13.801821,-3.731569,frame_007463
43.977290,13.807336,-3.731765,frame_007464
44.119080,13.813191,-3.731948,frame_007465
44.261441,13.819309,-3.732121,frame_007466
44.404336,13.825617,-3.732284,frame_007467
44.547725,13.832037,-3.732456,frame_007468
44.691570,13.838496,-3.732635,frame_007469
44.835835,13.844916,-3.732816,frame_007470
44.980480,13.851224,-3.732970,frame_007471
45.125467,13.857343,-3.733093,frame_007472
45.270759,13.863197,-3.733185,frame_007473
45.415571,13.868712,-3.733245,frame_007474
45.560022,13.873812,-3.733275,frame_007475
45.704221,13.878422,-3.733276,frame_007476
45.849019,13.883665,-3.733280,frame_007477
45.994360,13.889689,-3.733288,frame_007478
46.140186,13.896649,-3.733305,frame_007479
46.286440,13.903508,-3.733343,frame_007480
46.433066,13.910216,-3.733407,frame_007481
46.580005,13.916724,-3.733501,frame_007482
46.727201,13.921993,-3.733617,frame_007483
46.874597,13.926180,-3.733754,frame_007484
47.022136,13.929431,-3.733910,frame_007485
47.169015,13.932871,-3.734087,frame_007486
47.315331,13.936424,-3.734285,frame_007487
47.461178,13.940014,-3.734508,frame_007488
47.607386,13.943567,-3.734775,frame_007489
47.753879,13.947007,-3.735085,frame_007490
47.900582,13.950258,-3.735436,frame_007491
48.046672,13.954445,-3.735820,frame_007492
48.192228,13.959714,-3.736241,frame_007493
48.337324,13.966221,-3.736703,frame_007494
48.482772,13.972930,-3.737179,frame_007495
48.628477,13.979789,-3.737666,frame_007496
48.774344,13.986749,-3.738162,frame_007497
48.920439,13.992773,-3.738666,frame_007498
49.066991,13.998016,-3.739175,frame_007499
49.214228,14.002626,-3.739687,frame_007500
49.362216,14.007726,-3.740209,frame_007501
49.510861,14.013241,-3.740740,frame_007502
49.660068,14.019096,-3.741280,frame_007503
49.809741,14.025215,-3.741835,frame_007504
49.959784,14.031522,-3.742402,frame_007505
50.110104,14.037943,-3.742979,frame_007506
50.259859,14.044402,-3.743589,frame_007507
50.409108,14.050823,-3.744228,frame_007508
50.557907,14.057130,-3.744891,frame_007509
50.707048,14.063249,-3.745561,frame_007510
50.856418,14.069104,-3.746232,frame_007511
51.005901,14.074619,-3.746898,frame_007512
51.155547,14.079933,-3.747550,frame_007513
51.305563,14.085398,-3.748184,frame_007514
51.456160,14.091366,-3.748792,frame_007515
51.606639,14.097975,-3.749372,frame_007516
51.757042,14.105151,-3.749925,frame_007517
51.907402,14.112817,-3.750452,frame_007518
52.058495,14.120898,-3.750943,frame_007519
52.210187,14.129319,-3.751392,frame_007520
52.362346,14.138004,-3.751796,frame_007521
52.514838,14.146877,-3.752172,frame_007522
52.667529,14.155864,-3.752519,frame_007523
52.820287,14.164888,-3.752838,frame_007524
52.973141,14.173875,-3.753139,frame_007525
53.126279,14.182749,-3.753424,frame_007526
53.279894,14.191434,-3.753696,frame_007527
53.434013,14.199854,-3.753947,frame_007528
53.588503,14.207935,-3.754177,frame_007529
53.743230,14.215602,-3.754388,frame_007530
53.897317,14.221791,-3.754580,frame_007531
54.050784,14.226634,-3.754755,frame_007532
54.203648,14.230252,-3.754914,frame_007533
54.356665,14.234943,-3.755057,frame_007534
54.509681,14.240831,-3.755182,frame_007535
54.662545,14.248044,-3.755286,frame_007536
54.815267,14.255522,-3.755371,frame_007537
54.968016,14.263188,-3.755437,frame_007538
55.120966,14.270967,-3.755488,frame_007539
55.274125,14.278784,-3.755514,frame_007540
55.427341,14.286564,-3.755510,frame_007541
55.580462,14.294230,-3.755474,frame_007542
55.733498,14.301707,-3.755434,frame_007543
55.886619,14.308920,-3.755388,frame_007544
56.039997,14.315794,-3.755336,frame_007545
56.193641,14.322253,-3.755242,frame_007546
56.347399,14.328221,-3.755113,frame_007547
56.501120,14.333623,-3.754958,frame_007548
56.654812,14.339584,-3.754802,frame_007549
56.808646,14.346250,-3.754647,frame_007550
56.962795,14.353776,-3.754499,frame_007551
57.116521,14.360140,-3.754369,frame_007552
57.269828,14.365496,-3.754262,frame_007553
57.422712,14.369993,-3.754178,frame_007554
57.575911,14.374754,-3.754110,frame_007555
57.729252,14.379703,-3.754059,frame_007556
57.882565,14.384766,-3.754027,frame_007557
58.035839,14.389866,-3.753975,frame_007558
58.189228,14.394928,-3.753904,frame_007559
58.342883,14.399878,-3.753816,frame_007560
58.496795,14.404638,-3.753720,frame_007561
58.650793,14.409135,-3.753616,frame_007562
58.804705,14.413292,-3.753502,frame_007563
58.958522,14.418234,-3.753385,frame_007564
59.112395,14.424107,-3.753263,frame_007565
59.266479,14.431067,-3.753133,frame_007566
59.420924,14.438078,-3.752994,frame_007567
59.575882,14.445088,-3.752852,frame_007568
59.731507,14.452049,-3.752711,frame_007569
59.887788,14.458908,-3.752601,frame_007570
60.044555,14.465617,-3.752516,frame_007571
60.201635,14.472124,-3.752452,frame_007572
60.358113,14.478380,-3.752395,frame_007573
60.513971,14.484334,-3.752344,frame_007574
60.669188,14.489936,-3.752296,frame_007575
60.825388,14.495135,-3.752248,frame_007576
60.982551,14.499882,-3.752200,frame_007577
61.140659,14.504125,-3.752149,frame_007578
61.298050,14.507815,-3.752094,frame_007579
61.454707,14.510901,-3.752034,frame_007580
61.610609,14.513334,-3.751966,frame_007581
61.767381,14.515275,-3.751846,frame_007582
61.925000,14.517104,-3.751682,frame_007583
62.083451,14.519196,-3.751481,frame_007584
62.241816,14.521717,-3.751286,frame_007585
62.399924,14.524614,-3.751093,frame_007586
62.557604,14.527839,-3.750897,frame_007587
62.714846,14.531340,-3.750689,frame_007588
62.871803,14.535068,-3.750471,frame_007589
63.028627,14.538972,-3.750245,frame_007590
63.185308,14.543002,-3.750011,frame_007591
63.341675,14.547107,-3.749768,frame_007592
63.497556,14.551237,-3.749514,frame_007593
63.652943,14.555342,-3.749237,frame_007594
63.807988,14.559372,-3.748934,frame_007595
63.962842,14.563275,-3.748600,frame_007596
64.117496,14.567003,-3.748284,frame_007597
64.271779,14.570505,-3.747988,frame_007598
64.425520,14.573729,-3.747715,frame_007599
64.578709,14.576627,-3.747420,frame_007600
64.731498,14.579147,-3.747107,frame_007601
64.884040,14.581240,-3.746782,frame_007602
65.037232,14.584054,-3.746446,frame_007603
65.191073,14.587763,-3.746101,frame_007604
65.345564,14.592546,-3.745747,frame_007605
65.499062,14.597391,-3.745385,frame_007606
65.651569,14.602274,-3.745016,frame_007607
65.803084,14.607170,-3.744638,frame_007608
65.955249,14.612053,-3.744276,frame_007609
66.108061,14.616899,-3.743933,frame_007610
66.261525,14.621682,-3.743612,frame_007611
66.414741,14.626376,-3.743327,frame_007612
66.567557,14.630958,-3.743075,frame_007613
66.719822,14.635401,-3.742855,frame_007614
66.871544,14.639680,-3.742656,frame_007615
67.022896,14.643771,-3.742474,frame_007616
67.174047,14.647648,-3.742308,frame_007617
67.325916,14.651286,-3.742150,frame_007618
67.478518,14.654660,-3.742006,frame_007619
67.631876,14.657745,-3.741884,frame_007620
67.785109,14.660515,-3.741765,frame_007621
67.938086,14.662946,-3.741644,frame_007622
68.090673,14.665012,-3.741517,frame_007623
68.242899,14.666688,-3.741390,frame_007624
68.394953,14.667948,-3.741259,frame_007625
68.547026,14.668769,-3.741121,frame_007626
68.699147,14.669124,-3.740973,frame_007627
68.851182,14.668989,-3.740812,frame_007628
69.002998,14.668338,-3.740634,frame_007629
69.154624,14.667146,-3.740417,frame_007630
69.306250,14.665389,-3.740162,frame_007631
69.458066,14.663040,-3.739870,frame_007632
69.610101,14.661274,-3.739601,frame_007633
69.762222,14.660290,-3.739365,frame_007634
69.914295,14.660291,-3.739168,frame_007635
70.065441,14.661279,-3.738965,frame_007636
70.215683,14.663047,-3.738754,frame_007637
70.365036,14.665399,-3.738533,frame_007638
70.515163,14.667159,-3.738305,frame_007639
70.666081,14.668354,-3.738074,frame_007640
70.817812,14.669008,-3.737845,frame_007641
70.968730,14.669146,-3.737614,frame_007642
71.118857,14.668794,-3.737383,frame_007643
71.268210,14.667976,-3.737156,frame_007644
71.418452,14.666718,-3.736943,frame_007645
71.569599,14.665045,-3.736745,frame_007646
71.721672,14.662982,-3.736562,frame_007647
71.873792,14.660554,-3.736385,frame_007648
72.025828,14.657787,-3.736211,frame_007649
72.177644,14.654705,-3.736037,frame_007650
72.329270,14.651334,-3.735903,frame_007651
72.480896,14.647699,-3.735811,frame_007652
72.632712,14.643825,-3.735762,frame_007653
72.784747,14.639737,-3.735746,frame_007654
72.936868,14.635460,-3.735764,frame_007655
73.088941,14.631020,-3.735816,frame_007656
73.241741,14.626441,-3.735900,frame_007657
73.395303,14.621750,-3.736018,frame_007658
73.549668,14.616970,-3.736168,frame_007659
73.703230,14.611141,-3.736351,frame_007660
73.856030,14.604494,-3.736566,frame_007661
74.008103,14.597251,-3.736814,frame_007662
74.160224,14.590611,-3.737071,frame_007663
74.312259,14.584575,-3.737334,frame_007664
74.464075,14.579143,-3.737599,frame_007665
74.615701,14.575301,-3.737862,frame_007666
74.767327,14.572843,-3.738116,frame_007667
74.919143,14.571573,-3.738358,frame_007668
75.071178,14.570315,-3.738615,frame_007669
75.223299,14.569094,-3.738888,frame_007670
75.375372,14.567937,-3.739178,frame_007671
75.527265,14.566868,-3.739472,frame_007672
75.678843,14.565912,-3.739767,frame_007673
75.829974,14.565094,-3.740058,frame_007674
75.980687,14.564440,-3.740357,frame_007675
76.131171,14.563975,-3.740657,frame_007676
76.281617,14.563723,-3.740948,frame_007677
76.432053,14.563710,-3.741205,frame_007678
76.582347,14.563962,-3.741424,frame_007679
76.732365,14.564502,-3.741600,frame_007680
76.882135,14.565358,-3.741724,frame_007681
77.031849,14.566552,-3.741801,frame_007682
77.181695,14.568112,-3.741837,frame_007683
77.331703,14.570061,-3.741834,frame_007684
77.481740,14.572426,-3.741794,frame_007685
77.631672,14.575231,-3.741717,frame_007686
77.782275,14.577301,-3.741606,frame_007687
77.933581,14.578440,-3.741460,frame_007688
78.085634,14.578441,-3.741281,frame_007689
78.237573,14.578292,-3.741091,frame_007690
78.389283,14.577992,-3.740895,frame_007691
78.540651,14.577541,-3.740698,frame_007692
78.692470,14.576938,-3.740503,frame_007693
78.844793,14.576185,-3.740318,frame_007694
78.997682,14.575281,-3.740145,frame_007695
79.149549,14.575213,-3.739989,frame_007696
79.300454,14.575774,-3.739851,frame_007697
79.450452,14.576767,-3.739733,frame_007698
79.600335,14.577019,-3.739626,frame_007699
79.749990,14.576553,-3.739535,frame_007700
79.899303,14.575396,-3.739462,frame_007701
80.049066,14.573572,-3.739454,frame_007702
80.199335,14.571107,-3.739501,frame_007703
80.350168,14.568025,-3.739593,frame_007704
80.500726,14.564353,-3.739668,frame_007705
80.650913,14.560114,-3.739729,frame_007706
80.800633,14.555334,-3.739779,frame_007707
80.949046,14.550039,-3.739846,frame_007708
81.096212,14.544253,-3.739927,frame_007709
81.242185,14.538002,-3.740019,frame_007710
81.386800,14.532510,-3.740128,frame_007711
81.530502,14.528026,-3.740249,frame_007712
81.676519,14.525543,-3.740358,frame_007713
81.823786,14.523974,-3.740455,frame_007714
81.971987,14.523219,-3.740539,frame_007715
82.120820,14.523189,-3.740612,frame_007716
82.269960,14.521858,-3.740719,frame_007717
82.419482,14.519079,-3.740852,frame_007718
82.569465,14.514698,-3.741000,frame_007719
82.719085,14.509751,-3.741094,frame_007720
82.868268,14.504289,-3.741138,frame_007721
83.016938,14.498361,-3.741137,frame_007722
83.163152,14.492018,-3.741067,frame_007723
83.307224,14.485310,-3.740934,frame_007724
83.451688,14.479027,-3.740765,frame_007725
83.597266,14.473066,-3.740538,frame_007726
83.743944,14.467329,-3.740252,frame_007727
83.891718,14.461724,-3.739903,frame_007728
84.039310,14.455428,-3.739517,frame_007729
84.186646,14.448515,-3.739093,frame_007730
84.333648,14.441061,-3.738629,frame_007731
84.481149,14.433142,-3.738185,frame_007732
84.629241,14.424833,-3.737758,frame_007733
84.778022,14.416210,-3.737349,frame_007734
84.926688,14.408334,-3.736948,frame_007735
85.075184,14.401074,-3.736552,frame_007736
85.223450,14.394311,-3.736160,frame_007737
85.371432,14.386944,-3.735737,frame_007738
85.519071,14.379073,-3.735288,frame_007739
85.666310,14.370800,-3.734822,frame_007740
85.811227,14.362226,-3.734312,frame_007741
85.954155,14.353450,-3.733773,frame_007742
86.098205,14.345313,-3.733258,frame_007743
86.243094,14.337761,-3.732771,frame_007744
86.388549,14.330748,-3.732316,frame_007745
86.534300,14.324232,-3.731899,frame_007746
86.678200,14.316240,-3.731539,frame_007747
86.820748,14.306674,-3.731233,frame_007748
86.963553,14.295431,-3.730936,frame_007749
87.105955,14.283596,-3.730664,frame_007750
87.248032,14.271271,-3.730426,frame_007751
87.390604,14.258556,-3.730266,frame_007752
87.533582,14.245552,-3.730121,frame_007753
87.676878,14.232359,-3.729980,frame_007754
87.821334,14.219818,-3.729821,frame_007755
87.966667,14.207875,-3.729700,frame_007756
88.112604,14.196482,-3.729620,frame_007757
88.258876,14.185600,-3.729584,frame_007758
88.403334,14.174454,-3.729557,frame_007759
88.546478,14.163169,-3.729536,frame_007760
88.690664,14.152857,-3.729539,frame_007761
88.837343,14.143440,-3.729549,frame_007762
88.986868,14.134845,-3.729559,frame_007763
89.136200,14.125124,-3.729586,frame_007764
89.285091,14.114261,-3.729627,frame_007765
89.433286,14.102234,-3.729679,frame_007766
89.580519,14.090000,-3.729740,frame_007767
89.727654,14.078220,-3.729749,frame_007768
89.874621,14.066823,-3.729695,frame_007769
90.021350,14.054758,-3.729545,frame_007770
90.167771,14.042179,-3.729366,frame_007771
90.313815,14.029234,-3.729161,frame_007772
90.458665,14.017062,-3.728951,frame_007773
90.604678,14.005607,-3.728758,frame_007774
90.752352,13.994824,-3.728587,frame_007775
90.900219,13.983775,-3.728391,frame_007776
91.048138,13.972264,-3.728176,frame_007777
91.195964,13.960098,-3.727948,frame_007778
91.343551,13.946097,-3.727732,frame_007779
91.491202,13.931178,-3.727520,frame_007780
91.638846,13.915517,-3.727315,frame_007781
91.786413,13.900276,-3.727108,frame_007782
91.933835,13.885426,-3.726869,frame_007783
92.081042,13.870946,-3.726597,frame_007784
92.227963,13.855836,-3.726296,frame_007785
92.374528,13.839100,-3.725961,frame_007786
92.520669,13.820714,-3.725586,frame_007787
92.666315,13.801637,-3.725149,frame_007788
92.811396,13.782825,-3.724690,frame_007789
92.955843,13.764257,-3.724214,frame_007790
93.099586,13.745920,-3.723746,frame_007791
93.244824,13.727810,-3.723324,frame_007792
93.391909,13.709932,-3.722958,frame_007793
93.537801,13.691398,-3.722609,frame_007794
93.682254,13.672063,-3.722278,frame_007795
93.825010,13.651782,-3.721965,frame_007796
93.965807,13.630414,-3.721662,frame_007797
94.107775,13.608721,-3.721341,frame_007798
94.251266,13.586730,-3.720998,frame_007799
94.395284,13.563494,-3.720684,frame_007800
94.539959,13.539265,-3.720405,frame_007801
94.685427,13.514293,-3.720168,frame_007802
94.830925,13.490803,-3.719919,frame_007803
94.976431,13.468636,-3.719661,frame_007804
95.121929,13.447648,-3.719395,frame_007805
95.266263,13.424842,-3.719173,frame_007806
95.409204,13.400354,-3.718992,frame_007807
95.550516,13.374311,-3.718848,frame_007808
95.689208,13.348809,-3.718704,frame_007809
95.828586,13.324453,-3.718571,frame_007810
95.969168,13.301126,-3.718456,frame_007811
96.109960,13.276542,-3.718334,frame_007812
96.250923,13.250599,-3.718208,frame_007813
96.392019,13.223197,-3.718080,frame_007814
96.534143,13.194449,-3.717962,frame_007815
96.677062,13.164682,-3.717852,frame_007816
96.820552,13.134224,-3.717752,frame_007817
96.964397,13.102201,-3.717662,frame_007818
97.105590,13.070197,-3.717575,frame_007819
97.244514,13.038001,-3.717492,frame_007820
97.384145,13.006111,-3.717445,frame_007821
97.524291,12.974650,-3.717435,frame_007822
97.664765,12.943748,-3.717464,frame_007823
97.805546,12.913329,-3.717505,frame_007824
97.946785,12.883111,-3.717557,frame_007825
98.088637,12.852823,-3.717618,frame_007826
98.230356,12.821215,-3.717749,frame_007827
98.371941,12.788236,-3.717946,frame_007828
98.513393,12.753835,-3.718211,frame_007829
98.654712,12.719162,-3.718510,frame_007830
98.795898,12.684390,-3.718842,frame_007831
98.936951,12.649698,-3.719203,frame_007832
99.077870,12.614076,-3.719583,frame_007833
99.218656,12.577498,-3.719985,frame_007834
99.359309,12.539938,-3.720411,frame_007835
99.499829,12.502572,-3.720887,frame_007836
99.640215,12.465597,-3.721406,frame_007837
99.780469,12.429219,-3.721960,frame_007838
99.920589,12.392450,-3.722554,frame_007839
100.060576,12.355291,-3.723186,frame_007840
100.200430,12.317743,-3.723854,frame_007841
100.340150,12.279804,-3.724518,frame_007842
100.479737,12.241476,-3.725175,frame_007843
100.619192,12.202758,-3.725824,frame_007844
100.758512,12.164635,-3.726461,frame_007845
100.897700,12.126904,-3.727085,frame_007846
101.036755,12.089366,-3.727692,frame_007847
101.175676,12.050848,-3.728299,frame_007848
101.314464,12.011373,-3.728903,frame_007849
101.453119,11.970968,-3.729501,frame_007850
101.592386,11.930857,-3.730089,frame_007851
101.732111,11.891287,-3.730664,frame_007852
101.872145,11.852515,-3.731223,frame_007853
102.011598,11.812405,-3.731793,frame_007854
102.150489,11.770785,-3.732371,frame_007855
102.288838,11.727474,-3.732958,frame_007856
102.426664,11.685670,-3.733499,frame_007857
102.563986,11.645415,-3.733988,frame_007858
102.700822,11.606767,-3.734417,frame_007859
102.838100,11.566416,-3.734804,frame_007860
102.976006,11.524215,-3.735153,frame_007861
103.114735,11.480010,-3.735468,frame_007862
103.254323,11.435822,-3.735772,frame_007863
103.394655,11.391496,-3.736069,frame_007864
103.535618,11.346886,-3.736363,frame_007865
103.675228,11.302068,-3.736640,frame_007866
103.813331,11.257338,-3.736906,frame_007867
103.949767,11.213004,-3.737165,frame_007868
104.084366,11.170364,-3.737447,frame_007869
104.220356,11.127738,-3.737759,frame_007870
104.358183,11.084926,-3.738102,frame_007871
104.495876,11.041346,-3.738456,frame_007872
104.633170,10.997125,-3.738822,frame_007873
104.769797,10.952388,-3.739202,frame_007874
104.905654,10.907048,-3.739596,frame_007875
105.040797,10.860802,-3.740012,frame_007876
105.175284,10.813348,-3.740452,frame_007877
105.309172,10.764599,-3.740916,frame_007878
105.442516,10.714680,-3.741398,frame_007879
105.575376,10.663717,-3.741891,frame_007880
105.708554,10.612822,-3.742382,frame_007881
105.841951,10.561915,-3.742869,frame_007882
105.975475,10.510926,-3.743353,frame_007883
106.108296,10.459790,-3.743872,frame_007884
106.240488,10.408454,-3.744425,frame_007885
106.372129,10.356872,-3.745013,frame_007886
106.504040,10.304019,-3.745557,frame_007887
106.636141,10.250072,-3.746057,frame_007888
106.768361,10.195206,-3.746512,frame_007889
106.899886,10.140585,-3.746959,frame_007890
107.030812,10.086178,-3.747395,frame_007891
107.161233,10.031965,-3.747813,frame_007892
107.291991,9.977933,-3.748241,frame_007893
107.423026,9.924078,-3.748676,frame_007894
107.554284,9.870404,-3.749115,frame_007895
107.685716,9.815724,-3.749521,frame_007896
107.817283,9.759837,-3.749901,frame_007897
107.948948,9.702541,-3.750259,frame_007898
108.079938,9.644834,-3.750599,frame_007899
108.210385,9.586739,-3.750923,frame_007900
108.340424,9.528284,-3.751232,frame_007901
108.470024,9.469507,-3.751537,frame_007902
108.598997,9.410454,-3.751837,frame_007903
108.727151,9.351180,-3.752132,frame_007904
108.855205,9.290761,-3.752446,frame_007905
108.983135,9.229474,-3.752770,frame_007906
109.110927,9.167596,-3.753093,frame_007907
109.237824,9.105190,-3.753345,frame_007908
109.363979,9.042104,-3.753536,frame_007909
109.489544,8.978188,-3.753671,frame_007910
109.615417,8.914492,-3.753824,frame_007911
109.741596,8.851085,-3.753997,frame_007912
109.868083,8.788048,-3.754190,frame_007913
109.993979,8.724269,-3.754396,frame_007914
110.119134,8.659622,-3.754615,frame_007915
110.243394,8.593982,-3.754845,frame_007916
110.367516,8.528422,-3.755091,frame_007917
110.491514,8.463039,-3.755357,frame_007918
110.615411,8.397938,-3.755646,frame_007919
110.738490,8.333017,-3.755915,frame_007920
110.860942,8.267972,-3.756164,frame_007921
110.982955,8.202505,-3.756397,frame_007922
111.104559,8.136539,-3.756689,frame_007923
111.225621,8.070221,-3.757031,frame_007924
111.346008,8.003708,-3.757414,frame_007925
111.466493,7.935962,-3.757787,frame_007926
111.587112,7.866933,-3.758156,frame_007927
111.707906,7.796571,-3.758526,frame_007928
111.828923,7.726025,-3.758904,frame_007929
111.950217,7.655467,-3.759284,frame_007930
112.071847,7.585078,-3.759656,frame_007931
112.192973,7.514833,-3.760008,frame_007932
112.313500,7.444500,-3.760342,frame_007933
112.433332,7.373857,-3.760658,frame_007934
112.553282,7.301706,-3.760920,frame_007935
112.673423,7.228045,-3.761128,frame_007936
112.793834,7.152874,-3.761283,frame_007937
112.913694,7.077395,-3.761447,frame_007938
113.032925,7.001828,-3.761625,frame_007939
113.151452,6.926404,-3.761822,frame_007940
113.270853,6.851149,-3.762009,frame_007941
113.391064,6.775882,-3.762187,frame_007942
113.512034,6.700432,-3.762355,frame_007943
113.632072,6.623648,-3.762535,frame_007944
113.751139,6.545581,-3.762718,frame_007945
113.869198,6.466282,-3.762893,frame_007946
113.986209,6.386787,-3.763066,frame_007947
114.102137,6.306940,-3.763242,frame_007948
114.216941,6.226595,-3.763423,frame_007949
114.332238,6.145614,-3.763586,frame_007950
114.448003,6.063866,-3.763735,frame_007951
114.564223,5.981230,-3.763878,frame_007952
114.679244,5.896607,-3.764044,frame_007953
114.793066,5.810097,-3.764230,frame_007954
114.905689,5.721801,-3.764434,frame_007955
115.017859,5.634006,-3.764616,frame_007956
115.129421,5.546829,-3.764765,frame_007957
115.240225,5.460403,-3.764869,frame_007958
115.350291,5.373681,-3.764955,frame_007959
115.459806,5.286608,-3.765038,frame_007960
115.568963,5.199137,-3.765129,frame_007961
115.677800,5.111231,-3.765224,frame_007962
115.786200,5.022861,-3.765317,frame_007963
115.894053,4.934005,-3.765406,frame_007964
116.001252,4.843664,-3.765486,frame_007965
116.107701,4.752041,-3.765554,frame_007966
116.213306,4.659336,-3.765606,frame_007967
116.317983,4.566737,-3.765649,frame_007968
116.421652,4.474239,-3.765682,frame_007969
116.524240,4.381847,-3.765705,frame_007970
116.625842,4.288373,-3.765764,frame_007971
116.726721,4.193616,-3.765857,frame_007972
116.827148,4.097375,-3.765984,frame_007973
116.927236,4.000648,-3.766076,frame_007974
117.026944,3.903457,-3.766117,frame_007975
117.126237,3.805831,-3.766091,frame_007976
117.225087,3.707807,-3.766065,frame_007977
117.323471,3.609432,-3.766032,frame_007978
117.421374,3.510760,-3.765984,frame_007979
117.518786,3.411854,-3.765865,frame_007980
117.615703,3.312785,-3.765661,frame_007981
117.712130,3.213633,-3.765364,frame_007982
117.808075,3.113287,-3.764967,frame_007983
117.903555,3.011620,-3.764473,frame_007984
117.998591,2.908506,-3.763883,frame_007985
118.093213,2.805020,-3.763212,frame_007986
118.187454,2.701258,-3.762468,frame_007987
118.281357,2.597325,-3.761660,frame_007988
118.375528,2.492595,-3.760763,frame_007989
118.469904,2.387342,-3.759785,frame_007990
118.564435,2.281846,-3.758735,frame_007991
118.658172,2.175186,-3.757621,frame_007992
118.749239,2.069640,-3.756400,frame_007993
118.837793,1.964800,-3.755092,frame_007994
118.926008,1.859990,-3.753713,frame_007995
119.013958,1.755356,-3.752267,frame_007996
119.101720,1.651055,-3.750758,frame_007997
119.190128,1.546050,-3.749230,frame_007998
119.279118,1.440289,-3.747689,frame_007999
119.368639,1.333724,-3.746143,frame_008000
119.456999,1.226304,-3.744683,frame_008001
119.544160,1.117978,-3.743307,frame_008002
119.630084,1.008696,-3.742015,frame_008003
119.715641,0.899607,-3.740752,frame_008004
119.800960,0.790885,-3.739515,frame_008005
119.886179,0.682708,-3.738298,frame_008006
119.971277,0.575052,-3.737111,frame_008007
120.056082,0.467686,-3.735943,frame_008008
120.140424,0.360387,-3.734783,frame_008009
120.224303,0.251957,-3.733663,frame_008010
120.307889,0.142395,-3.732587,frame_008011
120.391354,0.031701,-3.731556,frame_008012
120.473973,-0.080125,-3.730502,frame_008013
120.555763,-0.193083,-3.729429,frame_008014
120.636745,-0.307174,-3.728337,frame_008015
120.717684,-0.421196,-3.727263,frame_008016
120.798442,-0.534928,-3.726204,frame_008017
120.878890,-0.648140,-3.725154,frame_008018
120.958158,-0.760805,-3.724083,frame_008019
121.036284,-0.873105,-3.722993,frame_008020
121.113306,-0.985211,-3.721888,frame_008021
121.190917,-1.098274,-3.720701,frame_008022
121.269166,-1.212241,-3.719438,frame_008023
121.348117,-1.327065,-3.718104,frame_008024
121.426194,-1.442693,-3.716709,frame_008025
121.503470,-1.559076,-3.715254,frame_008026
121.580024,-1.676163,-3.713736,frame_008027
121.656677,-1.793904,-3.712123,frame_008028
121.733349,-1.912249,-3.710411,frame_008029
121.809968,-2.031147,-3.708598,frame_008030
121.885721,-2.149563,-3.706635,frame_008031
121.960704,-2.267650,-3.704532,frame_008032
122.035011,-2.385557,-3.702296,frame_008033
122.109483,-2.504406,-3.699913,frame_008034
122.184061,-2.624124,-3.697408,frame_008035
122.258690,-2.744634,-3.694802,frame_008036
122.332577,-2.865861,-3.692173,frame_008037
122.405836,-2.987730,-3.689534,frame_008038
122.478582,-3.110164,-3.686898,frame_008039
122.550992,-3.231203,-3.684286,frame_008040
122.622901,-3.350810,-3.681714,frame_008041
122.694143,-3.468933,-3.679200,frame_008042
122.763807,-3.586493,-3.676758,frame_008043
122.833928,-3.705903,-3.674471,frame_008044
122.904874,-3.827371,-3.672365,frame_008045
122.976404,-3.948330,-3.670473,frame_008046
123.048495,-4.068887,-3.668801,frame_008047
123.121133,-4.189136,-3.667359,frame_008048
123.193400,-4.310152,-3.666115,frame_008049
123.265125,-4.431810,-3.665081,frame_008050
123.336136,-4.553984,-3.664268,frame_008051
123.407170,-4.676548,-3.663666,frame_008052
123.478223,-4.799376,-3.663260,frame_008053
123.549300,-4.922342,-3.663035,frame_008054
123.620408,-5.044334,-3.662935,frame_008055
123.691565,-5.165433,-3.662958,frame_008056
123.762793,-5.285709,-3.663101,frame_008057
123.832465,-5.406426,-3.663356,frame_008058
123.900605,-5.527859,-3.663708,frame_008059
123.967228,-5.650286,-3.664141,frame_008060
124.033998,-5.773770,-3.664587,frame_008061
124.100931,-5.898159,-3.665044,frame_008062
124.168047,-6.023303,-3.665510,frame_008063
124.235377,-6.149050,-3.666039,frame_008064
124.302956,-6.275251,-3.666626,frame_008065
124.370823,-6.401753,-3.667267,frame_008066
124.438119,-6.527420,-3.667974,frame_008067
124.504731,-6.652307,-3.668720,frame_008068
124.570543,-6.776459,-3.669477,frame_008069
124.636349,-6.901114,-3.670241,frame_008070
124.702203,-7.026523,-3.670990,frame_008071
124.768166,-7.152939,-3.671704,frame_008072
124.834143,-7.280399,-3.672352,frame_008073
124.899882,-7.408727,-3.672931,frame_008074
124.965140,-7.537746,-3.673438,frame_008075
125.029840,-7.666296,-3.673921,frame_008076
125.094074,-7.794404,-3.674356,frame_008077
125.157942,-7.922092,-3.674721,frame_008078
125.220638,-8.050358,-3.675041,frame_008079
125.282108,-8.179002,-3.675289,frame_008080
125.342293,-8.307822,-3.675437,frame_008081
125.402044,-8.436831,-3.675506,frame_008082
125.461472,-8.566255,-3.675485,frame_008083
125.520694,-8.696320,-3.675366,frame_008084
125.579673,-8.826053,-3.675168,frame_008085
125.638215,-8.955459,-3.674903,frame_008086
125.696133,-9.084532,-3.674583,frame_008087
125.753407,-9.214247,-3.674114,frame_008088
125.810188,-9.344377,-3.673511,frame_008089
125.866629,-9.474695,-3.672789,frame_008090
125.921986,-9.605190,-3.671912,frame_008091
125.976259,-9.736062,-3.670911,frame_008092
126.029446,-9.867513,-3.669815,frame_008093
126.083203,-9.999529,-3.668708,frame_008094
126.137541,-10.131886,-3.667607,frame_008095
126.192486,-10.264355,-3.666530,frame_008096
126.246423,-10.396925,-3.665565,frame_008097
126.299389,-10.529797,-3.664689,frame_008098
126.351422,-10.663172,-3.663882,frame_008099
126.403308,-10.796052,-3.663068,frame_008100
126.454927,-10.928415,-3.662252,frame_008101
126.506170,-11.060232,-3.661439,frame_008102
126.556185,-11.192451,-3.660544,frame_008103
126.605030,-11.324822,-3.659567,frame_008104
126.652761,-11.457092,-3.658506,frame_008105
126.699436,-11.589224,-3.657478,frame_008106
126.745113,-11.721393,-3.656483,frame_008107
126.789847,-11.853776,-3.655520,frame_008108
126.835350,-11.986549,-3.654556,frame_008109
126.881692,-12.119888,-3.653586,frame_008110
126.928955,-12.253970,-3.652604,frame_008111
126.975580,-12.387769,-3.651673,frame_008112
127.021663,-12.521241,-3.650803,frame_008113
127.067298,-12.654330,-3.650006,frame_008114
127.113328,-12.787960,-3.649261,frame_008115
127.159691,-12.921854,-3.648577,frame_008116
127.206334,-13.055736,-3.647960,frame_008117
127.252464,-13.189542,-3.647378,frame_008118
127.298193,-13.323424,-3.646818,frame_008119
127.343637,-13.457532,-3.646267,frame_008120
127.389656,-13.592017,-3.645706,frame_008121
127.436209,-13.727031,-3.645129,frame_008122
127.483260,-13.862724,-3.644528,frame_008123
127.529127,-13.999033,-3.643979,frame_008124
127.573776,-14.135682,-3.643486,frame_008125
127.617165,-14.272393,-3.643051,frame_008126
127.660900,-14.409105,-3.642573,frame_008127
127.704940,-14.545968,-3.642044,frame_008128
127.749251,-14.683132,-3.641457,frame_008129
127.793057,-14.819550,-3.640734,frame_008130
127.836492,-14.955149,-3.639864,frame_008131
127.879690,-15.089850,-3.638836,frame_008132
127.923528,-15.224764,-3.637696,frame_008133
127.967986,-15.360019,-3.636429,frame_008134
128.013047,-15.495738,-3.635019,frame_008135
128.057794,-15.633035,-3.633467,frame_008136
128.102056,-15.771830,-3.631772,frame_008137
128.145661,-15.912051,-3.629931,frame_008138
128.188601,-16.051449,-3.628043,frame_008139
128.231026,-16.189954,-3.626109,frame_008140
128.273090,-16.327485,-3.624135,frame_008141
128.315690,-16.465154,-3.622153,frame_008142
128.358824,-16.603087,-3.620194,frame_008143
128.402495,-16.741411,-3.618286,frame_008144
128.445804,-16.879050,-3.616420,frame_008145
128.488599,-17.015908,-3.614609,frame_008146
128.530728,-17.151881,-3.612869,frame_008147
128.572947,-17.289042,-3.611024,frame_008148
128.615271,-17.427284,-3.609066,frame_008149
128.657722,-17.566513,-3.606984,frame_008150
128.699422,-17.705654,-3.604859,frame_008151
128.740237,-17.844833,-3.602702,frame_008152
128.780033,-17.984175,-3.600527,frame_008153
128.818840,-18.122607,-3.598378,frame_008154
128.856848,-18.260031,-3.596273,frame_008155
128.894247,-18.396344,-3.594231,frame_008156
128.931973,-18.532632,-3.592196,frame_008157
128.970062,-18.668995,-3.590177,frame_008158
129.008553,-18.805534,-3.588183,frame_008159
129.046588,-18.943336,-3.586212,frame_008160
129.084053,-19.082295,-3.584274,frame_008161
129.120832,-19.222317,-3.582377,frame_008162
129.157719,-19.362326,-3.580559,frame_008163
129.194769,-19.502448,-3.578825,frame_008164
129.232042,-19.642809,-3.577182,frame_008165
129.268696,-19.783321,-3.575635,frame_008166
129.304637,-19.923682,-3.574190,frame_008167
129.339769,-20.063590,-3.572852,frame_008168
129.374158,-20.202958,-3.571565,frame_008169
129.408034,-20.341910,-3.570331,frame_008170
129.441624,-20.480573,-3.569148,frame_008171
129.474996,-20.619073,-3.568047,frame_008172
129.508053,-20.757535,-3.567028,frame_008173
129.540702,-20.896085,-3.566091,frame_008174
129.573753,-21.033649,-3.565197,frame_008175
129.607281,-21.170130,-3.564345,frame_008176
129.641365,-21.305424,-3.563533,frame_008177
129.675183,-21.441603,-3.562807,frame_008178
129.708657,-21.578563,-3.562162,frame_008179
129.741714,-21.716208,-3.561593,frame_008180
129.775183,-21.853462,-3.561109,frame_008181
129.809157,-21.990452,-3.560713,frame_008182
129.843734,-22.127304,-3.560410,frame_008183
129.878112,-22.264143,-3.560168,frame_008184
129.912232,-22.401096,-3.559980,frame_008185
129.946039,-22.538287,-3.559838,frame_008186
129.979475,-22.674644,-3.559768,frame_008187
130.012482,-22.810069,-3.559765,frame_008188
130.045004,-22.944457,-3.559829,frame_008189
130.077891,-23.079882,-3.559911,frame_008190
130.111255,-23.216238,-3.560001,frame_008191
130.145213,-23.353429,-3.560087,frame_008192
130.178980,-23.490382,-3.560192,frame_008193
130.212519,-23.627221,-3.560316,frame_008194
130.245792,-23.764073,-3.560460,frame_008195
130.279506,-23.902050,-3.560590,frame_008196
130.313468,-24.041071,-3.560701,frame_008197
130.347491,-24.181065,-3.560785,frame_008198
130.380648,-24.319785,-3.560892,frame_008199
130.412920,-24.457157,-3.561016,frame_008200
130.444288,-24.593104,-3.561147,frame_008201
130.474734,-24.728736,-3.561290,frame_008202
130.504237,-24.864179,-3.561442,frame_008203
130.532779,-24.999559,-3.561601,frame_008204
130.561249,-25.135989,-3.561746,frame_008205
130.589796,-25.273387,-3.561877,frame_008206
130.618575,-25.411684,-3.561996,frame_008207
130.646840,-25.549830,-3.562140,frame_008208
130.674591,-25.687976,-3.562306,frame_008209
130.701828,-25.826273,-3.562489,frame_008210
130.727806,-25.964658,-3.562717,frame_008211
130.752679,-26.102854,-3.562983,frame_008212
130.776597,-26.240585,-3.563283,frame_008213
130.800448,-26.377787,-3.563573,frame_008214
130.824214,-26.514612,-3.563850,frame_008215
130.847875,-26.651211,-3.564108,frame_008216
130.871412,-26.787521,-3.564344,frame_008217
130.894807,-26.923264,-3.564553,frame_008218
130.918039,-27.058165,-3.564731,frame_008219
130.941253,-27.192160,-3.564877,frame_008220
130.964752,-27.325401,-3.564995,frame_008221
130.988841,-27.458038,-3.565088,frame_008222
131.013663,-27.591208,-3.565176,frame_008223
131.039198,-27.724857,-3.565254,frame_008224
131.065428,-27.858938,-3.565318,frame_008225
131.091588,-27.993415,-3.565386,frame_008226
131.117814,-28.128257,-3.565458,frame_008227
131.144235,-28.263444,-3.565536,frame_008228
131.171723,-28.396776,-3.565569,frame_008229
131.200237,-28.528234,-3.565556,frame_008230
131.229742,-28.657787,-3.565497,frame_008231
131.259452,-28.787585,-3.565412,frame_008232
131.289485,-28.917597,-3.565303,frame_008233
131.319951,-29.047803,-3.565174,frame_008234
131.350957,-29.178190,-3.565033,frame_008235
131.382599,-29.308754,-3.564879,frame_008236
131.414970,-29.439498,-3.564708,frame_008237
131.448155,-29.570437,-3.564518,frame_008238
131.482235,-29.701590,-3.564307,frame_008239
131.517281,-29.832988,-3.564072,frame_008240
131.552614,-29.963467,-3.563759,frame_008241
131.588451,-30.092851,-3.563376,frame_008242
131.624993,-30.220966,-3.562932,frame_008243
131.663178,-30.349820,-3.562396,frame_008244
131.703027,-30.479254,-3.561792,frame_008245
131.744557,-30.609126,-3.561146,frame_008246
131.786869,-30.737124,-3.560445,frame_008247
131.829798,-30.863121,-3.559720,frame_008248
131.873167,-30.986994,-3.559001,frame_008249
131.916946,-31.110800,-3.558356,frame_008250
131.961257,-31.234433,-3.557790,frame_008251
132.006208,-31.357798,-3.557311,frame_008252
132.052639,-31.479836,-3.556889,frame_008253
132.100478,-31.600692,-3.556543,frame_008254
132.149645,-31.720521,-3.556287,frame_008255
132.199309,-31.839274,-3.556156,frame_008256
132.249533,-31.956694,-3.556170,frame_008257
132.300367,-32.072535,-3.556344,frame_008258
132.352597,-32.187757,-3.556680,frame_008259
132.406091,-32.302351,-3.557184,frame_008260
132.460714,-32.416327,-3.557860,frame_008261
132.516485,-32.528509,-3.558708,frame_008262
132.573577,-32.638717,-3.559725,frame_008263
132.632160,-32.746780,-3.560904,frame_008264
132.691486,-32.853733,-3.562261,frame_008265
132.751544,-32.959643,-3.563793,frame_008266
132.812308,-33.064595,-3.565496,frame_008267
132.874486,-33.167490,-3.567313,frame_008268
132.937872,-33.268222,-3.569249,frame_008269
133.002253,-33.366695,-3.571309,frame_008270
133.067572,-33.464020,-3.573564,frame_008271
133.133927,-33.560341,-3.576010,frame_008272
133.201411,-33.655817,-3.578644,frame_008273
133.269202,-33.750410,-3.581439,frame_008274
133.337210,-33.843885,-3.584382,frame_008275
133.405334,-33.936025,-3.587461,frame_008276
133.474368,-34.026627,-3.590626,frame_008277
133.544352,-34.115508,-3.593870,frame_008278
133.615322,-34.202500,-3.597185,frame_008279
133.687145,-34.287665,-3.600627,frame_008280
133.759519,-34.371297,-3.604181,frame_008281
133.832137,-34.453707,-3.607830,frame_008282
133.904846,-34.535008,-3.611532,frame_008283
133.977649,-34.615115,-3.615275,frame_008284
134.050544,-34.693962,-3.619047,frame_008285
134.123521,-34.771498,-3.622838,frame_008286
134.196563,-34.847691,-3.626627,frame_008287
134.269649,-34.922522,-3.630388,frame_008288
134.342751,-34.995992,-3.634062,frame_008289
134.415833,-35.068118,-3.637630,frame_008290
134.488854,-35.138934,-3.641073,frame_008291
134.563420,-35.208489,-3.644472,frame_008292
134.639490,-35.276851,-3.647810,frame_008293
134.717029,-35.344104,-3.651070,frame_008294
134.794355,-35.409148,-3.654295,frame_008295
134.871433,-35.471878,-3.657483,frame_008296
134.948222,-35.532198,-3.660636,frame_008297
135.024674,-35.592207,-3.663816,frame_008298
135.100735,-35.651841,-3.667027,frame_008299
135.176345,-35.711062,-3.670278,frame_008300
135.253091,-35.767672,-3.673495,frame_008301
135.330913,-35.821667,-3.676668,frame_008302
135.409757,-35.873050,-3.679787,frame_008303
135.487921,-35.923035,-3.682896,frame_008304
135.565352,-35.971864,-3.685993,frame_008305
135.641990,-36.019798,-3.689080,frame_008306
135.718675,-36.066899,-3.692138,frame_008307
135.795502,-36.113033,-3.695171,frame_008308
135.872568,-36.158084,-3.698186,frame_008309
135.949805,-36.200963,-3.701211,frame_008310
136.026985,-36.241792,-3.704236,frame_008311
136.103879,-36.280703,-3.707255,frame_008312
136.180421,-36.318818,-3.710232,frame_008313
136.256706,-36.356080,-3.713157,frame_008314
136.332830,-36.392447,-3.716022,frame_008315
136.409632,-36.427892,-3.718821,frame_008316
136.487054,-36.462409,-3.721545,frame_008317
136.565042,-36.496004,-3.724187,frame_008318
136.641892,-36.528705,-3.726797,frame_008319
136.717553,-36.560551,-3.729382,frame_008320
136.791964,-36.591603,-3.731950,frame_008321
136.866711,-36.621935,-3.734492,frame_008322
136.941736,-36.651640,-3.736998,frame_008323
137.016982,-36.680827,-3.739462,frame_008324
137.091658,-36.708422,-3.741840,frame_008325
137.165877,-36.734344,-3.744128,frame_008326
137.239753,-36.758524,-3.746325,frame_008327
137.313401,-36.780897,-3.748499,frame_008328
137.386935,-36.801409,-3.750650,frame_008329
137.460469,-36.820014,-3.752779,frame_008330
137.533955,-36.837875,-3.754844,frame_008331
137.607184,-36.855185,-3.756837,frame_008332
137.679947,-36.872152,-3.758748,frame_008333
137.752196,-36.887803,-3.760586,frame_008334
137.824046,-36.902160,-3.762353,frame_008335
137.895609,-36.915251,-3.764051,frame_008336
137.967748,-36.927115,-3.765662,frame_008337
138.040420,-36.937797,-3.767182,frame_008338
138.113591,-36.947353,-3.768608,frame_008339
138.186486,-36.955844,-3.769972,frame_008340
138.259238,-36.963342,-3.771282,frame_008341
138.331980,-36.969927,-3.772546,frame_008342
138.404685,-36.976674,-3.773783,frame_008343
138.477161,-36.983472,-3.774985,frame_008344
138.549218,-36.990230,-3.776142,frame_008345
138.621574,-36.995886,-3.777234,frame_008346
138.694207,-37.000587,-3.778264,frame_008347
138.767100,-37.004488,-3.779239,frame_008348
138.839499,-37.006553,-3.780125,frame_008349
138.911555,-37.006731,-3.780927,frame_008350
138.983420,-37.004972,-3.781654,frame_008351
139.055086,-37.003412,-3.782364,frame_008352
139.126381,-37.002017,-3.783048,frame_008353
139.197133,-37.000771,-3.783701,frame_008354
139.267334,-36.998686,-3.784290,frame_008355
139.337134,-36.995987,-3.784816,frame_008356
139.406688,-36.992902,-3.785279,frame_008357
139.476892,-36.989458,-3.785721,frame_008358
139.547744,-36.985473,-3.786146,frame_008359
139.619247,-36.980777,-3.786555,frame_008360
139.690502,-36.975419,-3.786865,frame_008361
139.761357,-36.969672,-3.787078,frame_008362
139.831661,-36.963817,-3.787198,frame_008363
139.902169,-36.957929,-3.787255,frame_008364
139.972895,-36.951879,-3.787253,frame_008365
140.043864,-36.945544,-3.787192,frame_008366
140.113449,-36.937826,-3.787050,frame_008367
140.181673,-36.928825,-3.786835,frame_008368
140.248551,-36.918641,-3.786556,frame_008369
140.315747,-36.908362,-3.786223,frame_008370
140.383277,-36.897883,-3.785852,frame_008371
140.451162,-36.887106,-3.785453,frame_008372
140.518524,-36.875945,-3.785017,frame_008373
140.585230,-36.864319,-3.784545,frame_008374
140.651146,-36.852158,-3.784040,frame_008375
140.717046,-36.839397,-3.783536,frame_008376
140.782967,-36.825984,-3.783042,frame_008377
140.848948,-36.811871,-3.782566,frame_008378
140.915038,-36.797021,-3.782067,frame_008379
140.981290,-36.781405,-3.781554,frame_008380
141.047764,-36.765001,-3.781031,frame_008381
141.113620,-36.747798,-3.780487,frame_008382
141.178763,-36.729790,-3.779929,frame_008383
141.243096,-36.710982,-3.779363,frame_008384
141.307434,-36.691387,-3.778825,frame_008385
141.371848,-36.671025,-3.778323,frame_008386
141.436418,-36.649927,-3.777867,frame_008387
141.500323,-36.628129,-3.777435,frame_008388
141.563485,-36.605678,-3.777038,frame_008389
141.625828,-36.582628,-3.776684,frame_008390
141.688185,-36.559043,-3.776359,frame_008391
141.750647,-36.534992,-3.776081,frame_008392
141.813313,-36.510557,-3.775868,frame_008393
141.875380,-36.484626,-3.775692,frame_008394
141.936789,-36.457071,-3.775552,frame_008395
141.997486,-36.427769,-3.775451,frame_008396
142.058157,-36.397792,-3.775485,frame_008397
142.118591,-36.367237,-3.775649,frame_008398
142.178582,-36.336210,-3.775941,frame_008399
142.238091,-36.304823,-3.776430,frame_008400
142.297249,-36.273197,-3.777107,frame_008401
142.356192,-36.241464,-3.777960,frame_008402
142.414900,-36.208561,-3.778887,frame_008403
142.473201,-36.174412,-3.779867,frame_008404
142.530924,-36.138943,-3.780883,frame_008405
142.588071,-36.104264,-3.781928,frame_008406
142.644809,-36.070316,-3.782993,frame_008407
142.701314,-36.037057,-3.784068,frame_008408
142.757603,-36.002276,-3.785138,frame_008409
142.813541,-35.965949,-3.786187,frame_008410
142.868997,-35.928049,-3.787197,frame_008411
142.923102,-35.889751,-3.788174,frame_008412
142.975894,-35.851254,-3.789115,frame_008413
143.027411,-35.812761,-3.790012,frame_008414
143.078437,-35.774273,-3.790847,frame_008415
143.128855,-35.735585,-3.791609,frame_008416
143.178553,-35.696500,-3.792286,frame_008417
143.228335,-35.657042,-3.792892,frame_008418
143.278271,-35.617459,-3.793422,frame_008419
143.328442,-35.578007,-3.793874,frame_008420
143.378037,-35.537750,-3.794237,frame_008421
143.426995,-35.496739,-3.794515,frame_008422
143.475262,-35.455023,-3.794712,frame_008423
143.522791,-35.413639,-3.794817,frame_008424
143.569540,-35.372432,-3.794828,frame_008425
143.615475,-35.331255,-3.794744,frame_008426
143.660566,-35.288984,-3.794535,frame_008427
143.704793,-35.245694,-3.794206,frame_008428
143.748138,-35.201461,-3.793758,frame_008429
143.791339,-35.157346,-3.793200,frame_008430
143.834236,-35.113220,-3.792542,frame_008431
143.876684,-35.068960,-3.791794,frame_008432
143.917804,-35.023467,-3.790952,frame_008433
143.957630,-34.976843,-3.790032,frame_008434
143.996205,-34.929187,-3.789053,frame_008435
144.033574,-34.881586,-3.788030,frame_008436
144.069793,-34.833936,-3.786976,frame_008437
144.104922,-34.786141,-3.785903,frame_008438
144.139772,-34.737125,-3.784846,frame_008439
144.174262,-34.687015,-3.783821,frame_008440
144.208323,-34.635936,-3.782843,frame_008441
144.241150,-34.585001,-3.781999,frame_008442
144.272854,-34.534129,-3.781307,frame_008443
144.303554,-34.483250,-3.780785,frame_008444
144.333373,-34.431315,-3.780396,frame_008445
144.362441,-34.378473,-3.780160,frame_008446
144.390894,-34.324878,-3.780103,frame_008447
144.418714,-34.271664,-3.780171,frame_008448
144.445725,-34.218779,-3.780378,frame_008449
144.471760,-34.166175,-3.780735,frame_008450
144.496819,-34.112829,-3.781179,frame_008451
144.521069,-34.058917,-3.781712,frame_008452
144.544686,-34.004615,-3.782331,frame_008453
144.567689,-33.951086,-3.783128,frame_008454
144.589940,-33.898300,-3.784090,frame_008455
144.611310,-33.846235,-3.785201,frame_008456
144.631837,-33.792694,-3.786415,frame_008457
144.651727,-33.737655,-3.787733,frame_008458
144.671193,-33.681089,-3.789155,frame_008459
144.690291,-33.625145,-3.790700,frame_008460
144.708924,-33.569793,-3.792355,frame_008461
144.726999,-33.515012,-3.794104,frame_008462
144.744593,-33.459803,-3.795899,frame_008463
144.761949,-33.404367,-3.797738,frame_008464
144.779319,-33.348907,-3.799620,frame_008465
144.796798,-33.293409,-3.801494,frame_008466
144.814324,-33.237646,-3.803364,frame_008467
144.831845,-33.181394,-3.805229,frame_008468
144.849312,-33.124638,-3.807099,frame_008469
144.866685,-33.067580,-3.808976,frame_008470
144.883929,-33.010421,-3.810857,frame_008471
144.900269,-32.954350,-3.812746,frame_008472
144.915838,-32.899360,-3.814647,frame_008473
144.930769,-32.845458,-3.816563,frame_008474
144.945942,-32.790469,-3.818496,frame_008475
144.961335,-32.734397,-3.820444,frame_008476
144.976931,-32.677239,-3.822403,frame_008477
144.992721,-32.621167,-3.824374,frame_008478
145.008703,-32.566178,-3.826364,frame_008479
145.024878,-32.512275,-3.828378,frame_008480
145.039603,-32.457286,-3.830433,frame_008481
145.052882,-32.401214,-3.832537,frame_008482
145.064710,-32.344056,-3.834699,frame_008483
145.076732,-32.287984,-3.836976,frame_008484
145.088945,-32.232995,-3.839375,frame_008485
145.101353,-32.179093,-3.841905,frame_008486
145.113964,-32.125090,-3.844552,frame_008487
145.126794,-32.070785,-3.847324,frame_008488
145.139867,-32.015977,-3.850225,frame_008489
145.152301,-31.960679,-3.853287,frame_008490
145.163965,-31.905116,-3.856509,frame_008491
145.174725,-31.849516,-3.859888,frame_008492
145.184610,-31.793890,-3.863416,frame_008493
145.193809,-31.738038,-3.867078,frame_008494
145.202514,-31.681759,-3.870859,frame_008495
145.211660,-31.625064,-3.874840,frame_008496
145.221283,-31.568181,-3.879002,frame_008497
145.231423,-31.511335,-3.883325,frame_008498
145.241221,-31.454540,-3.887765,frame_008499
145.250562,-31.397594,-3.892314,frame_008500
145.259332,-31.340296,-3.896962,frame_008501
145.268325,-31.283644,-3.901719,frame_008502
145.277594,-31.227659,-3.906577,frame_008503
145.287200,-31.172372,-3.911526,frame_008504
145.296302,-31.115633,-3.916480,frame_008505
145.304804,-31.057472,-3.921413,frame_008506
145.312612,-30.997909,-3.926297,frame_008507
145.320538,-30.939144,-3.931170,frame_008508
145.328654,-30.881198,-3.936017,frame_008509
145.337041,-30.824099,-3.940821,frame_008510
145.344876,-30.766686,-3.945532,frame_008511
145.352083,-30.708782,-3.950119,frame_008512
145.358586,-30.650212,-3.954554,frame_008513
145.365217,-30.591999,-3.958845,frame_008514
145.372067,-30.534189,-3.962980,frame_008515
145.379234,-30.476837,-3.966948,frame_008516
145.385917,-30.418806,-3.970789,frame_008517
145.392057,-30.359945,-3.974496,frame_008518
145.397597,-30.300102,-3.978065,frame_008519
145.402481,-30.240328,-3.981384,frame_008520
145.406651,-30.180693,-3.984471,frame_008521
145.410051,-30.121276,-3.987345,frame_008522
145.413531,-30.059981,-3.990042,frame_008523
145.417201,-29.996886,-3.992584,frame_008524
145.421180,-29.932063,-3.994992,frame_008525
145.424682,-29.867760,-3.997202,frame_008526
145.427672,-29.804050,-3.999248,frame_008527
145.430109,-29.741011,-4.001162,frame_008528
145.431956,-29.677532,-4.002996,frame_008529
145.433175,-29.613487,-4.004788,frame_008530
145.433728,-29.548750,-4.006576,frame_008531
145.434485,-29.484396,-4.008298,frame_008532
145.435576,-29.420520,-4.010014,frame_008533
145.437136,-29.357228,-4.011781,frame_008534
145.438402,-29.293433,-4.013704,frame_008535
145.439353,-29.229035,-4.015820,frame_008536
145.439972,-29.163931,-4.018161,frame_008537
145.440238,-29.098023,-4.020735,frame_008538
145.440134,-29.031209,-4.023585,frame_008539
145.439639,-28.963390,-4.026749,frame_008540
145.438735,-28.895663,-4.030357,frame_008541
145.437403,-28.828150,-4.034415,frame_008542
145.435624,-28.760983,-4.038926,frame_008543
145.434286,-28.693098,-4.043889,frame_008544
145.433539,-28.624421,-4.049295,frame_008545
145.433537,-28.554877,-4.055134,frame_008546
145.433536,-28.485588,-4.061412,frame_008547
145.433535,-28.416703,-4.068091,frame_008548
145.433534,-28.348377,-4.075130,frame_008549
145.433532,-28.279573,-4.082569,frame_008550
145.433531,-28.210240,-4.090368,frame_008551
145.433530,-28.140329,-4.098488,frame_008552
145.434275,-28.069788,-4.106879,frame_008553
145.435610,-27.998569,-4.115500,frame_008554
145.437387,-27.926620,-4.124311,frame_008555
145.438717,-27.855091,-4.133259,frame_008556
145.439618,-27.784155,-4.142303,frame_008557
145.440110,-27.713990,-4.151401,frame_008558
145.440213,-27.643587,-4.160528,frame_008559
145.439944,-27.572919,-4.169637,frame_008560
145.439323,-27.501962,-4.178685,frame_008561
145.438369,-27.431677,-4.187602,frame_008562
145.437101,-27.361833,-4.196341,frame_008563
145.435538,-27.292208,-4.204851,frame_008564
145.433699,-27.221601,-4.213135,frame_008565
145.431603,-27.150014,-4.221146,frame_008566
145.429269,-27.077445,-4.228836,frame_008567
145.426717,-27.003896,-4.236187,frame_008568
145.423964,-26.929365,-4.243141,frame_008569
145.421031,-26.853853,-4.249646,frame_008570
145.417936,-26.777361,-4.255779,frame_008571
145.414698,-26.699887,-4.261509,frame_008572
145.411337,-26.621432,-4.266811,frame_008573
145.407870,-26.543196,-4.271560,frame_008574
145.404318,-26.465401,-4.275754,frame_008575
145.400700,-26.388277,-4.279390,frame_008576
145.397780,-26.311851,-4.282489,frame_008577
145.395422,-26.235941,-4.285080,frame_008578
145.393496,-26.160375,-4.287192,frame_008579
145.391132,-26.084005,-4.288765,frame_008580
145.388369,-26.006880,-4.289854,frame_008581
145.385244,-25.929050,-4.290511,frame_008582
145.382541,-25.850567,-4.290890,frame_008583
145.380143,-25.771480,-4.291076,frame_008584
145.377940,-25.691839,-4.291150,frame_008585
145.375080,-25.612681,-4.291092,frame_008586
145.371621,-25.533852,-4.290975,frame_008587
145.367619,-25.455203,-4.290871,frame_008588
145.363132,-25.375611,-4.290824,frame_008589
145.358217,-25.295151,-4.290929,frame_008590
145.352930,-25.213899,-4.291282,frame_008591
145.348076,-25.131930,-4.291780,frame_008592
145.343555,-25.049319,-4.292499,frame_008593
145.339276,-24.966142,-4.293513,frame_008594
145.334407,-24.883461,-4.294853,frame_008595
145.329025,-24.801146,-4.296585,frame_008596
145.323204,-24.719074,-4.298772,frame_008597
145.317768,-24.636147,-4.301405,frame_008598
145.312637,-24.552466,-4.304522,frame_008599
145.307739,-24.468130,-4.308156,frame_008600
145.302259,-24.384228,-4.312287,frame_008601
145.296295,-24.300653,-4.316936,frame_008602
145.289941,-24.217309,-4.322125,frame_008603
145.282383,-24.133123,-4.327861,frame_008604
145.273551,-24.048220,-4.334159,frame_008605
145.263363,-23.962726,-4.341034,frame_008606
145.253388,-23.877752,-4.348513,frame_008607
145.243547,-23.793220,-4.356598,frame_008608
145.233767,-23.709057,-4.365292,frame_008609
145.223236,-23.624215,-4.374570,frame_008610
145.212048,-23.538845,-4.384424,frame_008611
145.200298,-23.453098,-4.394841,frame_008612
145.188828,-23.366910,-4.405841,frame_008613
145.177578,-23.280005,-4.417401,frame_008614
145.166493,-23.192107,-4.429492,frame_008615
145.154781,-23.104138,-4.442026,frame_008616
145.142554,-23.016045,-4.454974,frame_008617
145.129928,-22.927780,-4.468303,frame_008618
145.117016,-22.838321,-4.481898,frame_008619
145.103933,-22.747842,-4.495720,frame_008620
145.090793,-22.656521,-4.509725,frame_008621
145.077710,-22.565520,-4.523884,frame_008622
145.064799,-22.474808,-4.538144,frame_008623
145.052172,-22.384366,-4.552445,frame_008624
145.040692,-22.294180,-4.566827,frame_008625
145.030316,-22.204247,-4.581251,frame_008626
145.021009,-22.114570,-4.595676,frame_008627
145.011090,-22.022976,-4.610157,frame_008628
145.000522,-21.929470,-4.624656,frame_008629
144.989266,-21.834047,-4.639131,frame_008630
144.978182,-21.738880,-4.653639,frame_008631
144.967382,-21.643966,-4.668161,frame_008632
144.956983,-21.549308,-4.682674,frame_008633
144.946189,-21.454920,-4.697179,frame_008634
144.934947,-21.360822,-4.711660,frame_008635
144.923198,-21.267043,-4.726099,frame_008636
144.911781,-21.172421,-4.740524,frame_008637
144.900793,-21.076781,-4.754915,frame_008638
144.890328,-20.979946,-4.769248,frame_008639
144.881227,-20.881953,-4.783576,frame_008640
144.873431,-20.783055,-4.797893,frame_008641
144.866884,-20.683503,-4.812192,frame_008642
144.859887,-20.584534,-4.826466,frame_008643
144.852385,-20.486195,-4.840728,frame_008644
144.844318,-20.388541,-4.854991,frame_008645
144.836527,-20.290433,-4.869331,frame_008646
144.829106,-20.191722,-4.883751,frame_008647
144.822152,-20.092257,-4.898253,frame_008648
144.814852,-19.993085,-4.912781,frame_008649
144.807132,-19.894279,-4.927338,frame_008650
144.798914,-19.795919,-4.941926,frame_008651
144.791765,-19.696891,-4.956637,frame_008652
144.785606,-19.597072,-4.971458,frame_008653
144.780365,-19.496334,-4.986376,frame_008654
144.775228,-19.394766,-5.001362,frame_008655
144.770292,-19.292669,-5.016413,frame_008656
144.765650,-19.190347,-5.031522,frame_008657
144.761236,-19.087886,-5.046728,frame_008658
144.756823,-18.985160,-5.062009,frame_008659
144.752181,-18.882045,-5.077344,frame_008660
144.747244,-18.779614,-5.092714,frame_008661
144.742107,-18.677964,-5.108100,frame_008662
144.736866,-18.577199,-5.123483,frame_008663
144.731453,-18.476233,-5.138847,frame_008664
144.725641,-18.374966,-5.154156,frame_008665
144.719201,-18.273295,-5.169378,frame_008666
144.712812,-18.171122,-5.184540,frame_008667
144.706414,-18.068345,-5.199614,frame_008668
144.699953,-17.964863,-5.214573,frame_008669
144.692636,-17.860790,-5.229495,frame_008670
144.684577,-17.756454,-5.244352,frame_008671
144.675890,-17.652180,-5.259116,frame_008672
144.667435,-17.548082,-5.273712,frame_008673
144.659171,-17.444060,-5.288119,frame_008674
144.651063,-17.340012,-5.302315,frame_008675
144.642175,-17.235839,-5.316347,frame_008676
144.632316,-17.131439,-5.330193,frame_008677
144.621296,-17.026713,-5.343832,frame_008678
144.609833,-16.922758,-5.357212,frame_008679
144.597905,-16.819698,-5.370313,frame_008680
144.585494,-16.717661,-5.383112,frame_008681
144.572593,-16.615587,-5.395577,frame_008682
144.559198,-16.513399,-5.407703,frame_008683
144.545312,-16.411023,-5.419487,frame_008684
144.530944,-16.308382,-5.430910,frame_008685
144.516111,-16.205403,-5.441979,frame_008686
144.500834,-16.102008,-5.452705,frame_008687
144.485142,-15.998122,-5.463028,frame_008688
144.469070,-15.893670,-5.472964,frame_008689
144.452660,-15.788577,-5.482526,frame_008690
144.435051,-15.683967,-5.491733,frame_008691
144.416128,-15.579987,-5.500603,frame_008692
144.395779,-15.476792,-5.509160,frame_008693
144.375541,-15.372359,-5.517526,frame_008694
144.355314,-15.266843,-5.525730,frame_008695
144.335010,-15.160392,-5.533801,frame_008696
144.313805,-15.055115,-5.541786,frame_008697
144.291792,-14.950733,-5.549692,frame_008698
144.269069,-14.846971,-5.557524,frame_008699
144.246487,-14.741595,-5.565369,frame_008700
144.224002,-14.634759,-5.573235,frame_008701
144.201581,-14.526610,-5.581132,frame_008702
144.177552,-14.418272,-5.589012,frame_008703
144.151896,-14.309670,-5.596865,frame_008704
144.124593,-14.200728,-5.604685,frame_008705
144.097280,-14.092571,-5.612516,frame_008706
144.069948,-13.985346,-5.620358,frame_008707
144.042606,-13.879207,-5.628212,frame_008708
144.014363,-13.772133,-5.636081,frame_008709
143.985083,-13.664278,-5.643941,frame_008710
143.954637,-13.555790,-5.651776,frame_008711
143.923809,-13.447791,-5.659559,frame_008712
143.892648,-13.340208,-5.667279,frame_008713
143.861220,-13.232965,-5.674928,frame_008714
143.827945,-13.125985,-5.682411,frame_008715
143.792901,-13.019195,-5.689721,frame_008716
143.756163,-12.912517,-5.696855,frame_008717
143.718553,-12.805877,-5.703841,frame_008718
143.679993,-12.699200,-5.710666,frame_008719
143.640408,-12.592410,-5.717315,frame_008720
143.600641,-12.485644,-5.723659,frame_008721
143.560800,-12.379256,-5.729683,frame_008722
143.521003,-12.273597,-5.735377,frame_008723
143.480478,-12.168807,-5.740745,frame_008724
143.439202,-12.064808,-5.745787,frame_008725
143.397159,-11.961527,-5.750505,frame_008726
143.354340,-11.858887,-5.754840,frame_008727
143.310741,-11.756814,-5.758788,frame_008728
143.266365,-11.655230,-5.762348,frame_008729
143.221223,-11.554062,-5.765501,frame_008730
143.175329,-11.453234,-5.768249,frame_008731
143.128707,-11.352669,-5.770598,frame_008732
143.081384,-11.251307,-5.772604,frame_008733
143.033396,-11.149278,-5.774280,frame_008734
142.984784,-11.046703,-5.775638,frame_008735
142.935595,-10.944681,-5.776761,frame_008736
142.885883,-10.843112,-5.777664,frame_008737
142.835709,-10.741896,-5.778362,frame_008738
142.785139,-10.640930,-5.778881,frame_008739
142.734246,-10.540116,-5.779256,frame_008740
142.683110,-10.439352,-5.779524,frame_008741
142.632562,-10.338538,-5.779734,frame_008742
142.582538,-10.237573,-5.779927,frame_008743
142.532988,-10.136356,-5.780148,frame_008744
142.482220,-10.035001,-5.780417,frame_008745
142.430196,-9.933835,-5.780770,frame_008746
142.376878,-9.833184,-5.781245,frame_008747
142.323136,-9.731962,-5.781765,frame_008748
142.269099,-9.629847,-5.782358,frame_008749
142.214905,-9.526506,-5.783050,frame_008750
142.159787,-9.423015,-5.783843,frame_008751
142.103728,-9.319674,-5.784750,frame_008752
142.046707,-9.216786,-5.785784,frame_008753
141.990360,-9.114439,-5.786865,frame_008754
141.934681,-9.012508,-5.788011,frame_008755
141.879675,-8.910865,-5.789241,frame_008756
141.823708,-8.809386,-5.790577,frame_008757
141.766799,-8.707945,-5.792030,frame_008758
141.708967,-8.606415,-5.793607,frame_008759
141.650978,-8.504886,-5.795214,frame_008760
141.592694,-8.403658,-5.796846,frame_008761
141.533985,-8.303035,-5.798500,frame_008762
141.473983,-8.203103,-5.800199,frame_008763
141.412724,-8.103737,-5.801936,frame_008764
141.350248,-8.004811,-5.803703,frame_008765
141.288245,-7.905214,-5.805534,frame_008766
141.226767,-7.805025,-5.807429,frame_008767
141.165877,-7.704315,-5.809386,frame_008768
141.103998,-7.604133,-5.811339,frame_008769
141.041205,-7.504328,-5.813275,frame_008770
140.977574,-7.404751,-5.815178,frame_008771
140.913929,-7.305462,-5.817106,frame_008772
140.850189,-7.206739,-5.819049,frame_008773
140.786281,-7.108859,-5.820998,frame_008774
140.721394,-7.011885,-5.822964,frame_008775
140.655621,-6.915665,-5.824941,frame_008776
140.589059,-6.820049,-5.826925,frame_008777
140.522549,-6.723900,-5.828919,frame_008778
140.456029,-6.627272,-5.830919,frame_008779
140.389446,-6.530211,-5.832923,frame_008780
140.322754,-6.433742,-5.834903,frame_008781
140.255909,-6.337687,-5.836868,frame_008782
140.188878,-6.241872,-5.838829,frame_008783
140.122751,-6.147319,-5.840718,frame_008784
140.057273,-6.054076,-5.842555,frame_008785
139.990525,-5.960716,-5.844446,frame_008786
139.922634,-5.866412,-5.846351,frame_008787
139.853728,-5.771308,-5.848263,frame_008788
139.783935,-5.675536,-5.850174,frame_008789
139.713200,-5.579709,-5.852100,frame_008790
139.641695,-5.483831,-5.854047,frame_008791
139.569590,-5.387897,-5.856017,frame_008792
139.496895,-5.292882,-5.857980,frame_008793
139.423458,-5.198558,-5.859946,frame_008794
139.349126,-5.104700,-5.861927,frame_008795
139.275402,-5.011295,-5.863901,frame_008796
139.202145,-4.918543,-5.865877,frame_008797
139.129229,-4.826647,-5.867860,frame_008798
139.055793,-4.734608,-5.869896,frame_008799
138.981891,-4.642404,-5.871991,frame_008800
138.907585,-4.550007,-5.874149,frame_008801
138.832939,-4.458578,-5.876317,frame_008802
138.758028,-4.368293,-5.878497,frame_008803
138.682930,-4.279329,-5.880692,frame_008804
138.606824,-4.190663,-5.882996,frame_008805
138.529633,-4.102246,-5.885416,frame_008806
138.451281,-4.014027,-5.887959,frame_008807
138.373719,-3.926926,-5.890533,frame_008808
138.296806,-3.840668,-5.893152,frame_008809
138.219297,-3.753497,-5.895910,frame_008810
138.140408,-3.666645,-5.898825,frame_008811
138.060101,-3.580351,-5.901896,frame_008812
137.978339,-3.494854,-5.905122,frame_008813
137.897110,-3.410665,-5.908388,frame_008814
137.816310,-3.327482,-5.911708,frame_008815
137.734734,-3.242785,-5.915162,frame_008816
137.651635,-3.157934,-5.918748,frame_008817
137.567014,-3.073292,-5.922464,frame_008818
137.480871,-2.989214,-5.926306,frame_008819
137.395232,-2.907059,-5.930219,frame_008820
137.310032,-2.826477,-5.934209,frame_008821
137.223544,-2.745636,-5.938349,frame_008822
137.135177,-2.665692,-5.942609,frame_008823
137.045079,-2.586810,-5.946974,frame_008824
136.953397,-2.509152,-5.951432,frame_008825
136.863975,-2.431675,-5.955902,frame_008826
136.776536,-2.354310,-5.960381,frame_008827
136.689332,-2.277468,-5.964934,frame_008828
136.601539,-2.202153,-5.969544,frame_008829
136.513083,-2.128380,-5.974192,frame_008830
136.422594,-2.054934,-5.978881,frame_008831
136.330282,-1.980889,-5.983640,frame_008832
136.236354,-1.906286,-5.988456,frame_008833
136.141012,-1.831146,-5.993315,frame_008834
136.044399,-1.756706,-5.998247,frame_008835
135.946182,-1.682692,-6.003259,frame_008836
135.848069,-1.610624,-6.008256,frame_008837
135.751592,-1.540053,-6.013205,frame_008838
135.656493,-1.471129,-6.018101,frame_008839
135.560298,-1.404498,-6.022993,frame_008840
135.463489,-1.339606,-6.027887,frame_008841
135.366365,-1.276395,-6.032766,frame_008842
135.269983,-1.213821,-6.037608,frame_008843
135.173591,-1.150830,-6.042440,frame_008844
135.077194,-1.087339,-6.047258,frame_008845
134.980800,-1.023246,-6.052055,frame_008846
134.883519,-0.959635,-6.056837,frame_008847
134.785203,-0.896593,-6.061600,frame_008848
134.684961,-0.835186,-6.066350,frame_008849
134.583711,-0.775280,-6.071060,frame_008850
134.481624,-0.716741,-6.075723,frame_008851
134.379617,-0.658449,-6.080338,frame_008852
134.277705,-0.600474,-6.084928,frame_008853
134.175912,-0.542880,-6.089488,frame_008854
134.074265,-0.485721,-6.094034,frame_008855
133.972799,-0.429044,-6.098527,frame_008856
133.871556,-0.372885,-6.102953,frame_008857
133.769837,-0.317029,-6.107304,frame_008858
133.666491,-0.260347,-6.111650,frame_008859
133.561473,-0.202678,-6.115993,frame_008860
133.456094,-0.145644,-6.120241,frame_008861
133.352781,-0.091599,-6.124335,frame_008862
133.251260,-0.040209,-6.128272,frame_008863
133.149034,0.011066,-6.132098,frame_008864
133.044971,0.063870,-6.135912,frame_008865
132.939046,0.118390,-6.139723,frame_008866
132.832589,0.172131,-6.143462,frame_008867
132.728046,0.224075,-6.147063,frame_008868
132.625161,0.274100,-6.150535,frame_008869
132.522204,0.322571,-6.153938,frame_008870
132.417904,0.371949,-6.157334,frame_008871
132.312109,0.422494,-6.160734,frame_008872
132.206703,0.472684,-6.164062,frame_008873
132.101906,0.522477,-6.167317,frame_008874
131.997945,0.571840,-6.170498,frame_008875
131.895061,0.620739,-6.173616,frame_008876
131.790101,0.669148,-6.176749,frame_008877
131.682698,0.717044,-6.179913,frame_008878
131.574287,0.765994,-6.183067,frame_008879
131.464810,0.815889,-6.186206,frame_008880
131.354210,0.866637,-6.189328,frame_008881
131.244018,0.915676,-6.192393,frame_008882
131.134473,0.962875,-6.195398,frame_008883
131.025821,1.008102,-6.198335,frame_008884
130.918323,1.051220,-6.201226,frame_008885
130.810660,1.093593,-6.204108,frame_008886
130.702819,1.135359,-6.206977,frame_008887
130.594788,1.176665,-6.209781,frame_008888
130.484738,1.217065,-6.212557,frame_008889
130.372321,1.256612,-6.215323,frame_008890
130.259899,1.296950,-6.218024,frame_008891
130.147600,1.338044,-6.220666,frame_008892
130.035563,1.379877,-6.223253,frame_008893
129.923767,1.420264,-6.225819,frame_008894
129.812038,1.459204,-6.228367,frame_008895
129.700209,1.496698,-6.230902,frame_008896
129.587371,1.533732,-6.233416,frame_008897
129.473524,1.570100,-6.235918,frame_008898
129.358669,1.605605,-6.238412,frame_008899
129.243713,1.640272,-6.240895,frame_008900
129.128824,1.674349,-6.243371,frame_008901
129.014177,1.708091,-6.245845,frame_008902
128.899044,1.741549,-6.248311,frame_008903
128.783446,1.774568,-6.250773,frame_008904
128.667400,1.807001,-6.253233,frame_008905
128.550739,1.838709,-6.255691,frame_008906
128.433522,1.869563,-6.258143,frame_008907
128.315804,1.899440,-6.260585,frame_008908
128.198548,1.927928,-6.263009,frame_008909
128.083654,1.953388,-6.265357,frame_008910
127.970998,1.975973,-6.267637,frame_008911
127.858984,1.998296,-6.269907,frame_008912
127.745112,2.022686,-6.272219,frame_008913
127.629111,2.049284,-6.274578,frame_008914
127.513418,2.073595,-6.276916,frame_008915
127.398240,2.095739,-6.279231,frame_008916
127.283789,2.115835,-6.281523,frame_008917
127.171030,2.134985,-6.283827,frame_008918
127.057309,2.153998,-6.286206,frame_008919
126.942204,2.172955,-6.288668,frame_008920
126.826357,2.192338,-6.291148,frame_008921
126.709825,2.211936,-6.293645,frame_008922
126.592666,2.231557,-6.296157,frame_008923
126.474935,2.250038,-6.298710,frame_008924
126.356690,2.267426,-6.301301,frame_008925
126.237989,2.283774,-6.303926,frame_008926
126.119634,2.299147,-6.306592,frame_008927
126.001527,2.313615,-6.309288,frame_008928
125.883577,2.327258,-6.312010,frame_008929
125.764950,2.338964,-6.314690,frame_008930
125.645725,2.348607,-6.317322,frame_008931
125.525976,2.356062,-6.319899,frame_008932
125.405034,2.362402,-6.322456,frame_008933
125.283130,2.367724,-6.324981,frame_008934
125.160489,2.372133,-6.327464,frame_008935
125.037332,2.375742,-6.329864,frame_008936
124.917225,2.378673,-6.332145,frame_008937
124.799678,2.381055,-6.334296,frame_008938
124.681607,2.384013,-6.336398,frame_008939
124.563108,2.387489,-6.338446,frame_008940
124.444276,2.391440,-6.340437,frame_008941
124.325952,2.393656,-6.342333,frame_008942
124.208076,2.394110,-6.344138,frame_008943
124.090594,2.392779,-6.345857,frame_008944
123.971805,2.390836,-6.347475,frame_008945
123.851654,2.388479,-6.348994,frame_008946
123.730082,2.385913,-6.350416,frame_008947
123.607929,2.383139,-6.351729,frame_008948
123.485291,2.379950,-6.352941,frame_008949
123.362263,2.376150,-6.354065,frame_008950
123.239686,2.371763,-6.355146,frame_008951
123.117500,2.367038,-6.356187,frame_008952
122.995650,2.362230,-6.357192,frame_008953
122.873344,2.357389,-6.358146,frame_008954
122.750696,2.352361,-6.359059,frame_008955
122.627818,2.346998,-6.359938,frame_008956
122.505054,2.340175,-6.360779,frame_008957
122.382559,2.331970,-6.361585,frame_008958
122.260490,2.322456,-6.362358,frame_008959
122.139754,2.312695,-6.363103,frame_008960
122.018313,2.304358,-6.363887,frame_008961
121.895802,2.297657,-6.364726,frame_008962
121.772920,2.289823,-6.365580,frame_008963
121.649781,2.280555,-6.366451,frame_008964
121.526500,2.269551,-6.367344,frame_008965
121.403190,2.258910,-6.368264,frame_008966
121.279966,2.248774,-6.369223,frame_008967
121.156941,2.239301,-6.370232,frame_008968
121.034069,2.228483,-6.371270,frame_008969
120.911140,2.216495,-6.372337,frame_008970
120.787944,2.203514,-6.373437,frame_008971
120.664434,2.189501,-6.374581,frame_008972
120.540725,2.174205,-6.375774,frame_008973
120.416930,2.157374,-6.377020,frame_008974
120.293909,2.139958,-6.378301,frame_008975
120.171622,2.121926,-6.379618,frame_008976
120.050033,2.103257,-6.380971,frame_008977
119.927461,2.083940,-6.382348,frame_008978
119.803869,2.063969,-6.383742,frame_008979
119.679218,2.043349,-6.385147,frame_008980
119.554366,2.022093,-6.386573,frame_008981
119.429430,2.000222,-6.388022,frame_008982
119.304521,1.977764,-6.389498,frame_008983
119.181410,1.954758,-6.390961,frame_008984
119.060221,1.931249,-6.392408,frame_008985
118.941095,1.907293,-6.393838,frame_008986
118.823439,1.882952,-6.395266,frame_008987
118.703487,1.858298,-6.396711,frame_008988
118.580810,1.833409,-6.398170,frame_008989
118.458133,1.807174,-6.399574,frame_008990
118.335571,1.779468,-6.400921,frame_008991
118.213236,1.750165,-6.402209,frame_008992
118.091083,1.720338,-6.403490,frame_008993
117.968901,1.690085,-6.404767,frame_008994
117.846481,1.659509,-6.406042,frame_008995
117.723775,1.629711,-6.407319,frame_008996
117.600899,1.600606,-6.408601,frame_008997
117.477965,1.572128,-6.409890,frame_008998
117.355088,1.542040,-6.411213,frame_008999
117.232383,1.510291,-6.412579,frame_009000
117.109963,1.476832,-6.413998,frame_009001
116.987781,1.442812,-6.415623,frame_009002
116.865627,1.408403,-6.417417,frame_009003
116.743293,1.373785,-6.419345,frame_009004
116.620730,1.338933,-6.421296,frame_009005
116.498054,1.303616,-6.423260,frame_009006
116.375377,1.267613,-6.425228,frame_009007
116.252814,1.230923,-6.427219,frame_009008
116.130480,1.193768,-6.429214,frame_009009
116.008488,1.156380,-6.431198,frame_009010
115.886792,1.118783,-6.433137,frame_009011
115.765181,1.080796,-6.435021,frame_009012
115.643446,1.042249,-6.436839,frame_009013
115.521540,1.001991,-6.438605,frame_009014
115.399577,0.960073,-6.440303,frame_009015
115.277671,0.916545,-6.441913,frame_009016
115.155936,0.872443,-6.443396,frame_009017
115.034487,0.827613,-6.444750,frame_009018
114.913437,0.781907,-6.445972,frame_009019
114.791994,0.735401,-6.447050,frame_009020
114.670103,0.688393,-6.447980,frame_009021
114.547703,0.641189,-6.448761,frame_009022
114.426383,0.593889,-6.449391,frame_009023
114.306081,0.546389,-6.449867,frame_009024
114.186744,0.498592,-6.450190,frame_009025
114.065925,0.450410,-6.450331,frame_009026
113.943725,0.401763,-6.450298,frame_009027
113.820232,0.352581,-6.450096,frame_009028
113.697178,0.302800,-6.449720,frame_009029
113.574637,0.252366,-6.449176,frame_009030
113.452686,0.201232,-6.448467,frame_009031
113.332147,0.148375,-6.447621,frame_009032
113.212941,0.093972,-6.446647,frame_009033
113.094995,0.038197,-6.445555,frame_009034
112.976588,-0.017787,-6.444366,frame_009035
112.857647,-0.074008,-6.443092,frame_009036
112.738094,-0.130489,-6.441745,frame_009037
112.618751,-0.187242,-6.440283,frame_009038
112.499692,-0.244270,-6.438723,frame_009039
112.380996,-0.301570,-6.437081,frame_009040
112.262737,-0.359129,-6.435418,frame_009041
112.144991,-0.416926,-6.433760,frame_009042
112.027836,-0.474932,-6.432131,frame_009043
111.910439,-0.533109,-6.430538,frame_009044
111.792709,-0.591411,-6.429008,frame_009045
111.674546,-0.649784,-6.427565,frame_009046
111.556755,-0.708378,-6.426272,frame_009047
111.439391,-0.767549,-6.425148,frame_009048
111.322513,-0.827647,-6.424213,frame_009049
111.205432,-0.888795,-6.423506,frame_009050
111.088359,-0.950899,-6.423047,frame_009051
110.971501,-1.013854,-6.422857,frame_009052
110.854897,-1.077545,-6.422715,frame_009053
110.738415,-1.141851,-6.422603,frame_009054
110.621921,-1.206644,-6.422505,frame_009055
110.506178,-1.271997,-6.422539,frame_009056
110.391205,-1.338192,-6.422705,frame_009057
110.277023,-1.405501,-6.422999,frame_009058
110.163649,-1.473975,-6.423388,frame_009059
110.051103,-1.543442,-6.423860,frame_009060
109.939404,-1.613722,-6.424403,frame_009061
109.826917,-1.684839,-6.425017,frame_009062
109.713649,-1.757024,-6.425697,frame_009063
109.599592,-1.830500,-6.426434,frame_009064
109.485637,-1.904280,-6.427223,frame_009065
109.371919,-1.978348,-6.428040,frame_009066
109.258568,-2.052670,-6.428858,frame_009067
109.146454,-2.129382,-6.429743,frame_009068
109.035539,-2.208433,-6.430672,frame_009069
108.925785,-2.289774,-6.431621,frame_009070
108.816408,-2.371167,-6.432588,frame_009071
108.707525,-2.452546,-6.433546,frame_009072
108.599247,-2.533827,-6.434471,frame_009073
108.490771,-2.616109,-6.435348,frame_009074
108.382028,-2.699497,-6.436152,frame_009075
108.272934,-2.784087,-6.436858,frame_009076
108.165211,-2.869968,-6.437492,frame_009077
108.059086,-2.957219,-6.438034,frame_009078
107.954788,-3.045912,-6.438463,frame_009079
107.851637,-3.135122,-6.438735,frame_009080
107.749695,-3.225111,-6.438836,frame_009081
107.649014,-3.316121,-6.438756,frame_009082
107.547988,-3.408165,-6.438466,frame_009083
107.446647,-3.501025,-6.437961,frame_009084
107.344999,-3.594466,-6.437235,frame_009085
107.244690,-3.688451,-6.436256,frame_009086
107.145702,-3.783138,-6.435026,frame_009087
107.048014,-3.878670,-6.433548,frame_009088
106.951597,-3.976159,-6.431867,frame_009089
106.856416,-4.075509,-6.429994,frame_009090
106.762431,-4.176615,-6.427941,frame_009091
106.668847,-4.279364,-6.425648,frame_009092
106.575767,-4.383633,-6.423145,frame_009093
106.483278,-4.489294,-6.420459,frame_009094
106.392203,-4.595221,-6.417621,frame_009095
106.302450,-4.701474,-6.414662,frame_009096
106.213921,-4.808094,-6.411616,frame_009097
106.126510,-4.917292,-6.408489,frame_009098
106.040108,-5.029094,-6.405303,frame_009099
105.954596,-5.143525,-6.402078,frame_009100
105.870013,-5.258424,-6.398834,frame_009101
105.786553,-5.373799,-6.395588,frame_009102
105.704401,-5.489642,-6.392358,frame_009103
105.623578,-5.606913,-6.389181,frame_009104
105.543934,-5.725366,-6.386079,frame_009105
105.465314,-5.844745,-6.383074,frame_009106
105.386810,-5.964999,-6.380147,frame_009107
105.308409,-6.086284,-6.377321,frame_009108
105.230087,-6.208746,-6.374616,frame_009109
105.152550,-6.331324,-6.372096,frame_009110
105.075593,-6.453925,-6.369768,frame_009111
104.999004,-6.576441,-6.367641,frame_009112
104.923471,-6.700931,-6.365788,frame_009113
104.848937,-6.827271,-6.364206,frame_009114
104.775344,-6.955333,-6.362897,frame_009115
104.701891,-7.084007,-6.361906,frame_009116
104.628675,-7.213372,-6.361203,frame_009117
104.555788,-7.343499,-6.360760,frame_009118
104.483155,-7.473251,-6.360527,frame_009119
104.410530,-7.602460,-6.360467,frame_009120
104.337664,-7.730943,-6.360543,frame_009121
104.265206,-7.860683,-6.360735,frame_009122
104.193063,-7.991480,-6.360999,frame_009123
104.121139,-8.123132,-6.361289,frame_009124
104.049338,-8.254453,-6.361553,frame_009125
103.977566,-8.385445,-6.361748,frame_009126
103.905727,-8.516105,-6.361831,frame_009127
103.832981,-8.646421,-6.361749,frame_009128
103.759387,-8.776371,-6.361455,frame_009129
103.684999,-8.905926,-6.360904,frame_009130
103.610611,-9.037234,-6.360078,frame_009131
103.536110,-9.170267,-6.358940,frame_009132
103.461379,-9.305002,-6.357457,frame_009133
103.387214,-9.439242,-6.355672,frame_009134
103.313669,-9.572965,-6.353546,frame_009135
103.240802,-9.706143,-6.351044,frame_009136
103.167774,-9.839937,-6.348117,frame_009137
103.094489,-9.974523,-6.344749,frame_009138
103.020852,-10.110078,-6.340924,frame_009139
102.947513,-10.245577,-6.336646,frame_009140
102.874223,-10.380975,-6.331897,frame_009141
102.800737,-10.516217,-6.326664,frame_009142
102.726232,-10.652226,-6.321029,frame_009143
102.650957,-10.788726,-6.314995,frame_009144
102.575159,-10.925439,-6.308568,frame_009145
102.498923,-11.062304,-6.301750,frame_009146
102.422173,-11.199470,-6.294557,frame_009147
102.344833,-11.337090,-6.287007,frame_009148
102.267573,-11.474113,-6.279101,frame_009149
102.190161,-11.610468,-6.270858,frame_009150
102.112373,-11.746076,-6.262301,frame_009151
102.034151,-11.882050,-6.253388,frame_009152
101.955605,-12.018513,-6.244157,frame_009153
101.876855,-12.155593,-6.234644,frame_009154
101.797114,-12.293202,-6.224959,frame_009155
101.716346,-12.431037,-6.215129,frame_009156
101.634513,-12.568796,-6.205181,frame_009157
101.552483,-12.706392,-6.195133,frame_009158
101.470388,-12.843950,-6.185029,frame_009159
101.388362,-12.981596,-6.174915,frame_009160
101.305642,-13.119456,-6.164793,frame_009161
101.222209,-13.257655,-6.154700,frame_009162
101.138043,-13.396320,-6.144671,frame_009163
101.053125,-13.534376,-6.134778,frame_009164
100.967436,-13.671727,-6.125031,frame_009165
100.880958,-13.808268,-6.115441,frame_009166
100.794579,-13.945086,-6.105891,frame_009167
100.708447,-14.082281,-6.096379,frame_009168
100.622719,-14.219954,-6.086900,frame_009169
100.536649,-14.358205,-6.077386,frame_009170
100.450236,-14.497136,-6.067843,frame_009171
100.363480,-14.636847,-6.058274,frame_009172
100.276382,-14.776238,-6.048556,frame_009173
100.188942,-14.915188,-6.038704,frame_009174
100.101159,-15.053567,-6.028737,frame_009175
100.013779,-15.193422,-6.018680,frame_009176
99.926647,-15.334625,-6.008549,frame_009177
99.839614,-15.477052,-5.998358,frame_009178
99.752700,-15.619605,-5.988094,frame_009179
99.666090,-15.762385,-5.977772,frame_009180
99.579979,-15.905492,-5.967409,frame_009181
99.493659,-16.047826,-5.957031,frame_009182
99.407167,-16.189266,-5.946655,frame_009183
99.320542,-16.329683,-5.936298,frame_009184
99.233822,-16.470137,-5.925921,frame_009185
99.147045,-16.610705,-5.915525,frame_009186
99.060249,-16.751461,-5.905114,frame_009187
98.973472,-16.892481,-5.894749,frame_009188
98.886751,-17.033841,-5.884441,frame_009189
98.800127,-17.175616,-5.874197,frame_009190
98.713473,-17.318868,-5.864004,frame_009191
98.626506,-17.463466,-5.853865,frame_009192
98.538939,-17.609290,-5.843784,frame_009193
98.451557,-17.754039,-5.833745,frame_009194
98.364565,-17.897592,-5.823749,frame_009195
98.278177,-18.039820,-5.813800,frame_009196
98.192449,-18.182770,-5.803875,frame_009197
98.107283,-18.326312,-5.793988,frame_009198
98.022587,-18.470324,-5.784154,frame_009199
97.936622,-18.613707,-5.774421,frame_009200
97.849295,-18.756562,-5.764792,frame_009201
97.760509,-18.898990,-5.755272,frame_009202
97.671813,-19.042076,-5.745939,frame_009203
97.583107,-19.185717,-5.736805,frame_009204
97.494301,-19.329815,-5.727885,frame_009205
97.405308,-19.473084,-5.719104,frame_009206
97.316049,-19.615220,-5.710461,frame_009207
97.226452,-19.755923,-5.701953,frame_009208
97.136449,-19.895103,-5.693620,frame_009209
97.045980,-20.032888,-5.685464,frame_009210
96.954992,-20.169402,-5.677491,frame_009211
96.863437,-20.305758,-5.669628,frame_009212
96.771274,-20.441875,-5.661887,frame_009213
96.678467,-20.577683,-5.654276,frame_009214
96.584989,-20.713119,-5.646704,frame_009215
96.490816,-20.848128,-5.639152,frame_009216
96.395934,-20.982664,-5.631601,frame_009217
96.301078,-21.116690,-5.624023,frame_009218
96.206091,-21.250175,-5.616402,frame_009219
96.110825,-21.383099,-5.608720,frame_009220
96.014403,-21.516436,-5.600966,frame_009221
95.916858,-21.649976,-5.593138,frame_009222
95.818232,-21.783526,-5.585232,frame_009223
95.718573,-21.915924,-5.577325,frame_009224
95.617935,-22.047216,-5.569435,frame_009225
95.516377,-22.177457,-5.561580,frame_009226
95.413805,-22.305508,-5.553711,frame_009227
95.309969,-22.431221,-5.545855,frame_009228
95.204623,-22.554443,-5.538033,frame_009229
95.097691,-22.677209,-5.530227,frame_009230
94.989267,-22.799387,-5.522474,frame_009231
94.879447,-22.920857,-5.514807,frame_009232
94.769084,-23.040534,-5.507243,frame_009233
94.658131,-23.158538,-5.499816,frame_009234
94.546559,-23.275001,-5.492558,frame_009235
94.433600,-23.390060,-5.485488,frame_009236
94.319406,-23.503862,-5.478634,frame_009237
94.204130,-23.616562,-5.472019,frame_009238
94.088681,-23.728324,-5.465672,frame_009239
93.973072,-23.839320,-5.459607,frame_009240
93.857328,-23.949729,-5.453836,frame_009241
93.739833,-24.059527,-5.448323,frame_009242
93.620625,-24.168484,-5.443087,frame_009243
93.499742,-24.276376,-5.438141,frame_009244
93.378877,-24.383204,-5.433588,frame_009245
93.258079,-24.489190,-5.429423,frame_009246
93.137413,-24.594565,-5.425638,frame_009247
93.015300,-24.698368,-5.422253,frame_009248
92.891818,-24.800623,-5.419273,frame_009249
92.767041,-24.901357,-5.416700,frame_009250
92.641954,-25.002780,-5.414512,frame_009251
92.516801,-25.104934,-5.412697,frame_009252
92.391832,-25.207879,-5.411242,frame_009253
92.267144,-25.309502,-5.410131,frame_009254
92.142674,-25.409880,-5.409342,frame_009255
92.018371,-25.509089,-5.408854,frame_009256
91.894185,-25.608189,-5.408624,frame_009257
91.770076,-25.707051,-5.408632,frame_009258
91.646009,-25.805554,-5.408853,frame_009259
91.521209,-25.903797,-5.409262,frame_009260
91.395810,-26.002104,-5.409831,frame_009261
91.269945,-26.100806,-5.410530,frame_009262
91.144492,-26.200029,-5.411419,frame_009263
91.019430,-26.299692,-5.412473,frame_009264
90.894744,-26.399726,-5.413662,frame_009265
90.770422,-26.499080,-5.414900,frame_009266
90.646463,-26.597906,-5.416161,frame_009267
90.522869,-26.696355,-5.417416,frame_009268
90.397996,-26.795564,-5.418708,frame_009269
90.271848,-26.895477,-5.420000,frame_009270
90.144421,-26.996050,-5.421251,frame_009271
90.017359,-27.096044,-5.422438,frame_009272
89.890659,-27.195208,-5.423536,frame_009273
89.764325,-27.293290,-5.424520,frame_009274
89.637620,-27.391239,-5.425413,frame_009275
89.510715,-27.489026,-5.426189,frame_009276
89.383781,-27.586628,-5.426822,frame_009277
89.256082,-27.684035,-5.427341,frame_009278
89.127621,-27.781241,-5.427734,frame_009279
88.998396,-27.878251,-5.427985,frame_009280
88.870049,-27.973877,-5.428176,frame_009281
88.742579,-28.067918,-5.428301,frame_009282
88.615988,-28.160174,-5.428357,frame_009283
88.488631,-28.251642,-5.428346,frame_009284
88.360513,-28.342343,-5.428272,frame_009285
88.231630,-28.432308,-5.428142,frame_009286
88.102880,-28.521573,-5.427961,frame_009287
87.974415,-28.610185,-5.427736,frame_009288
87.846388,-28.698198,-5.427473,frame_009289
87.718790,-28.785676,-5.427186,frame_009290
87.591448,-28.872689,-5.426873,frame_009291
87.464192,-28.959317,-5.426532,frame_009292
87.337012,-29.044448,-5.426209,frame_009293
87.210060,-29.127957,-5.425915,frame_009294
87.083489,-29.209717,-5.425662,frame_009295
86.956543,-29.291789,-5.425359,frame_009296
86.829206,-29.374065,-5.425003,frame_009297
86.701456,-29.456450,-5.424592,frame_009298
86.574173,-29.537885,-5.424149,frame_009299
86.447488,-29.618516,-5.423679,frame_009300
86.321537,-29.698498,-5.423189,frame_009301
86.197197,-29.777781,-5.422664,frame_009302
86.074448,-29.856108,-5.422107,frame_009303
85.953271,-29.933233,-5.421521,frame_009304
85.832006,-30.009130,-5.420898,frame_009305
85.710635,-30.083997,-5.420240,frame_009306
85.589136,-30.158038,-5.419547,frame_009307
85.467482,-30.231255,-5.418842,frame_009308
85.345637,-30.303441,-5.418130,frame_009309
85.223559,-30.374399,-5.417417,frame_009310
85.102109,-30.445141,-5.416726,frame_009311
84.981402,-30.515709,-5.416059,frame_009312
84.861551,-30.586161,-5.415417,frame_009313
84.741762,-30.654386,-5.414754,frame_009314
84.621983,-30.720461,-5.414069,frame_009315
84.502152,-30.784460,-5.413364,frame_009316
84.382203,-30.849632,-5.412690,frame_009317
84.262064,-30.915863,-5.412054,frame_009318
84.141654,-30.983064,-5.411463,frame_009319
84.022541,-31.048988,-5.410867,frame_009320
83.904648,-31.113580,-5.410261,frame_009321
83.787900,-31.176792,-5.409637,frame_009322
83.670577,-31.238589,-5.409006,frame_009323
83.552607,-31.298940,-5.408374,frame_009324
83.433909,-31.357824,-5.407748,frame_009325
83.315307,-31.415229,-5.407123,frame_009326
83.196876,-31.471151,-5.406498,frame_009327
83.078693,-31.525594,-5.405876,frame_009328
82.960832,-31.579556,-5.405249,frame_009329
82.843372,-31.632853,-5.404625,frame_009330
82.726387,-31.685318,-5.404009,frame_009331
82.609047,-31.735813,-5.403360,frame_009332
82.491258,-31.784409,-5.402684,frame_009333
82.372924,-31.831187,-5.401990,frame_009334
82.254846,-31.877220,-5.401295,frame_009335
82.137082,-31.922399,-5.400612,frame_009336
82.019689,-31.966633,-5.399953,frame_009337
81.901979,-32.008859,-5.399301,frame_009338
81.784163,-32.049225,-5.398672,frame_009339
81.666448,-32.087885,-5.398082,frame_009340
81.548872,-32.125988,-5.397531,frame_009341
81.431304,-32.163503,-5.397022,frame_009342
81.313610,-32.200411,-5.396560,frame_009343
81.196553,-32.236713,-5.396140,frame_009344
81.080152,-32.272426,-5.395769,frame_009345
80.964427,-32.307582,-5.395455,frame_009346
80.849396,-32.340047,-5.395197,frame_009347
80.735079,-32.369870,-5.395005,frame_009348
80.621495,-32.397103,-5.394890,frame_009349
80.507916,-32.423980,-5.394898,frame_009350
80.394518,-32.450570,-5.395033,frame_009351
80.281468,-32.476957,-5.395300,frame_009352
80.168766,-32.502040,-5.395719,frame_009353
80.056244,-32.525715,-5.396291,frame_009354
79.943728,-32.547886,-5.397013,frame_009355
79.831944,-32.569665,-5.397865,frame_009356
79.720875,-32.591194,-5.398851,frame_009357
79.610499,-32.612632,-5.399969,frame_009358
79.500800,-32.631969,-5.401212,frame_009359
79.391757,-32.649383,-5.402580,frame_009360
79.283351,-32.665047,-5.404076,frame_009361
79.175564,-32.680126,-5.405677,frame_009362
79.068376,-32.694589,-5.407378,frame_009363
78.961769,-32.708416,-5.409175,frame_009364
78.854977,-32.722794,-5.411118,frame_009365
78.748137,-32.737941,-5.413197,frame_009366
78.641379,-32.754091,-5.415400,frame_009367
78.535572,-32.769097,-5.417671,frame_009368
78.430679,-32.782782,-5.420004,frame_009369
78.326661,-32.794970,-5.422390,frame_009370
78.221827,-32.806685,-5.424821,frame_009371
78.116125,-32.817974,-5.427284,frame_009372
78.009493,-32.828890,-5.429767,frame_009373
77.903508,-32.839497,-5.432261,frame_009374
77.798094,-32.849866,-5.434763,frame_009375
77.693175,-32.860076,-5.437270,frame_009376
77.587928,-32.870215,-5.439801,frame_009377
77.482434,-32.880381,-5.442342,frame_009378
77.376764,-32.890678,-5.444877,frame_009379
77.271732,-32.900018,-5.447405,frame_009380
77.167242,-32.908303,-5.449913,frame_009381
77.063199,-32.915429,-5.452393,frame_009382
76.958763,-32.922498,-5.454863,frame_009383
76.853992,-32.929631,-5.457319,frame_009384
76.748942,-32.936958,-5.459755,frame_009385
76.644406,-32.943416,-5.462158,frame_009386
76.540269,-32.948932,-5.464526,frame_009387
76.436418,-32.953428,-5.466859,frame_009388
76.332900,-32.958030,-5.469232,frame_009389
76.229924,-32.962885,-5.471640,frame_009390
76.127700,-32.968147,-5.474079,frame_009391
76.026276,-32.973766,-5.476496,frame_009392
75.925536,-32.979486,-5.478889,frame_009393
75.825367,-32.985061,-5.481255,frame_009394
75.724909,-32.989265,-5.483639,frame_009395
75.624203,-32.992072,-5.486039,frame_009396
75.523284,-32.993459,-5.488448,frame_009397
75.422180,-32.994599,-5.490851,frame_009398
75.320914,-32.995689,-5.493255,frame_009399
75.219501,-32.996935,-5.495668,frame_009400
75.119605,-32.997351,-5.498102,frame_009401
75.021242,-32.996937,-5.500553,frame_009402
74.924433,-32.995693,-5.503014,frame_009403
74.827554,-32.993619,-5.505452,frame_009404
74.730627,-32.990714,-5.507860,frame_009405
74.633667,-32.986980,-5.510232,frame_009406
74.537430,-32.983401,-5.512591,frame_009407
74.441765,-32.979773,-5.514935,frame_009408
74.346518,-32.975898,-5.517258,frame_009409
74.251537,-32.971802,-5.519541,frame_009410
74.156671,-32.967732,-5.521789,frame_009411
74.061766,-32.963944,-5.524004,frame_009412
73.965926,-32.959501,-5.526237,frame_009413
73.869152,-32.954455,-5.528482,frame_009414
73.771442,-32.948856,-5.530734,frame_009415
73.674440,-32.942753,-5.532937,frame_009416
73.578142,-32.936197,-5.535082,frame_009417
73.482553,-32.929239,-5.537159,frame_009418
73.386027,-32.921929,-5.539210,frame_009419
73.288568,-32.914317,-5.541231,frame_009420
73.190172,-32.906454,-5.543221,frame_009421
73.092485,-32.898389,-5.545165,frame_009422
72.995503,-32.890173,-5.547060,frame_009423
72.899228,-32.881857,-5.548901,frame_009424
72.802763,-32.874476,-5.550719,frame_009425
72.705956,-32.867876,-5.552515,frame_009426
72.608653,-32.861910,-5.554295,frame_009427
72.510866,-32.855454,-5.556018,frame_009428
72.412764,-32.848582,-5.557682,frame_009429
72.314520,-32.841371,-5.559284,frame_009430
72.216142,-32.833896,-5.560833,frame_009431
72.117479,-32.826232,-5.562327,frame_009432
72.018379,-32.818455,-5.563768,frame_009433
71.918850,-32.810640,-5.565147,frame_009434
71.819064,-32.802863,-5.566467,frame_009435
71.719193,-32.795199,-5.567731,frame_009436
71.619245,-32.788709,-5.568981,frame_009437
71.519069,-32.783265,-5.570222,frame_009438
71.418513,-32.778744,-5.571458,frame_009439
71.318331,-32.774046,-5.572632,frame_009440
71.218541,-32.769274,-5.573741,frame_009441
71.119163,-32.764526,-5.574783,frame_009442
71.019319,-32.758704,-5.575788,frame_009443
70.918875,-32.751687,-5.576761,frame_009444
70.817699,-32.743344,-5.577706,frame_009445
70.715819,-32.735722,-5.578623,frame_009446
70.613424,-32.728693,-5.579504,frame_009447
70.510707,-32.722134,-5.580343,frame_009448
70.408602,-32.714947,-5.581189,frame_009449
70.307145,-32.707231,-5.582040,frame_009450
70.206376,-32.699087,-5.582900,frame_009451
70.105437,-32.691603,-5.583772,frame_009452
70.004211,-32.684672,-5.584642,frame_009453
69.902587,-32.678200,-5.585496,frame_009454
69.800610,-32.671111,-5.586466,frame_009455
69.698490,-32.663532,-5.587516,frame_009456
69.596438,-32.655588,-5.588609,frame_009457
69.494499,-32.646205,-5.589826,frame_009458
69.392560,-32.635286,-5.591109,frame_009459
69.290507,-32.622728,-5.592400,frame_009460
69.188226,-32.610602,-5.593751,frame_009461
69.085602,-32.598804,-5.595103,frame_009462
68.982521,-32.587238,-5.596401,frame_009463
68.879778,-32.574828,-5.597575,frame_009464
68.777425,-32.561702,-5.598560,frame_009465
68.675523,-32.547985,-5.599296,frame_009466
68.573231,-32.534788,-5.599657,frame_009467
68.470453,-32.522033,-5.599607,frame_009468
68.367095,-32.509647,-5.599116,frame_009469
68.263970,-32.496582,-5.598011,frame_009470
68.161149,-32.482989,-5.596293,frame_009471
68.058713,-32.469018,-5.593964,frame_009472
67.955839,-32.454821,-5.590931,frame_009473
67.852452,-32.440549,-5.587221,frame_009474
67.748474,-32.426352,-5.582863,frame_009475
67.643830,-32.412167,-5.577813,frame_009476
67.538444,-32.397719,-5.572117,frame_009477
67.432240,-32.382730,-5.565821,frame_009478
67.326049,-32.367136,-5.558935,frame_009479
67.219964,-32.351090,-5.551513,frame_009480
67.114082,-32.334743,-5.543610,frame_009481
67.007600,-32.318244,-5.535270,frame_009482
66.900462,-32.301745,-5.526552,frame_009483
66.792611,-32.285397,-5.517511,frame_009484
66.684896,-32.270337,-5.508170,frame_009485
66.577430,-32.256511,-5.498598,frame_009486
66.470328,-32.243872,-5.488863,frame_009487
66.362809,-32.230197,-5.479038,frame_009488
66.254832,-32.215439,-5.469181,frame_009489
66.146361,-32.199544,-5.459351,frame_009490
66.037356,-32.183649,-5.449625,frame_009491
65.927781,-32.167905,-5.440060,frame_009492
65.817597,-32.152462,-5.430717,frame_009493
65.706766,-32.137473,-5.421652,frame_009494
65.595250,-32.123087,-5.412925,frame_009495
65.483011,-32.109456,-5.404593,frame_009496
65.370918,-32.096517,-5.396675,frame_009497
65.259102,-32.083993,-5.389224,frame_009498
65.147698,-32.071607,-5.382294,frame_009499
65.035943,-32.059297,-5.375939,frame_009500
64.923817,-32.047213,-5.370207,frame_009501
64.811300,-32.035507,-5.365149,frame_009502
64.698374,-32.023128,-5.360768,frame_009503
64.585021,-32.010007,-5.357103,frame_009504
64.471219,-31.996064,-5.354190,frame_009505
64.357860,-31.983395,-5.351912,frame_009506
64.245091,-31.971923,-5.350274,frame_009507
64.133068,-31.961575,-5.349277,frame_009508
64.021045,-31.951302,-5.348771,frame_009509
63.909022,-31.941256,-5.348728,frame_009510
63.796999,-31.931587,-5.349116,frame_009511
63.684976,-31.921246,-5.349805,frame_009512
63.572954,-31.910163,-5.350744,frame_009513
63.460931,-31.898257,-5.351881,frame_009514
63.348908,-31.887626,-5.353112,frame_009515
63.236885,-31.878191,-5.354371,frame_009516
63.124862,-31.869880,-5.355584,frame_009517
63.012839,-31.860446,-5.356755,frame_009518
62.900816,-31.849815,-5.357825,frame_009519
62.788793,-31.837909,-5.358734,frame_009520
62.676770,-31.825839,-5.359589,frame_009521
62.564747,-31.813732,-5.360349,frame_009522
62.452724,-31.801712,-5.360974,frame_009523
62.341448,-31.790893,-5.361541,frame_009524
62.230761,-31.781194,-5.362026,frame_009525
62.120516,-31.772544,-5.362405,frame_009526
62.009824,-31.762694,-5.362731,frame_009527
61.898704,-31.751572,-5.362996,frame_009528
61.787175,-31.739100,-5.363192,frame_009529
61.675255,-31.727375,-5.363360,frame_009530
61.562965,-31.716318,-5.363498,frame_009531
61.450322,-31.705856,-5.363603,frame_009532
61.337346,-31.694942,-5.363688,frame_009533
61.224056,-31.683726,-5.363752,frame_009534
61.110472,-31.672359,-5.363790,frame_009535
60.996611,-31.659792,-5.363834,frame_009536
60.882494,-31.645954,-5.363895,frame_009537
60.768138,-31.630765,-5.363982,frame_009538
60.653564,-31.615337,-5.364056,frame_009539
60.538790,-31.599796,-5.364124,frame_009540
60.423835,-31.584268,-5.364196,frame_009541
60.308718,-31.569864,-5.364293,frame_009542
60.193459,-31.556504,-5.364418,frame_009543
60.078076,-31.544119,-5.364570,frame_009544
59.962588,-31.531657,-5.364722,frame_009545
59.847015,-31.519272,-5.364881,frame_009546
59.731375,-31.507112,-5.365052,frame_009547
59.615687,-31.494130,-5.365296,frame_009548
59.499971,-31.480254,-5.365609,frame_009549
59.384246,-31.465405,-5.365991,frame_009550
59.269276,-31.451680,-5.366421,frame_009551
59.154925,-31.439000,-5.366895,frame_009552
59.041063,-31.427293,-5.367414,frame_009553
58.926820,-31.415511,-5.367937,frame_009554
58.812235,-31.403805,-5.368468,frame_009555
58.697346,-31.392325,-5.369007,frame_009556
58.582190,-31.380022,-5.369573,frame_009557
58.466805,-31.366825,-5.370160,frame_009558
58.351231,-31.352655,-5.370761,frame_009559
58.235504,-31.339609,-5.371370,frame_009560
58.119663,-31.327608,-5.371981,frame_009561
58.003746,-31.316581,-5.372587,frame_009562
57.888537,-31.305478,-5.373175,frame_009563
57.773918,-31.294451,-5.373745,frame_009564
57.659779,-31.283650,-5.374295,frame_009565
57.545269,-31.272026,-5.374850,frame_009566
57.430444,-31.259509,-5.375404,frame_009567
57.315363,-31.246018,-5.375951,frame_009568
57.200082,-31.232665,-5.376486,frame_009569
57.084659,-31.219577,-5.377012,frame_009570
56.969150,-31.206878,-5.377530,frame_009571
56.854358,-31.195681,-5.378030,frame_009572
56.740185,-31.185907,-5.378510,frame_009573
56.626540,-31.177483,-5.378972,frame_009574
56.511682,-31.168161,-5.379440,frame_009575
56.395520,-31.157870,-5.379908,frame_009576
56.277955,-31.146530,-5.380371,frame_009577
56.160537,-31.135252,-5.380834,frame_009578
56.043167,-31.124164,-5.381292,frame_009579
55.925754,-31.113390,-5.381742,frame_009580
55.807465,-31.102842,-5.382172,frame_009581
55.688377,-31.092219,-5.382576,frame_009582
55.568565,-31.081218,-5.382949,frame_009583
55.448107,-31.069752,-5.383286,frame_009584
55.327078,-31.057947,-5.383579,frame_009585
55.205553,-31.045927,-5.383821,frame_009586
55.084357,-31.033820,-5.384007,frame_009587
54.963408,-31.021750,-5.384138,frame_009588
54.842634,-31.009844,-5.384216,frame_009589
54.721223,-30.999213,-5.384253,frame_009590
54.599269,-30.989778,-5.384257,frame_009591
54.476869,-30.981468,-5.384236,frame_009592
54.354116,-30.972033,-5.384182,frame_009593
54.231106,-30.961402,-5.384094,frame_009594
54.107935,-30.949496,-5.383970,frame_009595
53.985442,-30.937426,-5.383806,frame_009596
53.863569,-30.925319,-5.383614,frame_009597
53.742262,-30.913299,-5.383407,frame_009598
53.620725,-30.902480,-5.383161,frame_009599
53.499075,-30.892781,-5.382875,frame_009600
53.377425,-30.884130,-5.382549,frame_009601
53.255727,-30.874280,-5.382175,frame_009602
53.133772,-30.863159,-5.381756,frame_009603
53.011351,-30.850687,-5.381298,frame_009604
52.888416,-30.837976,-5.380846,frame_009605
52.765081,-30.825151,-5.380409,frame_009606
52.641461,-30.812339,-5.379994,frame_009607
52.518416,-30.799666,-5.379560,frame_009608
52.395904,-30.787257,-5.379115,frame_009609
52.273891,-30.775237,-5.378663,frame_009610
52.151602,-30.763520,-5.378211,frame_009611
52.029170,-30.751802,-5.377765,frame_009612
51.906729,-30.739783,-5.377330,frame_009613
51.784249,-30.727373,-5.376961,frame_009614
51.661542,-30.714700,-5.376659,frame_009615
51.538415,-30.701888,-5.376430,frame_009616
51.415587,-30.690050,-5.376235,frame_009617
51.293036,-30.679105,-5.376075,frame_009618
51.170746,-30.668984,-5.375949,frame_009619
51.047961,-30.658635,-5.375888,frame_009620
50.924833,-30.648212,-5.375892,frame_009621
50.801515,-30.637863,-5.375963,frame_009622
50.677997,-30.626542,-5.376104,frame_009623
50.554108,-30.614175,-5.376316,frame_009624
50.429677,-30.600684,-5.376600,frame_009625
50.305440,-30.587180,-5.376936,frame_009626
50.181393,-30.573790,-5.377317,frame_009627
50.057541,-30.560639,-5.377737,frame_009628
49.932239,-30.548838,-5.378164,frame_009629
49.805490,-30.538309,-5.378597,frame_009630
49.677290,-30.528979,-5.379035,frame_009631
49.549285,-30.518601,-5.379505,frame_009632
49.421471,-30.507102,-5.379998,frame_009633
49.293851,-30.494404,-5.380508,frame_009634
49.166434,-30.482603,-5.381035,frame_009635
49.039237,-30.471621,-5.381565,frame_009636
48.912282,-30.461386,-5.382086,frame_009637
48.783943,-30.450849,-5.382607,frame_009638
48.654243,-30.440161,-5.383119,frame_009639
48.523197,-30.429473,-5.383612,frame_009640
48.392469,-30.417736,-5.384054,frame_009641
48.262075,-30.404879,-5.384445,frame_009642
48.132037,-30.390822,-5.384787,frame_009643
48.001637,-30.376677,-5.385094,frame_009644
47.871066,-30.362570,-5.385355,frame_009645
47.740514,-30.348626,-5.385560,frame_009646
47.610009,-30.335958,-5.385723,frame_009647
47.479419,-30.324485,-5.385847,frame_009648
47.348610,-30.314137,-5.385931,frame_009649
47.218357,-30.302664,-5.385967,frame_009650
47.088694,-30.289995,-5.385948,frame_009651
46.959663,-30.276052,-5.385873,frame_009652
46.829658,-30.261944,-5.385749,frame_009653
46.698719,-30.247799,-5.385579,frame_009654
46.566883,-30.233742,-5.385366,frame_009655
46.435830,-30.220885,-5.385111,frame_009656
46.305597,-30.209148,-5.384812,frame_009657
46.176223,-30.198460,-5.384470,frame_009658
46.046850,-30.187772,-5.384123,frame_009659
45.917362,-30.177235,-5.383772,frame_009660
45.787646,-30.167000,-5.383417,frame_009661
45.657749,-30.156018,-5.383033,frame_009662
45.527881,-30.144217,-5.382627,frame_009663
45.398250,-30.131519,-5.382206,frame_009664
45.268905,-30.120020,-5.381747,frame_009665
45.139732,-30.109641,-5.381252,frame_009666
45.010615,-30.100312,-5.380722,frame_009667
44.881442,-30.089783,-5.380172,frame_009668
44.752097,-30.077982,-5.379605,frame_009669
44.622466,-30.064830,-5.379026,frame_009670
44.492598,-30.052426,-5.378438,frame_009671
44.362701,-30.040689,-5.377842,frame_009672
44.232985,-30.029548,-5.377239,frame_009673
44.103498,-30.017955,-5.376630,frame_009674
43.974124,-30.006059,-5.376018,frame_009675
43.844751,-29.994013,-5.375403,frame_009676
43.715263,-29.981967,-5.374777,frame_009677
43.585547,-29.970071,-5.374140,frame_009678
43.455488,-29.958478,-5.373492,frame_009679
43.325135,-29.947123,-5.372864,frame_009680
43.194696,-29.935731,-5.372265,frame_009681
43.064380,-29.924024,-5.371699,frame_009682
42.934236,-29.911940,-5.371141,frame_009683
42.804149,-29.899630,-5.370593,frame_009684
42.674005,-29.887244,-5.370055,frame_009685
42.543689,-29.874719,-5.369508,frame_009686
42.413088,-29.861780,-5.368948,frame_009687
42.282088,-29.848149,-5.368373,frame_009688
42.150735,-29.833763,-5.367780,frame_009689
42.019240,-29.818773,-5.367166,frame_009690
41.887811,-29.803331,-5.366528,frame_009691
41.756496,-29.787587,-5.365879,frame_009692
41.625182,-29.771692,-5.365231,frame_009693
41.493753,-29.755796,-5.364593,frame_009694
41.362258,-29.741038,-5.363950,frame_009695
41.230905,-29.727363,-5.363302,frame_009696
41.099904,-29.714723,-5.362646,frame_009697
40.969303,-29.700897,-5.361985,frame_009698
40.838988,-29.685837,-5.361325,frame_009699
40.708844,-29.669489,-5.360671,frame_009700
40.578757,-29.653976,-5.360002,frame_009701
40.448612,-29.639244,-5.359323,frame_009702
40.318297,-29.625246,-5.358642,frame_009703
40.187858,-29.610959,-5.358003,frame_009704
40.057504,-29.596559,-5.357409,frame_009705
39.927446,-29.582222,-5.356861,frame_009706
39.797730,-29.567910,-5.356351,frame_009707
39.668242,-29.553371,-5.355880,frame_009708
39.538868,-29.538355,-5.355448,frame_009709
39.408749,-29.522822,-5.355023,frame_009710
39.277925,-29.506951,-5.354605,frame_009711
39.146431,-29.490915,-5.354190,frame_009712
39.015949,-29.475879,-5.353817,frame_009713
38.886515,-29.461812,-5.353486,frame_009714
38.758169,-29.448693,-5.353198,frame_009715
38.630051,-29.435310,-5.352971,frame_009716
38.502048,-29.421436,-5.352802,frame_009717
38.374045,-29.406846,-5.352688,frame_009718
38.245181,-29.391525,-5.352607,frame_009719
38.115499,-29.375677,-5.352562,frame_009720
37.985032,-29.359502,-5.352552,frame_009721
37.855464,-29.342987,-5.352603,frame_009722
37.726829,-29.325906,-5.352705,frame_009723
37.599168,-29.308033,-5.352851,frame_009724
37.471622,-29.289354,-5.353066,frame_009725
37.344075,-29.270072,-5.353336,frame_009726
37.216414,-29.250387,-5.353644,frame_009727
37.087779,-29.231488,-5.353914,frame_009728
36.958211,-29.213369,-5.354143,frame_009729
36.827745,-29.196035,-5.354331,frame_009730
36.698062,-29.177312,-5.354485,frame_009731
36.569199,-29.157204,-5.354601,frame_009732
36.441195,-29.135709,-5.354675,frame_009733
36.312446,-29.114998,-5.354712,frame_009734
36.182992,-29.095067,-5.354708,frame_009735
36.052868,-29.075922,-5.354656,frame_009736
35.922849,-29.056374,-5.354570,frame_009737
35.792801,-29.036222,-5.354439,frame_009738
35.662592,-29.015266,-5.354256,frame_009739
35.532995,-28.993517,-5.353986,frame_009740
35.404046,-28.971202,-5.353625,frame_009741
35.275786,-28.948547,-5.353171,frame_009742
35.146608,-28.926765,-5.352662,frame_009743
35.016555,-28.905877,-5.352101,frame_009744
34.885660,-28.885912,-5.351488,frame_009745
34.755606,-28.864723,-5.350804,frame_009746
34.626429,-28.842337,-5.350047,frame_009747
34.498169,-28.818777,-5.349217,frame_009748
34.369220,-28.795254,-5.348333,frame_009749
34.239623,-28.771996,-5.347397,frame_009750
34.109413,-28.749228,-5.346414,frame_009751
33.979365,-28.726963,-5.345398,frame_009752
33.849346,-28.705000,-5.344361,frame_009753
33.719222,-28.683138,-5.343311,frame_009754
33.589768,-28.662375,-5.342218,frame_009755
33.461019,-28.642732,-5.341088,frame_009756
33.333016,-28.624239,-5.339928,frame_009757
33.204152,-28.604747,-5.338744,frame_009758
33.074470,-28.584286,-5.337544,frame_009759
32.944003,-28.562877,-5.336333,frame_009760
32.814435,-28.542717,-5.335131,frame_009761
32.685800,-28.523829,-5.333945,frame_009762
32.558139,-28.506242,-5.332785,frame_009763
32.429847,-28.487806,-5.331640,frame_009764
32.300964,-28.468553,-5.330521,frame_009765
32.171525,-28.448502,-5.329435,frame_009766
32.042305,-28.428652,-5.328380,frame_009767
31.913171,-28.408802,-5.327360,frame_009768
31.783989,-28.388751,-5.326376,frame_009769
31.654788,-28.368511,-5.325437,frame_009770
31.525758,-28.348309,-5.324554,frame_009771
31.397090,-28.328371,-5.323737,frame_009772
31.268812,-28.308710,-5.322927,frame_009773
31.140791,-28.289124,-5.322133,frame_009774
31.012894,-28.269412,-5.321362,frame_009775
30.884241,-28.250574,-5.320622,frame_009776
30.754855,-28.232629,-5.319902,frame_009777
30.624751,-28.215608,-5.319192,frame_009778
30.495593,-28.197361,-5.318528,frame_009779
30.367397,-28.177919,-5.317917,frame_009780
30.240185,-28.157301,-5.317366,frame_009781
30.113077,-28.137708,-5.316898,frame_009782
29.985941,-28.119160,-5.316512,frame_009783
29.858644,-28.101685,-5.316206,frame_009784
29.731212,-28.084123,-5.315933,frame_009785
29.603838,-28.066296,-5.315697,frame_009786
29.476712,-28.048029,-5.315502,frame_009787
29.349861,-28.028160,-5.315364,frame_009788
29.223153,-28.006718,-5.315275,frame_009789
29.096455,-27.983723,-5.315227,frame_009790
28.968887,-27.961376,-5.315232,frame_009791
28.840471,-27.939695,-5.315290,frame_009792
28.711224,-27.918712,-5.315399,frame_009793
28.582808,-27.897263,-5.315528,frame_009794
28.455240,-27.875172,-5.315677,frame_009795
28.328542,-27.852264,-5.315844,frame_009796
28.201088,-27.828576,-5.316046,frame_009797
28.072901,-27.804360,-5.316278,frame_009798
27.943996,-27.779867,-5.316535,frame_009799
27.816037,-27.756335,-5.316810,frame_009800
27.689040,-27.733810,-5.317097,frame_009801
27.563027,-27.712347,-5.317391,frame_009802
27.437118,-27.690808,-5.317705,frame_009803
27.311181,-27.669043,-5.318031,frame_009804
27.185082,-27.646901,-5.318364,frame_009805
27.057942,-27.623244,-5.318690,frame_009806
26.929783,-27.598127,-5.319007,frame_009807
26.800622,-27.571597,-5.319315,frame_009808
26.672120,-27.545876,-5.319630,frame_009809
26.544295,-27.521012,-5.319946,frame_009810
26.417169,-27.497058,-5.320259,frame_009811
26.289115,-27.472878,-5.320563,frame_009812
26.160157,-27.448320,-5.320854,frame_009813
26.030311,-27.423235,-5.321125,frame_009814
25.900493,-27.398670,-5.321391,frame_009815
25.770874,-27.374697,-5.321648,frame_009816
25.641627,-27.351395,-5.321890,frame_009817
25.512761,-27.326668,-5.322075,frame_009818
25.384122,-27.300593,-5.322203,frame_009819
25.255560,-27.273243,-5.322271,frame_009820
25.127830,-27.246867,-5.322327,frame_009821
25.000947,-27.221536,-5.322368,frame_009822
24.874933,-27.197329,-5.322391,frame_009823
24.748165,-27.173134,-5.322416,frame_009824
24.620663,-27.148827,-5.322450,frame_009825
24.492443,-27.124280,-5.322498,frame_009826
24.365915,-27.099862,-5.322530,frame_009827
24.240940,-27.075343,-5.322540,frame_009828
24.116644,-27.050007,-5.322474,frame_009829
23.992160,-27.024936,-5.322370,frame_009830
23.867369,-27.000235,-5.322234,frame_009831
23.740658,-26.975030,-5.322086,frame_009832
23.612217,-26.948450,-5.321900,frame_009833
23.482224,-26.920598,-5.321676,frame_009834
23.350844,-26.891572,-5.321413,frame_009835
23.220628,-26.862445,-5.321161,frame_009836
23.091573,-26.833091,-5.320926,frame_009837
22.963684,-26.803386,-5.320716,frame_009838
22.835314,-26.774402,-5.320501,frame_009839
22.706469,-26.746237,-5.320280,frame_009840
22.577144,-26.718995,-5.320049,frame_009841
22.448983,-26.690603,-5.319824,frame_009842
22.321984,-26.661166,-5.319605,frame_009843
22.196149,-26.630782,-5.319386,frame_009844
22.069836,-26.600522,-5.319180,frame_009845
21.943045,-26.570263,-5.318988,frame_009846
21.815775,-26.539878,-5.318816,frame_009847
21.689670,-26.510442,-5.318654,frame_009848
21.564726,-26.482050,-5.318501,frame_009849
21.440947,-26.454808,-5.318355,frame_009850
21.316688,-26.427629,-5.318214,frame_009851
21.191953,-26.400412,-5.318078,frame_009852
21.066739,-26.373057,-5.317946,frame_009853
20.941035,-26.345462,-5.317788,frame_009854
20.814826,-26.317528,-5.317604,frame_009855
20.688090,-26.289154,-5.317397,frame_009856
20.564318,-26.261932,-5.317227,frame_009857
20.443097,-26.235881,-5.317092,frame_009858
20.320683,-26.210293,-5.316949,frame_009859
20.196502,-26.184166,-5.316781,frame_009860
20.070711,-26.157482,-5.316590,frame_009861
19.943456,-26.130222,-5.316377,frame_009862
19.817272,-26.102609,-5.316180,frame_009863
19.692134,-26.074569,-5.315993,frame_009864
19.568028,-26.046025,-5.315809,frame_009865
19.444198,-26.016903,-5.315586,frame_009866
19.320796,-25.987127,-5.315323,frame_009867
19.197974,-25.956621,-5.315016,frame_009868
19.076469,-25.925524,-5.314701,frame_009869
18.955955,-25.894188,-5.314382,frame_009870
18.834432,-25.863705,-5.314034,frame_009871
18.711936,-25.833073,-5.313634,frame_009872
18.588495,-25.802274,-5.313186,frame_009873
18.464128,-25.771288,-5.312692,frame_009874
18.339942,-25.740340,-5.312152,frame_009875
18.216071,-25.709355,-5.311573,frame_009876
18.092646,-25.678256,-5.310961,frame_009877
17.968733,-25.646368,-5.310329,frame_009878
17.843971,-25.613505,-5.309671,frame_009879
17.718906,-25.580077,-5.309040,frame_009880
17.592587,-25.545998,-5.308413,frame_009881
17.464967,-25.511185,-5.307803,frame_009882
17.337807,-25.476755,-5.307209,frame_009883
17.211384,-25.442846,-5.306629,frame_009884
17.085980,-25.409604,-5.306076,frame_009885
16.961883,-25.377185,-5.305558,frame_009886
16.838319,-25.344552,-5.305089,frame_009887
16.715097,-25.311655,-5.304674,frame_009888
16.592028,-25.278443,-5.304319,frame_009889
16.469082,-25.244867,-5.304003,frame_009890
16.346394,-25.210875,-5.303732,frame_009891
16.224095,-25.176418,-5.303515,frame_009892
16.104023,-25.143139,-5.303352,frame_009893
15.985599,-25.111106,-5.303246,frame_009894
15.864902,-25.080401,-5.303207,frame_009895
15.742994,-25.049919,-5.303246,frame_009896
15.620180,-25.019544,-5.303366,frame_009897
15.496764,-24.989165,-5.303570,frame_009898
15.374369,-24.958675,-5.303815,frame_009899
15.252651,-24.927973,-5.304108,frame_009900
15.129777,-24.896465,-5.304494,frame_009901
15.006634,-24.864160,-5.304970,frame_009902
14.883361,-24.831068,-5.305533,frame_009903
14.760843,-24.797195,-5.306170,frame_009904
14.639065,-24.762552,-5.306899,frame_009905
14.518017,-24.727145,-5.307721,frame_009906
14.396204,-24.690736,-5.308654,frame_009907
14.270763,-24.652787,-5.309644,frame_009908
14.141413,-24.613242,-5.310682,frame_009909
14.011930,-24.572943,-5.311801,frame_009910
13.884971,-24.532730,-5.313032,frame_009911
13.760487,-24.492548,-5.314364,frame_009912
13.636772,-24.452352,-5.315758,frame_009913
13.512350,-24.411799,-5.317166,frame_009914
13.387231,-24.370800,-5.318576,frame_009915
13.261415,-24.329270,-5.319972,frame_009916
13.137480,-24.287125,-5.321346,frame_009917
13.015232,-24.244289,-5.322695,frame_009918
12.892246,-24.199949,-5.324042,frame_009919
12.767004,-24.155389,-5.325373,frame_009920
12.639457,-24.110915,-5.326676,frame_009921
12.511582,-24.065938,-5.327972,frame_009922
12.385908,-24.021348,-5.329257,frame_009923
12.262258,-23.977142,-5.330526,frame_009924
12.139721,-23.932831,-5.331777,frame_009925
12.018076,-23.888226,-5.333021,frame_009926
11.897294,-23.843387,-5.334254,frame_009927
11.776607,-23.799357,-5.335491,frame_009928
11.655248,-23.755991,-5.336694,frame_009929
11.533186,-23.713149,-5.337851,frame_009930
11.410389,-23.669717,-5.338922,frame_009931
11.287721,-23.625777,-5.339933,frame_009932
11.165304,-23.581414,-5.340884,frame_009933
11.042512,-23.536464,-5.341799,frame_009934
10.919621,-23.491064,-5.342682,frame_009935
10.796900,-23.445346,-5.343532,frame_009936
10.674614,-23.399441,-5.344343,frame_009937
10.553602,-23.353725,-5.345089,frame_009938
10.433638,-23.308272,-5.345767,frame_009939
10.314491,-23.263160,-5.346377,frame_009940
10.197588,-23.218955,-5.346936,frame_009941
10.082714,-23.175632,-5.347447,frame_009942
9.968172,-23.133659,-5.347929,frame_009943
9.850907,-23.092316,-5.348379,frame_009944
9.730450,-23.051377,-5.348798,frame_009945
9.611143,-23.009638,-5.349179,frame_009946
9.493074,-22.967086,-5.349524,frame_009947
9.376345,-22.923709,-5.349834,frame_009948
9.260323,-22.879486,-5.350101,frame_009949
9.142569,-22.834395,-5.350368,frame_009950
9.022866,-22.788408,-5.350647,frame_009951
8.903547,-22.742094,-5.350919,frame_009952
8.784553,-22.695529,-5.351183,frame_009953
8.665828,-22.648788,-5.351439,frame_009954
8.545673,-22.601945,-5.351671,frame_009955
8.424033,-22.555078,-5.351887,frame_009956
8.300847,-22.508261,-5.352095,frame_009957
8.178611,-22.461870,-5.352301,frame_009958
8.057433,-22.416036,-5.352507,frame_009959
7.937432,-22.370891,-5.352715,frame_009960
7.817997,-22.327558,-5.352916,frame_009961
7.696705,-22.285068,-5.353074,frame_009962
7.573359,-22.243197,-5.353185,frame_009963
7.449793,-22.200738,-5.353294,frame_009964
7.326164,-22.157682,-5.353401,frame_009965
7.202627,-22.114013,-5.353502,frame_009966
7.080090,-22.069712,-5.353579,frame_009967
6.956516,-22.024757,-5.353666,frame_009968
6.831538,-21.979120,-5.353771,frame_009969
6.706765,-21.933671,-5.353898,frame_009970
6.582477,-21.888538,-5.354044,frame_009971
6.458964,-21.843857,-5.354205,frame_009972
6.337266,-21.799762,-5.354380,frame_009973
6.214806,-21.755491,-5.354568,frame_009974
6.091239,-21.711015,-5.354765,frame_009975
5.966374,-21.666905,-5.354966,frame_009976
5.840177,-21.623234,-5.355168,frame_009977
5.712605,-21.580080,-5.355370,frame_009978
5.585265,-21.536316,-5.355547,frame_009979
5.458117,-21.491797,-5.355695,frame_009980
5.331124,-21.446368,-5.355809,frame_009981
5.203513,-21.402050,-5.355923,frame_009982
5.075417,-21.358689,-5.356037,frame_009983
4.946968,-21.316138,-5.356151,frame_009984
4.819209,-21.273573,-5.356234,frame_009985
4.692439,-21.231124,-5.356281,frame_009986
4.566968,-21.188925,-5.356286,frame_009987
4.443854,-21.147110,-5.356227,frame_009988
4.321448,-21.105518,-5.356121,frame_009989
4.199591,-21.064232,-5.355971,frame_009990
4.077377,-21.023336,-5.355788,frame_009991
3.953897,-20.982314,-5.355577,frame_009992
3.828972,-20.941138,-5.355342,frame_009993
3.704975,-20.899177,-5.355076,frame_009994
3.581881,-20.856285,-5.354777,frame_009995
3.459677,-20.812306,-5.354444,frame_009996
3.335952,-20.768030,-5.354054,frame_009997
3.210846,-20.723559,-5.353611,frame_009998
3.084486,-20.678993,-5.353115,frame_009999
2.957893,-20.634428,-5.352581,frame_010000
2.833576,-20.590700,-5.352047,frame_010001
2.711332,-20.547749,-5.351510,frame_010002
2.589316,-20.505023,-5.350943,frame_010003
2.467338,-20.462574,-5.350341,frame_010004
2.345207,-20.420453,-5.349700,frame_010005
2.222896,-20.379695,-5.349022,frame_010006
2.100538,-20.340145,-5.348315,frame_010007
1.978265,-20.301656,-5.347586,frame_010008
1.856049,-20.263105,-5.346859,frame_010009
1.733699,-20.224566,-5.346129,frame_010010
1.611027,-20.186116,-5.345395,frame_010011
1.488002,-20.146629,-5.344647,frame_010012
1.364759,-20.105959,-5.343889,frame_010013
1.241429,-20.063950,-5.343126,frame_010014
1.118148,-20.021640,-5.342296,frame_010015
0.995047,-19.979078,-5.341410,frame_010016
0.872260,-19.936315,-5.340476,frame_010017
0.749759,-19.893401,-5.339570,frame_010018
0.627352,-19.850386,-5.338698,frame_010019
0.504851,-19.807321,-5.337863,frame_010020
0.382226,-19.764256,-5.337010,frame_010021
0.259610,-19.721241,-5.336145,frame_010022
0.137138,-19.678327,-5.335273,frame_010023
0.014779,-19.635564,-5.334405,frame_010024
-0.107656,-19.593002,-5.333545,frame_010025
-0.230357,-19.550692,-5.332694,frame_010026
-0.353353,-19.509669,-5.331855,frame_010027
-0.476511,-19.469780,-5.331031,frame_010028
-0.599698,-19.430876,-5.330222,frame_010029
-0.723687,-19.391834,-5.329413,frame_010030
-0.848515,-19.352730,-5.328610,frame_010031
-0.974221,-19.313638,-5.327818,frame_010032
-1.099201,-19.273434,-5.327031,frame_010033
-1.223495,-19.231971,-5.326252,frame_010034
-1.347138,-19.189095,-5.325484,frame_010035
-1.470905,-19.145841,-5.324755,frame_010036
-1.594662,-19.102260,-5.324063,frame_010037
-1.718277,-19.058403,-5.323402,frame_010038
-1.841777,-19.014319,-5.322775,frame_010039
-1.965354,-18.970059,-5.322183,frame_010040
-2.089197,-18.925673,-5.321632,frame_010041
-2.213335,-18.881212,-5.321114,frame_010042
-2.337635,-18.836725,-5.320631,frame_010043
-2.461963,-18.792264,-5.320183,frame_010044
-2.586348,-18.748864,-5.319790,frame_010045
-2.710981,-18.706371,-5.319443,frame_010046
-2.836051,-18.664638,-5.319137,frame_010047
-2.960680,-18.622839,-5.318855,frame_010048
-3.084566,-18.581107,-5.318601,frame_010049
-3.207402,-18.539575,-5.318381,frame_010050
-3.328127,-18.498377,-5.318201,frame_010051
-3.449300,-18.456750,-5.318025,frame_010052
-3.571248,-18.414669,-5.317851,frame_010053
-3.694141,-18.372701,-5.317699,frame_010054
-3.817996,-18.330921,-5.317562,frame_010055
-3.942835,-18.289405,-5.317436,frame_010056
-4.067779,-18.247030,-5.317345,frame_010057
-4.192694,-18.203647,-5.317289,frame_010058
-4.317447,-18.159102,-5.317267,frame_010059
-4.442813,-18.114431,-5.317254,frame_010060
-4.568827,-18.069684,-5.317236,frame_010061
-4.695529,-18.024913,-5.317201,frame_010062
-4.822060,-17.980166,-5.317159,frame_010063
-4.948306,-17.935496,-5.317100,frame_010064
-5.074152,-17.890950,-5.317016,frame_010065
-5.199485,-17.846581,-5.316951,frame_010066
-5.324189,-17.802439,-5.316907,frame_010067
-5.448151,-17.758573,-5.316886,frame_010068
-5.572165,-17.715034,-5.316835,frame_010069
-5.696284,-17.671872,-5.316746,frame_010070
-5.820568,-17.629138,-5.316613,frame_010071
-5.944177,-17.586883,-5.316459,frame_010072
-6.067015,-17.545155,-5.316283,frame_010073
-6.188988,-17.504006,-5.316083,frame_010074
-6.310907,-17.463485,-5.315839,frame_010075
-6.432845,-17.423644,-5.315550,frame_010076
-6.554883,-17.384533,-5.315213,frame_010077
-6.676943,-17.345001,-5.314820,frame_010078
-6.798795,-17.304878,-5.314372,frame_010079
-6.920213,-17.263982,-5.313868,frame_010080
-7.040978,-17.223325,-5.313315,frame_010081
-7.160878,-17.182932,-5.312720,frame_010082
-7.279706,-17.142829,-5.312092,frame_010083
-7.399663,-17.102054,-5.311395,frame_010084
-7.520412,-17.060837,-5.310648,frame_010085
-7.641643,-17.019402,-5.309867,frame_010086
-7.761416,-16.977962,-5.309038,frame_010087
-7.879458,-16.936723,-5.308171,frame_010088
-7.995510,-16.895880,-5.307276,frame_010089
-8.110978,-16.856610,-5.306269,frame_010090
-8.225639,-16.818887,-5.305187,frame_010091
-8.339298,-16.782686,-5.304065,frame_010092
-8.451620,-16.746996,-5.303054,frame_010093
-8.562138,-16.711997,-5.302161,frame_010094
-8.670406,-16.677860,-5.301394,frame_010095
-8.776913,-16.643550,-5.300756,frame_010096
-8.881435,-16.608999,-5.300242,frame_010097
-8.983778,-16.574124,-5.299848,frame_010098
-9.082127,-16.540023,-5.299665,frame_010099
-9.176338,-16.506803,-5.299684,frame_010100
-9.266289,-16.474558,-5.299897,frame_010101
-9.353528,-16.443377,-5.300419,frame_010102
-9.437982,-16.413340,-5.301217,frame_010103
-9.519610,-16.384518,-5.302259,frame_010104
-9.597494,-16.356974,-5.303723,frame_010105
-9.671490,-16.330763,-5.305527,frame_010106
-9.741476,-16.305930,-5.307592,frame_010107
-9.807357,-16.282513,-5.309941,frame_010108
-9.869063,-16.260542,-5.312481,frame_010109
-9.926551,-16.240037,-5.315124,frame_010110
-9.979800,-16.220026,-5.317869,frame_010111
-10.028818,-16.200717,-5.320611,frame_010112
-10.073635,-16.182304,-5.323246,frame_010113
-10.114310,-16.165948,-5.325670,frame_010114
-10.150924,-16.151604,-5.327790,frame_010115
-10.183586,-16.139217,-5.329522,frame_010116
-10.212428,-16.128725,-5.330811,frame_010117
-10.237610,-16.120055,-5.331573,frame_010118
-10.259315,-16.113129,-5.331733,frame_010119
-10.277752,-16.107858,-5.331288,frame_010120
-10.293156,-16.104146,-5.330157,frame_010121
-10.305788,-16.101888,-5.328263,frame_010122
-10.315932,-16.100970,-5.325658,frame_010123
-10.323900,-16.101272,-5.322251,frame_010124
-10.330028,-16.102663,-5.317958,frame_010125
-10.334677,-16.105005,-5.312932,frame_010126
-10.338234,-16.108151,-5.307057,frame_010127
-10.341112,-16.111947,-5.300226,frame_010128
-10.342841,-16.116227,-5.292448,frame_010129
-10.343715,-16.120821,-5.283613,frame_010130
-10.344049,-16.125549,-5.273624,frame_010131
-10.344175,-16.130221,-5.262464,frame_010132
-10.344446,-16.134641,-5.250045,frame_010133
-10.345232,-16.138603,-5.236291,frame_010134
-10.345109,-16.143093,-5.221383,frame_010135
-10.344150,-16.148112,-5.205232,frame_010136
-10.342432,-16.153659,-5.187762,frame_010137
-10.340951,-16.159734,-5.168839,frame_010138
-10.339966,-16.166337,-5.148425,frame_010139
-10.339750,-16.173469,-5.126494,frame_010140
-10.339680,-16.179929,-5.103315,frame_010141
-10.339887,-16.185495,-5.078880,frame_010142
-10.340506,-16.189936,-5.053199,frame_010143
-10.340774,-16.194215,-5.026061,frame_010144
-10.340671,-16.198304,-4.997495,frame_010145
-10.340177,-16.202180,-4.967539,frame_010146
-10.339274,-16.205816,-4.936132,frame_010147
-10.337943,-16.209189,-4.903347,frame_010148
-10.336165,-16.212272,-4.869270,frame_010149
-10.334829,-16.215041,-4.833992,frame_010150
-10.334083,-16.217470,-4.797596,frame_010151
-10.334083,-16.219534,-4.760174,frame_010152
-10.334083,-16.221208,-4.721724,frame_010153
-10.334082,-16.222468,-4.682323,frame_010154
-10.334082,-16.223287,-4.642059,frame_010155
-10.334082,-16.223641,-4.600607,frame_010156
-10.334082,-16.223504,-4.558055,frame_010157
-10.334082,-16.222851,-4.514496,frame_010158
-10.334082,-16.221658,-4.469823,frame_010159
-10.334082,-16.219899,-4.424141,frame_010160
-10.334082,-16.217548,-4.377561,frame_010161
-10.334082,-16.215781,-4.330194,frame_010162
-10.334082,-16.214795,-4.282110,frame_010163
-10.334082,-16.214795,-4.233388,frame_010164
-10.334082,-16.214795,-4.183989,frame_010165
-10.334082,-16.214795,-4.134032,frame_010166
-10.334081,-16.214795,-4.083641,frame_010167
-10.334081,-16.214794,-4.032441,frame_010168
-10.334081,-16.214794,-3.980657,frame_010169
-10.334081,-16.214794,-3.928516,frame_010170
-10.334081,-16.214794,-3.875225,frame_010171
-10.334081,-16.214794,-3.821189,frame_010172
-10.334081,-16.214794,-3.766806,frame_010173
-10.334081,-16.214794,-3.712704,frame_010174
-10.334081,-16.214793,-3.659154,frame_010175
-10.334081,-16.214793,-3.606423,frame_010176
-10.334081,-16.214793,-3.554651,frame_010177
-10.334081,-16.214793,-3.504013,frame_010178
-10.334080,-16.214793,-3.454674,frame_010179
-10.334080,-16.214793,-3.406454,frame_010180
-10.334080,-16.214793,-3.359531,frame_010181
-10.334080,-16.214793,-3.314075,frame_010182
-10.334826,-16.214793,-3.270571,frame_010183
-10.336163,-16.214792,-3.229078,frame_010184
-10.337941,-16.214792,-3.189646,frame_010185
-10.339271,-16.214792,-3.152394,frame_010186
-10.340174,-16.214792,-3.117253,frame_010187
-10.340668,-16.214792,-3.084147,frame_010188
-10.340771,-16.214792,-3.053536,frame_010189
-10.340503,-16.214792,-3.025256,frame_010190
-10.339883,-16.214792,-2.999143,frame_010191
-10.338930,-16.214792,-2.974858,frame_010192
-10.337664,-16.214792,-2.952205,frame_010193
-10.336102,-16.214792,-2.930982,frame_010194
-10.334264,-16.214792,-2.911301,frame_010195
-10.332170,-16.214792,-2.892935,frame_010196
-10.329837,-16.214792,-2.875659,frame_010197
-10.327286,-16.214791,-2.859193,frame_010198
-10.324534,-16.214791,-2.843361,frame_010199
-10.321603,-16.214791,-2.827990,frame_010200
-10.318509,-16.214791,-2.812961,frame_010201
-10.315272,-16.214791,-2.798056,frame_010202
-10.311912,-16.214791,-2.783059,frame_010203
-10.308447,-16.214791,-2.767718,frame_010204
-10.304897,-16.214791,-2.751802,frame_010205
-10.301280,-16.214791,-2.735084,frame_010206
-10.297615,-16.214791,-2.717640,frame_010207
-10.293922,-16.214791,-2.699246,frame_010208
-10.290219,-16.214791,-2.679680,frame_010209
-10.286526,-16.214791,-2.659036,frame_010210
-10.282862,-16.214791,-2.637076,frame_010211
-10.279245,-16.214791,-2.613564,frame_010212
-10.275694,-16.214791,-2.587741,frame_010213
-10.272229,-16.214791,-2.559433,frame_010214
-10.268869,-16.214791,-2.528470,frame_010215
-10.265633,-16.214791,-2.494791,frame_010216
-10.262539,-16.214791,-2.458267,frame_010217
-10.259607,-16.214790,-2.418771,frame_010218
-10.256856,-16.214790,-2.376964,frame_010219
-10.254304,-16.214790,-2.332783,frame_010220
-10.251972,-16.214790,-2.286175,frame_010221
-10.249877,-16.214790,-2.237790,frame_010222
-10.248039,-16.214790,-2.187890,frame_010223
-10.246477,-16.214790,-2.136747,frame_010224
-10.245211,-16.214790,-2.084532,frame_010225
-10.244258,-16.214789,-2.031378,frame_010226
-10.243638,-16.214789,-1.977427,frame_010227
-10.243370,-16.214789,-1.922863,frame_010228
-10.243473,-16.214789,-1.867771,frame_010229
-10.243967,-16.214789,-1.812252,frame_010230
-10.244869,-16.214789,-1.756402,frame_010231
-10.246200,-16.214789,-1.700453,frame_010232
-10.247978,-16.214788,-1.644647,frame_010233
-10.249315,-16.214788,-1.588204,frame_010234
-10.250060,-16.214788,-1.531419,frame_010235
-10.250060,-16.214788,-1.474588,frame_010236
-10.250060,-16.214788,-1.418044,frame_010237
-10.250060,-16.214788,-1.361933,frame_010238
-10.250060,-16.214788,-1.306411,frame_010239
-10.249314,-16.214787,-1.251481,frame_010240
-10.247977,-16.214787,-1.197121,frame_010241
-10.246199,-16.214787,-1.143308,frame_010242
-10.244868,-16.214787,-1.089858,frame_010243
-10.243966,-16.214787,-1.036792,frame_010244
-10.243472,-16.214787,-0.984134,frame_010245
-10.243368,-16.214787,-0.931627,frame_010246
-10.243636,-16.214787,-0.879260,frame_010247
-10.244256,-16.214786,-0.827023,frame_010248
-10.245208,-16.214786,-0.775284,frame_010249
-10.246475,-16.214786,-0.724029,frame_010250
-10.248037,-16.214786,-0.673242,frame_010251
-10.249874,-16.214786,-0.622389,frame_010252
-10.251969,-16.214786,-0.571506,frame_010253
-10.254301,-16.214786,-0.520633,frame_010254
-10.256853,-16.215772,-0.470156,frame_010255
-10.259604,-16.217538,-0.420029,frame_010256
-10.262535,-16.219888,-0.370207,frame_010257
-10.265629,-16.221648,-0.320424,frame_010258
-10.268865,-16.222841,-0.270622,frame_010259
-10.272225,-16.223493,-0.220742,frame_010260
-10.275690,-16.222643,-0.170436,frame_010261
-10.279241,-16.220523,-0.119608,frame_010262
-10.282857,-16.217353,-0.068163,frame_010263
-10.286522,-16.214334,-0.016449,frame_010264
-10.290215,-16.211466,0.035542,frame_010265
-10.293918,-16.208749,0.087819,frame_010266
-10.297611,-16.206183,0.140433,frame_010267
-10.301275,-16.203768,0.193354,frame_010268
-10.304892,-16.201504,0.246554,frame_010269
-10.308442,-16.199391,0.300024,frame_010270
-10.311907,-16.197428,0.353831,frame_010271
-10.315267,-16.195617,0.408041,frame_010272
-10.318503,-16.193957,0.462494,frame_010273
-10.321597,-16.192447,0.517093,frame_010274
-10.324529,-16.191089,0.571739,frame_010275
-10.327280,-16.189881,0.626661,frame_010276
-10.329831,-16.188824,0.681861,frame_010277
-10.332164,-16.187918,0.737343,frame_010278
-10.334258,-16.187164,0.793601,frame_010279
-10.336096,-16.186560,0.850639,frame_010280
-10.337657,-16.186107,0.908464,frame_010281
-10.338924,-16.185805,0.966723,frame_010282
-10.339877,-16.185654,1.025372,frame_010283
-10.340496,-16.185654,1.084365,frame_010284
-10.340764,-16.185804,1.143041,frame_010285
-10.340661,-16.186106,1.201220,frame_010286
-10.340167,-16.186559,1.258717,frame_010287
-10.339264,-16.187162,1.315976,frame_010288
-10.337933,-16.187917,1.372871,frame_010289
-10.336155,-16.188822,1.429279,frame_010290
-10.334818,-16.189879,1.485598,frame_010291
-10.334072,-16.191086,1.541791,frame_010292
-10.334072,-16.192444,1.597824,frame_010293
-10.334072,-16.193954,1.653482,frame_010294
-10.334072,-16.195614,1.708701,frame_010295
-10.334072,-16.197425,1.763422,frame_010296
-10.334072,-16.199387,1.817456,frame_010297
-10.334072,-16.201500,1.870761,frame_010298
-10.334072,-16.203764,1.923299,frame_010299
-10.334072,-16.206178,1.975183,frame_010300
-10.334072,-16.208744,2.026443,frame_010301
-10.334071,-16.211461,2.077113,frame_010302
-10.334071,-16.214328,2.127115,frame_010303
-10.334071,-16.217347,2.176341,frame_010304
-10.334071,-16.220517,2.224684,frame_010305
-10.334071,-16.222637,2.272480,frame_010306
-10.334071,-16.223486,2.319716,frame_010307
-10.334071,-16.222834,2.366390,frame_010308
-10.334071,-16.221641,2.412293,frame_010309
-10.334071,-16.219881,2.457450,frame_010310
-10.334071,-16.217531,2.501888,frame_010311
-10.334071,-16.215764,2.545505,frame_010312
-10.334071,-16.214778,2.588345,frame_010313
-10.334071,-16.214777,2.630457,frame_010314
-10.334071,-16.214777,2.671834,frame_010315
-10.334070,-16.214777,2.712536,frame_010316
-10.334070,-16.214777,2.752626,frame_010317
-10.334070,-16.214777,2.791870,frame_010318
-10.334070,-16.214777,2.830350,frame_010319
-10.334070,-16.214777,2.868146,frame_010320
-10.334070,-16.214777,2.905508,frame_010321
-10.334070,-16.214777,2.942600,frame_010322
-10.334070,-16.214777,2.979588,frame_010323
-10.334070,-16.214776,3.016572,frame_010324
-10.334070,-16.214776,3.053592,frame_010325
-10.334070,-16.214776,3.090689,frame_010326
-10.334070,-16.214776,3.127913,frame_010327
-10.334070,-16.214776,3.165361,frame_010328
-10.334070,-16.214776,3.203135,frame_010329
-10.334070,-16.214776,3.241207,frame_010330
-10.334070,-16.214776,3.279596,frame_010331
-10.334069,-16.214776,3.318327,frame_010332
-10.334069,-16.214776,3.357193,frame_010333
-10.334069,-16.214776,3.396276,frame_010334
-10.334069,-16.214775,3.435655,frame_010335
-10.334069,-16.214775,3.475661,frame_010336
-10.334069,-16.214775,3.516289,frame_010337
-10.334069,-16.214775,3.557538,frame_010338
-10.334815,-16.214775,3.599429,frame_010339
-10.336152,-16.214775,3.641893,frame_010340
-10.337930,-16.214775,3.684864,frame_010341
-10.339260,-16.214775,3.728197,frame_010342
-10.340163,-16.214775,3.771830,frame_010343
-10.340656,-16.214774,3.815699,frame_010344
-10.340760,-16.214774,3.859821,frame_010345
-10.340492,-16.214774,3.904110,frame_010346
-10.339872,-16.214774,3.948486,frame_010347
-10.338919,-16.214774,3.993003,frame_010348
-10.337652,-16.214774,4.037597,frame_010349
-10.336091,-16.214774,4.082209,frame_010350
-10.334253,-16.215760,4.126817,frame_010351
-10.332158,-16.217526,4.171403,frame_010352
-10.329826,-16.219877,4.215951,frame_010353
-10.328020,-16.221636,4.259914,frame_010354
-10.326605,-16.222829,4.303235,frame_010355
-10.325452,-16.223481,4.345859,frame_010356
-10.323689,-16.223618,4.387703,frame_010357
-10.321355,-16.223264,4.428724,frame_010358
-10.318488,-16.222444,4.468875,frame_010359
-10.315127,-16.221185,4.508173,frame_010360
-10.311309,-16.219510,4.546620,frame_010361
-10.307072,-16.217446,4.584218,frame_010362
-10.302454,-16.215016,4.620913,frame_010363
-10.297494,-16.212248,4.656756,frame_010364
-10.292230,-16.209164,4.691794,frame_010365
-10.286699,-16.205792,4.726358,frame_010366
-10.280940,-16.202155,4.760451,frame_010367
-10.274990,-16.198279,4.794078,frame_010368
-10.269634,-16.194190,4.827344,frame_010369
-10.264755,-16.189911,4.860316,frame_010370
-10.260241,-16.185470,4.893062,frame_010371
-10.255242,-16.180889,4.926125,frame_010372
-10.249814,-16.176196,4.959537,frame_010373
-10.244015,-16.171415,4.993336,frame_010374
-10.237903,-16.166571,5.027183,frame_010375
-10.231533,-16.161689,5.061062,frame_010376
-10.224964,-16.156794,5.094960,frame_010377
-10.218998,-16.151912,5.129110,frame_010378
-10.213537,-16.147068,5.163519,frame_010379
-10.208489,-16.142286,5.198197,frame_010380
-10.203022,-16.138579,5.233029,frame_010381
-10.197212,-16.135766,5.267990,frame_010382
-10.191137,-16.133675,5.303058,frame_010383
-10.185617,-16.131156,5.338509,frame_010384
-10.180573,-16.128259,5.374385,frame_010385
-10.175933,-16.125036,5.410737,frame_010386
-10.170883,-16.121536,5.447236,frame_010387
-10.165520,-16.117809,5.483866,frame_010388
-10.159937,-16.113907,5.520611,frame_010389
-10.153608,-16.112174,5.558816,frame_010390
-10.147031,-16.110410,5.596837,frame_010391
-10.140191,-16.108576,5.634605,frame_010392
-10.133071,-16.106634,5.672052,frame_010393
-10.125658,-16.104547,5.709108,frame_010394
-10.117934,-16.102275,5.745707,frame_010395
-10.109886,-16.099780,5.781779,frame_010396
-10.101497,-16.097026,5.817256,frame_010397
-10.092752,-16.093973,5.852069,frame_010398
-10.083636,-16.090583,5.886150,frame_010399
-10.074134,-16.086819,5.919431,frame_010400
-10.064229,-16.082642,5.951843,frame_010401
-10.053907,-16.078015,5.983318,frame_010402
-10.043152,-16.072898,6.013786,frame_010403
-10.031949,-16.067254,6.043181,frame_010404
-10.020282,-16.061045,6.071432,frame_010405
-10.008136,-16.054233,6.098473,frame_010406
-9.995495,-16.046780,6.124234,frame_010407
-9.982345,-16.038647,6.148646,frame_010408
-9.968669,-16.029796,6.171643,frame_010409
-9.954453,-16.020190,6.193154,frame_010410
-9.939681,-16.009790,6.213112,frame_010411
-9.924337,-15.998558,6.231448,frame_010412
-9.908407,-15.986456,6.248094,frame_010413
-9.891874,-15.973447,6.262981,frame_010414
