translation_x,translation_y,translation_z,frame_numbers
-0.011048,0.013062,-0.000590,frame_000000
-0.007426,0.008776,0.000456,frame_000001
-0.004290,0.004938,0.001494,frame_000002
-0.001614,0.001549,0.002522,frame_000003
0.000628,-0.001396,0.003538,frame_000004
0.002462,-0.003897,0.004541,frame_000005
0.003914,-0.005958,0.005530,frame_000006
0.005009,-0.007581,0.006504,frame_000007
0.005775,-0.008768,0.007461,frame_000008
0.006236,-0.009521,0.008399,frame_000009
0.006419,-0.009842,0.009318,frame_000010
0.006350,-0.009734,0.010216,frame_000011
0.006054,-0.009199,0.011091,frame_000012
0.005558,-0.008239,0.011943,frame_000013
0.004887,-0.006857,0.012770,frame_000014
0.004068,-0.005054,0.013570,frame_000015
0.003126,-0.002834,0.014343,frame_000016
0.002087,-0.000198,0.015087,frame_000017
0.000978,0.002851,0.015800,frame_000018
-0.000176,0.006312,0.016482,frame_000019
-0.001349,0.010181,0.017130,frame_000020
-0.002515,0.014457,0.017744,frame_000021
-0.003647,0.019137,0.018322,frame_000022
-0.004721,0.024219,0.018863,frame_000023
-0.005710,0.029701,0.019366,frame_000024
-0.006588,0.035580,0.019828,frame_000025
-0.005945,0.041094,0.020174,frame_000026
-0.004341,0.047552,0.020415,frame_000027
-0.001943,0.054877,0.020566,frame_000028
0.000341,0.062009,0.020726,frame_000029
0.002510,0.069077,0.020886,frame_000030
0.004565,0.076203,0.021036,frame_000031
0.006506,0.084486,0.021152,frame_000032
0.008333,0.093825,0.021235,frame_000033
0.010046,0.104121,0.021283,frame_000034
0.011645,0.114285,0.021261,frame_000035
0.013129,0.124424,0.021179,frame_000036
0.014499,0.134633,0.021043,frame_000037
0.015755,0.145986,0.020863,frame_000038
0.016897,0.158359,0.020646,frame_000039
0.017925,0.171624,0.020401,frame_000040
0.018838,0.184671,0.020184,frame_000041
0.019637,0.197578,0.019993,frame_000042
0.020322,0.210418,0.019822,frame_000043
0.020893,0.224239,0.019601,frame_000044
0.021350,0.238889,0.019340,frame_000045
0.021693,0.254219,0.019052,frame_000046
0.021921,0.269091,0.018789,frame_000047
0.022035,0.283560,0.018531,frame_000048
0.022035,0.297672,0.018260,frame_000049
0.021921,0.311957,0.018003,frame_000050
0.021693,0.326342,0.017776,frame_000051
0.021350,0.340750,0.017593,frame_000052
0.020893,0.356299,0.017416,frame_000053
0.020322,0.373125,0.017253,frame_000054
0.019637,0.391368,0.017109,frame_000055
0.018838,0.409481,0.016929,frame_000056
0.017925,0.427492,0.016711,frame_000057
0.016897,0.445422,0.016454,frame_000058
0.015755,0.464271,0.016285,frame_000059
0.014499,0.483837,0.016204,frame_000060
0.013129,0.503918,0.016214,frame_000061
0.011645,0.523328,0.016182,frame_000062
0.010046,0.542070,0.016096,frame_000063
0.008333,0.560141,0.015943,frame_000064
0.006506,0.578727,0.015739,frame_000065
0.004565,0.598031,0.015480,frame_000066
0.002510,0.618252,0.015168,frame_000067
0.000341,0.638393,0.014937,frame_000068
-0.001943,0.658433,0.014788,frame_000069
-0.004341,0.678341,0.014722,frame_000070
-0.005945,0.698081,0.014615,frame_000071
-0.006588,0.717607,0.014452,frame_000072
-0.006094,0.736863,0.014220,frame_000073
-0.005191,0.756987,0.013920,frame_000074
-0.003861,0.778130,0.013547,frame_000075
-0.002083,0.800443,0.013097,frame_000076
-0.000746,0.822877,0.012592,frame_000077
-0.000000,0.845360,0.012055,frame_000078
-0.000000,0.867812,0.011512,frame_000079
-0.000000,0.891347,0.010977,frame_000080
-0.000000,0.916089,0.010430,frame_000081
-0.000000,0.942164,0.009853,frame_000082
-0.000000,0.968498,0.009251,frame_000083
-0.000000,0.994995,0.008614,frame_000084
-0.000000,1.021550,0.007933,frame_000085
-0.000000,1.048264,0.007215,frame_000086
-0.000000,1.075442,0.006463,frame_000087
-0.000000,1.103382,0.005684,frame_000088
-0.000000,1.132159,0.004935,frame_000089
-0.000000,1.161628,0.004212,frame_000090
-0.000000,1.191633,0.003510,frame_000091
-0.000000,1.222223,0.002735,frame_000092
-0.000000,1.253656,0.001877,frame_000093
-0.000000,1.286178,0.000927,frame_000094
-0.000000,1.318828,-0.000044,frame_000095
-0.000000,1.351615,-0.001028,frame_000096
-0.000000,1.384530,-0.002014,frame_000097
-0.000000,1.419734,-0.003137,frame_000098
-0.000000,1.457202,-0.004401,frame_000099
-0.000000,1.496909,-0.005812,frame_000100
-0.000000,1.537244,-0.007360,frame_000101
-0.000000,1.578276,-0.009025,frame_000102
-0.000000,1.620061,-0.010785,frame_000103
-0.000000,1.662643,-0.012531,frame_000104
-0.000000,1.706054,-0.014260,frame_000105
-0.000000,1.750313,-0.015970,frame_000106
-0.000000,1.796027,-0.017737,frame_000107
-0.000000,1.843298,-0.019536,frame_000108
-0.000000,1.892226,-0.021344,frame_000109
-0.000000,1.941696,-0.023157,frame_000110
-0.000000,1.991567,-0.024974,frame_000111
-0.000000,2.041680,-0.026793,frame_000112
-0.000000,2.093058,-0.028615,frame_000113
-0.000000,2.145731,-0.030427,frame_000114
-0.000000,2.199720,-0.032214,frame_000115
-0.000000,2.255036,-0.033906,frame_000116
-0.000000,2.311685,-0.035492,frame_000117
-0.000000,2.369663,-0.036962,frame_000118
-0.000000,2.428956,-0.038445,frame_000119
-0.000000,2.489543,-0.039930,frame_000120
-0.000000,2.551397,-0.041411,frame_000121
-0.000000,2.613491,-0.042813,frame_000122
-0.000000,2.675986,-0.044136,frame_000123
-0.000000,2.739025,-0.045379,frame_000124
-0.000000,2.803719,-0.046513,frame_000125
-0.000000,2.869972,-0.047535,frame_000126
-0.000000,2.937678,-0.048443,frame_000127
0.000746,3.006726,-0.049188,frame_000128
0.002083,3.076993,-0.049749,frame_000129
0.003861,3.148349,-0.050106,frame_000130
0.005191,3.220656,-0.050384,frame_000131
0.006094,3.293767,-0.050584,frame_000132
0.006588,3.367527,-0.050705,frame_000133
0.006691,3.440786,-0.050749,frame_000134
0.006423,3.513579,-0.050712,frame_000135
0.005804,3.585921,-0.050595,frame_000136
0.004851,3.659999,-0.050340,frame_000137
0.003584,3.735812,-0.049946,frame_000138
0.002022,3.813362,-0.049417,frame_000139
0.000185,3.890461,-0.048845,frame_000140
-0.001910,3.967093,-0.048240,frame_000141
-0.004242,4.043224,-0.047612,frame_000142
-0.006794,4.120991,-0.046932,frame_000143
-0.009545,4.200342,-0.046207,frame_000144
-0.012477,4.281228,-0.045448,frame_000145
-0.015571,4.362612,-0.044645,frame_000146
-0.018807,4.444649,-0.043809,frame_000147
-0.022167,4.527486,-0.042952,frame_000148
-0.025632,4.610062,-0.042055,frame_000149
-0.029182,4.692284,-0.041126,frame_000150
-0.032799,4.774042,-0.040170,frame_000151
-0.036464,4.857398,-0.039114,frame_000152
-0.040157,4.942226,-0.037954,frame_000153
-0.043860,5.028400,-0.036686,frame_000154
-0.047553,5.114807,-0.035416,frame_000155
-0.051217,5.201529,-0.034160,frame_000156
-0.054834,5.288635,-0.032935,frame_000157
-0.058385,5.376188,-0.031633,frame_000158
-0.061850,5.464245,-0.030258,frame_000159
-0.065210,5.552849,-0.028810,frame_000160
-0.068446,5.643026,-0.027355,frame_000161
-0.071540,5.734599,-0.025903,frame_000162
-0.074472,5.827392,-0.024464,frame_000163
-0.077969,5.920242,-0.023005,frame_000164
-0.081857,6.013180,-0.021528,frame_000165
-0.085967,6.106227,-0.020037,frame_000166
-0.089393,6.199393,-0.018540,frame_000167
-0.092133,6.292685,-0.017055,frame_000168
-0.094188,6.386098,-0.015601,frame_000169
-0.095558,6.479619,-0.014129,frame_000170
-0.096244,6.573227,-0.012639,frame_000171
-0.096244,6.666893,-0.011132,frame_000172
-0.095558,6.761778,-0.009682,frame_000173
-0.094188,6.858060,-0.008295,frame_000174
-0.092133,6.955915,-0.006976,frame_000175
-0.089393,7.054317,-0.005717,frame_000176
-0.085967,7.153222,-0.004531,frame_000177
-0.081857,7.252575,-0.003431,frame_000178
-0.077969,7.352313,-0.002427,frame_000179
-0.074472,7.452364,-0.001520,frame_000180
-0.071540,7.552649,-0.000711,frame_000181
-0.068446,7.653080,-0.000006,frame_000182
-0.065210,7.753561,0.000601,frame_000183
-0.061850,7.853986,0.001119,frame_000184
-0.058385,7.955442,0.001612,frame_000185
-0.054834,8.058031,0.002081,frame_000186
-0.051217,8.161852,0.002528,frame_000187
-0.047553,8.265807,0.002895,frame_000188
-0.043860,8.369773,0.003184,frame_000189
-0.040157,8.473621,0.003399,frame_000190
-0.036464,8.578413,0.003583,frame_000191
-0.032799,8.684223,0.003741,frame_000192
-0.029182,8.791127,0.003883,frame_000193
-0.025632,8.898002,0.003985,frame_000194
-0.022167,9.004699,0.004058,frame_000195
-0.018807,9.111064,0.004111,frame_000196
-0.015571,9.218134,0.004152,frame_000197
-0.012477,9.325958,0.004187,frame_000198
-0.009545,9.434588,0.004222,frame_000199
-0.006794,9.544072,0.004264,frame_000200
-0.004242,9.654462,0.004319,frame_000201
-0.001910,9.765809,0.004394,frame_000202
0.000185,9.876961,0.004448,frame_000203
0.002022,9.987748,0.004496,frame_000204
0.003584,10.097989,0.004547,frame_000205
0.004851,10.208695,0.004651,frame_000206
0.005804,10.319892,0.004811,frame_000207
0.006423,10.431605,0.005032,frame_000208
0.006691,10.543858,0.005332,frame_000209
0.006588,10.656678,0.005704,frame_000210
0.006094,10.770088,0.006141,frame_000211
0.005191,10.882915,0.006621,frame_000212
0.003861,10.994962,0.007146,frame_000213
0.002083,11.106022,0.007716,frame_000214
0.000746,11.217082,0.008325,frame_000215
-0.000000,11.328142,0.008976,frame_000216
-0.000000,11.439202,0.009672,frame_000217
-0.000000,11.549277,0.010391,frame_000218
-0.000000,11.658570,0.011125,frame_000219
-0.000000,11.767280,0.011865,frame_000220
-0.000000,11.876581,0.012649,frame_000221
-0.000000,11.986448,0.013463,frame_000222
-0.000000,12.096856,0.014293,frame_000223
-0.000000,12.207779,0.015245,frame_000224
-0.000000,12.319193,0.016289,frame_000225
-0.000000,12.431073,0.017395,frame_000226
-0.000000,12.543392,0.018452,frame_000227
-0.000000,12.656127,0.019438,frame_000228
-0.000000,12.769252,0.020331,frame_000229
-0.000000,12.882741,0.021173,frame_000230
-0.000000,12.996570,0.021942,frame_000231
-0.000000,13.110714,0.022622,frame_000232
-0.000000,13.225146,0.023219,frame_000233
-0.000000,13.339843,0.023724,frame_000234
-0.000000,13.454779,0.024130,frame_000235
-0.000746,13.568943,0.024297,frame_000236
-0.002083,13.682514,0.024227,frame_000237
-0.003861,13.795666,0.023923,frame_000238
-0.005191,13.909547,0.023453,frame_000239
-0.006094,14.024107,0.022819,frame_000240
-0.006588,14.139296,0.022021,frame_000241
-0.006691,14.255064,0.021095,frame_000242
-0.006423,14.371360,0.020033,frame_000243
-0.005804,14.488134,0.018825,frame_000244
-0.004851,14.604349,0.017390,frame_000245
-0.003584,14.720162,0.015745,frame_000246
-0.002022,14.835717,0.013909,frame_000247
-0.000185,14.952141,0.011899,frame_000248
0.001910,15.069356,0.009729,frame_000249
0.004242,15.187289,0.007415,frame_000250
0.006048,15.305863,0.004947,frame_000251
0.007462,15.425004,0.002344,frame_000252
0.008616,15.544635,-0.000371,frame_000253
0.010379,15.663694,-0.003108,frame_000254
0.012713,15.782313,-0.005843,frame_000255
0.015579,15.900612,-0.008550,frame_000256
0.018941,16.019691,-0.011294,frame_000257
0.022759,16.139450,-0.014048,frame_000258
0.026996,16.259786,-0.016785,frame_000259
0.031613,16.380601,-0.019513,frame_000260
0.036573,16.501793,-0.022216,frame_000261
0.041837,16.623262,-0.024878,frame_000262
0.047368,16.744907,-0.027470,frame_000263
0.053127,16.866627,-0.029965,frame_000264
0.059077,16.988323,-0.032340,frame_000265
0.064432,17.108906,-0.034497,frame_000266
0.069312,17.228482,-0.036424,frame_000267
0.073826,17.347148,-0.038106,frame_000268
0.078825,17.467177,-0.039580,frame_000269
0.084252,17.588666,-0.040829,frame_000270
0.090051,17.711720,-0.041837,frame_000271
0.096163,17.835251,-0.042669,frame_000272
0.102533,17.959160,-0.043310,frame_000273
0.109102,18.083346,-0.043746,frame_000274
0.115814,18.207708,-0.044073,frame_000275
0.122612,18.332145,-0.044304,frame_000276
0.129438,18.456557,-0.044449,frame_000277
0.136235,18.579857,-0.044513,frame_000278
0.142947,18.702150,-0.044488,frame_000279
0.149517,18.823533,-0.044367,frame_000280
0.155886,18.945079,-0.044134,frame_000281
0.161998,19.066663,-0.043801,frame_000282
0.167797,19.188158,-0.043382,frame_000283
0.173970,19.309440,-0.042924,frame_000284
0.180306,19.430382,-0.042432,frame_000285
0.186598,19.550859,-0.041913,frame_000286
0.192808,19.670959,-0.041268,frame_000287
0.199067,19.790983,-0.040490,frame_000288
0.205510,19.911233,-0.039573,frame_000289
0.211372,20.031798,-0.038548,frame_000290
0.216635,20.152552,-0.037418,frame_000291
0.221280,20.273368,-0.036191,frame_000292
0.226033,20.394122,-0.034867,frame_000293
0.230720,20.514687,-0.033477,frame_000294
0.235173,20.634937,-0.032054,frame_000295
0.238485,20.755947,-0.030557,frame_000296
0.240654,20.877814,-0.028988,frame_000297
0.241682,21.000641,-0.027352,frame_000298
0.241567,21.122356,-0.025638,frame_000299
0.240311,21.243064,-0.023856,frame_000300
0.237914,21.362862,-0.022019,frame_000301
0.236028,21.482823,-0.020100,frame_000302
0.234666,21.602822,-0.018106,frame_000303
0.233855,21.722733,-0.016046,frame_000304
0.232724,21.843630,-0.013989,frame_000305
0.231156,21.965609,-0.011943,frame_000306
0.229040,22.088776,-0.009919,frame_000307
0.225525,22.212044,-0.007863,frame_000308
0.220668,22.335311,-0.005778,frame_000309
0.214527,22.458478,-0.003667,frame_000310
0.207905,22.581444,-0.001534,frame_000311
0.200703,22.704107,0.000615,frame_000312
0.192829,22.826369,0.002773,frame_000313
0.184197,22.948127,0.004982,frame_000314
0.174729,23.069281,0.007234,frame_000315
0.164351,23.189731,0.009523,frame_000316
0.153905,23.309590,0.011773,frame_000317
0.143498,23.429185,0.013962,frame_000318
0.133251,23.548842,0.016068,frame_000319
0.122389,23.668676,0.018100,frame_000320
0.110890,23.788585,0.020042,frame_000321
0.098739,23.908469,0.021877,frame_000322
0.085925,24.028228,0.023595,frame_000323
0.072446,24.147759,0.025196,frame_000324
0.058305,24.266964,0.026680,frame_000325
0.043511,24.385741,0.028060,frame_000326
0.028080,24.503990,0.029330,frame_000327
0.012034,24.621610,0.030481,frame_000328
-0.004598,24.739701,0.031571,frame_000329
-0.021781,24.858383,0.032604,frame_000330
-0.039474,24.977788,0.033587,frame_000331
-0.057629,25.095866,0.034462,frame_000332
-0.076193,25.212749,0.035228,frame_000333
-0.095105,25.328558,0.035886,frame_000334
-0.115207,25.444392,0.036479,frame_000335
-0.136593,25.560150,0.037019,frame_000336
-0.159359,25.675733,0.037518,frame_000337
-0.181946,25.792238,0.037980,frame_000338
-0.204436,25.909789,0.038414,frame_000339
-0.226900,26.028514,0.038833,frame_000340
-0.250140,26.147352,0.039249,frame_000341
-0.274046,26.266228,0.039669,frame_000342
-0.298500,26.385067,0.040104,frame_000343
-0.324286,26.503792,0.040506,frame_000344
-0.351442,26.622329,0.040869,frame_000345
-0.380006,26.740601,0.041185,frame_000346
-0.408363,26.858534,0.041476,frame_000347
-0.436538,26.976051,0.041750,frame_000348
-0.464543,27.093079,0.042018,frame_000349
-0.493125,27.210740,0.042282,frame_000350
-0.522116,27.329181,0.042542,frame_000351
-0.551341,27.448559,0.042797,frame_000352
-0.581526,27.567836,0.043034,frame_000353
-0.612654,27.686962,0.043250,frame_000354
-0.644705,27.805887,0.043445,frame_000355
-0.676913,27.924560,0.043647,frame_000356
-0.709416,28.042931,0.043861,frame_000357
-0.742343,28.160950,0.044092,frame_000358
-0.775657,28.278567,0.044342,frame_000359
-0.809151,28.395731,0.044614,frame_000360
-0.842612,28.512392,0.044908,frame_000361
-0.875984,28.628499,0.045227,frame_000362
-0.909365,28.744002,0.045568,frame_000363
-0.942847,28.858852,0.045931,frame_000364
-0.976515,28.972997,0.046293,frame_000365
-1.010449,29.086388,0.046647,frame_000366
-1.044721,29.198973,0.046985,frame_000367
-1.080145,29.311903,0.047263,frame_000368
-1.116626,29.425350,0.047478,frame_000369
-1.154067,29.539493,0.047627,frame_000370
-1.191628,29.653322,0.047717,frame_000371
-1.229369,29.766812,0.047742,frame_000372
-1.267345,29.879937,0.047697,frame_000373
-1.305602,29.992671,0.047631,frame_000374
-1.344181,30.104991,0.047544,frame_000375
-1.383119,30.216871,0.047439,frame_000376
-1.422443,30.328285,0.047259,frame_000377
-1.462175,30.439208,0.047007,frame_000378
-1.502332,30.549616,0.046685,frame_000379
-1.543669,30.659483,0.046322,frame_000380
-1.586033,30.768784,0.045915,frame_000381
-1.629273,30.877494,0.045462,frame_000382
-1.672490,30.986787,0.044943,frame_000383
-1.715687,31.096861,0.044365,frame_000384
-1.758861,31.207922,0.043732,frame_000385
-1.802003,31.318982,0.043069,frame_000386
-1.845097,31.430042,0.042383,frame_000387
-1.888121,31.541102,0.041677,frame_000388
-1.931953,31.652163,0.040969,frame_000389
-1.976727,31.763223,0.040261,frame_000390
-2.022576,31.874283,0.039559,frame_000391
-2.068726,31.985343,0.038857,frame_000392
-2.115142,32.096404,0.038158,frame_000393
-2.161783,32.207464,0.037466,frame_000394
-2.208600,32.318524,0.036753,frame_000395
-2.255540,32.429584,0.036022,frame_000396
-2.302544,32.540645,0.035275,frame_000397
-2.350451,32.651705,0.034545,frame_000398
-2.399357,32.762765,0.033841,frame_000399
-2.449358,32.873825,0.033170,frame_000400
-2.499640,32.985872,0.032482,frame_000401
-2.550130,33.098699,0.031785,frame_000402
-2.600751,33.212109,0.031086,frame_000403
-2.651415,33.324929,0.030412,frame_000404
-2.702030,33.437182,0.029765,frame_000405
-2.752500,33.548895,0.029149,frame_000406
-2.802879,33.660092,0.028568,frame_000407
-2.853382,33.770798,0.028025,frame_000408
-2.904214,33.881039,0.027524,frame_000409
-2.955414,33.990840,0.027039,frame_000410
-3.006850,34.100226,0.026575,frame_000411
-3.058388,34.209221,0.026137,frame_000412
-3.110791,34.318839,0.025735,frame_000413
-3.164079,34.428897,0.025370,frame_000414
-3.218272,34.539224,0.025037,frame_000415
-3.272641,34.648671,0.024734,frame_000416
-3.327361,34.757288,0.024454,frame_000417
-3.382601,34.865125,0.024190,frame_000418
-3.438361,34.972232,0.023952,frame_000419
-3.494472,35.078660,0.023740,frame_000420
-3.550760,35.184460,0.023559,frame_000421
-3.607952,35.290667,0.023399,frame_000422
-3.666029,35.397126,0.023261,frame_000423
-3.724971,35.503691,0.023146,frame_000424
-3.784015,35.609237,0.023051,frame_000425
-3.843296,35.713840,0.022971,frame_000426
-3.902944,35.817575,0.022903,frame_000427
-3.963829,35.920517,0.022884,frame_000428
-4.025913,36.022743,0.022911,frame_000429
-4.089158,36.124327,0.022986,frame_000430
-4.151872,36.226331,0.023066,frame_000431
-4.214004,36.328625,0.023145,frame_000432
-4.275491,36.431088,0.023221,frame_000433
-4.337910,36.532620,0.023319,frame_000434
-4.401186,36.633322,0.023440,frame_000435
-4.465242,36.733295,0.023586,frame_000436
-4.529256,36.832638,0.023737,frame_000437
-4.593308,36.931453,0.023893,frame_000438
-4.657470,37.029841,0.024056,frame_000439
-4.722555,37.128888,0.024222,frame_000440
-4.788468,37.228489,0.024390,frame_000441
-4.855113,37.328547,0.024554,frame_000442
-4.921650,37.427990,0.024684,frame_000443
-4.988139,37.526942,0.024781,frame_000444
-5.054634,37.625529,0.024846,frame_000445
-5.121927,37.724863,0.024917,frame_000446
-5.189906,37.824865,0.024992,frame_000447
-5.258456,37.925463,0.025065,frame_000448
-5.326716,38.025608,0.025126,frame_000449
-5.394729,38.125452,0.025172,frame_000450
-5.462528,38.225144,0.025201,frame_000451
-5.530143,38.324623,0.025236,frame_000452
-5.597595,38.423611,0.025280,frame_000453
-5.664901,38.521831,0.025341,frame_000454
-5.732070,38.619222,0.025402,frame_000455
-5.799105,38.715933,0.025466,frame_000456
-5.866003,38.812117,0.025532,frame_000457
-5.934408,38.908909,0.025594,frame_000458
-6.004317,39.006255,0.025656,frame_000459
-6.075733,39.104109,0.025719,frame_000460
-6.147012,39.201448,0.025817,frame_000461
-6.218158,39.298447,0.025954,frame_000462
-6.289166,39.395282,0.026136,frame_000463
-6.360028,39.491917,0.026380,frame_000464
-6.430727,39.588098,0.026679,frame_000465
-6.501242,39.683575,0.027027,frame_000466
-6.572452,39.779296,0.027362,frame_000467
-6.644489,39.875232,0.027685,frame_000468
-6.717487,39.971362,0.027996,frame_000469
-6.790672,40.066686,0.028309,frame_000470
-6.864009,40.161407,0.028629,frame_000471
-6.937455,40.255725,0.028961,frame_000472
-7.011711,40.349628,0.029294,frame_000473
-7.086566,40.442890,0.029636,frame_000474
-7.161811,40.535284,0.029995,frame_000475
-7.237399,40.626797,0.030360,frame_000476
-7.313443,40.717632,0.030738,frame_000477
-7.390059,40.807988,0.031137,frame_000478
-7.466451,40.899054,0.031560,frame_000479
-7.542567,40.990824,0.032010,frame_000480
-7.618346,41.083305,0.032489,frame_000481
-7.694630,41.175307,0.033008,frame_000482
-7.771513,41.266630,0.033570,frame_000483
-7.849091,41.357073,0.034176,frame_000484
-7.926550,41.446647,0.034856,frame_000485
-8.003819,41.535581,0.035604,frame_000486
-8.080817,41.624099,0.036416,frame_000487
-8.158367,41.713415,0.037369,frame_000488
-8.236546,41.803549,0.038446,frame_000489
-8.315428,41.894530,0.039627,frame_000490
-8.394183,41.985198,0.040851,frame_000491
-8.472718,42.075375,0.042107,frame_000492
-8.550936,42.164885,0.043382,frame_000493
-8.629639,42.253766,0.044707,frame_000494
-8.708884,42.342270,0.046077,frame_000495
-8.788729,42.430648,0.047483,frame_000496
-8.868322,42.518938,0.048915,frame_000497
-8.947554,42.606964,0.050356,frame_000498
-9.026305,42.694550,0.051788,frame_000499
-9.105362,42.782720,0.053197,frame_000500
-9.184760,42.871519,0.054570,frame_000501
-9.264540,42.961002,0.055897,frame_000502
-9.344738,43.050033,0.057176,frame_000503
-9.425392,43.138460,0.058398,frame_000504
-9.506542,43.226132,0.059556,frame_000505
-9.588224,43.314098,0.060648,frame_000506
-9.670477,43.402430,0.061666,frame_000507
-9.753340,43.491208,0.062602,frame_000508
-9.835941,43.579318,0.063385,frame_000509
-9.918152,43.666637,0.064025,frame_000510
-9.999835,43.753037,0.064532,frame_000511
-10.082503,43.838607,0.064893,frame_000512
-10.166018,43.923648,0.065117,frame_000513
-10.250250,44.008464,0.065214,frame_000514
-10.334330,44.093141,0.065246,frame_000515
-10.418296,44.177554,0.065193,frame_000516
-10.502186,44.261576,0.065035,frame_000517
-10.586038,44.345084,0.064788,frame_000518
-10.669890,44.427949,0.064449,frame_000519
-10.753779,44.510048,0.064012,frame_000520
-10.837745,44.592453,0.063465,frame_000521
-10.921825,44.675262,0.062812,frame_000522
-11.006058,44.758579,0.062055,frame_000523
-11.089573,44.841317,0.061255,frame_000524
-11.172240,44.923376,0.060411,frame_000525
-11.253924,45.004656,0.059525,frame_000526
-11.336134,45.085268,0.058611,frame_000527
-11.418736,45.165541,0.057674,frame_000528
-11.501598,45.245802,0.056720,frame_000529
-11.583851,45.326163,0.055746,frame_000530
-11.665534,45.406524,0.054758,frame_000531
-11.746683,45.486785,0.053764,frame_000532
-11.827338,45.566844,0.052745,frame_000533
-11.907536,45.646601,0.051718,frame_000534
-11.987315,45.725956,0.050697,frame_000535
-12.067460,45.806008,0.049667,frame_000536
-12.147852,45.886878,0.048639,frame_000537
-12.228382,45.968696,0.047624,frame_000538
-12.308198,46.050401,0.046567,frame_000539
-12.387358,46.131918,0.045461,frame_000540
-12.465918,46.213170,0.044299,frame_000541
-12.544681,46.294083,0.043099,frame_000542
-12.623550,46.374581,0.041867,frame_000543
-12.702433,46.454588,0.040608,frame_000544
-12.780497,46.535230,0.039326,frame_000545
-12.857819,46.616651,0.038022,frame_000546
-12.934474,46.699009,0.036699,frame_000547
-13.011286,46.781266,0.035292,frame_000548
-13.088175,46.863372,0.033803,frame_000549
-13.165067,46.945277,0.032238,frame_000550
-13.241151,47.025944,0.030591,frame_000551
-13.316521,47.105529,0.028873,frame_000552
-13.391272,47.184178,0.027092,frame_000553
-13.466246,47.263015,0.025193,frame_000554
-13.541383,47.341966,0.023197,frame_000555
-13.616628,47.420954,0.021124,frame_000556
-13.691934,47.499905,0.019008,frame_000557
-13.767259,47.578742,0.016861,frame_000558
-13.842570,47.657391,0.014690,frame_000559
-13.917090,47.735776,0.012557,frame_000560
-13.990954,47.813821,0.010492,frame_000561
-14.064295,47.891451,0.008526,frame_000562
-14.137084,47.969791,0.006755,frame_000563
-14.209131,48.048986,0.005200,frame_000564
-14.280245,48.129193,0.003880,frame_000565
-14.351144,48.209375,0.002718,frame_000566
-14.421806,48.289481,0.001707,frame_000567
-14.492215,48.369461,0.000843,frame_000568
-14.561615,48.448279,0.000160,frame_000569
-14.630159,48.526091,-0.000348,frame_000570
-14.697998,48.603041,-0.000688,frame_000571
-14.766032,48.680256,-0.000889,frame_000572
-14.834257,48.757660,-0.000944,frame_000573
-14.902676,48.835177,-0.000848,frame_000574
-14.971298,48.912731,-0.000612,frame_000575
-15.040140,48.990248,-0.000245,frame_000576
-15.109224,49.067652,0.000245,frame_000577
-15.177670,49.146067,0.000828,frame_000578
-15.245346,49.225639,0.001499,frame_000579
-15.312117,49.306525,0.002250,frame_000580
-15.378759,49.387688,0.003072,frame_000581
-15.445307,49.469077,0.003956,frame_000582
-15.511801,49.550643,0.004893,frame_000583
-15.577543,49.632334,0.005930,frame_000584
-15.642744,49.714100,0.007057,frame_000585
-15.707611,49.795892,0.008263,frame_000586
-15.772193,49.877658,0.009526,frame_000587
-15.836375,49.959349,0.010838,frame_000588
-15.900043,50.040914,0.012188,frame_000589
-15.963991,50.122303,0.013534,frame_000590
-16.028273,50.203466,0.014863,frame_000591
-16.092948,50.284352,0.016161,frame_000592
-16.157177,50.364911,0.017463,frame_000593
-16.220863,50.445093,0.018751,frame_000594
-16.283911,50.524847,0.020008,frame_000595
-16.347135,50.604123,0.021207,frame_000596
-16.410606,50.682871,0.022328,frame_000597
-16.474405,50.761040,0.023352,frame_000598
-16.537710,50.838580,0.024284,frame_000599
-16.600443,50.915441,0.025116,frame_000600
-16.662529,50.991573,0.025839,frame_000601
-16.724800,51.068124,0.026483,frame_000602
-16.787347,51.145268,0.027040,frame_000603
-16.850270,51.223184,0.027501,frame_000604
-16.912764,51.300861,0.027925,frame_000605
-16.974773,51.378274,0.028319,frame_000606
-17.036239,51.455397,0.028692,frame_000607
-17.097106,51.531220,0.029028,frame_000608
-17.157317,51.605923,0.029330,frame_000609
-17.216813,51.679677,0.029599,frame_000610
-17.276447,51.753633,0.029864,frame_000611
-17.336329,51.827740,0.030139,frame_000612
-17.396577,51.901947,0.030439,frame_000613
-17.456405,51.976204,0.030742,frame_000614
-17.515777,52.050462,0.031047,frame_000615
-17.574654,52.124669,0.031352,frame_000616
-17.632998,52.198775,0.031620,frame_000617
-17.690772,52.272731,0.031848,frame_000618
-17.747936,52.346485,0.032038,frame_000619
-17.806107,52.421188,0.032175,frame_000620
-17.865260,52.497011,0.032255,frame_000621
-17.925381,52.574135,0.032271,frame_000622
-17.984817,52.651547,0.032263,frame_000623
-18.043568,52.729224,0.032237,frame_000624
-18.101633,52.807140,0.032198,frame_000625
-18.159014,52.885270,0.032095,frame_000626
-18.215710,52.963589,0.031933,frame_000627
-18.271720,53.042071,0.031719,frame_000628
-18.327046,53.120691,0.031508,frame_000629
-18.381686,53.199424,0.031304,frame_000630
-18.435641,53.278246,0.031111,frame_000631
-18.488911,53.357130,0.030934,frame_000632
-18.541497,53.436053,0.030779,frame_000633
-18.593397,53.514987,0.030651,frame_000634
-18.645519,53.593909,0.030531,frame_000635
-18.698033,53.672794,0.030418,frame_000636
-18.751111,53.751615,0.030310,frame_000637
-18.804028,53.830349,0.030233,frame_000638
-18.856802,53.908969,0.030184,frame_000639
-18.909453,53.987451,0.030159,frame_000640
-18.961998,54.065770,0.030167,frame_000641
-19.014458,54.143899,0.030207,frame_000642
-19.066852,54.221815,0.030278,frame_000643
-19.119198,54.299492,0.030366,frame_000644
-19.171515,54.376905,0.030461,frame_000645
-19.223823,54.454029,0.030556,frame_000646
-19.276141,54.530838,0.030596,frame_000647
-19.328487,54.607307,0.030583,frame_000648
-19.380880,54.683412,0.030518,frame_000649
-19.434086,54.758141,0.030467,frame_000650
-19.487968,54.831674,0.030426,frame_000651
-19.542397,54.904183,0.030391,frame_000652
-19.596502,54.976818,0.030310,frame_000653
-19.650321,55.049528,0.030181,frame_000654
-19.703893,55.122264,0.030003,frame_000655
-19.757256,55.194974,0.029794,frame_000656
-19.810448,55.267609,0.029552,frame_000657
-19.863506,55.340118,0.029278,frame_000658
-19.916469,55.413651,0.028932,frame_000659
-19.969375,55.488380,0.028517,frame_000660
-20.022262,55.564485,0.028037,frame_000661
-20.075168,55.640954,0.027524,frame_000662
-20.128131,55.717763,0.026984,frame_000663
-20.181190,55.794887,0.026422,frame_000664
-20.234381,55.872300,0.025784,frame_000665
-20.287744,55.949977,0.025074,frame_000666
-20.341316,56.027893,0.024298,frame_000667
-20.395136,56.106023,0.023507,frame_000668
-20.449240,56.184341,0.022705,frame_000669
-20.503669,56.262823,0.021894,frame_000670
-20.557551,56.341443,0.021047,frame_000671
-20.610757,56.420177,0.020170,frame_000672
-20.663151,56.498999,0.019267,frame_000673
-20.715497,56.577883,0.018361,frame_000674
-20.767814,56.656805,0.017456,frame_000675
-20.820122,56.735740,0.016556,frame_000676
-20.872439,56.814662,0.015681,frame_000677
-20.924785,56.893547,0.014844,frame_000678
-20.977179,56.972368,0.014058,frame_000679
-21.030385,57.051102,0.013333,frame_000680
-21.084267,57.129722,0.012670,frame_000681
-21.138695,57.208204,0.012071,frame_000682
-21.192800,57.286523,0.011532,frame_000683
-21.246620,57.364652,0.011056,frame_000684
-21.300192,57.442568,0.010647,frame_000685
-21.353554,57.520245,0.010300,frame_000686
-21.406746,57.597658,0.010017,frame_000687
-21.459804,57.674782,0.009800,frame_000688
-21.512767,57.751591,0.009648,frame_000689
-21.565673,57.828060,0.009556,frame_000690
-21.618560,57.904165,0.009518,frame_000691
-21.671466,57.980866,0.009528,frame_000692
-21.724429,58.057933,0.009582,frame_000693
-21.777488,58.135143,0.009672,frame_000694
-21.829933,58.211296,0.009737,frame_000695
-21.881959,58.286393,0.009774,frame_000696
-21.933753,58.360433,0.009779,frame_000697
-21.986242,58.433417,0.009831,frame_000698
-22.039444,58.505344,0.009929,frame_000699
-22.093379,58.576215,0.010074,frame_000700
-22.147158,58.647229,0.010195,frame_000701
-22.200632,58.718609,0.010285,frame_000702
-22.253645,58.790584,0.010340,frame_000703
-22.306944,58.862196,0.010402,frame_000704
-22.360528,58.933467,0.010467,frame_000705
-22.414397,59.004424,0.010530,frame_000706
-22.468552,59.075092,0.010576,frame_000707
-22.522993,59.145495,0.010597,frame_000708
-22.577719,59.215660,0.010586,frame_000709
-22.632730,59.285611,0.010559,frame_000710
-22.688027,59.355373,0.010518,frame_000711
-22.743609,59.424972,0.010463,frame_000712
-22.799477,59.494432,0.010364,frame_000713
-22.855630,59.563779,0.010225,frame_000714
-22.912069,59.633038,0.010048,frame_000715
-22.968793,59.702234,0.009893,frame_000716
-23.025802,59.771393,0.009762,frame_000717
-23.083097,59.840539,0.009658,frame_000718
-23.140678,59.910683,0.009523,frame_000719
-23.198544,59.981646,0.009359,frame_000720
-23.256695,60.053256,0.009170,frame_000721
-23.315132,60.124362,0.008986,frame_000722
-23.373854,60.195016,0.008812,frame_000723
-23.432862,60.265267,0.008651,frame_000724
-23.492155,60.335165,0.008505,frame_000725
-23.551733,60.404762,0.008374,frame_000726
-23.611597,60.474108,0.008257,frame_000727
-23.671747,60.543252,0.008158,frame_000728
-23.732182,60.612245,0.008084,frame_000729
-23.792902,60.681138,0.008043,frame_000730
-23.853000,60.750966,0.008020,frame_000731
-23.912308,60.821575,0.008012,frame_000732
-23.970651,60.892818,0.008021,frame_000733
-24.028756,60.963571,0.008047,frame_000734
-24.086604,61.033908,0.008093,frame_000735
-24.144176,61.103906,0.008163,frame_000736
-24.200707,61.173640,0.008249,frame_000737
-24.256334,61.243185,0.008357,frame_000738
-24.311186,61.312617,0.008490,frame_000739
-24.366133,61.382011,0.008667,frame_000740
-24.421138,61.451443,0.008879,frame_000741
-24.476161,61.520987,0.009120,frame_000742
-24.531165,61.589521,0.009309,frame_000743
-24.586113,61.656897,0.009455,frame_000744
-24.640965,61.722960,0.009563,frame_000745
-24.696591,61.789732,0.009674,frame_000746
-24.753123,61.857058,0.009801,frame_000747
-24.810695,61.924792,0.009960,frame_000748
-24.867797,61.991808,0.010282,frame_000749
-24.924565,62.058184,0.010743,frame_000750
-24.981130,62.123993,0.011321,frame_000751
-25.038361,62.189312,0.011995,frame_000752
-25.096220,62.254216,0.012752,frame_000753
-25.154669,62.318780,0.013578,frame_000754
-25.213669,62.384066,0.014410,frame_000755
-25.273184,62.449944,0.015238,frame_000756
-25.333174,62.516293,0.016050,frame_000757
-25.392856,62.582012,0.016765,frame_000758
-25.452347,62.647204,0.017388,frame_000759
-25.511758,62.711968,0.017921,frame_000760
-25.571940,62.776404,0.018380,frame_000761
-25.632836,62.840615,0.018769,frame_000762
-25.694387,62.904699,0.019093,frame_000763
-25.756539,62.969745,0.019370,frame_000764
-25.819233,63.035646,0.019609,frame_000765
-25.882412,63.102308,0.019821,frame_000766
-25.945273,63.168655,0.020010,frame_000767
-26.007915,63.234813,0.020172,frame_000768
-26.070429,63.300908,0.020306,frame_000769
-26.133647,63.365866,0.020451,frame_000770
-26.197494,63.429591,0.020607,frame_000771
-26.261892,63.491978,0.020777,frame_000772
-26.326766,63.555099,0.020950,frame_000773
-26.392040,63.618850,0.021127,frame_000774
-26.457637,63.683134,0.021307,frame_000775
-26.522735,63.746877,0.021514,frame_000776
-26.587414,63.810205,0.021738,frame_000777
-26.651747,63.873244,0.021970,frame_000778
-26.716547,63.936120,0.022196,frame_000779
-26.781717,63.998957,0.022415,frame_000780
-26.847163,64.061883,0.022628,frame_000781
-26.912790,64.123823,0.022825,frame_000782
-26.978502,64.184680,0.023005,frame_000783
-27.044205,64.244350,0.023167,frame_000784
-27.109804,64.303919,0.023445,frame_000785
-27.175202,64.363488,0.023814,frame_000786
-27.240306,64.423158,0.024251,frame_000787
-27.305927,64.483029,0.024654,frame_000788
-27.372139,64.543201,0.025024,frame_000789
-27.439021,64.603777,0.025360,frame_000790
-27.505750,64.664855,0.025494,frame_000791
-27.572251,64.726537,0.025447,frame_000792
-27.638448,64.788924,0.025235,frame_000793
-27.704264,64.852116,0.025069,frame_000794
-27.769623,64.916213,0.024959,frame_000795
-27.834449,64.981316,0.024915,frame_000796
-27.898667,65.046326,0.024756,frame_000797
-27.962199,65.111122,0.024538,frame_000798
-28.024970,65.175573,0.024317,frame_000799
-28.087812,65.240741,0.024070,frame_000800
-28.150816,65.306701,0.023795,frame_000801
-28.214080,65.373530,0.023489,frame_000802
-28.276803,65.441301,0.023283,frame_000803
-28.338925,65.510092,0.023150,frame_000804
-28.400392,65.579976,0.023063,frame_000805
-28.461144,65.649831,0.023002,frame_000806
-28.521126,65.719508,0.022950,frame_000807
-28.580280,65.788854,0.022892,frame_000808
-28.638711,65.858904,0.022853,frame_000809
-28.696686,65.929708,0.022842,frame_000810
-28.754470,66.001318,0.022869,frame_000811
-28.812168,66.073782,0.022932,frame_000812
-28.869723,66.147153,0.023043,frame_000813
-28.927079,66.221479,0.023212,frame_000814
-28.984178,66.295612,0.023479,frame_000815
-29.040963,66.369379,0.023852,frame_000816
-29.097377,66.442600,0.024340,frame_000817
-29.154270,66.516286,0.025008,frame_000818
-29.211754,66.590463,0.025842,frame_000819
-29.269946,66.665156,0.026826,frame_000820
-29.328061,66.739404,0.027945,frame_000821
-29.386063,66.813436,0.029181,frame_000822
-29.443912,66.887477,0.030519,frame_000823
-29.501571,66.961525,0.031809,frame_000824
-29.559002,67.035358,0.033064,frame_000825
-29.616166,67.108746,0.034296,frame_000826
-29.673933,67.182650,0.035571,frame_000827
-29.732434,67.257044,0.036873,frame_000828
-29.791804,67.331904,0.038185,frame_000829
-29.851279,67.407203,0.039423,frame_000830
-29.910840,67.482918,0.040599,frame_000831
-29.970467,67.559023,0.041720,frame_000832
-30.030142,67.634507,0.042903,frame_000833
-30.089845,67.709549,0.044132,frame_000834
-30.149558,67.784322,0.045394,frame_000835
-30.209262,67.859976,0.046542,frame_000836
-30.268937,67.936460,0.047531,frame_000837
-30.328564,68.013724,0.048315,frame_000838
-30.388124,68.090731,0.048869,frame_000839
-30.447600,68.167636,0.049184,frame_000840
-30.506970,68.244587,0.049252,frame_000841
-30.566217,68.322708,0.049179,frame_000842
-30.625320,68.401923,0.048992,frame_000843
-30.684263,68.482157,0.048716,frame_000844
-30.743770,68.562348,0.048249,frame_000845
-30.803668,68.642626,0.047593,frame_000846
-30.863789,68.723113,0.046750,frame_000847
-30.923225,68.804908,0.046032,frame_000848
-30.981975,68.887910,0.045472,frame_000849
-31.040041,68.972020,0.045106,frame_000850
-31.097421,69.056149,0.044850,frame_000851
-31.154116,69.140404,0.044716,frame_000852
-31.210127,69.224880,0.044718,frame_000853
-31.266198,69.309665,0.044773,frame_000854
-31.322174,69.394839,0.044861,frame_000855
-31.377907,69.480474,0.044962,frame_000856
-31.433254,69.567618,0.045115,frame_000857
-31.488078,69.656120,0.045300,frame_000858
-31.542249,69.745830,0.045498,frame_000859
-31.595806,69.835611,0.045647,frame_000860
-31.648954,69.925516,0.045760,frame_000861
-31.701906,70.015592,0.045850,frame_000862
-31.754719,70.105878,0.046037,frame_000863
-31.807295,70.196401,0.046317,frame_000864
-31.859542,70.287183,0.046686,frame_000865
-31.912119,70.378237,0.047047,frame_000866
-31.964794,70.469567,0.047409,frame_000867
-32.017342,70.561169,0.047782,frame_000868
-32.068810,70.653030,0.048084,frame_000869
-32.119156,70.745128,0.048301,frame_000870
-32.168344,70.837436,0.048418,frame_000871
-32.216347,70.931115,0.048367,frame_000872
-32.263142,71.026340,0.048138,frame_000873
-32.308714,71.123289,0.047724,frame_000874
-32.353052,71.220937,0.047322,frame_000875
-32.396154,71.319239,0.046942,frame_000876
-32.438023,71.418139,0.046596,frame_000877
-32.478668,71.517575,0.046160,frame_000878
-32.518106,71.617475,0.045628,frame_000879
-32.556358,71.717761,0.044994,frame_000880
-32.594199,71.818343,0.044345,frame_000881
-32.631508,71.919126,0.043703,frame_000882
-32.668178,72.020004,0.043090,frame_000883
-32.703367,72.122064,0.042406,frame_000884
-32.737149,72.225408,0.041650,frame_000885
-32.769602,72.330135,0.040816,frame_000886
-32.801559,72.435146,0.039872,frame_000887
-32.832955,72.540320,0.038810,frame_000888
-32.863741,72.645526,0.037622,frame_000889
-32.893878,72.751827,0.036426,frame_000890
-32.923341,72.859298,0.035231,frame_000891
-32.952116,72.968014,0.034044,frame_000892
-32.979459,73.076850,0.032924,frame_000893
-33.005536,73.185661,0.031887,frame_000894
-33.030524,73.294291,0.030947,frame_000895
-33.054439,73.403775,0.030138,frame_000896
-33.077147,73.514166,0.029473,frame_000897
-33.098518,73.625512,0.028964,frame_000898
-33.120080,73.736664,0.028541,frame_000899
-33.141730,73.847451,0.028207,frame_000900
-33.163382,73.957693,0.027965,frame_000901
-33.184223,74.068399,0.027807,frame_000902
-33.204362,74.179596,0.027733,frame_000903
-33.223918,74.291309,0.027745,frame_000904
-33.242117,74.403562,0.027755,frame_000905
-33.258937,74.516382,0.027761,frame_000906
-33.274362,74.629792,0.027762,frame_000907
-33.289129,74.742620,0.027741,frame_000908
-33.303079,74.854666,0.027684,frame_000909
-33.316066,74.965726,0.027578,frame_000910
-33.328118,75.076787,0.027483,frame_000911
-33.339440,75.187847,0.027416,frame_000912
-33.350245,75.298907,0.027394,frame_000913
-33.360601,75.409967,0.027339,frame_000914
-33.370426,75.521028,0.027240,frame_000915
-33.379649,75.632088,0.027084,frame_000916
-33.386560,75.743148,0.026954,frame_000917
-33.391102,75.854208,0.026848,frame_000918
-33.393218,75.965269,0.026768,frame_000919
-33.394504,76.076329,0.026707,frame_000920
-33.394916,76.187389,0.026659,frame_000921
-33.394422,76.298449,0.026614,frame_000922
-33.393003,76.409510,0.026592,frame_000923
-33.390653,76.520570,0.026599,frame_000924
-33.387378,76.631630,0.026642,frame_000925
-33.383197,76.742690,0.026656,frame_000926
-33.378142,76.853750,0.026642,frame_000927
-33.372258,76.964811,0.026599,frame_000928
-33.365600,77.075871,0.026611,frame_000929
-33.358240,77.186931,0.026667,frame_000930
-33.350260,77.297991,0.026758,frame_000931
-33.340847,77.409051,0.026898,frame_000932
-33.329940,77.520112,0.027085,frame_000933
-33.317486,77.631172,0.027316,frame_000934
-33.304345,77.742232,0.027528,frame_000935
-33.290644,77.853292,0.027729,frame_000936
-33.276523,77.964352,0.027926,frame_000937
-33.261972,78.076399,0.028173,frame_000938
-33.246831,78.189225,0.028473,frame_000939
-33.230957,78.302636,0.028829,frame_000940
-33.213468,78.415455,0.029194,frame_000941
-33.194401,78.527709,0.029572,frame_000942
-33.173796,78.639421,0.029968,frame_000943
-33.153354,78.750618,0.030419,frame_000944
-33.133143,78.861324,0.030916,frame_000945
-33.113248,78.971565,0.031454,frame_000946
-33.092866,79.081366,0.031948,frame_000947
-33.071952,79.190751,0.032399,frame_000948
-33.050475,79.299747,0.032805,frame_000949
-33.026762,79.408378,0.033186,frame_000950
-33.000793,79.516669,0.033538,frame_000951
-32.972551,79.624646,0.033860,frame_000952
-32.943669,79.732334,0.034167,frame_000953
-32.914142,79.839757,0.034452,frame_000954
-32.883975,79.946942,0.034708,frame_000955
-32.853188,80.054898,0.034972,frame_000956
-32.821812,80.163447,0.035244,frame_000957
-32.789891,80.272416,0.035525,frame_000958
-32.756576,80.380655,0.035776,frame_000959
-32.721768,80.488215,0.035998,frame_000960
-32.685374,80.595146,0.036190,frame_000961
-32.648218,80.701499,0.036444,frame_000962
-32.610387,80.807323,0.036760,frame_000963
-32.571983,80.912669,0.037143,frame_000964
-32.532213,81.018574,0.037563,frame_000965
-32.491035,81.124882,0.038018,frame_000966
-32.448415,81.231447,0.038506,frame_000967
-32.405232,81.337144,0.038971,frame_000968
-32.361631,81.442048,0.039417,frame_000969
-32.317771,81.546236,0.039851,frame_000970
-32.272916,81.649782,0.040291,frame_000971
-32.227082,81.752762,0.040732,frame_000972
-32.180290,81.855251,0.041167,frame_000973
-32.132570,81.957326,0.041667,frame_000974
-32.083956,82.059060,0.042221,frame_000975
-32.034490,82.160531,0.042820,frame_000976
-31.983472,82.262799,0.043452,frame_000977
-31.931113,82.365735,0.044116,frame_000978
-31.877622,82.469216,0.044815,frame_000979
-31.824699,82.572144,0.045466,frame_000980
-31.772245,82.674619,0.046061,frame_000981
-31.720168,82.776742,0.046589,frame_000982
-31.667649,82.878614,0.047096,frame_000983
-31.614778,82.980334,0.047565,frame_000984
-31.561654,83.082004,0.047979,frame_000985
-31.508381,83.184711,0.048360,frame_000986
-31.455071,83.288349,0.048709,frame_000987
-31.401841,83.392822,0.049027,frame_000988
-31.347907,83.495857,0.049248,frame_000989
-31.293231,83.597356,0.049372,frame_000990
-31.237774,83.697215,0.049399,frame_000991
-31.182407,83.797507,0.049380,frame_000992
-31.127260,83.898126,0.049318,frame_000993
-31.072468,83.998977,0.049215,frame_000994
-31.018013,84.098985,0.049022,frame_000995
-30.963721,84.198277,0.048732,frame_000996
-30.909423,84.296977,0.048339,frame_000997
-30.854211,84.396198,0.047901,frame_000998
-30.798086,84.495859,0.047426,frame_000999
-30.741047,84.595891,0.046918,frame_001000
-30.684003,84.695244,0.046357,frame_001001
-30.627121,84.794068,0.045750,frame_001002
-30.570576,84.892515,0.045109,frame_001003
-30.514387,84.990735,0.044401,frame_001004
-30.458418,85.088880,0.043637,frame_001005
-30.402537,85.187101,0.042826,frame_001006
-30.345877,85.285334,0.041978,frame_001007
-30.288474,85.383303,0.041100,frame_001008
-30.230368,85.480731,0.040203,frame_001009
-30.172341,85.577555,0.039307,frame_001010
-30.114277,85.673927,0.038429,frame_001011
-30.056064,85.769997,0.037581,frame_001012
-29.996852,85.866901,0.036764,frame_001013
-29.936699,85.964587,0.035976,frame_001014
-29.875660,86.063007,0.035221,frame_001015
-29.814540,86.159938,0.034472,frame_001016
-29.753239,86.255333,0.033735,frame_001017
-29.691666,86.349139,0.033018,frame_001018
-29.628990,86.443478,0.032379,frame_001019
-29.565286,86.538296,0.031834,frame_001020
-29.500630,86.633546,0.031399,frame_001021
-29.435845,86.729191,0.031030,frame_001022
-29.370852,86.825202,0.030736,frame_001023
-29.305576,86.921558,0.030530,frame_001024
-29.239207,87.017259,0.030359,frame_001025
-29.171838,87.112508,0.030226,frame_001026
-29.103566,87.207505,0.030131,frame_001027
-29.036138,87.302238,0.030136,frame_001028
-28.969663,87.396481,0.030238,frame_001029
-28.904262,87.490006,0.030440,frame_001030
-28.838251,87.582802,0.030750,frame_001031
-28.771442,87.675070,0.031170,frame_001032
-28.703642,87.767011,0.031700,frame_001033
-28.635571,87.859812,0.032279,frame_001034
-28.567205,87.953469,0.032898,frame_001035
-28.498529,88.047987,0.033548,frame_001036
-28.428788,88.141191,0.034244,frame_001037
-28.358133,88.233086,0.034982,frame_001038
-28.286716,88.323669,0.035761,frame_001039
-28.215437,88.415111,0.036608,frame_001040
-28.144292,88.507410,0.037526,frame_001041
-28.073283,88.600569,0.038515,frame_001042
-28.002422,88.693401,0.039556,frame_001043
-27.931722,88.785705,0.040645,frame_001044
-27.861207,88.877279,0.041778,frame_001045
-27.789252,88.968137,0.042978,frame_001046
-27.715878,89.058504,0.044233,frame_001047
-27.641102,89.148606,0.045533,frame_001048
-27.566586,89.238457,0.046832,frame_001049
-27.492347,89.327856,0.048124,frame_001050
-27.418407,89.416600,0.049407,frame_001051
-27.344048,89.504703,0.050696,frame_001052
-27.269461,89.592390,0.051989,frame_001053
-27.194836,89.679889,0.053285,frame_001054
-27.120201,89.768412,0.054592,frame_001055
-27.045423,89.857980,0.055914,frame_001056
-26.970370,89.948622,0.057254,frame_001057
-26.895815,90.038189,0.058639,frame_001058
-26.821793,90.126712,0.060065,frame_001059
-26.748347,90.214211,0.061530,frame_001060
-26.674615,90.302885,0.063029,frame_001061
-26.600483,90.392755,0.064563,frame_001062
-26.525837,90.483849,0.066131,frame_001063
-26.450725,90.574021,0.067708,frame_001064
-26.375357,90.663298,0.069285,frame_001065
-26.299940,90.751703,0.070854,frame_001066
-26.224524,90.841433,0.072427,frame_001067
-26.148994,90.932510,0.074005,frame_001068
-26.073235,91.024963,0.075583,frame_001069
-25.998787,91.117630,0.077169,frame_001070
-25.925549,91.210335,0.078759,frame_001071
-25.853432,91.302901,0.080347,frame_001072
-25.779960,91.395153,0.081944,frame_001073
-25.705212,91.486914,0.083549,frame_001074
-25.629262,91.578009,0.085164,frame_001075
-25.553829,91.668475,0.086802,frame_001076
-25.478987,91.758563,0.088465,frame_001077
-25.404814,91.848526,0.090157,frame_001078
-25.330490,91.938400,0.091841,frame_001079
-25.255937,92.028011,0.093516,frame_001080
-25.181079,92.117181,0.095181,frame_001081
-25.105841,92.206935,0.096861,frame_001082
-25.030147,92.297318,0.098550,frame_001083
-24.953919,92.388386,0.100241,frame_001084
-24.877082,92.478015,0.101912,frame_001085
-24.799561,92.566260,0.103562,frame_001086
-24.721278,92.653166,0.105194,frame_001087
-24.643066,92.740958,0.106826,frame_001088
-24.565016,92.829681,0.108460,frame_001089
-24.487226,92.919390,0.110096,frame_001090
-24.408895,93.008949,0.111751,frame_001091
-24.329964,93.098205,0.113424,frame_001092
-24.250376,93.187009,0.115110,frame_001093
-24.170075,93.275209,0.116789,frame_001094
-24.089003,93.362655,0.118462,frame_001095
-24.007103,93.449194,0.120129,frame_001096
-23.925226,93.535877,0.121778,frame_001097
-23.843483,93.622775,0.123399,frame_001098
-23.761991,93.709967,0.124983,frame_001099
-23.679966,93.795356,0.126565,frame_001100
-23.597371,93.879020,0.128144,frame_001101
-23.514166,93.961032,0.129718,frame_001102
-23.431222,94.043640,0.131297,frame_001103
-23.348669,94.126915,0.132877,frame_001104
-23.266643,94.210938,0.134458,frame_001105
-23.184379,94.294596,0.136048,frame_001106
-23.101859,94.377763,0.137648,frame_001107
-23.019062,94.460314,0.139259,frame_001108
-22.935970,94.543323,0.140850,frame_001109
-22.852565,94.626886,0.142417,frame_001110
-22.768826,94.711108,0.143956,frame_001111
-22.684735,94.793916,0.145483,frame_001112
-22.600274,94.875415,0.146994,frame_001113
-22.515422,94.955702,0.148487,frame_001114
-22.431068,95.037051,0.149929,frame_001115
-22.347363,95.119557,0.151319,frame_001116
-22.264460,95.203326,0.152657,frame_001117
-22.181615,95.287272,0.153962,frame_001118
-22.098826,95.371293,0.155233,frame_001119
-22.016095,95.455288,0.156469,frame_001120
-21.932513,95.539158,0.157643,frame_001121
-21.847912,95.622802,0.158755,frame_001122
-21.762118,95.706118,0.159808,frame_001123
-21.676766,95.789007,0.160806,frame_001124
-21.592004,95.871368,0.161753,frame_001125
-21.507988,95.953099,0.162657,frame_001126
-21.423973,96.035302,0.163512,frame_001127
-21.339957,96.118096,0.164328,frame_001128
-21.255941,96.201612,0.165111,frame_001129
-21.171925,96.283802,0.165898,frame_001130
-21.087909,96.364797,0.166694,frame_001131
-21.003894,96.444717,0.167504,frame_001132
-20.919878,96.524663,0.168284,frame_001133
-20.835862,96.604533,0.169039,frame_001134
-20.751846,96.684227,0.169772,frame_001135
-20.667830,96.764844,0.170553,frame_001136
-20.583814,96.846507,0.171385,frame_001137
-20.499799,96.929343,0.172269,frame_001138
-20.415783,97.012294,0.173180,frame_001139
-20.331767,97.095281,0.174121,frame_001140
-20.247751,97.178231,0.175097,frame_001141
-20.163735,97.261068,0.176109,frame_001142
-20.079720,97.343717,0.177152,frame_001143
-19.995704,97.426101,0.178225,frame_001144
-19.911688,97.508145,0.179327,frame_001145
-19.827672,97.589774,0.180464,frame_001146
-19.743657,97.670913,0.181640,frame_001147
-19.659641,97.751486,0.182857,frame_001148
-19.575625,97.831418,0.184111,frame_001149
-19.491609,97.910632,0.185400,frame_001150
-19.407593,97.989268,0.186730,frame_001151
-19.323578,98.067677,0.188097,frame_001152
-19.239562,98.146213,0.189497,frame_001153
-19.155546,98.225012,0.190879,frame_001154
-19.071530,98.304000,0.192245,frame_001155
-18.987515,98.383101,0.193595,frame_001156
-18.903499,98.462240,0.194967,frame_001157
-18.819483,98.541342,0.196354,frame_001158
-18.735467,98.620330,0.197749,frame_001159
-18.651452,98.699129,0.199137,frame_001160
-18.567436,98.777664,0.200514,frame_001161
-18.483420,98.855860,0.201874,frame_001162
-18.399404,98.934840,0.203195,frame_001163
-18.315389,99.014753,0.204470,frame_001164
-18.231373,99.095751,0.205695,frame_001165
-18.148103,99.176801,0.206896,frame_001166
-18.065424,99.257850,0.208070,frame_001167
-17.983186,99.338849,0.209214,frame_001168
-17.900501,99.419747,0.210323,frame_001169
-17.817388,99.500494,0.211390,frame_001170
-17.733866,99.581040,0.212409,frame_001171
-17.649954,99.661335,0.213386,frame_001172
-17.565670,99.741327,0.214321,frame_001173
-17.481035,99.820968,0.215213,frame_001174
-17.396066,99.899220,0.216073,frame_001175
-17.310784,99.976238,0.216903,frame_001176
-17.225206,100.052170,0.217705,frame_001177
-17.139353,100.128139,0.218483,frame_001178
-17.053243,100.204071,0.219243,frame_001179
-16.966895,100.279889,0.219994,frame_001180
-16.880328,100.356719,0.220727,frame_001181
-16.793561,100.434707,0.221446,frame_001182
-16.706613,100.514007,0.222150,frame_001183
-16.619504,100.593585,0.222865,frame_001184
-16.532252,100.673389,0.223594,frame_001185
-16.444876,100.753369,0.224345,frame_001186
-16.357395,100.833475,0.225089,frame_001187
-16.269829,100.913656,0.225823,frame_001188
-16.182197,100.993863,0.226544,frame_001189
-16.094516,101.074044,0.227252,frame_001190
-16.006808,101.154150,0.227953,frame_001191
-15.919089,101.234130,0.228651,frame_001192
-15.831381,101.313934,0.229330,frame_001193
-15.743700,101.393511,0.229990,frame_001194
-15.656068,101.472812,0.230633,frame_001195
-15.568502,101.551786,0.231280,frame_001196
-15.481021,101.630383,0.231936,frame_001197
-15.393646,101.708552,0.232607,frame_001198
-15.306394,101.785256,0.233302,frame_001199
-15.219284,101.860652,0.234016,frame_001200
-15.132337,101.934886,0.234745,frame_001201
-15.045570,102.010282,0.235448,frame_001202
-14.959003,102.086987,0.236123,frame_001203
-14.872655,102.165155,0.236771,frame_001204
-14.785799,102.243752,0.237450,frame_001205
-14.698609,102.322726,0.238164,frame_001206
-14.611253,102.402027,0.238918,frame_001207
-14.524640,102.481604,0.239662,frame_001208
-14.438769,102.561408,0.240394,frame_001209
-14.353640,102.641388,0.241113,frame_001210
-14.269253,102.721494,0.241836,frame_001211
-14.185609,102.801676,0.242561,frame_001212
-14.102706,102.881882,0.243286,frame_001213
-14.020546,102.962063,0.244011,frame_001214
-13.939128,103.042169,0.244738,frame_001215
-13.858452,103.122149,0.245468,frame_001216
-13.778730,103.200967,0.246199,frame_001217
-13.699559,103.278778,0.246928,frame_001218
-13.618865,103.357208,0.247656,frame_001219
-13.537508,103.436087,0.248372,frame_001220
-13.455602,103.515249,0.249071,frame_001221
-13.373253,103.594533,0.249752,frame_001222
-13.291122,103.673289,0.250419,frame_001223
-13.209192,103.751466,0.251072,frame_001224
-13.127442,103.829014,0.251710,frame_001225
-13.045854,103.907083,0.252344,frame_001226
-12.964409,103.985845,0.252971,frame_001227
-12.883087,104.065480,0.253590,frame_001228
-12.802989,104.143990,0.254205,frame_001229
-12.723863,104.221556,0.254819,frame_001230
-12.643787,104.299829,0.255433,frame_001231
-12.562877,104.378664,0.256038,frame_001232
-12.481247,104.457921,0.256634,frame_001233
-12.399002,104.537463,0.257220,frame_001234
-12.316805,104.616666,0.257810,frame_001235
-12.234637,104.695504,0.258402,frame_001236
-12.152478,104.773952,0.258992,frame_001237
-12.070310,104.851985,0.259558,frame_001238
-11.988113,104.929578,0.260098,frame_001239
-11.905868,105.006706,0.260609,frame_001240
-11.822811,105.083343,0.261102,frame_001241
-11.739078,105.159464,0.261580,frame_001242
-11.654798,105.235044,0.262046,frame_001243
-11.570842,105.310059,0.262505,frame_001244
-11.487172,105.384482,0.262958,frame_001245
-11.403749,105.458289,0.263411,frame_001246
-11.320535,105.531454,0.263893,frame_001247
-11.237492,105.603953,0.264403,frame_001248
-11.154583,105.675760,0.264940,frame_001249
-11.071769,105.747064,0.265487,frame_001250
-10.989012,105.818267,0.266034,frame_001251
-10.905714,105.891252,0.266537,frame_001252
-10.821955,105.964911,0.267026,frame_001253
-10.737807,106.039131,0.267504,frame_001254
-10.653340,106.113800,0.267973,frame_001255
-10.570086,106.188318,0.268422,frame_001256
-10.488154,106.262685,0.268848,frame_001257
-10.407663,106.336901,0.269250,frame_001258
-10.328948,106.409980,0.269610,frame_001259
-10.251737,106.482128,0.269933,frame_001260
-10.174090,106.555020,0.270252,frame_001261
-10.096105,106.628537,0.270556,frame_001262
-10.017874,106.702564,0.270843,frame_001263
-9.939486,106.776990,0.271112,frame_001264
-9.861583,106.850228,0.271371,frame_001265
-9.784128,106.922485,0.271620,frame_001266
-9.706522,106.995436,0.271862,frame_001267
-9.627482,107.070161,0.272090,frame_001268
-9.546831,107.146768,0.272304,frame_001269
-9.466418,107.223577,0.272505,frame_001270
-9.386973,107.299892,0.272701,frame_001271
-9.308552,107.375616,0.272891,frame_001272
-9.231213,107.450646,0.273073,frame_001273
-9.153595,107.525474,0.273242,frame_001274
-9.075795,107.600101,0.273401,frame_001275
-8.997906,107.674527,0.273550,frame_001276
-8.921878,107.747765,0.273682,frame_001277
-8.847402,107.820022,0.273797,frame_001278
-8.771940,107.892972,0.273900,frame_001279
-8.694307,107.967698,0.273998,frame_001280
-8.614417,108.044305,0.274089,frame_001281
-8.534207,108.121114,0.274174,frame_001282
-8.455052,108.196443,0.274274,frame_001283
-8.376968,108.270400,0.274385,frame_001284
-8.299976,108.343079,0.274503,frame_001285
-8.223422,108.415162,0.274583,frame_001286
-8.147210,108.486829,0.274626,frame_001287
-8.069008,108.561210,0.274683,frame_001288
-7.991424,108.634895,0.274769,frame_001289
-7.914345,108.708063,0.274871,frame_001290
-7.836537,108.781626,0.274927,frame_001291
-7.759026,108.855593,0.274947,frame_001292
-7.682091,108.929972,0.274934,frame_001293
-7.606006,109.004768,0.274893,frame_001294
-7.530507,109.080231,0.274858,frame_001295
-7.455616,109.156310,0.274826,frame_001296
-7.381349,109.232955,0.274795,frame_001297
-7.307716,109.309129,0.274732,frame_001298
-7.234720,109.384989,0.274629,frame_001299
-7.162357,109.460679,0.274480,frame_001300
-7.091365,109.537540,0.274252,frame_001301
-7.021571,109.615922,0.273937,frame_001302
-6.952367,109.695118,0.273580,frame_001303
-6.883941,109.774993,0.273175,frame_001304
-6.816475,109.855405,0.272719,frame_001305
-6.750148,109.936206,0.272210,frame_001306
-6.685571,110.017103,0.271677,frame_001307
-6.622555,110.098200,0.271106,frame_001308
-6.559231,110.180334,0.270422,frame_001309
-6.494396,110.264637,0.269659,frame_001310
-6.427944,110.351266,0.268828,frame_001311
-6.361786,110.438579,0.267906,frame_001312
-6.297824,110.525671,0.266924,frame_001313
-6.235922,110.612522,0.265882,frame_001314
-6.174831,110.700581,0.264740,frame_001315
-6.113977,110.791295,0.263506,frame_001316
-6.053336,110.884646,0.262189,frame_001317
-5.993556,110.978827,0.260798,frame_001318
-5.935838,111.070552,0.259394,frame_001319
-5.880029,111.160112,0.257976,frame_001320
-5.824859,111.250728,0.256489,frame_001321
-5.769736,111.342623,0.254932,frame_001322
-5.714616,111.435531,0.253313,frame_001323
-5.659448,111.529190,0.251642,frame_001324
-5.606197,111.621863,0.249949,frame_001325
-5.554725,111.713605,0.248243,frame_001326
-5.503784,111.805940,0.246519,frame_001327
-5.451215,111.899798,0.244786,frame_001328
-5.396702,111.995136,0.243057,frame_001329
-5.342636,112.090121,0.241333,frame_001330
-5.290289,112.181444,0.239625,frame_001331
-5.239580,112.269368,0.237943,frame_001332
-5.190436,112.356597,0.236291,frame_001333
-5.141436,112.444633,0.234656,frame_001334
-5.092273,112.533504,0.233044,frame_001335
-5.041899,112.623247,0.231453,frame_001336
-4.990163,112.713910,0.229923,frame_001337
-4.936910,112.805546,0.228468,frame_001338
-4.884703,112.894619,0.227026,frame_001339
-4.831153,112.984133,0.225586,frame_001340
-4.776105,113.074142,0.224148,frame_001341
-4.721505,113.163810,0.222766,frame_001342
-4.667283,113.253041,0.221453,frame_001343
-4.613375,113.341742,0.220222,frame_001344
-4.558984,113.429822,0.219084,frame_001345
-4.503768,113.516891,0.218013,frame_001346
-4.447759,113.602807,0.217014,frame_001347
-4.391735,113.687428,0.216090,frame_001348
-4.335572,113.771810,0.215244,frame_001349
-4.279153,113.856034,0.214481,frame_001350
-4.222367,113.940188,0.213792,frame_001351
-4.164201,114.024368,0.213188,frame_001352
-4.104388,114.108678,0.212671,frame_001353
-4.044025,114.192332,0.212213,frame_001354
-3.983097,114.275286,0.211815,frame_001355
-3.921599,114.357495,0.211482,frame_001356
-3.859535,114.439906,0.211196,frame_001357
-3.795560,114.523174,0.210915,frame_001358
-3.729443,114.607231,0.210633,frame_001359
-3.662999,114.690142,0.210407,frame_001360
-3.596379,114.771912,0.210247,frame_001361
-3.529745,114.852548,0.210164,frame_001362
-3.463277,114.932060,0.210185,frame_001363
-3.395125,115.011358,0.210281,frame_001364
-3.325118,115.090624,0.210450,frame_001365
-3.254445,115.169232,0.210712,frame_001366
-3.183189,115.246841,0.211075,frame_001367
-3.111438,115.323112,0.211551,frame_001368
-3.039293,115.397713,0.212155,frame_001369
-2.965503,115.473914,0.212829,frame_001370
-2.889933,115.552058,0.213567,frame_001371
-2.814558,115.627928,0.214424,frame_001372
-2.739342,115.701465,0.215404,frame_001373
-2.664264,115.772604,0.216507,frame_001374
-2.588573,115.842261,0.217745,frame_001375
-2.511074,115.911957,0.219098,frame_001376
-2.431691,115.981751,0.220562,frame_001377
-2.351709,116.049919,0.222147,frame_001378
-2.271306,116.116219,0.223848,frame_001379
-2.190665,116.180416,0.225660,frame_001380
-2.110728,116.241289,0.227570,frame_001381
-2.030183,116.302416,0.229573,frame_001382
-1.948843,116.364435,0.231664,frame_001383
-1.865780,116.425995,0.233834,frame_001384
-1.780977,116.487014,0.236078,frame_001385
-1.694412,116.547422,0.238392,frame_001386
-1.606977,116.607403,0.240823,frame_001387
-1.518819,116.666850,0.243358,frame_001388
-1.430093,116.725668,0.245983,frame_001389
-1.340963,116.783772,0.248696,frame_001390
-1.252714,116.841828,0.251398,frame_001391
-1.165288,116.899617,0.254093,frame_001392
-1.077362,116.955952,0.256877,frame_001393
-0.988818,117.010854,0.259739,frame_001394
-0.899545,117.064353,0.262666,frame_001395
-0.809600,117.116485,0.265647,frame_001396
-0.719208,117.167297,0.268669,frame_001397
-0.628602,117.216845,0.271720,frame_001398
-0.537857,117.265189,0.274796,frame_001399
-0.446893,117.312403,0.277881,frame_001400
-0.355639,117.358565,0.280961,frame_001401
-0.264026,117.404750,0.284031,frame_001402
-0.171996,117.450848,0.287077,frame_001403
-0.079494,117.496768,0.290084,frame_001404
0.014274,117.541447,0.293044,frame_001405
0.109194,117.585033,0.295949,frame_001406
0.205150,117.627681,0.298793,frame_001407
0.301283,117.669340,0.301625,frame_001408
0.397635,117.709755,0.304437,frame_001409
0.494239,117.748678,0.307217,frame_001410
0.591125,117.786084,0.309987,frame_001411
0.688316,117.822171,0.312738,frame_001412
0.785825,117.857142,0.315466,frame_001413
0.884410,117.892200,0.318149,frame_001414
0.983918,117.927360,0.320778,frame_001415
1.084197,117.962655,0.323340,frame_001416
1.184348,117.996937,0.325875,frame_001417
1.284375,118.030050,0.328376,frame_001418
1.384274,118.061847,0.330836,frame_001419
1.484036,118.091205,0.333227,frame_001420
1.583646,118.118197,0.335546,frame_001421
1.683080,118.142901,0.337786,frame_001422
1.783964,118.167576,0.339936,frame_001423
1.886277,118.192316,0.341993,frame_001424
1.990001,118.217230,0.343956,frame_001425
2.093474,118.241244,0.345823,frame_001426
2.196680,118.264277,0.347590,frame_001427
2.299597,118.286258,0.349254,frame_001428
2.402196,118.307125,0.350822,frame_001429
2.504442,118.326824,0.352289,frame_001430
2.606295,118.345307,0.353653,frame_001431
2.709359,118.363737,0.354913,frame_001432
2.813595,118.382308,0.356072,frame_001433
2.918967,118.401228,0.357132,frame_001434
3.023792,118.419524,0.358107,frame_001435
3.128037,118.437217,0.359004,frame_001436
3.231659,118.454337,0.359829,frame_001437
3.335357,118.469635,0.360531,frame_001438
3.438922,118.483307,0.361110,frame_001439
3.542145,118.495547,0.361566,frame_001440
3.644070,118.507533,0.361920,frame_001441
3.746004,118.518349,0.362275,frame_001442
3.848140,118.527819,0.362648,frame_001443
3.950965,118.536968,0.362963,frame_001444
4.054438,118.545840,0.363220,frame_001445
4.158524,118.554491,0.363423,frame_001446
4.261540,118.562984,0.363559,frame_001447
4.363452,118.571390,0.363634,frame_001448
4.464218,118.579787,0.363657,frame_001449
4.565444,118.588266,0.363643,frame_001450
4.667090,118.596921,0.363595,frame_001451
4.769121,118.605858,0.363518,frame_001452
4.871507,118.613990,0.363441,frame_001453
4.974227,118.621217,0.363364,frame_001454
5.077264,118.627437,0.363287,frame_001455
5.178957,118.633750,0.363195,frame_001456
5.279288,118.640278,0.363101,frame_001457
5.378235,118.647151,0.363019,frame_001458
5.477424,118.653307,0.362927,frame_001459
5.576833,118.658670,0.362829,frame_001460
5.676445,118.663165,0.362731,frame_001461
5.775505,118.667917,0.362607,frame_001462
5.874166,118.673073,0.362465,frame_001463
5.972580,118.678787,0.362313,frame_001464
6.069990,118.683036,0.362153,frame_001465
6.166382,118.685977,0.361991,frame_001466
6.261733,118.687756,0.361829,frame_001467
6.357668,118.689497,0.361657,frame_001468
6.454165,118.691124,0.361473,frame_001469
6.551208,118.692563,0.361275,frame_001470
6.648042,118.694938,0.361062,frame_001471
6.744819,118.698395,0.360836,frame_001472
6.841691,118.703090,0.360597,frame_001473
6.938648,118.707987,0.360358,frame_001474
7.035520,118.713034,0.360123,frame_001475
7.132135,118.718182,0.359894,frame_001476
7.228484,118.723380,0.359656,frame_001477
7.324718,118.728578,0.359411,frame_001478
7.420991,118.733726,0.359164,frame_001479
7.518199,118.738773,0.358916,frame_001480
7.616341,118.743669,0.358666,frame_001481
7.715419,118.748364,0.358413,frame_001482
7.813790,118.752808,0.358168,frame_001483
7.911455,118.756949,0.357931,frame_001484
8.008413,118.760739,0.357704,frame_001485
8.106307,118.764125,0.357478,frame_001486
8.205134,118.767060,0.357258,frame_001487
8.304897,118.769491,0.357045,frame_001488
8.403952,118.772568,0.356854,frame_001489
8.502303,118.776464,0.356688,frame_001490
8.599945,118.781359,0.356554,frame_001491
8.697778,118.786241,0.356443,frame_001492
8.795954,118.791085,0.356353,frame_001493
8.894624,118.795866,0.356284,frame_001494
8.993780,118.800560,0.356235,frame_001495
9.093249,118.805140,0.356204,frame_001496
9.192861,118.809582,0.356189,frame_001497
9.292607,118.814846,0.356212,frame_001498
9.392638,118.820702,0.356273,frame_001499
9.493106,118.826929,0.356377,frame_001500
9.594003,118.832325,0.356503,frame_001501
9.695157,118.836890,0.356651,frame_001502
9.796396,118.840626,0.356819,frame_001503
9.897550,118.843532,0.356964,frame_001504
9.998447,118.845607,0.357081,frame_001505
10.098915,118.846853,0.357164,frame_001506
10.198946,118.847268,0.357248,frame_001507
10.298692,118.846853,0.357337,frame_001508
10.398304,118.845608,0.357429,frame_001509
10.497773,118.843533,0.357526,frame_001510
10.596929,118.840627,0.357623,frame_001511
10.695599,118.836892,0.357718,frame_001512
10.794521,118.833312,0.357821,frame_001513
10.893690,118.829683,0.357934,frame_001514
10.993111,118.825808,0.358059,frame_001515
11.092046,118.821711,0.358216,frame_001516
11.190668,118.817640,0.358400,frame_001517
11.289146,118.813851,0.358606,frame_001518
11.387492,118.809408,0.358818,frame_001519
11.485552,118.804361,0.359031,frame_001520
11.583174,118.798760,0.359237,frame_001521
11.681115,118.793643,0.359415,frame_001522
11.779388,118.788854,0.359567,frame_001523
11.878018,118.784245,0.359693,frame_001524
11.976124,118.778693,0.359822,frame_001525
12.073574,118.772274,0.359949,frame_001526
12.170234,118.765062,0.360069,frame_001527
12.266133,118.757133,0.360190,frame_001528
12.361461,118.748562,0.360310,frame_001529
12.456409,118.739426,0.360427,frame_001530
12.551004,118.729799,0.360528,frame_001531
12.645114,118.719757,0.360611,frame_001532
12.738606,118.709375,0.360672,frame_001533
12.832253,118.699716,0.360682,frame_001534
12.926092,118.690648,0.360644,frame_001535
13.020163,118.682051,0.360560,frame_001536
13.113606,118.672825,0.360478,frame_001537
13.206306,118.663070,0.360397,frame_001538
13.298150,118.652888,0.360314,frame_001539
13.389186,118.642379,0.360218,frame_001540
13.479622,118.631644,0.360107,frame_001541
13.569668,118.620782,0.359984,frame_001542
13.660279,118.610882,0.359827,frame_001543
13.751509,118.601838,0.359638,frame_001544
13.843419,118.593554,0.359417,frame_001545
13.935167,118.584955,0.359174,frame_001546
14.026658,118.576167,0.358907,frame_001547
14.117796,118.567317,0.358616,frame_001548
14.209396,118.557329,0.358290,frame_001549
14.301529,118.546108,0.357930,frame_001550
14.394274,118.533549,0.357539,frame_001551
14.486065,118.520738,0.357116,frame_001552
14.576979,118.507776,0.356663,frame_001553
14.667090,118.494764,0.356183,frame_001554
14.757211,118.482789,0.355686,frame_001555
14.847246,118.471745,0.355177,frame_001556
14.937101,118.461536,0.354659,frame_001557
15.027587,118.451088,0.354145,frame_001558
15.118778,118.440527,0.353638,frame_001559
15.210753,118.429978,0.353138,frame_001560
15.302689,118.419568,0.352631,frame_001561
15.394512,118.409422,0.352117,frame_001562
15.486145,118.399666,0.351600,frame_001563
15.576765,118.389226,0.351085,frame_001564
15.666451,118.378005,0.350579,frame_001565
15.755278,118.365899,0.350087,frame_001566
15.844965,118.354980,0.349585,frame_001567
15.935585,118.345143,0.349074,frame_001568
16.027218,118.336293,0.348555,frame_001569
16.119040,118.327354,0.348045,frame_001570
16.210977,118.318453,0.347543,frame_001571
16.302952,118.309716,0.347043,frame_001572
16.394143,118.300068,0.346577,frame_001573
16.484629,118.289413,0.346147,frame_001574
16.574483,118.277647,0.345755,frame_001575
16.664519,118.265855,0.345364,frame_001576
16.754639,118.254138,0.344973,frame_001577
16.844751,118.242598,0.344581,frame_001578
16.935665,118.232320,0.344206,frame_001579
17.027455,118.223200,0.343842,frame_001580
17.120201,118.215142,0.343486,frame_001581
17.213080,118.207072,0.343106,frame_001582
17.306016,118.199114,0.342704,frame_001583
17.398933,118.191396,0.342280,frame_001584
17.491755,118.182843,0.341886,frame_001585
17.584405,118.173357,0.341524,frame_001586
17.676808,118.162836,0.341198,frame_001587
17.768142,118.152364,0.340860,frame_001588
17.858485,118.142044,0.340506,frame_001589
17.947911,118.131975,0.340135,frame_001590
18.038141,118.123245,0.339755,frame_001591
18.129246,118.115748,0.339363,frame_001592
18.221307,118.109388,0.338961,frame_001593
18.313500,118.101891,0.338566,frame_001594
18.405751,118.093160,0.338177,frame_001595
18.497983,118.083092,0.337794,frame_001596
18.590120,118.072771,0.337386,frame_001597
18.682085,118.062300,0.336956,frame_001598
18.773803,118.051778,0.336504,frame_001599
18.865198,118.042293,0.336050,frame_001600
18.956193,118.033740,0.335595,frame_001601
19.046712,118.026021,0.335140,frame_001602
19.136841,118.018064,0.334685,frame_001603
19.226827,118.009993,0.334231,frame_001604
19.316918,118.001935,0.333779,frame_001605
19.407199,117.992816,0.333347,frame_001606
19.497595,117.982538,0.332932,frame_001607
19.588028,117.970998,0.332531,frame_001608
19.678424,117.959281,0.332105,frame_001609
19.768705,117.947489,0.331653,frame_001610
19.858796,117.935723,0.331177,frame_001611
19.948621,117.925068,0.330698,frame_001612
20.038103,117.915420,0.330216,frame_001613
20.127166,117.906683,0.329731,frame_001614
20.215896,117.897782,0.329246,frame_001615
20.304541,117.888844,0.328766,frame_001616
20.393348,117.879993,0.328296,frame_001617
20.482401,117.870157,0.327857,frame_001618
20.571627,117.859238,0.327450,frame_001619
20.660947,117.847131,0.327077,frame_001620
20.750286,117.835910,0.326699,frame_001621
20.839568,117.825470,0.326317,frame_001622
20.928717,117.815714,0.325932,frame_001623
21.018565,117.805568,0.325536,frame_001624
21.109202,117.795158,0.325131,frame_001625
21.200729,117.784610,0.324719,frame_001626
21.292341,117.774049,0.324323,frame_001627
21.383982,117.763601,0.323943,frame_001628
21.475594,117.753392,0.323581,frame_001629
21.566374,117.742348,0.323236,frame_001630
21.656422,117.730373,0.322901,frame_001631
21.745828,117.717361,0.322570,frame_001632
21.835424,117.705385,0.322252,frame_001633
21.925134,117.694341,0.321950,frame_001634
22.014883,117.684133,0.321667,frame_001635
22.104593,117.673685,0.321385,frame_001636
22.194189,117.663124,0.321104,frame_001637
22.283595,117.652576,0.320823,frame_001638
22.373642,117.642166,0.320560,frame_001639
22.464423,117.632020,0.320315,frame_001640
22.556035,117.622264,0.320087,frame_001641
22.646930,117.611823,0.319857,frame_001642
22.737205,117.600603,0.319628,frame_001643
22.826954,117.588496,0.319402,frame_001644
22.917007,117.577577,0.319162,frame_001645
23.007288,117.567741,0.318912,frame_001646
23.097721,117.558890,0.318651,frame_001647
23.188231,117.549952,0.318422,frame_001648
23.278741,117.541051,0.318226,frame_001649
23.369174,117.532314,0.318064,frame_001650
23.459456,117.522666,0.317937,frame_001651
23.549508,117.512012,0.317842,frame_001652
23.639257,117.500245,0.317776,frame_001653
23.728787,117.488453,0.317737,frame_001654
23.818345,117.476737,0.317724,frame_001655
23.908179,117.465196,0.317734,frame_001656
23.998374,117.454919,0.317725,frame_001657
24.088856,117.445799,0.317694,frame_001658
24.179546,117.437741,0.317640,frame_001659
24.270370,117.429671,0.317608,frame_001660
24.361250,117.421713,0.317598,frame_001661
24.452112,117.413995,0.317608,frame_001662
24.542879,117.405442,0.317628,frame_001663
24.633474,117.395956,0.317653,frame_001664
24.723822,117.385435,0.317680,frame_001665
24.814754,117.374964,0.317701,frame_001666
24.906362,117.364643,0.317717,frame_001667
24.998745,117.354575,0.317732,frame_001668
25.091099,117.344858,0.317726,frame_001669
25.183368,117.335595,0.317698,frame_001670
25.275494,117.326884,0.317646,frame_001671
25.366674,117.318614,0.317608,frame_001672
25.457007,117.310457,0.317582,frame_001673
25.546584,117.302087,0.317566,frame_001674
25.636237,117.293389,0.317568,frame_001675
25.725891,117.284465,0.317591,frame_001676
25.815468,117.275415,0.317633,frame_001677
25.904893,117.266340,0.317676,frame_001678
25.994089,117.257340,0.317721,frame_001679
26.082981,117.248517,0.317769,frame_001680
26.172401,117.240956,0.317806,frame_001681
26.262439,117.234553,0.317829,frame_001682
26.353195,117.229212,0.317832,frame_001683
26.443865,117.222659,0.317822,frame_001684
26.534392,117.214796,0.317800,frame_001685
26.624720,117.205520,0.317766,frame_001686
26.714045,117.195917,0.317721,frame_001687
26.802465,117.186087,0.317665,frame_001688
26.890072,117.176131,0.317598,frame_001689
26.977699,117.166151,0.317493,frame_001690
27.065268,117.156246,0.317352,frame_001691
27.152705,117.146517,0.317176,frame_001692
27.240840,117.137064,0.316989,frame_001693
27.329765,117.127989,0.316796,frame_001694
27.419578,117.119392,0.316603,frame_001695
27.508732,117.110174,0.316435,frame_001696
27.597323,117.100212,0.316297,frame_001697
27.685445,117.089378,0.316194,frame_001698
27.773928,117.079719,0.316085,frame_001699
27.862696,117.071104,0.315975,frame_001700
27.951674,117.063412,0.315873,frame_001701
28.040785,117.055545,0.315782,frame_001702
28.129953,117.047602,0.315705,frame_001703
28.219102,117.039684,0.315644,frame_001704
28.308317,117.031892,0.315592,frame_001705
28.397847,117.024326,0.315553,frame_001706
28.487938,117.017088,0.315529,frame_001707
28.578676,117.009077,0.315554,frame_001708
28.669985,117.000172,0.315631,frame_001709
28.761789,116.990243,0.315766,frame_001710
28.854011,116.980352,0.315931,frame_001711
28.946576,116.970575,0.316129,frame_001712
29.039407,116.960986,0.316360,frame_001713
29.131683,116.952647,0.316662,frame_001714
29.223482,116.945428,0.317028,frame_001715
29.314878,116.939209,0.317451,frame_001716
29.406683,116.932888,0.317954,frame_001717
29.498802,116.926568,0.318532,frame_001718
29.591140,116.920348,0.319181,frame_001719
29.683601,116.914329,0.319870,frame_001720
29.776091,116.908613,0.320600,frame_001721
29.868515,116.903298,0.321372,frame_001722
29.961684,116.897287,0.322174,frame_001723
30.055672,116.890458,0.323002,frame_001724
30.150559,116.882680,0.323850,frame_001725
30.244776,116.875016,0.324739,frame_001726
30.338402,116.867540,0.325659,frame_001727
30.431510,116.860328,0.326600,frame_001728
30.524914,116.853456,0.327533,frame_001729
30.618517,116.846999,0.328457,frame_001730
30.712225,116.841032,0.329368,frame_001731
30.805942,116.835418,0.330270,frame_001732
30.899574,116.829803,0.331154,frame_001733
30.993025,116.823837,0.332010,frame_001734
31.086200,116.817379,0.332911,frame_001735
31.179004,116.810507,0.333836,frame_001736
31.271342,116.803296,0.334763,frame_001737
31.364026,116.795820,0.335681,frame_001738
31.457130,116.788155,0.336568,frame_001739
31.550732,116.780377,0.337403,frame_001740
31.644010,116.772562,0.338170,frame_001741
31.736889,116.764784,0.338857,frame_001742
31.829292,116.757119,0.339453,frame_001743
31.921144,116.750630,0.339983,frame_001744
32.012367,116.745185,0.340432,frame_001745
32.102886,116.740663,0.340782,frame_001746
32.192787,116.735965,0.341009,frame_001747
32.282316,116.731192,0.341096,frame_001748
32.371722,116.726443,0.341029,frame_001749
32.461090,116.720621,0.340809,frame_001750
32.550344,116.713603,0.340433,frame_001751
32.639407,116.705259,0.339900,frame_001752
32.728204,116.696651,0.339178,frame_001753
32.816659,116.687855,0.338271,frame_001754
32.904694,116.678945,0.337181,frame_001755
32.993143,116.669998,0.335896,frame_001756
33.082097,116.661088,0.334427,frame_001757
33.171654,116.652291,0.332787,frame_001758
33.261011,116.643683,0.330961,frame_001759
33.350111,116.635340,0.328965,frame_001760
33.438897,116.627336,0.326815,frame_001761
33.527312,116.620733,0.324572,frame_001762
33.615299,116.615401,0.322250,frame_001763
33.702801,116.611219,0.319860,frame_001764
33.789922,116.605887,0.317489,frame_001765
33.876929,116.599284,0.315117,frame_001766
33.964088,116.591280,0.312728,frame_001767
34.051504,116.582936,0.310395,frame_001768
34.139120,116.574328,0.308081,frame_001769
34.226878,116.565532,0.305754,frame_001770
34.314723,116.556622,0.303538,frame_001771
34.402595,116.547675,0.301385,frame_001772
34.490440,116.538765,0.299249,frame_001773
34.577452,116.529968,0.297193,frame_001774
34.663732,116.521361,0.295153,frame_001775
34.749370,116.513017,0.293069,frame_001776
34.836106,116.505999,0.290995,frame_001777
34.924032,116.500177,0.288845,frame_001778
35.013246,116.495428,0.286538,frame_001779
35.102200,116.490655,0.284066,frame_001780
35.190991,116.485957,0.281357,frame_001781
35.279712,116.481436,0.278346,frame_001782
35.369194,116.475991,0.275040,frame_001783
35.459361,116.469501,0.271363,frame_001784
35.550137,116.461837,0.267245,frame_001785
35.641446,116.454059,0.262537,frame_001786
35.733212,116.446244,0.257166,frame_001787
35.825358,116.438466,0.251066,frame_001788
35.917063,116.431788,0.244192,frame_001789
36.008405,116.426079,0.236482,frame_001790
36.099459,116.421218,0.227879,frame_001791
36.190289,116.416105,0.218445,frame_001792
36.280958,116.410841,0.208120,frame_001793
36.371518,116.405527,0.196854,frame_001794
36.462762,116.399064,0.184382,frame_001795
36.554578,116.391329,0.170695,frame_001796
36.646851,116.382193,0.155790,frame_001797
36.739628,116.372718,0.139740,frame_001798
36.833118,116.362978,0.122538,frame_001799
36.927532,116.353050,0.104182,frame_001800
37.022916,116.343009,0.084707,frame_001801
37.119156,116.332930,0.064126,frame_001802
37.216139,116.322889,0.042456,frame_001803
37.313003,116.313947,0.019734,frame_001804
37.409791,116.305974,-0.004004,frame_001805
37.506537,116.298849,-0.028715,frame_001806
37.603270,116.291473,-0.054256,frame_001807
37.700011,116.283945,-0.080581,frame_001808
37.796777,116.276368,-0.107633,frame_001809
37.893578,116.268841,-0.135385,frame_001810
37.990416,116.261464,-0.163752,frame_001811
38.087288,116.254339,-0.192646,frame_001812
38.184931,116.246367,-0.222020,frame_001813
38.283173,116.237425,-0.251780,frame_001814
38.381844,116.227384,-0.281821,frame_001815
38.480933,116.217305,-0.312194,frame_001816
38.580593,116.207264,-0.342804,frame_001817
38.680976,116.197336,-0.373553,frame_001818
38.781327,116.187597,-0.404467,frame_001819
38.881630,116.178122,-0.435457,frame_001820
38.981862,116.168986,-0.466431,frame_001821
39.081996,116.161252,-0.497470,frame_001822
39.181995,116.154789,-0.528497,frame_001823
39.281819,116.149476,-0.559430,frame_001824
39.382329,116.144212,-0.590397,frame_001825
39.483638,116.139100,-0.621323,frame_001826
39.585860,116.134239,-0.652131,frame_001827
39.688202,116.128531,-0.682897,frame_001828
39.790610,116.121853,-0.713579,frame_001829
39.893024,116.114076,-0.744133,frame_001830
39.996284,116.107248,-0.774566,frame_001831
40.100487,116.101237,-0.804841,frame_001832
40.205727,116.095924,-0.834919,frame_001833
40.311191,116.090208,-0.864871,frame_001834
40.416807,116.084190,-0.894679,frame_001835
40.522495,116.077971,-0.924326,frame_001836
40.628170,116.071651,-0.953779,frame_001837
40.733739,116.065332,-0.983026,frame_001838
40.839105,116.059113,-1.012057,frame_001839
40.945071,116.052881,-1.040984,frame_001840
41.051692,116.046310,-1.069784,frame_001841
41.159028,116.039072,-1.098438,frame_001842
41.267134,116.031054,-1.126984,frame_001843
41.376068,116.022357,-1.155435,frame_001844
41.485887,116.013082,-1.183809,frame_001845
41.595740,116.003328,-1.211979,frame_001846
41.705517,115.993198,-1.239912,frame_001847
41.815099,115.982790,-1.267575,frame_001848
41.925272,115.972206,-1.294943,frame_001849
42.036072,115.961547,-1.322018,frame_001850
42.147538,115.950914,-1.348802,frame_001851
42.258801,115.941392,-1.375339,frame_001852
42.369730,115.932877,-1.401630,frame_001853
42.480189,115.925272,-1.427678,frame_001854
42.590943,115.916304,-1.453485,frame_001855
42.702011,115.905877,-1.479054,frame_001856
42.813412,115.893885,-1.504388,frame_001857
42.925165,115.881414,-1.529567,frame_001858
43.037289,115.868567,-1.554612,frame_001859
43.149803,115.855442,-1.579545,frame_001860
43.262727,115.843128,-1.604359,frame_001861
43.376078,115.831519,-1.629062,frame_001862
43.489877,115.820519,-1.653662,frame_001863
43.603234,115.809053,-1.678104,frame_001864
43.716001,115.797247,-1.702409,frame_001865
43.828022,115.785228,-1.726599,frame_001866
43.940042,115.773121,-1.750649,frame_001867
44.052063,115.761052,-1.774585,frame_001868
44.164084,115.749146,-1.798433,frame_001869
44.276105,115.737529,-1.822175,frame_001870
44.388125,115.726327,-1.845844,frame_001871
44.500146,115.715667,-1.869474,frame_001872
44.612167,115.704473,-1.893095,frame_001873
44.724188,115.692649,-1.916730,frame_001874
44.836208,115.680090,-1.940403,frame_001875
44.947483,115.668870,-1.963972,frame_001876
45.058167,115.658884,-1.987462,frame_001877
45.168410,115.650034,-2.010899,frame_001878
45.279100,115.641248,-2.034293,frame_001879
45.390218,115.632650,-2.057677,frame_001880
45.501745,115.624366,-2.081086,frame_001881
45.613663,115.615323,-2.104531,frame_001882
45.725951,115.605424,-2.128045,frame_001883
45.838591,115.594563,-2.151658,frame_001884
45.951565,115.583829,-2.175364,frame_001885
46.064853,115.573321,-2.199197,frame_001886
46.178435,115.563140,-2.223191,frame_001887
46.291547,115.554372,-2.247393,frame_001888
46.404326,115.546914,-2.271838,frame_001889
46.516901,115.540668,-2.296563,frame_001890
46.630143,115.533361,-2.321493,frame_001891
46.744012,115.524895,-2.346642,frame_001892
46.858471,115.515167,-2.372019,frame_001893
46.973482,115.505263,-2.397717,frame_001894
47.089007,115.495283,-2.423750,frame_001895
47.205007,115.485328,-2.450132,frame_001896
47.320700,115.475500,-2.476734,frame_001897
47.436201,115.465897,-2.503561,frame_001898
47.551622,115.456622,-2.530617,frame_001899
47.667815,115.447774,-2.558035,frame_001900
47.784720,115.439455,-2.585823,frame_001901
47.902283,115.431764,-2.613987,frame_001902
48.020444,115.424589,-2.642509,frame_001903
48.139148,115.417603,-2.671385,frame_001904
48.258338,115.410479,-2.700608,frame_001905
48.377955,115.403103,-2.730179,frame_001906
48.497944,115.395576,-2.760081,frame_001907
48.618247,115.387998,-2.790297,frame_001908
48.738806,115.380471,-2.820819,frame_001909
48.859566,115.373095,-2.851623,frame_001910
48.980468,115.365971,-2.882687,frame_001911
49.100710,115.358985,-2.913923,frame_001912
49.220389,115.351810,-2.945301,frame_001913
49.339599,115.344120,-2.976788,frame_001914
49.459170,115.335801,-3.008360,frame_001915
49.579027,115.326953,-3.040003,frame_001916
49.699093,115.317678,-3.071700,frame_001917
49.819292,115.308075,-3.103404,frame_001918
49.939549,115.298247,-3.135113,frame_001919
50.059786,115.288292,-3.166824,frame_001920
50.179182,115.279299,-3.198494,frame_001921
50.297817,115.271162,-3.230139,frame_001922
50.415762,115.263784,-3.261773,frame_001923
50.533831,115.256092,-3.293330,frame_001924
50.651929,115.248211,-3.324821,frame_001925
50.769960,115.240267,-3.356255,frame_001926
50.888737,115.231187,-3.387715,frame_001927
51.008334,115.220873,-3.419225,frame_001928
51.128828,115.209220,-3.450806,frame_001929
51.248652,115.197316,-3.482508,frame_001930
51.367886,115.185261,-3.514357,frame_001931
51.486602,115.173156,-3.546374,frame_001932
51.605614,115.162087,-3.578537,frame_001933
51.724825,115.151950,-3.610876,frame_001934
51.844140,115.142648,-3.643418,frame_001935
51.963466,115.133107,-3.676363,frame_001936
52.082705,115.123453,-3.709713,frame_001937
52.201764,115.113811,-3.743467,frame_001938
52.321455,115.103108,-3.777573,frame_001939
52.441850,115.091247,-3.812043,frame_001940
52.563029,115.078123,-3.846886,frame_001941
52.683425,115.065809,-3.882172,frame_001942
52.803115,115.054200,-3.917896,frame_001943
52.922174,115.043200,-3.954047,frame_001944
53.041414,115.031735,-3.990586,frame_001945
53.160739,115.019930,-4.027500,frame_001946
53.280055,115.007911,-4.064772,frame_001947
53.400174,114.995805,-4.102674,frame_001948
53.521169,114.983736,-4.141153,frame_001949
53.643119,114.971830,-4.180156,frame_001950
53.764456,114.960214,-4.219483,frame_001951
53.885260,114.949013,-4.259097,frame_001952
54.005604,114.938353,-4.298962,frame_001953
54.126299,114.927159,-4.339099,frame_001954
54.247251,114.915336,-4.379454,frame_001955
54.368366,114.902778,-4.419973,frame_001956
54.488800,114.890572,-4.460569,frame_001957
54.608616,114.878819,-4.501187,frame_001958
54.727867,114.867620,-4.541769,frame_001959
54.847345,114.858061,-4.582352,frame_001960
54.966938,114.850037,-4.622856,frame_001961
55.086531,114.843452,-4.663199,frame_001962
55.206172,114.836032,-4.703216,frame_001963
55.326069,114.827680,-4.742852,frame_001964
55.446433,114.818292,-4.782054,frame_001965
55.567311,114.808954,-4.821037,frame_001966
55.688588,114.799767,-4.859715,frame_001967
55.810150,114.790831,-4.898006,frame_001968
55.931138,114.782248,-4.935817,frame_001969
56.051593,114.774118,-4.973100,frame_001970
56.171549,114.766541,-5.009812,frame_001971
56.292688,114.758418,-5.046069,frame_001972
56.415046,114.749628,-5.081835,frame_001973
56.538664,114.740040,-5.117079,frame_001974
56.661935,114.730716,-5.151886,frame_001975
56.784902,114.721732,-5.186226,frame_001976
56.907598,114.713163,-5.220075,frame_001977
57.030798,114.706071,-5.253485,frame_001978
57.154370,114.700325,-5.286431,frame_001979
57.278179,114.695804,-5.318894,frame_001980
57.402255,114.691409,-5.350929,frame_001981
57.526787,114.687241,-5.382515,frame_001982
57.651967,114.683400,-5.413635,frame_001983
57.777822,114.678786,-5.444394,frame_001984
57.904219,114.673278,-5.474787,frame_001985
58.031026,114.666747,-5.504814,frame_001986
58.157362,114.661239,-5.534319,frame_001987
58.283251,114.656626,-5.563284,frame_001988
58.408708,114.652784,-5.591697,frame_001989
58.534488,114.648616,-5.619677,frame_001990
58.660439,114.644221,-5.647224,frame_001991
58.786410,114.639700,-5.674346,frame_001992
58.913155,114.634940,-5.700976,frame_001993
59.040690,114.629615,-5.727119,frame_001994
59.169038,114.623396,-5.752784,frame_001995
59.296574,114.617157,-5.778102,frame_001996
59.423319,114.610793,-5.803072,frame_001997
59.549289,114.604208,-5.827701,frame_001998
59.675241,114.596328,-5.851694,frame_001999
59.801021,114.587277,-5.875027,frame_002000
59.926477,114.577183,-5.897680,frame_002001
60.051620,114.567156,-5.919757,frame_002002
60.176620,114.557118,-5.941274,frame_002003
60.301649,114.546997,-5.962249,frame_002004
60.426715,114.536729,-5.982628,frame_002005
60.551668,114.526262,-6.002422,frame_002006
60.676353,114.515548,-6.021648,frame_002007
60.801528,114.504549,-6.040353,frame_002008
60.927208,114.493237,-6.058561,frame_002009
61.053416,114.481591,-6.076298,frame_002010
61.179271,114.468397,-6.093486,frame_002011
61.304640,114.453430,-6.110134,frame_002012
61.429392,114.436463,-6.126254,frame_002013
61.553553,114.418469,-6.141957,frame_002014
61.677315,114.399445,-6.157297,frame_002015
61.800867,114.379395,-6.172329,frame_002016
61.924239,114.358331,-6.186849,frame_002017
62.047297,114.336274,-6.200881,frame_002018
62.169907,114.313253,-6.214450,frame_002019
62.292845,114.290293,-6.227765,frame_002020
62.416145,114.267234,-6.240862,frame_002021
62.539848,114.243933,-6.253782,frame_002022
62.663095,114.219280,-6.266415,frame_002023
62.785771,114.193369,-6.278812,frame_002024
62.907762,114.166306,-6.291026,frame_002025
63.029861,114.139190,-6.303128,frame_002026
63.152123,114.111937,-6.315146,frame_002027
63.274607,114.084481,-6.327109,frame_002028
63.396473,114.054585,-6.338995,frame_002029
63.517625,114.022198,-6.350827,frame_002030
63.637968,113.987270,-6.362629,frame_002031
63.758316,113.951938,-6.374344,frame_002032
63.878740,113.916166,-6.385992,frame_002033
63.999320,113.879940,-6.397592,frame_002034
64.119234,113.843258,-6.409110,frame_002035
64.238406,113.806138,-6.420557,frame_002036
64.356759,113.768613,-6.431946,frame_002037
64.475126,113.728546,-6.443334,frame_002038
64.593599,113.685990,-6.454727,frame_002039
64.712274,113.640993,-6.466135,frame_002040
64.830351,113.595793,-6.477475,frame_002041
64.947771,113.550456,-6.488754,frame_002042
65.064477,113.505066,-6.499979,frame_002043
65.181159,113.458524,-6.511177,frame_002044
65.297603,113.410725,-6.522352,frame_002045
65.413604,113.361573,-6.533514,frame_002046
65.529124,113.310979,-6.544542,frame_002047
65.644292,113.258864,-6.555423,frame_002048
65.759245,113.205157,-6.566144,frame_002049
65.873218,113.150994,-6.576728,frame_002050
65.986192,113.096544,-6.587172,frame_002051
66.098148,113.041991,-6.597476,frame_002052
66.210720,112.987322,-6.607670,frame_002053
66.323903,112.932327,-6.617751,frame_002054
66.437702,112.876814,-6.627721,frame_002055
66.551229,112.819621,-6.637605,frame_002056
66.664348,112.760794,-6.647397,frame_002057
66.776928,112.700387,-6.657091,frame_002058
66.888100,112.638463,-6.666651,frame_002059
66.997902,112.575093,-6.676073,frame_002060
67.106372,112.510358,-6.685353,frame_002061
67.214293,112.445330,-6.694465,frame_002062
67.321550,112.379902,-6.703404,frame_002063
67.428029,112.313981,-6.712164,frame_002064
67.534536,112.246505,-6.720757,frame_002065
67.641139,112.177621,-6.729195,frame_002066
67.747920,112.107484,-6.737487,frame_002067
67.854069,112.037245,-6.745712,frame_002068
67.959523,111.966868,-6.753878,frame_002069
68.064229,111.896338,-6.761994,frame_002070
68.168140,111.824455,-6.769940,frame_002071
68.271214,111.751013,-6.777722,frame_002072
68.373417,111.675815,-6.785346,frame_002073
68.475465,111.598886,-6.792952,frame_002074
68.577182,111.520474,-6.800557,frame_002075
68.678402,111.440834,-6.808181,frame_002076
68.778227,111.360017,-6.815789,frame_002077
68.876673,111.277868,-6.823373,frame_002078
68.973762,111.194239,-6.830925,frame_002079
69.070270,111.110193,-6.838358,frame_002080
69.166074,111.025822,-6.845679,frame_002081
69.261067,110.941234,-6.852895,frame_002082
69.354409,110.855355,-6.860098,frame_002083
69.446172,110.768107,-6.867284,frame_002084
69.536435,110.679417,-6.874451,frame_002085
69.626031,110.589223,-6.881463,frame_002086
69.714895,110.497469,-6.888342,frame_002087
69.802976,110.404111,-6.895115,frame_002088
69.890238,110.310311,-6.901812,frame_002089
69.976654,110.216260,-6.908435,frame_002090
70.062212,110.122169,-6.914985,frame_002091
70.146912,110.027064,-6.921497,frame_002092
70.230766,109.930966,-6.927979,frame_002093
70.313800,109.833905,-6.934438,frame_002094
70.395144,109.735918,-6.940818,frame_002095
70.474681,109.637052,-6.947133,frame_002096
70.552300,109.537360,-6.953398,frame_002097
70.628803,109.436907,-6.959681,frame_002098
70.704261,109.335762,-6.965983,frame_002099
70.778756,109.234006,-6.972310,frame_002100
70.853130,109.132713,-6.978712,frame_002101
70.927334,109.031773,-6.985187,frame_002102
71.001340,108.931095,-6.991735,frame_002103
71.073485,108.828418,-6.998263,frame_002104
71.143766,108.723665,-7.004785,frame_002105
71.212186,108.616761,-7.011312,frame_002106
71.279500,108.508831,-7.017901,frame_002107
71.345568,108.400021,-7.024538,frame_002108
71.410265,108.290487,-7.031209,frame_002109
71.473638,108.180391,-7.037875,frame_002110
71.535907,108.069907,-7.044534,frame_002111
71.597310,107.959214,-7.051181,frame_002112
71.657929,107.848286,-7.057733,frame_002113
71.717704,107.736895,-7.064203,frame_002114
71.776582,107.624816,-7.070606,frame_002115
71.834526,107.512051,-7.077075,frame_002116
71.891510,107.398821,-7.083609,frame_002117
71.947521,107.285357,-7.090208,frame_002118
72.003306,107.170699,-7.096776,frame_002119
72.058722,107.054870,-7.103313,frame_002120
72.113645,106.937897,-7.109819,frame_002121
72.167225,106.820791,-7.116366,frame_002122
72.219531,106.703371,-7.122960,frame_002123
72.270645,106.585466,-7.129607,frame_002124
72.319756,106.467125,-7.136281,frame_002125
72.366803,106.348622,-7.142978,frame_002126
72.411731,106.230236,-7.149696,frame_002127
72.456148,106.112045,-7.156385,frame_002128
72.500024,105.993917,-7.163026,frame_002129
72.543350,105.875732,-7.169602,frame_002130
72.584482,105.756389,-7.176171,frame_002131
72.623436,105.635989,-7.182732,frame_002132
72.660234,105.514634,-7.189284,frame_002133
72.696558,105.393410,-7.195733,frame_002134
72.732455,105.272211,-7.202062,frame_002135
72.767993,105.150942,-7.208258,frame_002136
72.802349,105.028528,-7.214421,frame_002137
72.835460,104.905096,-7.220572,frame_002138
72.867275,104.780771,-7.226730,frame_002139
72.897756,104.656664,-7.232796,frame_002140
72.926878,104.532697,-7.238787,frame_002141
72.954627,104.408797,-7.244719,frame_002142
72.981005,104.283916,-7.250677,frame_002143
73.006023,104.158206,-7.256662,frame_002144
73.029707,104.031816,-7.262674,frame_002145
73.052096,103.904898,-7.268776,frame_002146
73.073239,103.777602,-7.274976,frame_002147
73.093200,103.650080,-7.281283,frame_002148
73.112056,103.523468,-7.287597,frame_002149
73.129894,103.397713,-7.293925,frame_002150
73.146818,103.272768,-7.300275,frame_002151
73.162778,103.146409,-7.306600,frame_002152
73.177579,103.018590,-7.312901,frame_002153
73.191037,102.889257,-7.319178,frame_002154
73.203141,102.760532,-7.325515,frame_002155
73.214058,102.632362,-7.331926,frame_002156
73.223963,102.504700,-7.338426,frame_002157
73.232887,102.376522,-7.344983,frame_002158
73.240709,102.248004,-7.351577,frame_002159
73.247320,102.119323,-7.358189,frame_002160
73.253533,101.991641,-7.364780,frame_002161
73.259434,101.864928,-7.371352,frame_002162
73.265128,101.739164,-7.377905,frame_002163
73.269831,101.612149,-7.384544,frame_002164
73.273516,101.483863,-7.391286,frame_002165
73.276172,101.354276,-7.398145,frame_002166
73.277799,101.224551,-7.405049,frame_002167
73.278409,101.094864,-7.411989,frame_002168
73.278027,100.965390,-7.418957,frame_002169
73.275784,100.837293,-7.425981,frame_002170
73.271563,100.710542,-7.433066,frame_002171
73.265252,100.585117,-7.440218,frame_002172
73.257654,100.458819,-7.447420,frame_002173
73.248840,100.331627,-7.454671,frame_002174
73.238892,100.203512,-7.461973,frame_002175
73.227905,100.075636,-7.469341,frame_002176
73.215986,99.948174,-7.476767,frame_002177
73.203257,99.821304,-7.484244,frame_002178
73.189689,99.694002,-7.491741,frame_002179
73.175104,99.566220,-7.499246,frame_002180
73.159337,99.437906,-7.506747,frame_002181
73.142398,99.311181,-7.514260,frame_002182
73.124470,99.185991,-7.521768,frame_002183
73.105751,99.062291,-7.529258,frame_002184
73.086288,98.937856,-7.536699,frame_002185
73.065979,98.812640,-7.544082,frame_002186
73.044736,98.686589,-7.551401,frame_002187
73.021736,98.560840,-7.558672,frame_002188
72.997072,98.435544,-7.565899,frame_002189
72.970842,98.310852,-7.573085,frame_002190
72.943896,98.185714,-7.580279,frame_002191
72.916190,98.060060,-7.587496,frame_002192
72.887693,97.933809,-7.594751,frame_002193
72.858385,97.809061,-7.601982,frame_002194
72.828260,97.685734,-7.609187,frame_002195
72.797324,97.563758,-7.616363,frame_002196
72.765597,97.442085,-7.623533,frame_002197
72.733109,97.320864,-7.630684,frame_002198
72.699906,97.200246,-7.637804,frame_002199
72.666045,97.079184,-7.644933,frame_002200
72.631595,96.957605,-7.652070,frame_002201
72.596639,96.835429,-7.659212,frame_002202
72.561110,96.713770,-7.666377,frame_002203
72.524792,96.592752,-7.673563,frame_002204
72.487483,96.472501,-7.680769,frame_002205
72.449154,96.351943,-7.687949,frame_002206
72.409951,96.230982,-7.695114,frame_002207
72.370032,96.109513,-7.702272,frame_002208
72.329408,95.987636,-7.709321,frame_002209
72.287937,95.865657,-7.716263,frame_002210
72.245495,95.743875,-7.723101,frame_002211
72.201219,95.622365,-7.729947,frame_002212
72.155165,95.500979,-7.736808,frame_002213
72.107393,95.379564,-7.743690,frame_002214
72.058715,95.259154,-7.750556,frame_002215
72.009048,95.139801,-7.757417,frame_002216
71.958324,95.021555,-7.764285,frame_002217
71.906484,94.904466,-7.771151,frame_002218
71.853485,94.788585,-7.778023,frame_002219
71.799294,94.673961,-7.784909,frame_002220
71.743893,94.559446,-7.791817,frame_002221
71.687276,94.444866,-7.798764,frame_002222
71.629448,94.330043,-7.805761,frame_002223
71.570428,94.215001,-7.812815,frame_002224
71.510250,94.099970,-7.819938,frame_002225
71.448956,93.985174,-7.827145,frame_002226
71.386604,93.871811,-7.834418,frame_002227
71.323264,93.759883,-7.841762,frame_002228
71.259017,93.649388,-7.849185,frame_002229
71.193053,93.540327,-7.856673,frame_002230
71.125310,93.432699,-7.864236,frame_002231
71.055734,93.326506,-7.871881,frame_002232
70.985185,93.219561,-7.879602,frame_002233
70.913792,93.111846,-7.887397,frame_002234
70.841692,93.003329,-7.895268,frame_002235
70.768130,92.896146,-7.903251,frame_002236
70.693104,92.790245,-7.911349,frame_002237
70.616617,92.685577,-7.919562,frame_002238
70.540331,92.581105,-7.927919,frame_002239
70.464275,92.476985,-7.936423,frame_002240
70.388497,92.373362,-7.945074,frame_002241
70.311410,92.271363,-7.953882,frame_002242
70.233087,92.170910,-7.962849,frame_002243
70.153606,92.071929,-7.971978,frame_002244
70.073054,91.972157,-7.981222,frame_002245
69.991523,91.871504,-7.990588,frame_002246
69.909111,91.769860,-8.000081,frame_002247
69.826668,91.668299,-8.009716,frame_002248
69.744150,91.566900,-8.019476,frame_002249
69.661526,91.465735,-8.029347,frame_002250
69.578776,91.364867,-8.039268,frame_002251
69.495895,91.264351,-8.049229,frame_002252
69.412887,91.164232,-8.059224,frame_002253
69.328120,91.065534,-8.069230,frame_002254
69.241611,90.968081,-8.079236,frame_002255
69.153380,90.871698,-8.089226,frame_002256
69.065099,90.775221,-8.099285,frame_002257
68.976801,90.678681,-8.109398,frame_002258
68.888529,90.582098,-8.119549,frame_002259
68.799433,90.486685,-8.129791,frame_002260
68.709415,90.392667,-8.140112,frame_002261
68.618383,90.300273,-8.150497,frame_002262
68.527158,90.208527,-8.160855,frame_002263
68.435830,90.117435,-8.171172,frame_002264
68.344500,90.026991,-8.181434,frame_002265
68.252374,89.937184,-8.191626,frame_002266
68.159412,89.847993,-8.201749,frame_002267
68.065579,89.759388,-8.211807,frame_002268
67.970845,89.671331,-8.221809,frame_002269
67.875189,89.583776,-8.231755,frame_002270
67.778594,89.496669,-8.241644,frame_002271
67.681052,89.408961,-8.251539,frame_002272
67.582559,89.320786,-8.261435,frame_002273
67.483119,89.232261,-8.271325,frame_002274
67.382740,89.145673,-8.281149,frame_002275
67.281439,89.061122,-8.290916,frame_002276
67.179237,88.978710,-8.300635,frame_002277
67.076911,88.896351,-8.310313,frame_002278
66.974338,88.814129,-8.319958,frame_002279
66.871411,88.732110,-8.329576,frame_002280
66.767288,88.651331,-8.339213,frame_002281
66.662044,88.571621,-8.348877,frame_002282
66.555757,88.492798,-8.358575,frame_002283
66.448513,88.414889,-8.368292,frame_002284
66.340403,88.338124,-8.378037,frame_002285
66.231527,88.262724,-8.387816,frame_002286
66.122734,88.187705,-8.397623,frame_002287
66.013981,88.113048,-8.407464,frame_002288
65.905235,88.038721,-8.417342,frame_002289
65.794824,87.965873,-8.427232,frame_002290
65.682729,87.894659,-8.437140,frame_002291
65.568930,87.825227,-8.447070,frame_002292
65.455063,87.756514,-8.457027,frame_002293
65.341122,87.688428,-8.467015,frame_002294
65.227111,87.620860,-8.477036,frame_002295
65.112306,87.554885,-8.487120,frame_002296
64.996892,87.490581,-8.497280,frame_002297
64.881063,87.428021,-8.507531,frame_002298
64.764857,87.367268,-8.517910,frame_002299
64.648157,87.308374,-8.528399,frame_002300
64.530852,87.251388,-8.538982,frame_002301
64.412837,87.196346,-8.549633,frame_002302
64.294014,87.143278,-8.560358,frame_002303
64.174291,87.092205,-8.571162,frame_002304
64.053743,87.040954,-8.582070,frame_002305
63.932616,86.989511,-8.593081,frame_002306
63.811160,86.937839,-8.604198,frame_002307
63.689470,86.888061,-8.615316,frame_002308
63.567485,86.840107,-8.626436,frame_002309
63.445152,86.793896,-8.637562,frame_002310
63.321677,86.748353,-8.648678,frame_002311
63.197175,86.703589,-8.659775,frame_002312
63.071759,86.659696,-8.670844,frame_002313
62.946290,86.616748,-8.681890,frame_002314
62.820726,86.574805,-8.692913,frame_002315
62.695033,86.533908,-8.703914,frame_002316
62.569182,86.494083,-8.714902,frame_002317
62.443151,86.455338,-8.725896,frame_002318
62.316924,86.417664,-8.736913,frame_002319
62.189745,86.381038,-8.747959,frame_002320
62.061767,86.345415,-8.759046,frame_002321
61.933142,86.310739,-8.770189,frame_002322
61.804768,86.278132,-8.781326,frame_002323
61.676642,86.247726,-8.792462,frame_002324
61.548768,86.219642,-8.803600,frame_002325
61.421154,86.192794,-8.814854,frame_002326
61.293816,86.167062,-8.826230,frame_002327
61.166778,86.142315,-8.837734,frame_002328
61.038413,86.119600,-8.849284,frame_002329
60.908743,86.098972,-8.860902,frame_002330
60.777786,86.080477,-8.872611,frame_002331
60.647203,86.062954,-8.884491,frame_002332
60.517011,86.046208,-8.896539,frame_002333
60.387232,86.030031,-8.908755,frame_002334
60.257894,86.014410,-8.921101,frame_002335
60.129033,85.999530,-8.933585,frame_002336
60.000690,85.985557,-8.946214,frame_002337
59.871257,85.973630,-8.958966,frame_002338
59.740778,85.963677,-8.971851,frame_002339
59.609286,85.955618,-8.984878,frame_002340
59.478464,85.948379,-8.998101,frame_002341
59.348347,85.942069,-9.011525,frame_002342
59.218976,85.936780,-9.025153,frame_002343
59.088744,85.932588,-9.038969,frame_002344
58.957694,85.929552,-9.052979,frame_002345
58.825860,85.927713,-9.067185,frame_002346
58.694923,85.927097,-9.081631,frame_002347
58.564920,85.927711,-9.096317,frame_002348
58.435891,85.929549,-9.111244,frame_002349
58.306231,85.932583,-9.126296,frame_002350
58.175980,85.936773,-9.141455,frame_002351
58.045173,85.942060,-9.156699,frame_002352
57.914585,85.948368,-9.172081,frame_002353
57.784083,85.955606,-9.187593,frame_002354
57.653533,85.963663,-9.203222,frame_002355
57.522964,85.973615,-9.218909,frame_002356
57.392566,85.985540,-9.234642,frame_002357
57.262530,85.999511,-9.250408,frame_002358
57.132884,86.014390,-9.266310,frame_002359
57.003494,86.030009,-9.282333,frame_002360
56.874229,86.046185,-9.298460,frame_002361
56.745116,86.063914,-9.314610,frame_002362
56.616345,86.083203,-9.330770,frame_002363
56.488107,86.104047,-9.346927,frame_002364
56.360431,86.126432,-9.363083,frame_002365
56.233182,86.150338,-9.379230,frame_002366
56.106229,86.175737,-9.395364,frame_002367
55.978691,86.201603,-9.411564,frame_002368
55.850592,86.228096,-9.427827,frame_002369
55.721946,86.255359,-9.444143,frame_002370
55.593671,86.284504,-9.460464,frame_002371
55.465939,86.315434,-9.476790,frame_002372
55.338920,86.348044,-9.493122,frame_002373
55.212624,86.381236,-9.509501,frame_002374
55.086899,86.415092,-9.525927,frame_002375
54.961593,86.449681,-9.542398,frame_002376
54.835808,86.486038,-9.558854,frame_002377
54.709546,86.523991,-9.575288,frame_002378
54.582804,86.563361,-9.591694,frame_002379
54.456481,86.602973,-9.608128,frame_002380
54.330729,86.642834,-9.624611,frame_002381
54.205700,86.682936,-9.641164,frame_002382
54.080639,86.723255,-9.657779,frame_002383
53.955529,86.763749,-9.674444,frame_002384
53.830349,86.804358,-9.691144,frame_002385
53.705071,86.846207,-9.707892,frame_002386
53.579658,86.889427,-9.724688,frame_002387
53.454070,86.934138,-9.741532,frame_002388
53.329167,86.979255,-9.758483,frame_002389
53.205064,87.024658,-9.775539,frame_002390
53.081874,87.070216,-9.792700,frame_002391
52.958804,87.116976,-9.809871,frame_002392
52.835800,87.164992,-9.827058,frame_002393
52.712801,87.214312,-9.844266,frame_002394
52.590649,87.264973,-9.861531,frame_002395
52.469440,87.317004,-9.878859,frame_002396
52.349267,87.370426,-9.896256,frame_002397
52.229319,87.425251,-9.913704,frame_002398
52.109523,87.481485,-9.931205,frame_002399
51.989799,87.539122,-9.948759,frame_002400
51.870223,87.598150,-9.966348,frame_002401
51.751027,87.658549,-9.983980,frame_002402
51.632437,87.720288,-10.001658,frame_002403
51.514509,87.783331,-10.019486,frame_002404
51.397131,87.847630,-10.037446,frame_002405
51.280188,87.913132,-10.055522,frame_002406
51.163717,87.978787,-10.073685,frame_002407
51.047911,88.044730,-10.091933,frame_002408
50.932958,88.111078,-10.110265,frame_002409
50.818876,88.178918,-10.128623,frame_002410
50.705517,88.248127,-10.146992,frame_002411
50.592725,88.318577,-10.165354,frame_002412
50.480500,88.389143,-10.183712,frame_002413
50.368997,88.459883,-10.202065,frame_002414
50.258366,88.530840,-10.220414,frame_002415
50.147842,88.603024,-10.238787,frame_002416
50.037392,88.676239,-10.257185,frame_002417
49.926973,88.750278,-10.275610,frame_002418
49.817435,88.825143,-10.294008,frame_002419
49.708877,88.901039,-10.312375,frame_002420
49.601389,88.978162,-10.330704,frame_002421
49.495805,89.055501,-10.349041,frame_002422
49.392048,89.133015,-10.367388,frame_002423
49.290041,89.210645,-10.385748,frame_002424
49.187310,89.290500,-10.404127,frame_002425
49.083920,89.372507,-10.422517,frame_002426
48.979919,89.456589,-10.440910,frame_002427
48.876989,89.540485,-10.459283,frame_002428
48.775153,89.624103,-10.477640,frame_002429
48.674427,89.707333,-10.495982,frame_002430
48.574819,89.791250,-10.514359,frame_002431
48.476334,89.875933,-10.532782,frame_002432
48.378967,89.961454,-10.551266,frame_002433
48.282710,90.047876,-10.569766,frame_002434
48.187547,90.135252,-10.588273,frame_002435
48.093455,90.223630,-10.606778,frame_002436
47.999660,90.313047,-10.625299,frame_002437
47.906282,90.403532,-10.643832,frame_002438
47.813430,90.495106,-10.662377,frame_002439
47.721943,90.587783,-10.680901,frame_002440
47.631751,90.681565,-10.699394,frame_002441
47.542772,90.776449,-10.717850,frame_002442
47.454176,90.872422,-10.736318,frame_002443
47.366026,90.969464,-10.754805,frame_002444
47.278372,91.067544,-10.773322,frame_002445
47.191253,91.166626,-10.791918,frame_002446
47.104694,91.266663,-10.810588,frame_002447
47.018709,91.367601,-10.829330,frame_002448
46.934041,91.469376,-10.848085,frame_002449
46.850525,91.571917,-10.866860,frame_002450
46.767985,91.675146,-10.885663,frame_002451
46.686402,91.777986,-10.904542,frame_002452
46.605912,91.880549,-10.923509,frame_002453
46.526647,91.982925,-10.942573,frame_002454
46.447821,92.086177,-10.961637,frame_002455
46.369383,92.190158,-10.980689,frame_002456
46.291271,92.294712,-10.999714,frame_002457
46.214316,92.400876,-11.018755,frame_002458
46.138598,92.508700,-11.037805,frame_002459
46.064189,92.618235,-11.056862,frame_002460
45.989501,92.727345,-11.075910,frame_002461
45.914584,92.836063,-11.094941,frame_002462
45.839465,92.944407,-11.113949,frame_002463
45.765807,93.054561,-11.132978,frame_002464
45.693614,93.166527,-11.152027,frame_002465
45.622883,93.280304,-11.171093,frame_002466
45.553603,93.393707,-11.190166,frame_002467
45.485760,93.506717,-11.209241,frame_002468
45.419331,93.619303,-11.228314,frame_002469
45.353541,93.733599,-11.247412,frame_002470
45.288511,93.849555,-11.266529,frame_002471
45.224348,93.967122,-11.285660,frame_002472
45.160241,94.085262,-11.304676,frame_002473
45.096104,94.204131,-11.323599,frame_002474
45.031831,94.323875,-11.342450,frame_002475
44.969861,94.444419,-11.361277,frame_002476
44.910232,94.565465,-11.380081,frame_002477
44.852981,94.686708,-11.398861,frame_002478
44.795748,94.808046,-11.417705,frame_002479
44.738712,94.929585,-11.436609,frame_002480
44.682036,95.051420,-11.455570,frame_002481
44.626609,95.174626,-11.474598,frame_002482
44.572398,95.299078,-11.493691,frame_002483
44.519359,95.424649,-11.512849,frame_002484
44.467436,95.550228,-11.532005,frame_002485
44.416557,95.675894,-11.551161,frame_002486
44.366642,95.801718,-11.570317,frame_002487
44.318503,95.928750,-11.589522,frame_002488
44.272199,96.056838,-11.608770,frame_002489
44.227785,96.185832,-11.628057,frame_002490
44.183654,96.314595,-11.647344,frame_002491
44.139835,96.443181,-11.666633,frame_002492
44.096338,96.571636,-11.685927,frame_002493
44.054807,96.699997,-11.705286,frame_002494
44.015226,96.828296,-11.724710,frame_002495
43.977572,96.956551,-11.744196,frame_002496
43.941072,97.085762,-11.763671,frame_002497
43.905846,97.215728,-11.783124,frame_002498
43.872001,97.346248,-11.802545,frame_002499
43.838725,97.476133,-11.821951,frame_002500
43.805932,97.605389,-11.841351,frame_002501
43.773518,97.734011,-11.860753,frame_002502
43.742267,97.863186,-11.880207,frame_002503
43.712204,97.993116,-11.899707,frame_002504
43.683342,98.124002,-11.919248,frame_002505
43.655681,98.254845,-11.938787,frame_002506
43.629207,98.385624,-11.958323,frame_002507
43.603897,98.516311,-11.977855,frame_002508
43.579711,98.646866,-11.997345,frame_002509
43.556599,98.777245,-12.016800,frame_002510
43.534497,98.907392,-12.036225,frame_002511
43.514238,99.039431,-12.055678,frame_002512
43.495900,99.173307,-12.075154,frame_002513
43.479556,99.308974,-12.094644,frame_002514
43.463620,99.444209,-12.114081,frame_002515
43.448138,99.578964,-12.133465,frame_002516
43.433140,99.713187,-12.152800,frame_002517
43.418635,99.848013,-12.172160,frame_002518
43.404613,99.983594,-12.191529,frame_002519
43.391045,100.120081,-12.210897,frame_002520
43.379539,100.257410,-12.230227,frame_002521
43.370040,100.395305,-12.249504,frame_002522
43.362487,100.533490,-12.268710,frame_002523
43.356069,100.671901,-12.287954,frame_002524
43.350868,100.810689,-12.307252,frame_002525
43.346952,100.950005,-12.326621,frame_002526
43.343473,101.089787,-12.346032,frame_002527
43.340306,101.229758,-12.365484,frame_002528
43.337308,101.369641,-12.384978,frame_002529
43.336133,101.509372,-12.404415,frame_002530
43.336937,101.649104,-12.423796,frame_002531
43.339868,101.788987,-12.443122,frame_002532
43.344162,101.927971,-12.462384,frame_002533
43.349786,102.065987,-12.481583,frame_002534
43.356697,102.202953,-12.500721,frame_002535
43.364838,102.340968,-12.519843,frame_002536
43.374137,102.479953,-12.538956,frame_002537
43.384514,102.619835,-12.558071,frame_002538
43.395873,102.758367,-12.577170,frame_002539
43.408106,102.895477,-12.596251,frame_002540
43.421093,103.031085,-12.615310,frame_002541
43.435608,103.166303,-12.634308,frame_002542
43.451673,103.301257,-12.653266,frame_002543
43.469304,103.436072,-12.672204,frame_002544
43.486858,103.571861,-12.691225,frame_002545
43.504323,103.708544,-12.710314,frame_002546
43.521673,103.846050,-12.729456,frame_002547
43.540513,103.982129,-12.748579,frame_002548
43.560788,104.116710,-12.767685,frame_002549
43.582440,104.249715,-12.786778,frame_002550
43.604655,104.383240,-12.805930,frame_002551
43.627516,104.517206,-12.825145,frame_002552
43.651092,104.651542,-12.844430,frame_002553
43.675441,104.785199,-12.863697,frame_002554
43.700607,104.918327,-12.882947,frame_002555
43.726622,105.051078,-12.902177,frame_002556
43.753504,105.184589,-12.921435,frame_002557
43.781261,105.318805,-12.940723,frame_002558
43.809885,105.453680,-12.960040,frame_002559
43.839358,105.589177,-12.979438,frame_002560
43.869648,105.725265,-12.998922,frame_002561
43.900711,105.861925,-13.018500,frame_002562
43.932489,105.996957,-13.038104,frame_002563
43.964913,106.130340,-13.057730,frame_002564
43.997900,106.262046,-13.077376,frame_002565
44.031517,106.394222,-13.097084,frame_002566
44.065980,106.526839,-13.116867,frame_002567
44.101491,106.659876,-13.136736,frame_002568
44.138987,106.793320,-13.156678,frame_002569
44.178490,106.927169,-13.176677,frame_002570
44.220016,107.061424,-13.196716,frame_002571
44.262667,107.193914,-13.216751,frame_002572
44.306277,107.324642,-13.236771,frame_002573
44.350670,107.453604,-13.256763,frame_002574
44.395816,107.582973,-13.276741,frame_002575
44.441836,107.712746,-13.296698,frame_002576
44.488839,107.842926,-13.316632,frame_002577
44.536918,107.972327,-13.336541,frame_002578
44.586157,108.100746,-13.356406,frame_002579
44.636625,108.227983,-13.376211,frame_002580
44.689126,108.355037,-13.395990,frame_002581
44.743548,108.481928,-13.415737,frame_002582
44.799774,108.608685,-13.435443,frame_002583
44.856934,108.735347,-13.455113,frame_002584
44.915054,108.861960,-13.474741,frame_002585
44.974147,108.988577,-13.494323,frame_002586
45.034212,109.114063,-13.513856,frame_002587
45.095237,109.238265,-13.533336,frame_002588
45.157196,109.361034,-13.552761,frame_002589
45.220052,109.483418,-13.572087,frame_002590
45.283753,109.605488,-13.591313,frame_002591
45.348236,109.727325,-13.610437,frame_002592
45.413425,109.849015,-13.629634,frame_002593
45.479232,109.970656,-13.648903,frame_002594
45.545554,110.092352,-13.668245,frame_002595
45.613185,110.213017,-13.687441,frame_002596
45.682167,110.332550,-13.706481,frame_002597
45.752534,110.450850,-13.725356,frame_002598
45.823408,110.569017,-13.744143,frame_002599
45.894642,110.687172,-13.762848,frame_002600
45.966077,110.805446,-13.781478,frame_002601
46.037705,110.922776,-13.800025,frame_002602
46.109664,111.039087,-13.818488,frame_002603
46.182083,111.154304,-13.836865,frame_002604
46.255819,111.269551,-13.855196,frame_002605
46.330821,111.384975,-13.873485,frame_002606
46.407027,111.500732,-13.891734,frame_002607
46.484372,111.616769,-13.909945,frame_002608
46.562781,111.732833,-13.928116,frame_002609
46.642176,111.848676,-13.946245,frame_002610
46.721726,111.963072,-13.964347,frame_002611
46.801492,112.075997,-13.982414,frame_002612
46.881528,112.187424,-14.000438,frame_002613
46.961869,112.299516,-14.018434,frame_002614
47.042543,112.412264,-14.036395,frame_002615
47.123560,112.525676,-14.054319,frame_002616
47.205830,112.637591,-14.072249,frame_002617
47.289508,112.748034,-14.090182,frame_002618
47.374742,112.857031,-14.108115,frame_002619
47.461514,112.965592,-14.125954,frame_002620
47.549636,113.073539,-14.143689,frame_002621
47.638915,113.180698,-14.161311,frame_002622
47.728406,113.288105,-14.178860,frame_002623
47.818057,113.395830,-14.196331,frame_002624
47.907805,113.503954,-14.213720,frame_002625
47.998482,113.611378,-14.231050,frame_002626
48.090167,113.717999,-14.248319,frame_002627
48.182932,113.823719,-14.265523,frame_002628
48.276845,113.928450,-14.282627,frame_002629
48.371966,114.032113,-14.299618,frame_002630
48.468349,114.134637,-14.316490,frame_002631
48.565133,114.234972,-14.333251,frame_002632
48.662192,114.333269,-14.349890,frame_002633
48.759386,114.429680,-14.366398,frame_002634
48.857470,114.525341,-14.382775,frame_002635
48.956449,114.620198,-14.399012,frame_002636
49.056318,114.714204,-14.415102,frame_002637
49.157068,114.808309,-14.431047,frame_002638
49.258683,114.902277,-14.446840,frame_002639
49.361141,114.995891,-14.462475,frame_002640
49.463668,115.087962,-14.477987,frame_002641
49.566384,115.178512,-14.493375,frame_002642
49.669397,115.267571,-14.508635,frame_002643
49.773547,115.355175,-14.523656,frame_002644
49.878763,115.441372,-14.538423,frame_002645
49.984965,115.526215,-14.552927,frame_002646
50.091320,115.610754,-14.567261,frame_002647
50.197894,115.694854,-14.581429,frame_002648
50.304735,115.778398,-14.595433,frame_002649
50.412629,115.860300,-14.609281,frame_002650
50.521445,115.940681,-14.622980,frame_002651
50.631048,116.019670,-14.636539,frame_002652
50.742201,116.098393,-14.649966,frame_002653
50.854924,116.176791,-14.663264,frame_002654
50.969236,116.254821,-14.676440,frame_002655
51.083502,116.332459,-14.689455,frame_002656
51.197730,116.409696,-14.702325,frame_002657
51.311911,116.486540,-14.715065,frame_002658
51.426028,116.560831,-14.727706,frame_002659
51.540048,116.632594,-14.740256,frame_002660
51.653928,116.701855,-14.752722,frame_002661
51.769263,116.770823,-14.765048,frame_002662
51.885997,116.839541,-14.777244,frame_002663
52.004073,116.908068,-14.789325,frame_002664
52.122687,116.975280,-14.801346,frame_002665
52.241938,117.041046,-14.813311,frame_002666
52.361918,117.105245,-14.825222,frame_002667
52.483459,117.169949,-14.837015,frame_002668
52.606483,117.235071,-14.848697,frame_002669
52.730916,117.300548,-14.860277,frame_002670
52.855028,117.364156,-14.871792,frame_002671
52.978729,117.425865,-14.883253,frame_002672
53.101918,117.485655,-14.894674,frame_002673
53.225388,117.543512,-14.906045,frame_002674
53.349182,117.599434,-14.917375,frame_002675
53.473333,117.653424,-14.928676,frame_002676
53.598617,117.705494,-14.939964,frame_002677
53.724900,117.755666,-14.951241,frame_002678
53.852049,117.803969,-14.962511,frame_002679
53.979184,117.851427,-14.973776,frame_002680
54.106328,117.897880,-14.985037,frame_002681
54.233497,117.943186,-14.996296,frame_002682
54.360700,117.988419,-15.007525,frame_002683
54.487941,118.033692,-15.018727,frame_002684
54.615216,118.079144,-15.029902,frame_002685
54.742515,118.123738,-15.041053,frame_002686
54.869824,118.167441,-15.052178,frame_002687
54.997119,118.210235,-15.063277,frame_002688
55.124373,118.249936,-15.074350,frame_002689
55.251549,118.286542,-15.085393,frame_002690
55.378608,118.320054,-15.096405,frame_002691
55.507155,118.352658,-15.107362,frame_002692
55.637149,118.384371,-15.118261,frame_002693
55.768554,118.415225,-15.129096,frame_002694
55.899690,118.446259,-15.139859,frame_002695
56.030520,118.477333,-15.150556,frame_002696
56.161004,118.508333,-15.161193,frame_002697
56.292002,118.536987,-15.171738,frame_002698
56.423628,118.563214,-15.182199,frame_002699
56.555996,118.586943,-15.192581,frame_002700
56.689059,118.609311,-15.202919,frame_002701
56.822607,118.630486,-15.213215,frame_002702
56.956431,118.650652,-15.223469,frame_002703
57.089576,118.669797,-15.233620,frame_002704
57.221987,118.687711,-15.243674,frame_002705
57.353605,118.704201,-15.253640,frame_002706
57.486016,118.718105,-15.263638,frame_002707
57.619160,118.729469,-15.273669,frame_002708
57.752984,118.738348,-15.283734,frame_002709
57.886694,118.746990,-15.293792,frame_002710
58.020404,118.755484,-15.303836,frame_002711
58.154228,118.763943,-15.313862,frame_002712
58.287373,118.771304,-15.323909,frame_002713
58.419784,118.777511,-15.333978,frame_002714
58.551402,118.782520,-15.344076,frame_002715
58.683813,118.786306,-15.354141,frame_002716
58.816958,118.788861,-15.364168,frame_002717
58.950782,118.790194,-15.374149,frame_002718
59.083584,118.788144,-15.384088,frame_002719
59.215311,118.782735,-15.393993,frame_002720
59.345901,118.773993,-15.403874,frame_002721
59.476942,118.764129,-15.413722,frame_002722
59.608375,118.753185,-15.423547,frame_002723
59.740144,118.741219,-15.433358,frame_002724
59.872202,118.729294,-15.443167,frame_002725
60.004508,118.717296,-15.452984,frame_002726
60.137027,118.705137,-15.462819,frame_002727
60.268078,118.691768,-15.472633,frame_002728
60.397624,118.677356,-15.482433,frame_002729
60.525625,118.662087,-15.492228,frame_002730
60.653687,118.644962,-15.502042,frame_002731
60.781768,118.625975,-15.511874,frame_002732
60.909835,118.605132,-15.521724,frame_002733
61.037858,118.583432,-15.531611,frame_002734
61.165814,118.560689,-15.541534,frame_002735
61.293689,118.536736,-15.551494,frame_002736
61.421473,118.511422,-15.561461,frame_002737
61.549162,118.484613,-15.571437,frame_002738
61.676760,118.456191,-15.581422,frame_002739
61.804275,118.426271,-15.591407,frame_002740
61.931725,118.395194,-15.601390,frame_002741
62.059132,118.363323,-15.611369,frame_002742
62.185615,118.330820,-15.621351,frame_002743
62.311042,118.297653,-15.631332,frame_002744
62.435280,118.263804,-15.641308,frame_002745
62.559102,118.228073,-15.651262,frame_002746
62.682545,118.190255,-15.661204,frame_002747
62.805650,118.150152,-15.671145,frame_002748
62.928463,118.108777,-15.681150,frame_002749
63.051039,118.066171,-15.691227,frame_002750
63.173437,118.022393,-15.701380,frame_002751
63.294818,117.976532,-15.711584,frame_002752
63.415086,117.928885,-15.721838,frame_002753
63.534145,117.879760,-15.732143,frame_002754
63.653554,117.829256,-15.742552,frame_002755
63.773231,117.777268,-15.753075,frame_002756
63.893106,117.723701,-15.763721,frame_002757
64.011468,117.669666,-15.774442,frame_002758
64.128261,117.615305,-15.785225,frame_002759
64.243426,117.560779,-15.796060,frame_002760
64.358560,117.506048,-15.806979,frame_002761
64.473620,117.450879,-15.817961,frame_002762
64.588573,117.395054,-15.828985,frame_002763
64.702655,117.337384,-15.839970,frame_002764
64.816014,117.277892,-15.850907,frame_002765
64.928806,117.216606,-15.861789,frame_002766
65.041031,117.153564,-15.872643,frame_002767
65.152534,117.088813,-15.883454,frame_002768
65.263165,117.022406,-15.894207,frame_002769
65.373689,116.956593,-15.904946,frame_002770
65.484139,116.891461,-15.915660,frame_002771
65.594558,116.827125,-15.926339,frame_002772
65.704096,116.761535,-15.937000,frame_002773
65.812654,116.694840,-15.947633,frame_002774
65.920142,116.627194,-15.958225,frame_002775
66.026472,116.558546,-15.968722,frame_002776
66.131566,116.488642,-15.979124,frame_002777
66.235350,116.417233,-15.989431,frame_002778
66.338667,116.344295,-15.999700,frame_002779
66.441623,116.270024,-16.009928,frame_002780
66.544340,116.194626,-16.020113,frame_002781
66.646042,116.119302,-16.030186,frame_002782
66.746708,116.044067,-16.040147,frame_002783
66.846321,115.968955,-16.049999,frame_002784
66.944872,115.891831,-16.059712,frame_002785
67.042359,115.812744,-16.069291,frame_002786
67.138784,115.731746,-16.078739,frame_002787
67.234902,115.649873,-16.088098,frame_002788
67.330574,115.566968,-16.097371,frame_002789
67.425674,115.482887,-16.106563,frame_002790
67.519340,115.398690,-16.115669,frame_002791
67.611628,115.314469,-16.124694,frame_002792
67.702596,115.230334,-16.133646,frame_002793
67.793059,115.145210,-16.142484,frame_002794
67.882933,115.059018,-16.151222,frame_002795
67.972148,114.971686,-16.159870,frame_002796
68.060648,114.882166,-16.168549,frame_002797
68.148388,114.790608,-16.177270,frame_002798
68.235337,114.697163,-16.186043,frame_002799
68.321475,114.602969,-16.194801,frame_002800
68.406795,114.507970,-16.203559,frame_002801
68.491305,114.412122,-16.212326,frame_002802
68.575024,114.316585,-16.221170,frame_002803
68.657982,114.221553,-16.230091,frame_002804
68.740225,114.127236,-16.239091,frame_002805
68.820902,114.032659,-16.248165,frame_002806
68.899914,113.937844,-16.257315,frame_002807
68.977170,113.842820,-16.266549,frame_002808
69.054238,113.747626,-16.275873,frame_002809
69.131050,113.652306,-16.285283,frame_002810
69.207560,113.556916,-16.294769,frame_002811
69.282085,113.460319,-16.304299,frame_002812
69.354603,113.362363,-16.313852,frame_002813
69.425098,113.262897,-16.323407,frame_002814
69.495215,113.162972,-16.332974,frame_002815
69.564962,113.062657,-16.342557,frame_002816
69.634369,112.962033,-16.352159,frame_002817
69.701829,112.861187,-16.361777,frame_002818
69.767396,112.760216,-16.371400,frame_002819
69.831130,112.659226,-16.381018,frame_002820
69.893845,112.558114,-16.390635,frame_002821
69.955457,112.456576,-16.400230,frame_002822
70.015897,112.354313,-16.409785,frame_002823
70.075107,112.251250,-16.419328,frame_002824
70.133044,112.147534,-16.428824,frame_002825
70.189675,112.043320,-16.438235,frame_002826
70.244982,111.937572,-16.447554,frame_002827
70.298958,111.830238,-16.456764,frame_002828
70.351609,111.721270,-16.465846,frame_002829
70.403701,111.611816,-16.474742,frame_002830
70.455110,111.502048,-16.483429,frame_002831
70.505731,111.392147,-16.491886,frame_002832
70.554733,111.281101,-16.500109,frame_002833
70.602204,111.168886,-16.508093,frame_002834
70.648245,111.055476,-16.515831,frame_002835
70.692972,110.943031,-16.523369,frame_002836
70.736511,110.831544,-16.530702,frame_002837
70.779001,110.721024,-16.537828,frame_002838
70.820433,110.609308,-16.544793,frame_002839
70.860648,110.496422,-16.551580,frame_002840
70.899501,110.382392,-16.558171,frame_002841
70.937766,110.267243,-16.564616,frame_002842
70.975491,110.150999,-16.570892,frame_002843
71.012741,110.033686,-16.576980,frame_002844
71.047950,109.915329,-16.582957,frame_002845
71.081208,109.795953,-16.588807,frame_002846
71.112616,109.675584,-16.594515,frame_002847
71.143022,109.556432,-16.600012,frame_002848
71.172382,109.438539,-16.605275,frame_002849
71.200666,109.321965,-16.610287,frame_002850
71.227854,109.204598,-16.615090,frame_002851
71.253939,109.086515,-16.619674,frame_002852
71.278927,108.967789,-16.624034,frame_002853
71.302839,108.848498,-16.628092,frame_002854
71.325706,108.728716,-16.631839,frame_002855
71.347571,108.608519,-16.635265,frame_002856
71.368493,108.488969,-16.638352,frame_002857
71.388540,108.369935,-16.641104,frame_002858
71.407796,108.251296,-16.643530,frame_002859
71.424701,108.131953,-16.645606,frame_002860
71.439352,108.012006,-16.647335,frame_002861
71.451842,107.891556,-16.648723,frame_002862
71.463922,107.770703,-16.649763,frame_002863
71.475698,107.649548,-16.650456,frame_002864
71.487292,107.528193,-16.650805,frame_002865
71.497928,107.406736,-16.650798,frame_002866
71.507585,107.285280,-16.650468,frame_002867
71.516247,107.163924,-16.649849,frame_002868
71.524812,107.043755,-16.648951,frame_002869
71.533444,106.924669,-16.647801,frame_002870
71.542322,106.806569,-16.646428,frame_002871
71.550729,106.687181,-16.644829,frame_002872
71.558698,106.566409,-16.643024,frame_002873
71.566271,106.444147,-16.641040,frame_002874
71.573496,106.322963,-16.638814,frame_002875
71.580426,106.202647,-16.636360,frame_002876
71.587123,106.081526,-16.633668,frame_002877
71.593652,105.959726,-16.630789,frame_002878
71.600087,105.837373,-16.627749,frame_002879
71.606506,105.714592,-16.624572,frame_002880
71.612088,105.591509,-16.621376,frame_002881
71.616757,105.468250,-16.618171,frame_002882
71.620436,105.344940,-16.614968,frame_002883
71.623957,105.222693,-16.611785,frame_002884
71.627412,105.101427,-16.608648,frame_002885
71.630899,104.981072,-16.605585,frame_002886
71.635270,104.859378,-16.602568,frame_002887
71.640479,104.736275,-16.599627,frame_002888
71.646495,104.611683,-16.596797,frame_002889
71.651645,104.487699,-16.594050,frame_002890
71.655910,104.364245,-16.591402,frame_002891
71.659271,104.241248,-16.588868,frame_002892
71.661710,104.117661,-16.586381,frame_002893
71.663206,103.993633,-16.583950,frame_002894
71.663741,103.869315,-16.581585,frame_002895
71.664204,103.744860,-16.579214,frame_002896
71.664744,103.620417,-16.576838,frame_002897
71.665516,103.496137,-16.574460,frame_002898
71.665774,103.371958,-16.572070,frame_002899
71.665518,103.247603,-16.569668,frame_002900
71.664749,103.122795,-16.567254,frame_002901
71.663465,102.997472,-16.564796,frame_002902
71.661668,102.871784,-16.562290,frame_002903
71.659357,102.745882,-16.559735,frame_002904
71.657278,102.619917,-16.557127,frame_002905
71.655276,102.494040,-16.554465,frame_002906
71.653202,102.368402,-16.551749,frame_002907
71.650167,102.242940,-16.548991,frame_002908
71.646189,102.117377,-16.546200,frame_002909
71.641289,101.991437,-16.543382,frame_002910
71.636393,101.865057,-16.540524,frame_002911
71.631687,101.738388,-16.537634,frame_002912
71.627366,101.611580,-16.534717,frame_002913
71.622721,101.484785,-16.531783,frame_002914
71.617791,101.358153,-16.528828,frame_002915
71.612614,101.231836,-16.525846,frame_002916
71.607973,101.106970,-16.522883,frame_002917
71.603751,100.983502,-16.519955,frame_002918
71.599838,100.861384,-16.517081,frame_002919
71.595382,100.739872,-16.514286,frame_002920
71.590441,100.618612,-16.511576,frame_002921
71.585632,100.495036,-16.508946,frame_002922
71.580894,100.370459,-16.506393,frame_002923
71.576173,100.245205,-16.503924,frame_002924
71.571420,100.119592,-16.501545,frame_002925
71.566029,99.993857,-16.499255,frame_002926
71.560076,99.867613,-16.497061,frame_002927
71.553639,99.742266,-16.494996,frame_002928
71.546792,99.616769,-16.493079,frame_002929
71.539612,99.491271,-16.491323,frame_002930
71.532176,99.365924,-16.489735,frame_002931
71.524558,99.240880,-16.488216,frame_002932
71.516836,99.116288,-16.486754,frame_002933
71.509085,98.992300,-16.485339,frame_002934
71.502128,98.868852,-16.483989,frame_002935
71.495885,98.745669,-16.482699,frame_002936
71.490284,98.622473,-16.481460,frame_002937
71.483603,98.499202,-16.480305,frame_002938
71.475770,98.376006,-16.479230,frame_002939
71.466707,98.253037,-16.478229,frame_002940
71.457234,98.130724,-16.477255,frame_002941
71.447428,98.008688,-16.476299,frame_002942
71.437365,97.884336,-16.475324,frame_002943
71.427121,97.758957,-16.474345,frame_002944
71.416773,97.632852,-16.473360,frame_002945
71.406396,97.506312,-16.472366,frame_002946
71.396813,97.381350,-16.471372,frame_002947
71.387944,97.257885,-16.470380,frame_002948
71.379716,97.135846,-16.469390,frame_002949
71.371317,97.012985,-16.468430,frame_002950
71.362842,96.889230,-16.467492,frame_002951
71.354386,96.764501,-16.466572,frame_002952
71.346044,96.639911,-16.465708,frame_002953
71.337912,96.515585,-16.464889,frame_002954
71.330084,96.391648,-16.464101,frame_002955
71.321747,96.268228,-16.463290,frame_002956
71.312830,96.145449,-16.462456,frame_002957
71.303252,96.023437,-16.461600,frame_002958
71.293837,95.902105,-16.460735,frame_002959
71.284659,95.781149,-16.459865,frame_002960
71.275795,95.660269,-16.458996,frame_002961
71.268067,95.539377,-16.458134,frame_002962
71.261396,95.418598,-16.457287,frame_002963
71.255708,95.298058,-16.456465,frame_002964
71.250192,95.177882,-16.455668,frame_002965
71.244943,95.058198,-16.454893,frame_002966
71.240055,94.939129,-16.454134,frame_002967
71.234716,94.821082,-16.453409,frame_002968
71.228853,94.703651,-16.452725,frame_002969
71.222387,94.584219,-16.452082,frame_002970
71.216139,94.462249,-16.451452,frame_002971
71.210187,94.337684,-16.450836,frame_002972
71.203925,94.213144,-16.450250,frame_002973
71.197303,94.092729,-16.449705,frame_002974
71.190267,93.976072,-16.449202,frame_002975
71.183503,93.859878,-16.448737,frame_002976
71.177472,93.742359,-16.448325,frame_002977
71.172083,93.623442,-16.447967,frame_002978
71.166503,93.502309,-16.447672,frame_002979
71.160809,93.380226,-16.447431,frame_002980
71.155077,93.257466,-16.447242,frame_002981
71.149383,93.134296,-16.447106,frame_002982
71.143804,93.011718,-16.447044,frame_002983
71.138414,92.889832,-16.447049,frame_002984
71.133291,92.768738,-16.447115,frame_002985
71.127603,92.648816,-16.447201,frame_002986
71.121258,92.529637,-16.447307,frame_002987
71.114716,92.408556,-16.447454,frame_002988
71.108666,92.286814,-16.447626,frame_002989
71.103050,92.164659,-16.447818,frame_002990
71.097821,92.042334,-16.448023,frame_002991
71.092373,91.920494,-16.448264,frame_002992
71.086782,91.798571,-16.448531,frame_002993
71.081125,91.677222,-16.448834,frame_002994
71.075477,91.556687,-16.449171,frame_002995
71.069915,91.437216,-16.449542,frame_002996
71.064514,91.319064,-16.449946,frame_002997
71.058444,91.200390,-16.450391,frame_002998
71.051612,91.081074,-16.450880,frame_002999
71.043919,90.960246,-16.451399,frame_003000
71.036170,90.839122,-16.451920,frame_003001
71.028420,90.717925,-16.452441,frame_003002
71.020728,90.596873,-16.452959,frame_003003
71.013150,90.478393,-16.453441,frame_003004
71.005743,90.362229,-16.453874,frame_003005
70.999124,90.245917,-16.454204,frame_003006
70.993233,90.129686,-16.454488,frame_003007
70.988016,90.013759,-16.454732,frame_003008
70.983423,89.898354,-16.454940,frame_003009
70.978848,89.784699,-16.455034,frame_003010
70.974369,89.672315,-16.455039,frame_003011
70.970061,89.558508,-16.455053,frame_003012
70.965093,89.444467,-16.455094,frame_003013
70.959372,89.330391,-16.455171,frame_003014
70.952801,89.216471,-16.455294,frame_003015
70.946182,89.103633,-16.455455,frame_003016
70.939573,88.991902,-16.455652,frame_003017
70.933030,88.881303,-16.455884,frame_003018
70.926611,88.770062,-16.456097,frame_003019
70.920373,88.657869,-16.456309,frame_003020
70.914372,88.547105,-16.456548,frame_003021
70.909786,88.439414,-16.456863,frame_003022
70.906437,88.334663,-16.457266,frame_003023
70.903041,88.230515,-16.457835,frame_003024
70.899674,88.122836,-16.458559,frame_003025
70.896411,88.011157,-16.459431,frame_003026
70.892421,87.898579,-16.460453,frame_003027
70.887612,87.784989,-16.461584,frame_003028
70.881886,87.670568,-16.462828,frame_003029
70.876046,87.556388,-16.464182,frame_003030
70.870149,87.443765,-16.465611,frame_003031
70.864251,87.332822,-16.467124,frame_003032
70.858411,87.223687,-16.468729,frame_003033
70.852685,87.115597,-16.470485,frame_003034
70.847130,87.008525,-16.472377,frame_003035
70.841804,86.902447,-16.474389,frame_003036
70.836763,86.795538,-16.476593,frame_003037
70.832065,86.687438,-16.478970,frame_003038
70.827085,86.580478,-16.481481,frame_003039
70.821755,86.476252,-16.484130,frame_003040
70.816002,86.374575,-16.486892,frame_003041
70.810305,86.272322,-16.489686,frame_003042
70.805146,86.167262,-16.492476,frame_003043
70.800452,86.059356,-16.495241,frame_003044
70.796154,85.950342,-16.497980,frame_003045
70.791626,85.841945,-16.500694,frame_003046
70.786928,85.734089,-16.503364,frame_003047
70.782115,85.626697,-16.505971,frame_003048
70.777246,85.519696,-16.508503,frame_003049
70.772376,85.413009,-16.510941,frame_003050
70.767563,85.307462,-16.513279,frame_003051
70.762865,85.203144,-16.515492,frame_003052
70.758338,85.100154,-16.517563,frame_003053
70.754039,84.998595,-16.519478,frame_003054
70.750026,84.895878,-16.521215,frame_003055
70.746355,84.791619,-16.522755,frame_003056
70.743149,84.688121,-16.524099,frame_003057
70.740183,84.585476,-16.525245,frame_003058
70.737235,84.483781,-16.526187,frame_003059
70.733337,84.383141,-16.526896,frame_003060
70.729107,84.280965,-16.527487,frame_003061
70.724600,84.176869,-16.527983,frame_003062
70.719875,84.073157,-16.528365,frame_003063
70.714988,83.969921,-16.528631,frame_003064
70.709996,83.867258,-16.528782,frame_003065
70.704956,83.765272,-16.528808,frame_003066
70.699926,83.663172,-16.528696,frame_003067
70.694963,83.560909,-16.528444,frame_003068
70.690123,83.458432,-16.528081,frame_003069
70.685464,83.355691,-16.527698,frame_003070
70.681043,83.252635,-16.527311,frame_003071
70.677663,83.148229,-16.526900,frame_003072
70.673865,83.040827,-16.526452,frame_003073
70.669302,82.930242,-16.525984,frame_003074
70.664246,82.819215,-16.525476,frame_003075
70.658751,82.707964,-16.524923,frame_003076
70.652876,82.596710,-16.524323,frame_003077
70.646677,82.485673,-16.523675,frame_003078
70.640212,82.376112,-16.522980,frame_003079
70.633538,82.268150,-16.522252,frame_003080
70.626711,82.161916,-16.521509,frame_003081
70.619789,82.057828,-16.520703,frame_003082
70.612830,81.955502,-16.519882,frame_003083
70.606448,81.852348,-16.519171,frame_003084
70.600586,81.748470,-16.518506,frame_003085
70.595188,81.643966,-16.517897,frame_003086
70.590204,81.538927,-16.517359,frame_003087
70.585030,81.435657,-16.516837,frame_003088
70.579742,81.333771,-16.516335,frame_003089
70.574416,81.231420,-16.515847,frame_003090
70.569128,81.126753,-16.515346,frame_003091
70.563954,81.019387,-16.514834,frame_003092
70.558290,80.912525,-16.514364,frame_003093
70.552085,80.806426,-16.513951,frame_003094
70.545285,80.701359,-16.513606,frame_003095
70.537830,80.597608,-16.513340,frame_003096
70.530337,80.493668,-16.513143,frame_003097
70.522864,80.389514,-16.513021,frame_003098
70.516212,80.285122,-16.512980,frame_003099
70.510284,80.180465,-16.513014,frame_003100
70.504988,80.075519,-16.513125,frame_003101
70.499492,79.970259,-16.513297,frame_003102
70.493873,79.864658,-16.513546,frame_003103
70.488206,79.758694,-16.513877,frame_003104
70.482567,79.653325,-16.514322,frame_003105
70.477033,79.548322,-16.514867,frame_003106
70.471680,79.443462,-16.515510,frame_003107
70.465676,79.337546,-16.516295,frame_003108
70.458930,79.230573,-16.517219,frame_003109
70.451342,79.122544,-16.518279,frame_003110
70.444462,79.013458,-16.519529,frame_003111
70.438192,78.903316,-16.520966,frame_003112
70.432439,78.792117,-16.522587,frame_003113
70.426372,78.679122,-16.524303,frame_003114
70.420068,78.564485,-16.526106,frame_003115
70.413601,78.448353,-16.527991,frame_003116
70.407050,78.330869,-16.529960,frame_003117
70.400488,78.215866,-16.531993,frame_003118
70.393993,78.102701,-16.534087,frame_003119
70.387641,77.987800,-16.536231,frame_003120
70.381508,77.871189,-16.538409,frame_003121
70.375670,77.752892,-16.540603,frame_003122
70.369295,77.634135,-16.542814,frame_003123
70.362292,77.515165,-16.545035,frame_003124
70.354561,77.396238,-16.547263,frame_003125
70.347653,77.277318,-16.549470,frame_003126
70.341468,77.158622,-16.551635,frame_003127
70.335915,77.040372,-16.553738,frame_003128
70.330163,76.923786,-16.555792,frame_003129
70.324286,76.807993,-16.557817,frame_003130
70.318363,76.692871,-16.559791,frame_003131
70.312467,76.577322,-16.561720,frame_003132
70.306677,76.459646,-16.563709,frame_003133
70.301067,76.339610,-16.565755,frame_003134
70.295033,76.220655,-16.567760,frame_003135
70.288525,76.102818,-16.569707,frame_003136
70.281489,75.986151,-16.571578,frame_003137
70.274611,75.869732,-16.573305,frame_003138
70.268352,75.751149,-16.574898,frame_003139
70.262620,75.630193,-16.576356,frame_003140
70.256583,75.509431,-16.577756,frame_003141
70.250319,75.388758,-16.579085,frame_003142
70.243901,75.268077,-16.580335,frame_003143
70.237408,75.146315,-16.581488,frame_003144
70.230915,75.023597,-16.582541,frame_003145
70.224498,74.900049,-16.583492,frame_003146
70.218233,74.776782,-16.584375,frame_003147
70.212197,74.653717,-16.585182,frame_003148
70.206465,74.530784,-16.585904,frame_003149
70.200206,74.406932,-16.586537,frame_003150
70.193328,74.282313,-16.587076,frame_003151
70.185732,74.157077,-16.587515,frame_003152
70.178968,74.031376,-16.587785,frame_003153
70.172937,73.905361,-16.587908,frame_003154
70.167548,73.779182,-16.587903,frame_003155
70.161968,73.652777,-16.587821,frame_003156
70.156274,73.525869,-16.587667,frame_003157
70.150543,73.398180,-16.587444,frame_003158
70.144849,73.270636,-16.587117,frame_003159
70.139269,73.143180,-16.586691,frame_003160
70.133880,73.015767,-16.586171,frame_003161
70.127849,72.887372,-16.585513,frame_003162
70.121085,72.758173,-16.584721,frame_003163
70.113489,72.628345,-16.583800,frame_003164
70.105865,72.499950,-16.582835,frame_003165
70.098270,72.373126,-16.581829,frame_003166
70.090760,72.248024,-16.580784,frame_003167
70.084138,72.124812,-16.579775,frame_003168
70.078307,71.999170,-16.578808,frame_003169
70.073175,71.870462,-16.577876,frame_003170
70.067909,71.740647,-16.576915,frame_003171
70.062586,71.609926,-16.575921,frame_003172
70.057283,71.478501,-16.574892,frame_003173
70.052074,71.347559,-16.573920,frame_003174
70.047037,71.217095,-16.572998,frame_003175
70.042247,71.087115,-16.572118,frame_003176
70.036873,70.956644,-16.571227,frame_003177
70.030822,70.825909,-16.570319,frame_003178
70.023998,70.695137,-16.569391,frame_003179
70.017201,70.563353,-16.568398,frame_003180
70.010491,70.432041,-16.567516,frame_003181
70.003923,70.300889,-16.566700,frame_003182
69.997555,70.170295,-16.565775,frame_003183
69.991443,70.040281,-16.564713,frame_003184
69.985646,69.910875,-16.563491,frame_003185
69.980220,69.779930,-16.562092,frame_003186
69.975222,69.647475,-16.560492,frame_003187
69.970709,69.513531,-16.558669,frame_003188
69.965831,69.380296,-16.556693,frame_003189
69.960477,69.247791,-16.554553,frame_003190
69.954528,69.116046,-16.552237,frame_003191
69.949517,68.983898,-16.549705,frame_003192
69.945324,68.851172,-16.546930,frame_003193
69.941838,68.717692,-16.543885,frame_003194
69.938211,68.583494,-16.540584,frame_003195
69.934497,68.448831,-16.537004,frame_003196
69.930755,68.313954,-16.533127,frame_003197
69.927042,68.178901,-16.528999,frame_003198
69.923414,68.043496,-16.524575,frame_003199
69.919929,67.907562,-16.519813,frame_003200
69.916644,67.771138,-16.514622,frame_003201
69.913615,67.634475,-16.508976,frame_003202
69.910901,67.497825,-16.502854,frame_003203
69.907650,67.362425,-16.496408,frame_003204
69.903751,67.228321,-16.489627,frame_003205
69.899087,67.095568,-16.482507,frame_003206
69.895189,66.963029,-16.475005,frame_003207
69.891938,66.830553,-16.467102,frame_003208
69.889223,66.697989,-16.458784,frame_003209
69.886195,66.564199,-16.450157,frame_003210
69.882910,66.429239,-16.441198,frame_003211
69.879424,66.293155,-16.431886,frame_003212
69.875797,66.158170,-16.422344,frame_003213
69.872083,66.024330,-16.412542,frame_003214
69.868341,65.891690,-16.402455,frame_003215
69.864627,65.758127,-16.392170,frame_003216
69.861000,65.623696,-16.381631,frame_003217
69.857514,65.488441,-16.370788,frame_003218
69.853321,65.353388,-16.359584,frame_003219
69.848309,65.218360,-16.347952,frame_003220
69.842361,65.083182,-16.335833,frame_003221
69.836260,64.948876,-16.323382,frame_003222
69.830046,64.815489,-16.310524,frame_003223
69.823755,64.683075,-16.297189,frame_003224
69.818172,64.549512,-16.283490,frame_003225
69.813179,64.414854,-16.269310,frame_003226
69.808667,64.279147,-16.254541,frame_003227
69.803783,64.144615,-16.239233,frame_003228
69.798585,64.011303,-16.223276,frame_003229
69.793130,63.879267,-16.206572,frame_003230
69.787475,63.747583,-16.189569,frame_003231
69.781678,63.614728,-16.171853,frame_003232
69.775795,63.480646,-16.153212,frame_003233
69.769883,63.346852,-16.134144,frame_003234
69.764000,63.213172,-16.114368,frame_003235
69.758203,63.079429,-16.093621,frame_003236
69.753294,62.945661,-16.071678,frame_003237
69.749176,62.812120,-16.048310,frame_003238
69.745756,62.679056,-16.023306,frame_003239
69.742202,62.546508,-15.996376,frame_003240
69.738592,62.414299,-15.967357,frame_003241
69.735001,62.282254,-15.936111,frame_003242
69.730597,62.150197,-15.902479,frame_003243
69.725288,62.017950,-15.866346,frame_003244
69.718977,61.885339,-15.827614,frame_003245
69.712465,61.752401,-15.786185,frame_003246
69.705811,61.619387,-15.741996,frame_003247
69.699072,61.486550,-15.695004,frame_003248
69.692303,61.353926,-15.644938,frame_003249
69.685564,61.221340,-15.591794,frame_003250
69.678909,61.088616,-15.535583,frame_003251
69.673144,60.955790,-15.476948,frame_003252
69.668169,60.823116,-15.415833,frame_003253
69.663892,60.690845,-15.352203,frame_003254
69.659482,60.559013,-15.285755,frame_003255
69.655015,60.427446,-15.216532,frame_003256
69.650567,60.295966,-15.144591,frame_003257
69.645306,60.164399,-15.069516,frame_003258
69.639140,60.032567,-14.991494,frame_003259
69.631972,59.900295,-14.910726,frame_003260
69.625350,59.767621,-14.827026,frame_003261
69.619176,59.634796,-14.740665,frame_003262
69.613357,59.502071,-14.651924,frame_003263
69.607063,59.369484,-14.560843,frame_003264
69.600369,59.236860,-14.467727,frame_003265
69.593352,59.104022,-14.372893,frame_003266
69.586087,58.971994,-14.276703,frame_003267
69.578651,58.840822,-14.179410,frame_003268
69.571119,58.710561,-14.081279,frame_003269
69.563569,58.579088,-13.982853,frame_003270
69.556076,58.446456,-13.884328,frame_003271
69.548716,58.312712,-13.785913,frame_003272
69.542311,58.178881,-13.687937,frame_003273
69.536782,58.044785,-13.590528,frame_003274
69.532057,57.910249,-13.493833,frame_003275
69.526414,57.775310,-13.398088,frame_003276
69.519781,57.640221,-13.303334,frame_003277
69.512078,57.505232,-13.209625,frame_003278
69.504128,57.370382,-13.117421,frame_003279
69.496007,57.235494,-13.026669,frame_003280
69.487791,57.100392,-12.937333,frame_003281
69.479556,56.965114,-12.848580,frame_003282
69.471377,56.829911,-12.760328,frame_003283
69.463332,56.695036,-12.672512,frame_003284
69.456243,56.560525,-12.584594,frame_003285
69.450029,56.426203,-12.496359,frame_003286
69.444619,56.291894,-12.407600,frame_003287
69.438291,56.158620,-12.318478,frame_003288
69.430973,56.026430,-12.228720,frame_003289
69.422585,55.895376,-12.138066,frame_003290
69.413950,55.763337,-12.045354,frame_003291
69.405144,55.630366,-11.950574,frame_003292
69.396242,55.496509,-11.853726,frame_003293
69.387322,55.362791,-11.753885,frame_003294
69.378458,55.229034,-11.651244,frame_003295
69.369728,55.095064,-11.545996,frame_003296
69.361207,54.960918,-11.437584,frame_003297
69.352971,54.826848,-11.326349,frame_003298
69.345097,54.693104,-11.212625,frame_003299
69.337661,54.558739,-11.096772,frame_003300
69.330739,54.423782,-10.979154,frame_003301
69.324406,54.288254,-10.860127,frame_003302
69.318578,54.154354,-10.739494,frame_003303
69.313006,54.022102,-10.617442,frame_003304
69.307444,53.891528,-10.494150,frame_003305
69.301806,53.760483,-10.370200,frame_003306
69.296168,53.628998,-10.245761,frame_003307
69.290606,53.497092,-10.120991,frame_003308
69.285196,53.365765,-9.996989,frame_003309
69.280015,53.234815,-9.873916,frame_003310
69.275138,53.104042,-9.751928,frame_003311
69.269734,52.973457,-9.631970,frame_003312
69.263711,52.843287,-9.514169,frame_003313
69.256970,52.713759,-9.398655,frame_003314
69.250316,52.584885,-9.286145,frame_003315
69.243803,52.456463,-9.176713,frame_003316
69.237491,52.328293,-9.070440,frame_003317
69.231436,52.199188,-8.967145,frame_003318
69.225695,52.069151,-8.866874,frame_003319
69.220325,51.938178,-8.769681,frame_003320
69.216129,51.807457,-8.675141,frame_003321
69.213009,51.677188,-8.583253,frame_003322
69.210872,51.547574,-8.494020,frame_003323
69.207981,51.418601,-8.407114,frame_003324
69.204242,51.290043,-8.322462,frame_003325
69.199557,51.161674,-8.239993,frame_003326
69.194729,51.033481,-8.158614,frame_003327
69.189816,50.905665,-8.078289,frame_003328
69.184874,50.778428,-7.998973,frame_003329
69.179961,50.650771,-7.920383,frame_003330
69.175133,50.522673,-7.842253,frame_003331
69.170448,50.394104,-7.764308,frame_003332
69.165963,50.267213,-7.686711,frame_003333
69.161735,50.141971,-7.609161,frame_003334
69.157821,50.018357,-7.531352,frame_003335
69.153370,49.894171,-7.452661,frame_003336
69.148272,49.769393,-7.372733,frame_003337
69.142408,49.643994,-7.291209,frame_003338
69.137310,49.517936,-7.206599,frame_003339
69.132859,49.391173,-7.118578,frame_003340
69.128944,49.263650,-7.026804,frame_003341
69.124716,49.137490,-6.931886,frame_003342
69.120231,49.012640,-6.833734,frame_003343
69.115546,48.889052,-6.732247,frame_003344
69.110718,48.764503,-6.627824,frame_003345
69.105804,48.638947,-6.520678,frame_003346
69.100862,48.512329,-6.411012,frame_003347
69.095948,48.385787,-6.299570,frame_003348
69.091120,48.259471,-6.186788,frame_003349
69.086435,48.133533,-6.073101,frame_003350
69.081950,48.008123,-5.958759,frame_003351
69.077721,47.883392,-5.844280,frame_003352
69.073807,47.759491,-5.730175,frame_003353
69.070101,47.635372,-5.616545,frame_003354
69.066339,47.510962,-5.503919,frame_003355
69.062253,47.386183,-5.392818,frame_003356
69.057739,47.263131,-5.283572,frame_003357
69.052854,47.141729,-5.176647,frame_003358
69.047655,47.021903,-5.072504,frame_003359
69.042199,46.901406,-4.970848,frame_003360
69.036544,46.780166,-4.872084,frame_003361
69.030745,46.658104,-4.776602,frame_003362
69.024861,46.536330,-4.684158,frame_003363
69.018949,46.414972,-4.595028,frame_003364
69.013065,46.294155,-4.509471,frame_003365
69.007267,46.172805,-4.427257,frame_003366
69.001611,46.050824,-4.348490,frame_003367
68.996156,45.928110,-4.273254,frame_003368
68.990957,45.805747,-4.201901,frame_003369
68.986072,45.683837,-4.134403,frame_003370
68.981559,45.562481,-4.070714,frame_003371
68.977312,45.441779,-4.011207,frame_003372
68.973065,45.321832,-3.955729,frame_003373
68.968551,45.202739,-3.904112,frame_003374
68.963667,45.083403,-3.856517,frame_003375
68.958469,44.963702,-3.812646,frame_003376
68.953013,44.843504,-3.772189,frame_003377
68.947358,44.724859,-3.735556,frame_003378
68.941561,44.607636,-3.702526,frame_003379
68.935677,44.491714,-3.672869,frame_003380
68.929765,44.375993,-3.645500,frame_003381
68.923882,44.260574,-3.620147,frame_003382
68.918084,44.145557,-3.596522,frame_003383
68.912429,44.029844,-3.573801,frame_003384
68.906974,43.913312,-3.551662,frame_003385
68.901776,43.795832,-3.529764,frame_003386
68.896892,43.677478,-3.507510,frame_003387
68.892379,43.558533,-3.484594,frame_003388
68.888294,43.439269,-3.460690,frame_003389
68.883787,43.320935,-3.436114,frame_003390
68.878746,43.203582,-3.410673,frame_003391
68.873054,43.087261,-3.384153,frame_003392
68.867495,42.970821,-3.356357,frame_003393
68.862108,42.854091,-3.327159,frame_003394
68.856930,42.736891,-3.296417,frame_003395
68.852000,42.620232,-3.264508,frame_003396
68.847354,42.504138,-3.231432,frame_003397
68.843033,42.388636,-3.197173,frame_003398
68.839819,42.273750,-3.162058,frame_003399
68.837595,42.159506,-3.126147,frame_003400
68.836250,42.045928,-3.089490,frame_003401
68.834934,41.933042,-3.052479,frame_003402
68.833703,41.820873,-3.015217,frame_003403
68.832615,41.709446,-2.977801,frame_003404
68.830819,41.598786,-2.940615,frame_003405
68.828205,41.488919,-2.903802,frame_003406
68.824654,41.379869,-2.867498,frame_003407
68.820950,41.270462,-2.831866,frame_003408
68.817133,41.160501,-2.797021,frame_003409
68.813239,41.049780,-2.763069,frame_003410
68.809308,40.939285,-2.730373,frame_003411
68.805376,40.829017,-2.699096,frame_003412
68.801483,40.718976,-2.669402,frame_003413
68.797665,40.609160,-2.641589,frame_003414
68.793962,40.499571,-2.615819,frame_003415
68.790411,40.390209,-2.592252,frame_003416
68.787051,40.281073,-2.570967,frame_003417
68.783919,40.172163,-2.552098,frame_003418
68.781053,40.063480,-2.535780,frame_003419
68.778492,39.954037,-2.521746,frame_003420
68.776273,39.844040,-2.510060,frame_003421
68.774435,39.733686,-2.500779,frame_003422
68.772854,39.624149,-2.493518,frame_003423
68.771244,39.515405,-2.488233,frame_003424
68.769321,39.407428,-2.484872,frame_003425
68.766959,39.300193,-2.482894,frame_003426
68.764199,39.193675,-2.482132,frame_003427
68.761076,39.087849,-2.482408,frame_003428
68.757630,38.981489,-2.483439,frame_003429
68.753899,38.874349,-2.485013,frame_003430
68.749920,38.766172,-2.486907,frame_003431
68.745732,38.657895,-2.489292,frame_003432
68.741372,38.549467,-2.491991,frame_003433
68.736880,38.440838,-2.494816,frame_003434
68.732292,38.331957,-2.497865,frame_003435
68.727647,38.222774,-2.500978,frame_003436
68.722983,38.113239,-2.503987,frame_003437
68.718338,38.003515,-2.507052,frame_003438
68.713751,37.893980,-2.510058,frame_003439
68.709258,37.785011,-2.512883,frame_003440
68.704899,37.676772,-2.515579,frame_003441
68.700711,37.569211,-2.518033,frame_003442
68.696732,37.462280,-2.520130,frame_003443
68.693000,37.355927,-2.522060,frame_003444
68.689554,37.250103,-2.523771,frame_003445
68.686432,37.144756,-2.525205,frame_003446
68.683671,37.039837,-2.526568,frame_003447
68.681310,36.935296,-2.527832,frame_003448
68.679386,36.831081,-2.528972,frame_003449
68.677030,36.727143,-2.530041,frame_003450
68.674113,36.623432,-2.531036,frame_003451
68.670497,36.519896,-2.531956,frame_003452
68.666947,36.415501,-2.532866,frame_003453
68.663484,36.310400,-2.533760,frame_003454
68.660125,36.204740,-2.534637,frame_003455
68.656889,36.099647,-2.535487,frame_003456
68.653796,35.995044,-2.536318,frame_003457
68.650866,35.890857,-2.537136,frame_003458
68.647369,35.787008,-2.537878,frame_003459
68.643482,35.683424,-2.538545,frame_003460
68.639373,35.580029,-2.539138,frame_003461
68.635948,35.476747,-2.539724,frame_003462
68.633209,35.373503,-2.540317,frame_003463
68.631155,35.270220,-2.540929,frame_003464
68.629786,35.166825,-2.541546,frame_003465
68.629102,35.063241,-2.542169,frame_003466
68.629103,34.959393,-2.542794,frame_003467
68.629789,34.855205,-2.543411,frame_003468
68.631160,34.750603,-2.544017,frame_003469
68.633216,34.645509,-2.544607,frame_003470
68.635957,34.540064,-2.545213,frame_003471
68.639384,34.434618,-2.545837,frame_003472
68.643495,34.329525,-2.546483,frame_003473
68.647384,34.224922,-2.547124,frame_003474
68.650882,34.120735,-2.547762,frame_003475
68.653815,34.016887,-2.548399,frame_003476
68.656910,33.913303,-2.549017,frame_003477
68.660147,33.809907,-2.549612,frame_003478
68.663508,33.706625,-2.550183,frame_003479
68.666228,33.603381,-2.550770,frame_003480
68.668443,33.500099,-2.551375,frame_003481
68.670283,33.396704,-2.551999,frame_003482
68.672617,33.292134,-2.552618,frame_003483
68.675409,33.186519,-2.553236,frame_003484
68.678619,33.079981,-2.553856,frame_003485
68.682210,32.973619,-2.554481,frame_003486
68.686143,32.867332,-2.555106,frame_003487
68.690381,32.761021,-2.555728,frame_003488
68.694885,32.655783,-2.556385,frame_003489
68.699617,32.551741,-2.557072,frame_003490
68.704540,32.449025,-2.557787,frame_003491
68.709615,32.346573,-2.558470,frame_003492
68.714805,32.244310,-2.559116,frame_003493
68.720070,32.142160,-2.559725,frame_003494
68.725373,32.040048,-2.560354,frame_003495
68.730677,31.937898,-2.561005,frame_003496
68.735942,31.835635,-2.561679,frame_003497
68.741131,31.732196,-2.562344,frame_003498
68.746206,31.627714,-2.562993,frame_003499
68.751129,31.522308,-2.563618,frame_003500
68.755116,31.417078,-2.564235,frame_003501
68.758283,31.311923,-2.564846,frame_003502
68.760743,31.206744,-2.565450,frame_003503
68.763345,31.102638,-2.566023,frame_003504
68.766033,30.999728,-2.566555,frame_003505
68.768750,30.898144,-2.567035,frame_003506
68.771438,30.796824,-2.567486,frame_003507
68.774040,30.695693,-2.567903,frame_003508
68.776500,30.594675,-2.568282,frame_003509
68.779668,30.492709,-2.568651,frame_003510
68.783654,30.389924,-2.569007,frame_003511
68.788577,30.286442,-2.569351,frame_003512
68.793652,30.183363,-2.569656,frame_003513
68.798841,30.080586,-2.569927,frame_003514
68.804107,29.978010,-2.570172,frame_003515
68.809410,29.875534,-2.570390,frame_003516
68.814713,29.773059,-2.570577,frame_003517
68.819979,29.670483,-2.570728,frame_003518
68.825168,29.566720,-2.570813,frame_003519
68.830243,29.461874,-2.570835,frame_003520
68.835166,29.356042,-2.570793,frame_003521
68.839153,29.251498,-2.570700,frame_003522
68.842320,29.148338,-2.570556,frame_003523
68.844780,29.046668,-2.570360,frame_003524
68.847382,28.945400,-2.570133,frame_003525
68.850070,28.844434,-2.569876,frame_003526
68.852787,28.743669,-2.569590,frame_003527
68.855475,28.643005,-2.569257,frame_003528
68.858077,28.542340,-2.568885,frame_003529
68.860537,28.441576,-2.568478,frame_003530
68.862958,28.340609,-2.568031,frame_003531
68.865608,28.239342,-2.567548,frame_003532
68.868753,28.137671,-2.567032,frame_003533
68.872497,28.035711,-2.566501,frame_003534
68.876784,27.933789,-2.565964,frame_003535
68.881556,27.832232,-2.565432,frame_003536
68.886010,27.731153,-2.564928,frame_003537
68.890244,27.630451,-2.564452,frame_003538
68.894351,27.530026,-2.564002,frame_003539
68.899162,27.429777,-2.563548,frame_003540
68.904601,27.329603,-2.563088,frame_003541
68.910592,27.229404,-2.562618,frame_003542
68.916313,27.129080,-2.562153,frame_003543
68.921843,27.028529,-2.561699,frame_003544
68.927255,26.927651,-2.561263,frame_003545
68.933361,26.825359,-2.560834,frame_003546
68.940067,26.721758,-2.560414,frame_003547
68.947278,26.616945,-2.560007,frame_003548
68.954151,26.513194,-2.559616,frame_003549
68.960748,26.410600,-2.559241,frame_003550
68.967122,26.309269,-2.558883,frame_003551
68.974229,26.208114,-2.558516,frame_003552
68.982278,26.107035,-2.558150,frame_003553
68.991478,26.005931,-2.557795,frame_003554
69.001131,25.904701,-2.557483,frame_003555
69.011278,25.803244,-2.557209,frame_003556
69.021954,25.701461,-2.556969,frame_003557
69.033188,25.598263,-2.556706,frame_003558
69.045002,25.493757,-2.556426,frame_003559
69.057411,25.388038,-2.556135,frame_003560
69.070426,25.283381,-2.555856,frame_003561
69.084048,25.179882,-2.555587,frame_003562
69.098276,25.077646,-2.555324,frame_003563
69.113100,24.974599,-2.555062,frame_003564
69.128503,24.870848,-2.554811,frame_003565
69.144464,24.766488,-2.554582,frame_003566
69.160954,24.662593,-2.554325,frame_003567
69.177938,24.559037,-2.554049,frame_003568
69.195376,24.455696,-2.553761,frame_003569
69.213218,24.353642,-2.553528,frame_003570
69.231412,24.252973,-2.553357,frame_003571
69.249897,24.153794,-2.553254,frame_003572
69.268768,24.054030,-2.553259,frame_003573
69.288276,23.953788,-2.553366,frame_003574
69.308666,23.853163,-2.553569,frame_003575
69.330012,23.753230,-2.553789,frame_003576
69.352224,23.653864,-2.554033,frame_003577
69.375202,23.554937,-2.554303,frame_003578
69.398843,23.456325,-2.554661,frame_003579
69.423035,23.357901,-2.555107,frame_003580
69.447661,23.259541,-2.555640,frame_003581
69.472759,23.160131,-2.556260,frame_003582
69.498523,23.059752,-2.556964,frame_003583
69.525139,22.958476,-2.557753,frame_003584
69.552626,22.858549,-2.558617,frame_003585
69.580836,22.760046,-2.559561,frame_003586
69.609614,22.663043,-2.560588,frame_003587
69.639704,22.566431,-2.561703,frame_003588
69.671107,22.470083,-2.562891,frame_003589
69.703823,22.373874,-2.564139,frame_003590
69.736199,22.276690,-2.565433,frame_003591
69.768222,22.178613,-2.566763,frame_003592
69.799865,22.079714,-2.568118,frame_003593
69.832746,21.981041,-2.569534,frame_003594
69.866826,21.882443,-2.570998,frame_003595
69.902066,21.783770,-2.572496,frame_003596
69.936776,21.686070,-2.574026,frame_003597
69.970904,21.589415,-2.575572,frame_003598
70.004386,21.493885,-2.577120,frame_003599
70.038801,21.398367,-2.578592,frame_003600
70.074073,21.302736,-2.579983,frame_003601
70.110125,21.206866,-2.581287,frame_003602
70.146135,21.109645,-2.582587,frame_003603
70.182182,21.011153,-2.583876,frame_003604
70.218340,20.911461,-2.585148,frame_003605
70.255420,20.811618,-2.586332,frame_003606
70.293329,20.711473,-2.587416,frame_003607
70.331970,20.610875,-2.588385,frame_003608
70.370503,20.510874,-2.589317,frame_003609
70.408987,20.411540,-2.590203,frame_003610
70.447477,20.312953,-2.591036,frame_003611
70.486767,20.214002,-2.591805,frame_003612
70.526741,20.114559,-2.592491,frame_003613
70.567287,20.014501,-2.593078,frame_003614
70.607543,19.914900,-2.593548,frame_003615
70.647551,19.815854,-2.593903,frame_003616
70.687346,19.717467,-2.594145,frame_003617
70.726957,19.618652,-2.594282,frame_003618
70.766405,19.519309,-2.594329,frame_003619
70.805706,19.419337,-2.594301,frame_003620
70.844871,19.318635,-2.594217,frame_003621
70.883902,19.217103,-2.594080,frame_003622
70.922795,19.114641,-2.593893,frame_003623
70.962450,19.012347,-2.593571,frame_003624
71.003018,18.910343,-2.593116,frame_003625
71.044653,18.808760,-2.592529,frame_003626
71.086597,18.706534,-2.591854,frame_003627
71.128835,18.603592,-2.591113,frame_003628
71.171346,18.499858,-2.590330,frame_003629
71.214100,18.395256,-2.589528,frame_003630
71.257063,18.289710,-2.588716,frame_003631
71.300194,18.183145,-2.587899,frame_003632
71.344352,18.077673,-2.587067,frame_003633
71.389652,17.973233,-2.586230,frame_003634
71.436208,17.869784,-2.585400,frame_003635
71.483226,17.765116,-2.584609,frame_003636
71.530653,17.659202,-2.583871,frame_003637
71.578428,17.552018,-2.583203,frame_003638
71.626485,17.443538,-2.582566,frame_003639
71.674750,17.333738,-2.581966,frame_003640
71.723145,17.222592,-2.581407,frame_003641
71.771746,17.111275,-2.580836,frame_003642
71.820783,16.999983,-2.580274,frame_003643
71.870483,16.888924,-2.579744,frame_003644
71.920902,16.778095,-2.579241,frame_003645
71.971930,16.667293,-2.578778,frame_003646
72.023448,16.556320,-2.578367,frame_003647
72.076241,16.444000,-2.577999,frame_003648
72.130348,16.330360,-2.577682,frame_003649
72.185806,16.215425,-2.577426,frame_003650
72.241745,16.100205,-2.577356,frame_003651
72.298036,15.984521,-2.577480,frame_003652
72.354541,15.868201,-2.577806,frame_003653
72.411281,15.751294,-2.578285,frame_003654
72.468429,15.634074,-2.578917,frame_003655
72.526154,15.516820,-2.579697,frame_003656
72.584456,15.399610,-2.580633,frame_003657
72.643166,15.282313,-2.581723,frame_003658
72.702110,15.164806,-2.582964,frame_003659
72.762015,15.045992,-2.584339,frame_003660
72.822862,14.925970,-2.585835,frame_003661
72.884633,14.804842,-2.587438,frame_003662
72.945653,14.683693,-2.589129,frame_003663
73.005892,14.562419,-2.590883,frame_003664
73.065305,14.440924,-2.592672,frame_003665
73.124743,14.318133,-2.594516,frame_003666
73.184303,14.194173,-2.596398,frame_003667
73.244079,14.069169,-2.598304,frame_003668
73.304902,13.944232,-2.600241,frame_003669
73.366695,13.819284,-2.602202,frame_003670
73.429382,13.694253,-2.604178,frame_003671
73.492142,13.568090,-2.606137,frame_003672
73.555053,13.440945,-2.608058,frame_003673
73.618189,13.312971,-2.609921,frame_003674
73.681617,13.185304,-2.611733,frame_003675
73.745395,13.057889,-2.613485,frame_003676
73.809579,12.930680,-2.615168,frame_003677
73.874216,12.803639,-2.616800,frame_003678
73.939347,12.676738,-2.618383,frame_003679
74.005007,12.549956,-2.619922,frame_003680
74.071225,12.422292,-2.621402,frame_003681
74.138022,12.293950,-2.622808,frame_003682
74.205415,12.165130,-2.624127,frame_003683
74.273413,12.035819,-2.625368,frame_003684
74.342020,11.905791,-2.626521,frame_003685
74.411232,11.774820,-2.627577,frame_003686
74.481039,11.643879,-2.628536,frame_003687
74.551426,11.512964,-2.629386,frame_003688
74.622371,11.382079,-2.630119,frame_003689
74.693845,11.250251,-2.630697,frame_003690
74.765813,11.117705,-2.631116,frame_003691
74.838234,10.984670,-2.631373,frame_003692
74.911968,10.852356,-2.631558,frame_003693
74.987129,10.720786,-2.631681,frame_003694
75.063832,10.589987,-2.631755,frame_003695
75.140537,10.458799,-2.631762,frame_003696
75.217345,10.327045,-2.631715,frame_003697
75.294345,10.194548,-2.631631,frame_003698
75.372359,10.061347,-2.631553,frame_003699
75.451296,9.927694,-2.631495,frame_003700
75.531057,9.793839,-2.631472,frame_003701
75.611538,9.659821,-2.631452,frame_003702
75.692626,9.525463,-2.631436,frame_003703
75.774206,9.390589,-2.631425,frame_003704
75.856314,9.255238,-2.631430,frame_003705
75.939146,9.119660,-2.631451,frame_003706
76.022886,8.984107,-2.631489,frame_003707
76.106810,8.848617,-2.631509,frame_003708
76.190922,8.713014,-2.631520,frame_003709
76.275218,8.577122,-2.631533,frame_003710
76.360423,8.440978,-2.631543,frame_003711
76.446350,8.304834,-2.631555,frame_003712
76.532806,8.168942,-2.631573,frame_003713
76.619754,8.033339,-2.631569,frame_003714
76.707310,7.897849,-2.631541,frame_003715
76.795585,7.762296,-2.631488,frame_003716
76.884684,7.626719,-2.631428,frame_003717
76.974705,7.491367,-2.631358,frame_003718
77.065741,7.356494,-2.631278,frame_003719
77.156969,7.222136,-2.631171,frame_003720
77.248300,7.088118,-2.631041,frame_003721
77.339634,6.954263,-2.630896,frame_003722
77.431762,6.820610,-2.630703,frame_003723
77.524728,6.687409,-2.630465,frame_003724
77.618565,6.554913,-2.630190,frame_003725
77.713302,6.423159,-2.629921,frame_003726
77.808961,6.291971,-2.629663,frame_003727
77.905559,6.161173,-2.629421,frame_003728
78.003104,6.029602,-2.629211,frame_003729
78.101601,5.897289,-2.629045,frame_003730
78.201045,5.764254,-2.628933,frame_003731
78.301427,5.632695,-2.628869,frame_003732
78.402731,5.502634,-2.628849,frame_003733
78.504936,5.374100,-2.628871,frame_003734
78.608012,5.244945,-2.628940,frame_003735
78.711925,5.115197,-2.629050,frame_003736
78.816634,4.984879,-2.629197,frame_003737
78.922090,4.854988,-2.629338,frame_003738
79.028240,4.725324,-2.629471,frame_003739
79.135024,4.595685,-2.629595,frame_003740
79.242375,4.467069,-2.629774,frame_003741
79.350220,4.339499,-2.630006,frame_003742
79.458480,4.213002,-2.630286,frame_003743
79.567070,4.085432,-2.630555,frame_003744
79.675896,3.956817,-2.630818,frame_003745
79.784862,3.827177,-2.631078,frame_003746
79.894769,3.697513,-2.631351,frame_003747
80.005676,3.567623,-2.631647,frame_003748
80.117638,3.437304,-2.631975,frame_003749
80.229807,3.306571,-2.632295,frame_003750
80.342070,3.175649,-2.632617,frame_003751
80.454310,3.044765,-2.632952,frame_003752
80.566403,2.913931,-2.633259,frame_003753
80.678220,2.782946,-2.633550,frame_003754
80.789624,2.651608,-2.633834,frame_003755
80.901380,2.519932,-2.634072,frame_003756
81.013507,2.388142,-2.634277,frame_003757
81.126024,2.256465,-2.634462,frame_003758
81.239697,2.124914,-2.634687,frame_003759
81.354388,1.993288,-2.634970,frame_003760
81.469968,1.861385,-2.635324,frame_003761
81.584659,1.729218,-2.635706,frame_003762
81.698331,1.597013,-2.636138,frame_003763
81.810848,1.464996,-2.636636,frame_003764
81.922976,1.333181,-2.637201,frame_003765
82.034732,1.201366,-2.637852,frame_003766
82.146136,1.069350,-2.638606,frame_003767
82.257207,0.938131,-2.639504,frame_003768
82.367964,0.807731,-2.640553,frame_003769
82.478426,0.678178,-2.641756,frame_003770
82.588612,0.547325,-2.643183,frame_003771
82.698541,0.415200,-2.644835,frame_003772
82.808232,0.281826,-2.646712,frame_003773
82.917705,0.148413,-2.648691,frame_003774
83.026977,0.015189,-2.650805,frame_003775
83.136069,-0.117619,-2.653082,frame_003776
83.244999,-0.250000,-2.655662,frame_003777
83.353787,-0.382155,-2.658539,frame_003778
83.462451,-0.514285,-2.661708,frame_003779
83.571010,-0.646376,-2.665171,frame_003780
83.679483,-0.778204,-2.668921,frame_003781
83.787890,-0.909541,-2.672954,frame_003782
83.896995,-1.040375,-2.677165,frame_003783
84.006662,-1.170907,-2.681553,frame_003784
84.116762,-1.301339,-2.686116,frame_003785
84.226423,-1.431657,-2.690936,frame_003786
84.335685,-1.561636,-2.695984,frame_003787
84.444586,-1.691048,-2.701231,frame_003788
84.553163,-1.820869,-2.706680,frame_003789
84.661454,-1.951092,-2.712306,frame_003790
84.769498,-2.081723,-2.718084,frame_003791
84.878079,-2.211788,-2.723944,frame_003792
84.987079,-2.341514,-2.729854,frame_003793
85.096387,-2.471126,-2.735777,frame_003794
85.205899,-2.600637,-2.741706,frame_003795
85.315516,-2.729847,-2.747618,frame_003796
85.425147,-2.858554,-2.753492,frame_003797
85.533959,-2.987756,-2.759335,frame_003798
85.642029,-3.117475,-2.765121,frame_003799
85.749433,-3.247739,-2.770824,frame_003800
85.856993,-3.377388,-2.776506,frame_003801
85.964630,-3.506243,-2.782133,frame_003802
86.072271,-3.634131,-2.787676,frame_003803
86.179848,-3.762074,-2.793136,frame_003804
86.287303,-3.890118,-2.798487,frame_003805
86.394581,-4.018318,-2.803706,frame_003806
86.501634,-4.146523,-2.808760,frame_003807
86.608422,-4.274377,-2.813643,frame_003808
86.714908,-4.401531,-2.818351,frame_003809
86.820158,-4.527861,-2.822898,frame_003810
86.923981,-4.653462,-2.827272,frame_003811
87.026185,-4.778439,-2.831462,frame_003812
87.127490,-4.901705,-2.835389,frame_003813
87.227873,-5.023160,-2.839079,frame_003814
87.327317,-5.142703,-2.842558,frame_003815
87.425813,-5.262420,-2.845873,frame_003816
87.523359,-5.382227,-2.849055,frame_003817
87.619957,-5.502056,-2.852132,frame_003818
87.714871,-5.620871,-2.855110,frame_003819
87.808271,-5.738845,-2.858005,frame_003820
87.900331,-5.856157,-2.860835,frame_003821
87.991965,-5.972782,-2.863620,frame_003822
88.083192,-6.088490,-2.866358,frame_003823
88.174032,-6.203059,-2.869049,frame_003824
88.264514,-6.315288,-2.871893,frame_003825
88.354673,-6.425177,-2.874915,frame_003826
88.444550,-6.532727,-2.878143,frame_003827
88.534940,-6.640124,-2.881451,frame_003828
88.625740,-6.747383,-2.884838,frame_003829
88.716861,-6.854540,-2.888301,frame_003830
88.807482,-6.960444,-2.891892,frame_003831
88.897695,-7.064940,-2.895599,frame_003832
88.987597,-7.167881,-2.899410,frame_003833
89.076386,-7.269344,-2.903309,frame_003834
89.164005,-7.369625,-2.907316,frame_003835
89.250396,-7.469030,-2.911453,frame_003836
89.337156,-7.567661,-2.915629,frame_003837
89.424241,-7.665411,-2.919843,frame_003838
89.511619,-7.762186,-2.924094,frame_003839
89.599272,-7.856911,-2.928439,frame_003840
89.687191,-7.949711,-2.932864,frame_003841
89.775385,-8.040713,-2.937352,frame_003842
89.862965,-8.132228,-2.941907,frame_003843
89.949793,-8.224398,-2.946510,frame_003844
90.035740,-8.317384,-2.951143,frame_003845
90.120682,-8.410161,-2.955785,frame_003846
90.204502,-8.502700,-2.960433,frame_003847
90.287089,-8.594979,-2.965082,frame_003848
90.369246,-8.686987,-2.969753,frame_003849
90.451042,-8.778719,-2.974429,frame_003850
90.532561,-8.870180,-2.979095,frame_003851
90.612989,-8.960395,-2.983691,frame_003852
90.692267,-9.049591,-2.988184,frame_003853
90.770340,-9.137995,-2.992547,frame_003854
90.847907,-9.226819,-2.996723,frame_003855
90.924771,-9.316085,-3.000690,frame_003856
91.000748,-9.405820,-3.004422,frame_003857
91.075667,-9.494864,-3.007964,frame_003858
91.149369,-9.583040,-3.011302,frame_003859
91.221709,-9.670172,-3.014426,frame_003860
91.291806,-9.757284,-3.017366,frame_003861
91.359698,-9.844422,-3.020091,frame_003862
91.425423,-9.931640,-3.022570,frame_003863
91.489776,-10.019002,-3.024919,frame_003864
91.552656,-10.106579,-3.027139,frame_003865
91.613973,-10.194450,-3.029235,frame_003866
91.673652,-10.280517,-3.031212,frame_003867
91.731629,-10.364860,-3.033078,frame_003868
91.787853,-10.447551,-3.034844,frame_003869
91.843194,-10.530838,-3.036525,frame_003870
91.897795,-10.614792,-3.038126,frame_003871
91.951818,-10.699493,-3.039653,frame_003872
92.004535,-10.783830,-3.041051,frame_003873
92.055978,-10.867676,-3.042321,frame_003874
92.106191,-10.950906,-3.043467,frame_003875
92.155233,-11.034593,-3.044443,frame_003876
92.203172,-11.118835,-3.045254,frame_003877
92.250091,-11.203736,-3.045904,frame_003878
92.295177,-11.288210,-3.046398,frame_003879
92.338371,-11.372155,-3.046739,frame_003880
92.379618,-11.455471,-3.046932,frame_003881
92.419778,-11.538058,-3.046909,frame_003882
92.458978,-11.619814,-3.046666,frame_003883
92.497358,-11.700640,-3.046202,frame_003884
92.535070,-11.781635,-3.045602,frame_003885
92.572279,-11.862919,-3.044885,frame_003886
92.609163,-11.944624,-3.044070,frame_003887
92.645003,-12.025687,-3.043194,frame_003888
92.679836,-12.106034,-3.042272,frame_003889
92.713702,-12.185587,-3.041320,frame_003890
92.747395,-12.265473,-3.040269,frame_003891
92.780813,-12.345838,-3.039128,frame_003892
92.813868,-12.426837,-3.037901,frame_003893
92.845737,-12.507433,-3.036426,frame_003894
92.876513,-12.587576,-3.034739,frame_003895
92.906293,-12.667217,-3.032874,frame_003896
92.935929,-12.745318,-3.030838,frame_003897
92.965375,-12.822034,-3.028690,frame_003898
92.994601,-12.897513,-3.026483,frame_003899
93.022841,-12.972878,-3.024060,frame_003900
93.050244,-13.048055,-3.021498,frame_003901
93.076966,-13.122968,-3.018872,frame_003902
93.103169,-13.198741,-3.016159,frame_003903
93.129020,-13.275521,-3.013441,frame_003904
93.154694,-13.353463,-3.010794,frame_003905
93.180210,-13.430545,-3.008207,frame_003906
93.205432,-13.506922,-3.005781,frame_003907
93.230229,-13.582741,-3.003610,frame_003908
93.253732,-13.659125,-3.001768,frame_003909
93.275980,-13.736000,-3.000345,frame_003910
93.297009,-13.813290,-2.999428,frame_003911
93.318513,-13.890920,-2.998949,frame_003912
93.340541,-13.968813,-2.998983,frame_003913
93.363157,-14.046896,-2.999599,frame_003914
93.384783,-14.125091,-3.000755,frame_003915
93.405496,-14.203325,-3.002536,frame_003916
93.425372,-14.281520,-3.005018,frame_003917
93.444486,-14.359817,-3.008229,frame_003918
93.462915,-14.438566,-3.012241,frame_003919
93.480736,-14.518120,-3.017123,frame_003920
93.498769,-14.598617,-3.022858,frame_003921
93.516937,-14.679983,-3.029502,frame_003922
93.535165,-14.762140,-3.037105,frame_003923
93.552642,-14.845015,-3.045826,frame_003924
93.569462,-14.928531,-3.055678,frame_003925
93.585721,-15.012614,-3.066671,frame_003926
93.601514,-15.097186,-3.078686,frame_003927
93.616935,-15.182174,-3.091750,frame_003928
93.632081,-15.267501,-3.105884,frame_003929
93.647792,-15.353093,-3.121084,frame_003930
93.664007,-15.438873,-3.137355,frame_003931
93.680674,-15.524767,-3.154696,frame_003932
93.696999,-15.609712,-3.173125,frame_003933
93.713094,-15.693838,-3.192625,frame_003934
93.729076,-15.777268,-3.213169,frame_003935
93.745804,-15.861101,-3.234611,frame_003936
93.763236,-15.945235,-3.256938,frame_003937
93.781339,-16.029570,-3.280128,frame_003938
93.799337,-16.114006,-3.303996,frame_003939
93.817363,-16.198442,-3.328524,frame_003940
93.835551,-16.282778,-3.353683,frame_003941
93.853126,-16.366912,-3.379430,frame_003942
93.870054,-16.450744,-3.405722,frame_003943
93.886293,-16.534174,-3.432510,frame_003944
93.903449,-16.616115,-3.459888,frame_003945
93.921481,-16.696671,-3.487827,frame_003946
93.940354,-16.775939,-3.516287,frame_003947
93.958386,-16.856194,-3.545296,frame_003948
93.975542,-16.937530,-3.574815,frame_003949
93.991781,-17.020055,-3.604798,frame_003950
94.007963,-17.102680,-3.635374,frame_003951
94.024201,-17.185304,-3.666518,frame_003952
94.040611,-17.267829,-3.698196,frame_003953
94.057307,-17.350152,-3.730519,frame_003954
94.074402,-17.432173,-3.763442,frame_003955
94.092011,-17.513792,-3.796916,frame_003956
94.109341,-17.596107,-3.830966,frame_003957
94.126336,-17.679241,-3.865568,frame_003958
94.142938,-17.763323,-3.900698,frame_003959
94.160733,-17.846306,-3.936361,frame_003960
94.179661,-17.928320,-3.972520,frame_003961
94.199668,-18.009486,-4.009134,frame_003962
94.219052,-18.090903,-4.046151,frame_003963
94.237761,-18.172471,-4.083550,frame_003964
94.255733,-18.254090,-4.121304,frame_003965
94.273809,-18.335658,-4.159672,frame_003966
94.292086,-18.417076,-4.198613,frame_003967
94.310657,-18.498242,-4.238081,frame_003968
94.330365,-18.580255,-4.278020,frame_003969
94.351148,-18.663238,-4.318402,frame_003970
94.372953,-18.747320,-4.359197,frame_003971
94.394079,-18.831440,-4.400309,frame_003972
94.414472,-18.915523,-4.441734,frame_003973
94.434071,-18.999492,-4.483467,frame_003974
94.453718,-19.082286,-4.525580,frame_003975
94.473507,-19.164035,-4.567992,frame_003976
94.493535,-19.244862,-4.610617,frame_003977
94.513895,-19.325864,-4.653274,frame_003978
94.534683,-19.406942,-4.695961,frame_003979
94.555995,-19.487994,-4.738671,frame_003980
94.577018,-19.568921,-4.780968,frame_003981
94.597678,-19.649622,-4.822933,frame_003982
94.617897,-19.729995,-4.864634,frame_003983
94.639242,-19.810155,-4.906107,frame_003984
94.661635,-19.890428,-4.947404,frame_003985
94.685002,-19.971141,-4.988573,frame_003986
94.707623,-20.052407,-5.029847,frame_003987
94.729425,-20.134126,-5.071277,frame_003988
94.750329,-20.216198,-5.112907,frame_003989
94.771157,-20.298521,-5.155227,frame_003990
94.791985,-20.380995,-5.198234,frame_003991
94.812889,-20.463519,-5.241922,frame_003992
94.833945,-20.545007,-5.286383,frame_003993
94.855230,-20.625563,-5.331595,frame_003994
94.876819,-20.705284,-5.377531,frame_003995
94.897881,-20.786444,-5.424258,frame_003996
94.918324,-20.869140,-5.471741,frame_003997
94.938049,-20.953475,-5.519942,frame_003998
94.957860,-21.038364,-5.568978,frame_003999
94.977814,-21.123706,-5.618780,frame_004000
94.997968,-21.209400,-5.669283,frame_004001
95.019125,-21.295345,-5.720557,frame_004002
95.041186,-21.381442,-5.772510,frame_004003
95.064060,-21.467589,-5.825057,frame_004004
95.086914,-21.552699,-5.878042,frame_004005
95.109826,-21.636878,-5.931365,frame_004006
95.132871,-21.720221,-5.984927,frame_004007
95.156126,-21.803804,-6.038712,frame_004008
95.179666,-21.887499,-6.092634,frame_004009
95.203567,-21.971183,-6.146609,frame_004010
95.226999,-22.055927,-6.200640,frame_004011
95.249868,-22.141830,-6.254618,frame_004012
95.272077,-22.228996,-6.308439,frame_004013
95.294429,-22.315351,-6.362062,frame_004014
95.316980,-22.401002,-6.415411,frame_004015
95.339789,-22.486043,-6.468415,frame_004016
95.362911,-22.571550,-6.520820,frame_004017
95.386405,-22.657397,-6.572526,frame_004018
95.410327,-22.743457,-6.623433,frame_004019
95.433826,-22.829605,-6.673518,frame_004020
95.456792,-22.915716,-6.722700,frame_004021
95.479107,-23.001663,-6.770898,frame_004022
95.501555,-23.087321,-6.818137,frame_004023
95.524174,-23.172564,-6.864375,frame_004024
95.547003,-23.257266,-6.909572,frame_004025
95.570079,-23.341515,-6.953473,frame_004026
95.593440,-23.425613,-6.995988,frame_004027
95.617125,-23.509862,-7.037024,frame_004028
95.641172,-23.594350,-7.076851,frame_004029
95.665618,-23.678952,-7.115432,frame_004030
95.690502,-23.763540,-7.152735,frame_004031
95.715861,-23.847005,-7.189235,frame_004032
95.741735,-23.929424,-7.225009,frame_004033
95.768160,-24.010870,-7.260144,frame_004034
95.794267,-24.093591,-7.294707,frame_004035
95.819927,-24.177659,-7.328809,frame_004036
95.845002,-24.263154,-7.362567,frame_004037
95.870258,-24.347976,-7.396156,frame_004038
95.895714,-24.432207,-7.429676,frame_004039
95.921389,-24.515917,-7.463232,frame_004040
95.947302,-24.600155,-7.496517,frame_004041
95.973472,-24.684770,-7.529597,frame_004042
95.999917,-24.769612,-7.562539,frame_004043
96.026658,-24.854744,-7.595418,frame_004044
96.053712,-24.940441,-7.628273,frame_004045
96.081100,-25.026981,-7.661148,frame_004046
96.108839,-25.114426,-7.694017,frame_004047
96.136950,-25.202626,-7.726919,frame_004048
96.165451,-25.291430,-7.759898,frame_004049
96.194361,-25.379701,-7.792758,frame_004050
96.223699,-25.467493,-7.825534,frame_004051
96.253485,-25.554852,-7.858263,frame_004052
96.282828,-25.642802,-7.890842,frame_004053
96.311582,-25.731168,-7.923284,frame_004054
96.339589,-25.819772,-7.955601,frame_004055
96.367596,-25.908653,-7.987806,frame_004056
96.395604,-25.998062,-8.019912,frame_004057
96.423611,-26.088252,-8.051932,frame_004058
96.451619,-26.179258,-8.083844,frame_004059
96.479626,-26.270907,-8.115667,frame_004060
96.507633,-26.363020,-8.147423,frame_004061
96.535641,-26.454437,-8.178986,frame_004062
96.563648,-26.545186,-8.210358,frame_004063
96.591655,-26.635289,-8.241543,frame_004064
96.618917,-26.725958,-8.272595,frame_004065
96.645588,-26.817419,-8.303524,frame_004066
96.671817,-26.909899,-8.334337,frame_004067
96.698493,-27.003411,-8.364975,frame_004068
96.725598,-27.097752,-8.395462,frame_004069
96.753112,-27.192723,-8.425821,frame_004070
96.781016,-27.287135,-8.456194,frame_004071
96.809291,-27.380992,-8.486581,frame_004072
96.837918,-27.474292,-8.516981,frame_004073
96.866879,-27.568006,-8.547351,frame_004074
96.896153,-27.661909,-8.577720,frame_004075
96.925722,-27.755774,-8.608118,frame_004076
96.955567,-27.849589,-8.638545,frame_004077
96.985669,-27.943555,-8.669016,frame_004078
97.016009,-28.037873,-8.699547,frame_004079
97.046568,-28.131545,-8.730142,frame_004080
97.077326,-28.224549,-8.760803,frame_004081
97.108266,-28.316856,-8.791527,frame_004082
97.139367,-28.409629,-8.822348,frame_004083
97.170611,-28.503043,-8.853270,frame_004084
97.201978,-28.597275,-8.884300,frame_004085
97.233450,-28.692286,-8.915496,frame_004086
97.265008,-28.787826,-8.946872,frame_004087
97.296633,-28.883643,-8.978441,frame_004088
97.328305,-28.979698,-9.010087,frame_004089
97.360005,-29.076169,-9.041803,frame_004090
97.391716,-29.173230,-9.073580,frame_004091
97.423416,-29.269859,-9.105525,frame_004092
97.455088,-29.366010,-9.137632,frame_004093
97.486713,-29.461627,-9.169892,frame_004094
97.518271,-29.558833,-9.202162,frame_004095
97.549743,-29.657575,-9.234417,frame_004096
97.581111,-29.757807,-9.266634,frame_004097
97.611609,-29.857304,-9.298743,frame_004098
97.641373,-29.956020,-9.330728,frame_004099
97.670535,-30.053901,-9.362573,frame_004100
97.699963,-30.152084,-9.394400,frame_004101
97.729619,-30.250719,-9.426197,frame_004102
97.759465,-30.349959,-9.457951,frame_004103
97.789464,-30.448753,-9.489668,frame_004104
97.819577,-30.547031,-9.521327,frame_004105
97.849766,-30.644712,-9.552910,frame_004106
97.879993,-30.742909,-9.584390,frame_004107
97.910220,-30.841748,-9.615746,frame_004108
97.940409,-30.941354,-9.646961,frame_004109
97.970522,-31.040653,-9.678057,frame_004110
98.000521,-31.139548,-9.709022,frame_004111
98.030367,-31.237936,-9.739843,frame_004112
98.060024,-31.337888,-9.770530,frame_004113
98.089451,-31.439300,-9.801075,frame_004114
98.118613,-31.542075,-9.831474,frame_004115
98.148378,-31.645140,-9.861905,frame_004116
98.178876,-31.748620,-9.892323,frame_004117
98.210243,-31.852641,-9.922683,frame_004118
98.241716,-31.956128,-9.952879,frame_004119
98.273274,-32.058986,-9.982920,frame_004120
98.304898,-32.161109,-10.012816,frame_004121
98.336570,-32.263584,-10.042519,frame_004122
98.368271,-32.366512,-10.072001,frame_004123
98.399981,-32.469994,-10.101235,frame_004124
98.431682,-32.572929,-10.130312,frame_004125
98.463354,-32.675197,-10.159227,frame_004126
98.494979,-32.776668,-10.187977,frame_004127
98.526537,-32.878403,-10.216537,frame_004128
98.558009,-32.980477,-10.244902,frame_004129
98.589377,-33.082967,-10.273068,frame_004130
98.620621,-33.185947,-10.301025,frame_004131
98.651722,-33.289493,-10.328759,frame_004132
98.682662,-33.393681,-10.356257,frame_004133
98.713420,-33.498585,-10.383491,frame_004134
98.743979,-33.604282,-10.410457,frame_004135
98.774319,-33.710847,-10.437154,frame_004136
98.804422,-33.817155,-10.463569,frame_004137
98.834267,-33.923060,-10.489703,frame_004138
98.863836,-34.028406,-10.515559,frame_004139
98.893856,-34.135217,-10.541167,frame_004140
98.924153,-34.243336,-10.566528,frame_004141
98.954559,-34.352618,-10.591645,frame_004142
98.984165,-34.461937,-10.616414,frame_004143
99.012972,-34.571370,-10.640839,frame_004144
99.040979,-34.680991,-10.664927,frame_004145
99.068188,-34.789676,-10.688822,frame_004146
99.094597,-34.897279,-10.712513,frame_004147
99.120206,-35.003645,-10.735993,frame_004148
99.145925,-35.109809,-10.759308,frame_004149
99.171919,-35.215822,-10.782466,frame_004150
99.198365,-35.321734,-10.805476,frame_004151
99.224535,-35.427596,-10.828286,frame_004152
99.250448,-35.533458,-10.850900,frame_004153
99.276123,-35.639371,-10.873323,frame_004154
99.302325,-35.745384,-10.895603,frame_004155
99.328918,-35.851548,-10.917730,frame_004156
99.355772,-35.957913,-10.939697,frame_004157
99.382016,-36.064530,-10.961481,frame_004158
99.407690,-36.171449,-10.983086,frame_004159
99.432831,-36.278720,-11.004517,frame_004160
99.457477,-36.386393,-11.025842,frame_004161
99.481667,-36.494519,-11.047055,frame_004162
99.505437,-36.603148,-11.068152,frame_004163
99.528828,-36.711131,-11.089082,frame_004164
99.551875,-36.818296,-11.109858,frame_004165
99.574618,-36.924461,-11.130498,frame_004166
99.597841,-37.029654,-11.150784,frame_004167
99.621426,-37.134103,-11.170697,frame_004168
99.645262,-37.238031,-11.190215,frame_004169
99.668498,-37.342639,-11.209478,frame_004170
99.691192,-37.447926,-11.228506,frame_004171
99.713401,-37.553892,-11.247326,frame_004172
99.735182,-37.660538,-11.265900,frame_004173
99.756592,-37.767862,-11.284233,frame_004174
99.777688,-37.875866,-11.302328,frame_004175
99.799272,-37.984549,-11.320192,frame_004176
99.821248,-38.093911,-11.337829,frame_004177
99.843522,-38.203953,-11.355245,frame_004178
99.865264,-38.314673,-11.372412,frame_004179
99.886548,-38.426073,-11.389343,frame_004180
99.907452,-38.538152,-11.406053,frame_004181
99.928798,-38.650910,-11.422498,frame_004182
99.950506,-38.764348,-11.438693,frame_004183
99.972503,-38.878464,-11.454651,frame_004184
99.993977,-38.993260,-11.470421,frame_004185
100.015023,-39.108735,-11.486020,frame_004186
100.035735,-39.224890,-11.501470,frame_004187
100.056956,-39.341723,-11.516828,frame_004188
100.078624,-39.459236,-11.532110,frame_004189
100.100687,-39.577428,-11.547332,frame_004190
100.121442,-39.694113,-11.562474,frame_004191
100.140836,-39.809274,-11.577550,frame_004192
100.158808,-39.922878,-11.592579,frame_004193
100.176946,-40.037061,-11.607678,frame_004194
100.195189,-40.151773,-11.622868,frame_004195
100.213483,-40.266962,-11.638172,frame_004196
100.231036,-40.382579,-11.653483,frame_004197
100.247960,-40.498573,-11.668801,frame_004198
100.264370,-40.614894,-11.684125,frame_004199
100.281127,-40.731492,-11.699432,frame_004200
100.298189,-40.848316,-11.714728,frame_004201
100.315521,-40.965317,-11.730023,frame_004202
100.332349,-41.081457,-11.745345,frame_004203
100.348806,-41.196892,-11.760701,frame_004204
100.365025,-41.311768,-11.776099,frame_004205
100.380977,-41.427210,-11.791533,frame_004206
100.396473,-41.543143,-11.806982,frame_004207
100.411322,-41.659492,-11.822427,frame_004208
100.426241,-41.776179,-11.837899,frame_004209
100.441208,-41.893131,-11.853378,frame_004210
100.456208,-42.010271,-11.868846,frame_004211
100.471231,-42.126539,-11.884166,frame_004212
100.486273,-42.242064,-11.899315,frame_004213
100.501338,-42.356967,-11.914270,frame_004214
100.515689,-42.472348,-11.929110,frame_004215
100.529498,-42.588107,-11.943816,frame_004216
100.542936,-42.704142,-11.958375,frame_004217
100.556012,-42.821553,-11.972780,frame_004218
100.568575,-42.940462,-11.987016,frame_004219
100.580472,-43.060999,-12.001069,frame_004220
100.592458,-43.182102,-12.014943,frame_004221
100.604549,-43.303695,-12.028636,frame_004222
100.616768,-43.425703,-12.042148,frame_004223
100.629142,-43.547064,-12.055464,frame_004224
100.641708,-43.667910,-12.068574,frame_004225
100.654506,-43.788360,-12.081469,frame_004226
100.666676,-43.909514,-12.094148,frame_004227
100.678104,-44.031272,-12.106599,frame_004228
100.688675,-44.153534,-12.118812,frame_004229
100.699184,-44.276198,-12.130836,frame_004230
100.709683,-44.399164,-12.142664,frame_004231
100.720234,-44.522331,-12.154290,frame_004232
100.729996,-44.644612,-12.165760,frame_004233
100.738872,-44.766113,-12.177070,frame_004234
100.746768,-44.886930,-12.188220,frame_004235
100.755243,-45.008136,-12.199190,frame_004236
100.764214,-45.129607,-12.209985,frame_004237
100.773611,-45.251216,-12.220610,frame_004238
100.781724,-45.372838,-12.231038,frame_004239
100.788495,-45.494346,-12.241270,frame_004240
100.793867,-45.615616,-12.251307,frame_004241
100.798691,-45.736734,-12.261163,frame_004242
100.803078,-45.858004,-12.270847,frame_004243
100.807145,-45.979726,-12.280368,frame_004244
100.810109,-46.101989,-12.289693,frame_004245
100.811931,-46.224667,-12.298822,frame_004246
100.812573,-46.347635,-12.307760,frame_004247
100.813650,-46.469780,-12.316483,frame_004248
100.815138,-46.591182,-12.324998,frame_004249
100.817024,-46.711912,-12.333317,frame_004250
100.817654,-46.833020,-12.341473,frame_004251
100.817028,-46.954354,-12.349487,frame_004252
100.815146,-47.075764,-12.357382,frame_004253
100.813661,-47.198298,-12.365177,frame_004254
100.812587,-47.322028,-12.372889,frame_004255
100.811949,-47.447033,-12.380538,frame_004256
100.810131,-47.571215,-12.388076,frame_004257
100.807171,-47.694655,-12.395505,frame_004258
100.803107,-47.817423,-12.402829,frame_004259
100.798724,-47.940569,-12.410003,frame_004260
100.793903,-48.063940,-12.417031,frame_004261
100.788535,-48.187388,-12.423916,frame_004262
100.782513,-48.310973,-12.430691,frame_004263
100.775741,-48.434974,-12.437371,frame_004264
100.768125,-48.559666,-12.443977,frame_004265
100.760489,-48.685114,-12.450483,frame_004266
100.752921,-48.811165,-12.456904,frame_004267
100.745522,-48.937668,-12.463250,frame_004268
100.737498,-49.064474,-12.469526,frame_004269
100.728810,-49.191431,-12.475744,frame_004270
100.719421,-49.318387,-12.481916,frame_004271
100.709303,-49.444207,-12.488085,frame_004272
100.698434,-49.568944,-12.494269,frame_004273
100.686798,-49.692644,-12.500483,frame_004274
100.674385,-49.817532,-12.506749,frame_004275
100.661193,-49.943654,-12.513070,frame_004276
100.647225,-50.071063,-12.519453,frame_004277
100.632490,-50.198623,-12.525829,frame_004278
100.617003,-50.326184,-12.532212,frame_004279
100.600788,-50.453593,-12.538618,frame_004280
100.583872,-50.579715,-12.545046,frame_004281
100.566291,-50.704603,-12.551501,frame_004282
100.548086,-50.828304,-12.557990,frame_004283
100.529304,-50.953041,-12.564494,frame_004284
100.510000,-51.078860,-12.571011,frame_004285
100.490233,-51.205817,-12.577540,frame_004286
100.469162,-51.332774,-12.584070,frame_004287
100.446693,-51.459580,-12.590607,frame_004288
100.422730,-51.586084,-12.597153,frame_004289
100.398831,-51.712135,-12.603710,frame_004290
100.374915,-51.837582,-12.610278,frame_004291
100.350911,-51.962275,-12.616856,frame_004292
100.326017,-52.086276,-12.623461,frame_004293
100.300343,-52.209862,-12.630089,frame_004294
100.274006,-52.333309,-12.636736,frame_004295
100.247878,-52.456681,-12.643378,frame_004296
100.221931,-52.579827,-12.650011,frame_004297
100.196153,-52.702595,-12.656630,frame_004298
100.168891,-52.826036,-12.663252,frame_004299
100.140145,-52.950219,-12.669877,frame_004300
100.109915,-53.075224,-12.676505,frame_004301
100.079853,-53.199940,-12.683154,frame_004302
100.049974,-53.324242,-12.689826,frame_004303
100.020303,-53.448002,-12.696519,frame_004304
99.989969,-53.571096,-12.703222,frame_004305
99.958855,-53.693397,-12.709929,frame_004306
99.926851,-53.814780,-12.716635,frame_004307
99.894013,-53.936320,-12.723313,frame_004308
99.860567,-54.058111,-12.729955,frame_004309
99.826744,-54.180260,-12.736552,frame_004310
99.792620,-54.301679,-12.743108,frame_004311
99.758117,-54.422268,-12.749620,frame_004312
99.723160,-54.541927,-12.756084,frame_004313
99.687684,-54.661754,-12.762529,frame_004314
99.651628,-54.781871,-12.768953,frame_004315
99.614939,-54.902408,-12.775357,frame_004316
99.577568,-55.022304,-12.781732,frame_004317
99.539474,-55.141482,-12.788080,frame_004318
99.500623,-55.259869,-12.794403,frame_004319
99.460987,-55.376401,-12.800695,frame_004320
99.420542,-55.491210,-12.806961,frame_004321
99.379273,-55.604416,-12.813205,frame_004322
99.337170,-55.718318,-12.819422,frame_004323
99.294231,-55.833040,-12.825614,frame_004324
99.250458,-55.948709,-12.831786,frame_004325
99.205861,-56.064266,-12.837914,frame_004326
99.160456,-56.179634,-12.843991,frame_004327
99.114265,-56.294737,-12.850008,frame_004328
99.068063,-56.409501,-12.856012,frame_004329
99.021729,-56.523850,-12.862009,frame_004330
98.975154,-56.637709,-12.868005,frame_004331
98.927499,-56.753187,-12.873992,frame_004332
98.878836,-56.870227,-12.879971,frame_004333
98.829245,-56.988786,-12.885942,frame_004334
98.779556,-57.106654,-12.891905,frame_004335
98.729707,-57.223804,-12.897856,frame_004336
98.679646,-57.340213,-12.903793,frame_004337
98.628591,-57.455854,-12.909726,frame_004338
98.576670,-57.570703,-12.915659,frame_004339
98.524020,-57.684734,-12.921597,frame_004340
98.470622,-57.797923,-12.927549,frame_004341
98.416302,-57.910243,-12.933515,frame_004342
98.360891,-58.021671,-12.939495,frame_004343
98.304390,-58.133380,-12.945466,frame_004344
98.246967,-58.245569,-12.951425,frame_004345
98.188795,-58.358441,-12.957367,frame_004346
98.129895,-58.471012,-12.963301,frame_004347
98.070130,-58.583280,-12.969224,frame_004348
98.009369,-58.695247,-12.975136,frame_004349
97.948397,-58.806912,-12.981054,frame_004350
97.887264,-58.918276,-12.986973,frame_004351
97.826035,-59.029337,-12.992891,frame_004352
97.763877,-59.141082,-12.998810,frame_004353
97.700711,-59.253307,-13.004723,frame_004354
97.636463,-59.365813,-13.010622,frame_004355
97.570323,-59.477426,-13.016506,frame_004356
97.502384,-59.588171,-13.022362,frame_004357
97.432741,-59.698074,-13.028179,frame_004358
97.363145,-59.808145,-13.033928,frame_004359
97.293702,-59.918204,-13.039602,frame_004360
97.224533,-60.028080,-13.045194,frame_004361
97.155609,-60.136623,-13.050717,frame_004362
97.086753,-60.243882,-13.056166,frame_004363
97.017801,-60.349909,-13.061537,frame_004364
96.947852,-60.455740,-13.066795,frame_004365
96.876925,-60.561219,-13.071941,frame_004366
96.805040,-60.666200,-13.076971,frame_004367
96.732227,-60.770545,-13.081904,frame_004368
96.658519,-60.874124,-13.086739,frame_004369
96.583959,-60.976814,-13.091477,frame_004370
96.509340,-61.079703,-13.096146,frame_004371
96.434561,-61.182908,-13.100745,frame_004372
96.359532,-61.286564,-13.105275,frame_004373
96.284178,-61.388635,-13.109735,frame_004374
96.208435,-61.489272,-13.114128,frame_004375
96.132253,-61.588626,-13.118455,frame_004376
96.054846,-61.687834,-13.122672,frame_004377
95.976346,-61.786841,-13.126783,frame_004378
95.896889,-61.885603,-13.130794,frame_004379
95.816456,-61.984079,-13.134705,frame_004380
95.734872,-62.082243,-13.138526,frame_004381
95.651969,-62.180072,-13.142272,frame_004382
95.568493,-62.276353,-13.145951,frame_004383
95.484457,-62.370861,-13.149575,frame_004384
95.399886,-62.463370,-13.153151,frame_004385
95.313165,-62.555838,-13.156670,frame_004386
95.224332,-62.648056,-13.160142,frame_004387
95.133424,-62.739832,-13.163578,frame_004388
95.042133,-62.830002,-13.166961,frame_004389
94.950511,-62.918614,-13.170313,frame_004390
94.858620,-63.005721,-13.173653,frame_004391
94.765630,-63.091387,-13.176943,frame_004392
94.671460,-63.175683,-13.180206,frame_004393
94.576038,-63.258689,-13.183465,frame_004394
94.480205,-63.340492,-13.186652,frame_004395
94.384069,-63.421189,-13.189808,frame_004396
94.287749,-63.500884,-13.192972,frame_004397
94.190473,-63.580678,-13.196099,frame_004398
94.092217,-63.660486,-13.199244,frame_004399
93.992966,-63.740242,-13.202456,frame_004400
93.893457,-63.819894,-13.205790,frame_004401
93.793529,-63.899409,-13.209282,frame_004402
93.693039,-63.978772,-13.212968,frame_004403
93.591106,-64.055794,-13.216762,frame_004404
93.487765,-64.130477,-13.220712,frame_004405
93.383058,-64.202821,-13.224864,frame_004406
93.277939,-64.275011,-13.229218,frame_004407
93.172632,-64.347065,-13.233816,frame_004408
93.067371,-64.419015,-13.238691,frame_004409
92.961494,-64.489713,-13.243891,frame_004410
92.855095,-64.559002,-13.249449,frame_004411
92.748272,-64.626738,-13.255399,frame_004412
92.640221,-64.693980,-13.261723,frame_004413
92.530886,-64.760821,-13.268453,frame_004414
92.420209,-64.827370,-13.275615,frame_004415
92.309787,-64.892554,-13.283178,frame_004416
92.199575,-64.956292,-13.291181,frame_004417
92.089542,-65.018513,-13.299663,frame_004418
91.978924,-65.079154,-13.308647,frame_004419
91.867868,-65.138161,-13.318161,frame_004420
91.756530,-65.195488,-13.328227,frame_004421
91.644165,-65.252082,-13.338826,frame_004422
91.530772,-65.307710,-13.349973,frame_004423
91.416352,-65.362153,-13.361679,frame_004424
91.301650,-65.415424,-13.373914,frame_004425
91.186511,-65.467765,-13.386689,frame_004426
91.070785,-65.519438,-13.400007,frame_004427
90.954493,-65.569518,-13.413901,frame_004428
90.837820,-65.618077,-13.428373,frame_004429
90.720961,-65.665195,-13.443419,frame_004430
90.603954,-65.710959,-13.459070,frame_004431
90.486681,-65.755466,-13.475317,frame_004432
90.369031,-65.798821,-13.492141,frame_004433
90.250153,-65.842124,-13.509496,frame_004434
90.130105,-65.885289,-13.527357,frame_004435
90.008944,-65.928251,-13.545699,frame_004436
89.888381,-65.968773,-13.564501,frame_004437
89.768484,-66.006805,-13.583730,frame_004438
89.649338,-66.042295,-13.603346,frame_004439
89.530128,-66.076395,-13.623361,frame_004440
89.410796,-66.109275,-13.643734,frame_004441
89.291287,-66.141117,-13.664420,frame_004442
89.170807,-66.173094,-13.685344,frame_004443
89.049470,-66.205199,-13.706476,frame_004444
88.927392,-66.237439,-13.727782,frame_004445
88.805431,-66.268855,-13.749360,frame_004446
88.683548,-66.299692,-13.771181,frame_004447
88.561706,-66.330208,-13.793216,frame_004448
88.439131,-66.359466,-13.815535,frame_004449
88.315957,-66.387516,-13.838118,frame_004450
88.192317,-66.414410,-13.860941,frame_004451
88.068182,-66.441182,-13.883937,frame_004452
87.943361,-66.467679,-13.907072,frame_004453
87.817666,-66.493753,-13.930312,frame_004454
87.691812,-66.519480,-13.953683,frame_004455
87.565778,-66.545157,-13.977178,frame_004456
87.439549,-66.571092,-14.000785,frame_004457
87.313113,-66.597383,-14.024487,frame_004458
87.186469,-66.623926,-14.048279,frame_004459
87.059620,-66.650626,-14.072151,frame_004460
86.932574,-66.676408,-14.096095,frame_004461
86.805349,-66.701397,-14.120102,frame_004462
86.677965,-66.725719,-14.144159,frame_004463
86.550452,-66.750487,-14.168314,frame_004464
86.422844,-66.775620,-14.192553,frame_004465
86.295183,-66.801048,-14.216863,frame_004466
86.168474,-66.825227,-14.240982,frame_004467
86.042213,-66.848413,-14.264979,frame_004468
85.913117,-66.872334,-14.289496,frame_004469
85.782205,-66.896926,-14.314473,frame_004470
85.649749,-66.922135,-14.339855,frame_004471
85.516020,-66.947915,-14.365585,frame_004472
85.382218,-66.973029,-14.391452,frame_004473
85.248416,-66.997224,-14.417442,frame_004474
85.114695,-67.020250,-14.443540,frame_004475
84.980231,-67.042068,-14.469739,frame_004476
84.844949,-67.062855,-14.496037,frame_004477
84.708773,-67.082786,-14.522434,frame_004478
84.573279,-67.103025,-14.548936,frame_004479
84.438406,-67.123541,-14.575537,frame_004480
84.304102,-67.144313,-14.602234,frame_004481
84.168674,-67.164344,-14.629032,frame_004482
84.032086,-67.183834,-14.655915,frame_004483
83.894299,-67.202984,-14.682862,frame_004484
83.756183,-67.221782,-14.709939,frame_004485
83.617867,-67.240001,-14.737116,frame_004486
83.479489,-67.257415,-14.764366,frame_004487
83.340283,-67.274998,-14.791676,frame_004488
83.200230,-67.292745,-14.819015,frame_004489
83.059311,-67.310661,-14.846352,frame_004490
82.917507,-67.327772,-14.873724,frame_004491
82.774800,-67.344304,-14.901080,frame_004492
82.631169,-67.360484,-14.928373,frame_004493
82.489369,-67.376324,-14.955369,frame_004494
82.349160,-67.391624,-14.982095,frame_004495
82.209207,-67.406181,-15.008854,frame_004496
82.068638,-67.420995,-15.035578,frame_004497
81.927338,-67.436087,-15.062231,frame_004498
81.783516,-67.451486,-15.088899,frame_004499
81.638325,-67.467229,-15.115511,frame_004500
81.492170,-67.483363,-15.142003,frame_004501
81.345456,-67.499942,-15.168316,frame_004502
81.200474,-67.515829,-15.194050,frame_004503
81.056872,-67.530874,-15.219226,frame_004504
80.913199,-67.543939,-15.244072,frame_004505
80.769367,-67.556278,-15.268629,frame_004506
80.625298,-67.568161,-15.292886,frame_004507
80.479241,-67.580841,-15.316998,frame_004508
80.331478,-67.593181,-15.340955,frame_004509
80.182284,-67.605031,-15.364726,frame_004510
80.031927,-67.616239,-15.388279,frame_004511
79.883464,-67.627855,-15.411227,frame_004512
79.736563,-67.639950,-15.433627,frame_004513
79.589043,-67.652603,-15.455762,frame_004514
79.440993,-67.664703,-15.477621,frame_004515
79.292503,-67.676123,-15.499211,frame_004516
79.143288,-67.687478,-15.520649,frame_004517
78.991244,-67.700288,-15.542340,frame_004518
78.836116,-67.714612,-15.564355,frame_004519
78.681031,-67.728730,-15.586073,frame_004520
78.528563,-67.741664,-15.606978,frame_004521
78.378586,-67.753341,-15.627122,frame_004522
78.229131,-67.763685,-15.646929,frame_004523
78.079376,-67.772620,-15.666580,frame_004524
77.929427,-67.780071,-15.686082,frame_004525
77.780138,-67.785962,-15.705370,frame_004526
77.631462,-67.791418,-15.724512,frame_004527
77.483358,-67.796586,-15.743539,frame_004528
77.335044,-67.801620,-15.762568,frame_004529
77.185740,-67.805485,-15.781605,frame_004530
77.035404,-67.808129,-15.800669,frame_004531
76.883990,-67.809503,-15.819737,frame_004532
76.732350,-67.810756,-15.838799,frame_004533
76.580593,-67.812061,-15.857878,frame_004534
76.428827,-67.814583,-15.876960,frame_004535
76.277158,-67.817106,-15.896004,frame_004536
76.125696,-67.819407,-15.915036,frame_004537
75.973616,-67.820287,-15.934242,frame_004538
75.821219,-67.819746,-15.953592,frame_004539
75.668800,-67.817783,-15.973076,frame_004540
75.516644,-67.814400,-15.992684,frame_004541
75.367829,-67.810795,-16.011971,frame_004542
75.222041,-67.807190,-16.030985,frame_004543
75.077119,-67.803817,-16.050001,frame_004544
74.930902,-67.799715,-16.069344,frame_004545
74.783076,-67.794908,-16.089068,frame_004546
74.634675,-67.789422,-16.108927,frame_004547
74.485608,-67.783282,-16.128912,frame_004548
74.335776,-67.776513,-16.149012,frame_004549
74.186371,-67.770126,-16.169046,frame_004550
74.037814,-67.763942,-16.188980,frame_004551
73.890532,-67.757787,-16.208778,frame_004552
73.745695,-67.750514,-16.228458,frame_004553
73.600171,-67.742171,-16.248401,frame_004554
73.453610,-67.732809,-16.268637,frame_004555
73.307008,-67.723679,-16.288893,frame_004556
73.160233,-67.715052,-16.309167,frame_004557
73.013150,-67.707211,-16.329461,frame_004558
72.867658,-67.700230,-16.349600,frame_004559
72.723988,-67.693979,-16.369543,frame_004560
72.582374,-67.688337,-16.389246,frame_004561
72.443064,-67.682204,-16.408648,frame_004562
72.302905,-67.675681,-16.428160,frame_004563
72.161528,-67.668870,-16.447826,frame_004564
72.020817,-67.662855,-16.467491,frame_004565
71.880791,-67.657533,-16.487136,frame_004566
71.741469,-67.652808,-16.506738,frame_004567
71.603325,-67.646704,-16.526086,frame_004568
71.466460,-67.639182,-16.545148,frame_004569
71.330982,-67.630193,-16.563894,frame_004570
71.196999,-67.619686,-16.582293,frame_004571
71.061902,-67.608499,-16.600879,frame_004572
70.925301,-67.596733,-16.619724,frame_004573
70.788316,-67.585476,-16.638453,frame_004574
70.651102,-67.574622,-16.657059,frame_004575
70.513808,-67.564075,-16.675533,frame_004576
70.376415,-67.552760,-16.693928,frame_004577
70.238736,-67.540804,-16.712258,frame_004578
70.100577,-67.528333,-16.730538,frame_004579
69.962647,-67.516457,-16.748641,frame_004580
69.824907,-67.505098,-16.766575,frame_004581
69.687319,-67.494185,-16.784346,frame_004582
69.549846,-67.482667,-16.802033,frame_004583
69.412448,-67.470697,-16.819648,frame_004584
69.275089,-67.458425,-16.837203,frame_004585
69.136983,-67.445788,-16.854658,frame_004586
68.998249,-67.432510,-16.872058,frame_004587
68.858998,-67.418314,-16.889446,frame_004588
68.721214,-67.403136,-16.906635,frame_004589
68.585050,-67.387128,-16.923637,frame_004590
68.450669,-67.370441,-16.940465,frame_004591
68.318238,-67.354212,-16.957093,frame_004592
68.184531,-67.338387,-16.973950,frame_004593
68.049101,-67.322918,-16.991125,frame_004594
67.913011,-67.306783,-17.008391,frame_004595
67.776359,-67.290157,-17.025794,frame_004596
67.639236,-67.273217,-17.043377,frame_004597
67.502476,-67.257124,-17.061157,frame_004598
67.366001,-67.241850,-17.079163,frame_004599
67.229735,-67.227374,-17.097420,frame_004600
67.094510,-67.211496,-17.115957,frame_004601
66.960418,-67.194196,-17.134805,frame_004602
66.827557,-67.175445,-17.153991,frame_004603
66.694379,-67.157390,-17.173468,frame_004604
66.560981,-67.140003,-17.193250,frame_004605
66.427456,-67.123262,-17.213349,frame_004606
66.294634,-67.106170,-17.233839,frame_004607
66.162441,-67.088926,-17.254738,frame_004608
66.030800,-67.071732,-17.276064,frame_004609
65.898888,-67.053591,-17.297780,frame_004610
65.766785,-67.034479,-17.319897,frame_004611
65.634565,-67.014370,-17.342423,frame_004612
65.503039,-66.995409,-17.365429,frame_004613
65.372112,-66.977569,-17.388913,frame_004614
65.241690,-66.960829,-17.412871,frame_004615
65.110931,-66.942989,-17.437199,frame_004616
64.979896,-66.924029,-17.461872,frame_004617
64.848637,-66.903919,-17.486862,frame_004618
64.717950,-66.884808,-17.512097,frame_004619
64.587719,-66.866666,-17.537581,frame_004620
64.457831,-66.849472,-17.563317,frame_004621
64.327426,-66.832229,-17.589454,frame_004622
64.196544,-66.815136,-17.615955,frame_004623
64.065220,-66.798395,-17.642783,frame_004624
63.935137,-66.781994,-17.669719,frame_004625
63.806330,-66.765706,-17.696755,frame_004626
63.678840,-66.749305,-17.723878,frame_004627
63.551061,-66.732779,-17.751073,frame_004628
63.423033,-66.716327,-17.778333,frame_004629
63.294793,-66.700153,-17.805652,frame_004630
63.167114,-66.684242,-17.832966,frame_004631
63.039863,-66.668369,-17.860292,frame_004632
62.912907,-66.652308,-17.887645,frame_004633
62.785366,-66.636045,-17.914942,frame_004634
62.657264,-66.619782,-17.942199,frame_004635
62.528616,-66.603721,-17.969430,frame_004636
62.400338,-66.587848,-17.996754,frame_004637
62.272603,-66.571938,-18.024201,frame_004638
62.145582,-66.555763,-18.051800,frame_004639
62.018538,-66.539312,-18.079563,frame_004640
61.891474,-66.522785,-18.107529,frame_004641
61.764387,-66.506384,-18.135732,frame_004642
61.638014,-66.490096,-18.164148,frame_004643
61.512183,-66.473695,-18.192832,frame_004644
61.386724,-66.456954,-18.221834,frame_004645
61.261626,-66.439861,-18.251279,frame_004646
61.137041,-66.422617,-18.281208,frame_004647
61.013123,-66.405424,-18.311660,frame_004648
60.889116,-66.387282,-18.342620,frame_004649
60.765003,-66.368171,-18.374120,frame_004650
60.640763,-66.348061,-18.406187,frame_004651
60.516366,-66.329100,-18.439034,frame_004652
60.391779,-66.311260,-18.472649,frame_004653
60.266959,-66.294520,-18.507017,frame_004654
60.142768,-66.276680,-18.541927,frame_004655
60.019318,-66.257720,-18.577401,frame_004656
59.896726,-66.237610,-18.613461,frame_004657
59.774941,-66.218499,-18.650165,frame_004658
59.653757,-66.200357,-18.687516,frame_004659
59.532962,-66.183163,-18.725509,frame_004660
59.412510,-66.165919,-18.764304,frame_004661
59.292515,-66.148827,-18.803863,frame_004662
59.173091,-66.132086,-18.844149,frame_004663
59.053444,-66.115685,-18.885029,frame_004664
58.933520,-66.099397,-18.926458,frame_004665
58.813260,-66.082996,-18.968386,frame_004666
58.693504,-66.066469,-19.010786,frame_004667
58.574347,-66.050018,-19.053596,frame_004668
58.455885,-66.033843,-19.096751,frame_004669
58.337305,-66.017933,-19.140385,frame_004670
58.218534,-66.002060,-19.184440,frame_004671
58.099493,-65.985998,-19.228855,frame_004672
57.981004,-65.969736,-19.273564,frame_004673
57.863143,-65.953473,-19.318432,frame_004674
57.745986,-65.937412,-19.363324,frame_004675
57.628701,-65.920553,-19.408246,frame_004676
57.511197,-65.902875,-19.453111,frame_004677
57.393375,-65.884350,-19.497831,frame_004678
57.276038,-65.867126,-19.542432,frame_004679
57.159244,-65.851172,-19.586820,frame_004680
57.043049,-65.836469,-19.630898,frame_004681
56.925857,-65.820818,-19.674747,frame_004682
56.807713,-65.804197,-19.718288,frame_004683
56.688647,-65.786578,-19.761442,frame_004684
56.570332,-65.769122,-19.804221,frame_004685
56.452789,-65.752005,-19.846567,frame_004686
56.336035,-65.735405,-19.888424,frame_004687
56.220090,-65.719282,-19.929804,frame_004688
56.104973,-65.703386,-19.970651,frame_004689
55.990703,-65.687464,-20.010913,frame_004690
55.877299,-65.671480,-20.050594,frame_004691
55.764779,-65.655608,-20.089660,frame_004692
55.653164,-65.640026,-20.128081,frame_004693
55.540818,-65.624696,-20.165905,frame_004694
55.427747,-65.609366,-20.203138,frame_004695
55.313945,-65.593784,-20.239791,frame_004696
55.201048,-65.578898,-20.275854,frame_004697
55.089035,-65.564681,-20.311333,frame_004698
54.977888,-65.551110,-20.346238,frame_004699
54.867589,-65.537186,-20.380580,frame_004700
54.758116,-65.523112,-20.414390,frame_004701
54.649453,-65.509088,-20.447701,frame_004702
54.541580,-65.495101,-20.480275,frame_004703
54.434477,-65.480926,-20.512129,frame_004704
54.328126,-65.466336,-20.543284,frame_004705
54.221761,-65.452305,-20.574043,frame_004706
54.115520,-65.438827,-20.604469,frame_004707
54.009532,-65.425908,-20.634623,frame_004708
53.903759,-65.411374,-20.664469,frame_004709
53.797994,-65.395229,-20.694076,frame_004710
53.692026,-65.377470,-20.723522,frame_004711
53.585238,-65.360022,-20.752927,frame_004712
53.477845,-65.342933,-20.782294,frame_004713
53.370049,-65.326257,-20.811630,frame_004714
53.262046,-65.308853,-20.840988,frame_004715
53.156812,-65.289826,-20.869882,frame_004716
53.053936,-65.269171,-20.898442,frame_004717
52.951526,-65.249062,-20.927159,frame_004718
52.849507,-65.229495,-20.956074,frame_004719
52.747801,-65.210473,-20.985229,frame_004720
52.645588,-65.189824,-21.014700,frame_004721
52.542945,-65.167552,-21.044498,frame_004722
52.439947,-65.143652,-21.074637,frame_004723
52.337405,-65.120298,-21.105139,frame_004724
52.235225,-65.097485,-21.135937,frame_004725
52.133312,-65.075219,-21.166968,frame_004726
52.030823,-65.053511,-21.198363,frame_004727
51.927821,-65.032382,-21.230054,frame_004728
51.824357,-65.011863,-21.261978,frame_004729
51.721227,-64.990789,-21.294151,frame_004730
51.618316,-64.968986,-21.326470,frame_004731
51.515509,-64.946278,-21.358838,frame_004732
51.412855,-64.922702,-21.391215,frame_004733
51.310562,-64.898509,-21.423485,frame_004734
51.208840,-64.873952,-21.455533,frame_004735
51.107736,-64.850267,-21.487306,frame_004736
51.007137,-64.827502,-21.518693,frame_004737
50.906928,-64.805710,-21.549589,frame_004738
50.806995,-64.783755,-21.579875,frame_004739
50.707223,-64.761485,-21.609443,frame_004740
50.607500,-64.738749,-21.638189,frame_004741
50.506963,-64.716598,-21.666071,frame_004742
50.405655,-64.695101,-21.692990,frame_004743
50.303611,-64.674339,-21.718855,frame_004744
50.202513,-64.652213,-21.743672,frame_004745
50.102395,-64.628803,-21.767366,frame_004746
50.003299,-64.604181,-21.789868,frame_004747
49.903619,-64.579396,-21.811071,frame_004748
49.803396,-64.554296,-21.830923,frame_004749
49.702664,-64.528730,-21.849380,frame_004750
49.602200,-64.503748,-21.866466,frame_004751
49.501868,-64.479421,-21.882156,frame_004752
49.401536,-64.455829,-21.896432,frame_004753
49.301071,-64.431859,-21.909379,frame_004754
49.200340,-64.407386,-21.921007,frame_004755
49.099209,-64.382284,-21.931338,frame_004756
48.997707,-64.356428,-21.940363,frame_004757
48.896024,-64.329691,-21.948109,frame_004758
48.794351,-64.301948,-21.954610,frame_004759
48.692715,-64.274272,-21.960018,frame_004760
48.590985,-64.246761,-21.964385,frame_004761
48.489026,-64.219520,-21.967774,frame_004762
48.388294,-64.191760,-21.969980,frame_004763
48.288950,-64.163438,-21.971037,frame_004764
48.191166,-64.134510,-21.970983,frame_004765
48.095126,-64.104936,-21.969883,frame_004766
47.997618,-64.075576,-21.968401,frame_004767
47.898219,-64.046561,-21.966707,frame_004768
47.798306,-64.015843,-21.964512,frame_004769
47.697766,-63.983552,-21.961918,frame_004770
47.596483,-63.949810,-21.959035,frame_004771
47.495251,-63.916915,-21.955896,frame_004772
47.394125,-63.884989,-21.952594,frame_004773
47.293164,-63.854163,-21.949230,frame_004774
47.192273,-63.823375,-21.945650,frame_004775
47.091203,-63.792548,-21.941920,frame_004776
46.989708,-63.761609,-21.938109,frame_004777
46.887713,-63.730481,-21.934133,frame_004778
46.785309,-63.699089,-21.930052,frame_004779
46.682595,-63.667357,-21.925929,frame_004780
46.578767,-63.635210,-21.921753,frame_004781
46.473769,-63.602573,-21.917537,frame_004782
46.367544,-63.569369,-21.913298,frame_004783
46.260942,-63.536724,-21.909060,frame_004784
46.154074,-63.504784,-21.904796,frame_004785
46.047058,-63.473705,-21.900486,frame_004786
45.939855,-63.442450,-21.896116,frame_004787
45.832272,-63.410968,-21.891649,frame_004788
45.724123,-63.379209,-21.887047,frame_004789
45.614479,-63.347123,-21.882291,frame_004790
45.503322,-63.314660,-21.877335,frame_004791
45.390634,-63.281770,-21.872139,frame_004792
45.278048,-63.248401,-21.866632,frame_004793
45.165558,-63.214504,-21.860767,frame_004794
45.053172,-63.180029,-21.854506,frame_004795
44.939253,-63.146124,-21.847965,frame_004796
44.823821,-63.112963,-21.841064,frame_004797
44.706896,-63.080725,-21.833729,frame_004798
44.590149,-63.048398,-21.825960,frame_004799
44.473613,-63.015959,-21.817694,frame_004800
44.357332,-62.983381,-21.808874,frame_004801
44.240456,-62.950639,-21.799401,frame_004802
44.122885,-62.917709,-21.789231,frame_004803
44.004529,-62.884565,-21.778330,frame_004804
43.884554,-62.851183,-21.766877,frame_004805
43.763039,-62.817535,-21.754799,frame_004806
43.640058,-62.783599,-21.742031,frame_004807
43.517341,-62.749348,-21.728569,frame_004808
43.394978,-62.714758,-21.714347,frame_004809
43.273070,-62.679803,-21.699309,frame_004810
43.150823,-62.644458,-21.683524,frame_004811
43.028196,-62.608698,-21.666905,frame_004812
42.905154,-62.572497,-21.649380,frame_004813
42.781668,-62.535831,-21.630811,frame_004814
42.657717,-62.498675,-21.611163,frame_004815
42.533285,-62.461003,-21.590405,frame_004816
42.408362,-62.422790,-21.568329,frame_004817
42.282944,-62.384011,-21.544952,frame_004818
42.157035,-62.344641,-21.520302,frame_004819
42.031391,-62.305855,-21.494572,frame_004820
41.905872,-62.267849,-21.467765,frame_004821
41.780351,-62.230829,-21.439893,frame_004822
41.653968,-62.193809,-21.410925,frame_004823
41.526777,-62.156789,-21.380880,frame_004824
41.398838,-62.119770,-21.349785,frame_004825
41.269309,-62.082750,-21.317506,frame_004826
41.138097,-62.045730,-21.284119,frame_004827
41.005105,-62.008710,-21.249705,frame_004828
40.871147,-61.971691,-21.214411,frame_004829
40.736294,-61.934671,-21.178329,frame_004830
40.600627,-61.897651,-21.141558,frame_004831
40.464232,-61.860631,-21.104029,frame_004832
40.327199,-61.823611,-21.065838,frame_004833
40.189628,-61.786592,-21.027084,frame_004834
40.051623,-61.749572,-20.987615,frame_004835
39.913295,-61.712552,-20.947535,frame_004836
39.774762,-61.675532,-20.906950,frame_004837
39.635238,-61.639498,-20.865797,frame_004838
39.494688,-61.604245,-20.824192,frame_004839
39.353071,-61.569576,-20.782256,frame_004840
39.211259,-61.534315,-20.740010,frame_004841
39.069381,-61.498489,-20.697576,frame_004842
38.927573,-61.462121,-20.655075,frame_004843
38.784324,-61.426224,-20.612584,frame_004844
38.639771,-61.390617,-20.570230,frame_004845
38.494044,-61.355129,-20.528141,frame_004846
38.348921,-61.318608,-20.486158,frame_004847
38.204530,-61.281107,-20.444379,frame_004848
38.061010,-61.242675,-20.402903,frame_004849
37.917593,-61.204349,-20.361676,frame_004850
37.774263,-61.165973,-20.320810,frame_004851
37.630999,-61.127401,-20.280415,frame_004852
37.487783,-61.087509,-20.240603,frame_004853
37.344596,-61.046371,-20.201491,frame_004854
37.201417,-61.004063,-20.163194,frame_004855
37.058392,-60.961648,-20.125520,frame_004856
36.915822,-60.918994,-20.088538,frame_004857
36.774014,-60.875980,-20.052311,frame_004858
36.633110,-60.832494,-20.016736,frame_004859
36.493091,-60.788429,-19.981874,frame_004860
36.353938,-60.743691,-19.947781,frame_004861
36.214886,-60.698190,-19.914203,frame_004862
36.076071,-60.651848,-19.881167,frame_004863
35.937623,-60.604592,-19.848694,frame_004864
35.799666,-60.557346,-19.816760,frame_004865
35.662318,-60.509851,-19.785413,frame_004866
35.525689,-60.461862,-19.754697,frame_004867
35.390630,-60.412168,-19.724814,frame_004868
35.257084,-60.360764,-19.695836,frame_004869
35.124994,-60.307654,-19.667828,frame_004870
34.992648,-60.252852,-19.640632,frame_004871
34.859978,-60.196377,-19.614263,frame_004872
34.726901,-60.138260,-19.588726,frame_004873
34.594229,-60.079524,-19.564063,frame_004874
34.462023,-60.020010,-19.540253,frame_004875
34.330336,-59.959575,-19.517269,frame_004876
34.199216,-59.897108,-19.495205,frame_004877
34.068705,-59.832704,-19.474067,frame_004878
33.938836,-59.766469,-19.453850,frame_004879
33.809640,-59.699502,-19.434512,frame_004880
33.681138,-59.631720,-19.416023,frame_004881
33.553345,-59.563054,-19.398351,frame_004882
33.425526,-59.492468,-19.381459,frame_004883
33.297839,-59.420136,-19.365314,frame_004884
33.170429,-59.346236,-19.349874,frame_004885
33.044177,-59.271944,-19.335209,frame_004886
32.919047,-59.197250,-19.321283,frame_004887
32.794997,-59.122165,-19.308056,frame_004888
32.671982,-59.045512,-19.295551,frame_004889
32.549945,-58.967112,-19.283742,frame_004890
32.428828,-58.886792,-19.272596,frame_004891
32.308563,-58.805590,-19.262098,frame_004892
32.189078,-58.723571,-19.252213,frame_004893
32.070293,-58.640820,-19.242902,frame_004894
31.952285,-58.555252,-19.234187,frame_004895
31.835285,-58.466968,-19.226013,frame_004896
31.719517,-58.376067,-19.218323,frame_004897
31.605040,-58.284836,-19.211088,frame_004898
31.491743,-58.193393,-19.204257,frame_004899
31.379507,-58.101872,-19.197771,frame_004900
31.267463,-58.009225,-19.191680,frame_004901
31.155637,-57.915396,-19.185943,frame_004902
31.044042,-57.820339,-19.180513,frame_004903
30.933422,-57.724230,-19.175384,frame_004904
30.823611,-57.627469,-19.170504,frame_004905
30.714433,-57.530461,-19.165819,frame_004906
30.605871,-57.433407,-19.161305,frame_004907
30.498059,-57.336305,-19.156909,frame_004908
30.391128,-57.239156,-19.152573,frame_004909
30.285040,-57.141976,-19.148309,frame_004910
30.179590,-57.044783,-19.144080,frame_004911
30.074563,-56.947608,-19.139844,frame_004912
29.970650,-56.850489,-19.135703,frame_004913
29.867793,-56.753470,-19.131623,frame_004914
29.765936,-56.656608,-19.127572,frame_004915
29.664274,-56.558765,-19.123611,frame_004916
29.562906,-56.459790,-19.119746,frame_004917
29.461925,-56.359531,-19.115977,frame_004918
29.361254,-56.258053,-19.112400,frame_004919
29.260649,-56.155631,-19.109012,frame_004920
29.159860,-56.052543,-19.105805,frame_004921
29.058790,-55.950051,-19.102818,frame_004922
28.957502,-55.848226,-19.100039,frame_004923
28.856047,-55.747149,-19.097451,frame_004924
28.755221,-55.645707,-19.095039,frame_004925
28.654909,-55.543774,-19.092765,frame_004926
28.554996,-55.441225,-19.090592,frame_004927
28.454622,-55.339133,-19.088645,frame_004928
28.353830,-55.237596,-19.086882,frame_004929
28.252653,-55.136719,-19.085257,frame_004930
28.151120,-55.035413,-19.083976,frame_004931
28.049253,-54.933579,-19.082941,frame_004932
27.947069,-54.831116,-19.082057,frame_004933
27.846230,-54.729124,-19.081426,frame_004934
27.746752,-54.627724,-19.080935,frame_004935
27.648658,-54.527045,-19.080476,frame_004936
27.550322,-54.426027,-19.080050,frame_004937
27.451767,-54.324594,-19.079535,frame_004938
27.353008,-54.222671,-19.078816,frame_004939
27.254801,-54.119195,-19.077902,frame_004940
27.156993,-54.014297,-19.076678,frame_004941
27.059433,-53.908099,-19.075037,frame_004942
26.961222,-53.801699,-19.072931,frame_004943
26.862364,-53.694998,-19.070261,frame_004944
26.762854,-53.587894,-19.066934,frame_004945
26.663592,-53.481487,-19.062881,frame_004946
26.564730,-53.375898,-19.058002,frame_004947
26.466420,-53.271257,-19.052202,frame_004948
26.368652,-53.167490,-19.045436,frame_004949
26.271255,-53.064314,-19.037627,frame_004950
26.174057,-52.961458,-19.028705,frame_004951
26.077051,-52.857671,-19.018605,frame_004952
25.980386,-52.752903,-19.007280,frame_004953
25.884217,-52.647104,-18.994693,frame_004954
25.787786,-52.541423,-18.980909,frame_004955
25.691080,-52.436032,-18.965878,frame_004956
25.594074,-52.331111,-18.949562,frame_004957
25.498395,-52.225649,-18.931832,frame_004958
25.404020,-52.119622,-18.912687,frame_004959
25.310933,-52.013003,-18.892136,frame_004960
25.217472,-51.905768,-18.870269,frame_004961
25.123619,-51.797892,-18.847110,frame_004962
25.029354,-51.689349,-18.822688,frame_004963
24.934647,-51.580114,-18.797026,frame_004964
24.839464,-51.470162,-18.770157,frame_004965
24.743763,-51.359468,-18.742126,frame_004966
24.648405,-51.248993,-18.713129,frame_004967
24.553504,-51.138506,-18.683223,frame_004968
24.459173,-51.027785,-18.652475,frame_004969
24.364620,-50.916830,-18.620894,frame_004970
24.269790,-50.805863,-18.588552,frame_004971
24.174623,-50.695116,-18.555529,frame_004972
24.079961,-50.583626,-18.521923,frame_004973
23.985898,-50.471419,-18.487810,frame_004974
23.892530,-50.358521,-18.453278,frame_004975
23.799043,-50.244955,-18.418364,frame_004976
23.705366,-50.130749,-18.383157,frame_004977
23.611419,-50.015926,-18.347753,frame_004978
23.518769,-49.901498,-18.312196,frame_004979
23.427338,-49.787284,-18.276567,frame_004980
23.337053,-49.673114,-18.240958,frame_004981
23.247101,-49.557836,-18.205157,frame_004982
23.157576,-49.441502,-18.169210,frame_004983
23.068576,-49.324162,-18.133174,frame_004984
22.979286,-49.205866,-18.096994,frame_004985
22.889633,-49.086664,-18.060688,frame_004986
22.799540,-48.966607,-18.024277,frame_004987
22.709826,-48.846731,-17.987711,frame_004988
22.620570,-48.726881,-17.950986,frame_004989
22.531846,-48.606910,-17.914103,frame_004990
22.442078,-48.486894,-17.877066,frame_004991
22.351328,-48.367131,-17.839846,frame_004992
22.259648,-48.247925,-17.802419,frame_004993
22.168729,-48.128393,-17.764996,frame_004994
22.078609,-48.008635,-17.727497,frame_004995
21.989327,-47.888750,-17.689847,frame_004996
21.900920,-47.769827,-17.652009,frame_004997
21.813426,-47.651760,-17.613886,frame_004998
21.726884,-47.534452,-17.575387,frame_004999
21.640424,-47.415630,-17.536605,frame_005000
21.553916,-47.295197,-17.497421,frame_005001
21.467223,-47.173049,-17.457727,frame_005002
21.381110,-47.050272,-17.417410,frame_005003
21.295597,-46.926966,-17.376394,frame_005004
21.210703,-46.803233,-17.334609,frame_005005
21.126445,-46.680159,-17.291600,frame_005006
21.042845,-46.557639,-17.247346,frame_005007
20.959920,-46.435577,-17.201832,frame_005008
20.876036,-46.312898,-17.155204,frame_005009
20.791199,-46.189729,-17.107474,frame_005010
20.705403,-46.066195,-17.058664,frame_005011
20.620282,-45.942423,-17.008667,frame_005012
20.535819,-45.818537,-16.957525,frame_005013
20.451992,-45.694663,-16.905286,frame_005014
20.368784,-45.571915,-16.851672,frame_005015
20.286176,-45.450210,-16.796801,frame_005016
20.204148,-45.329480,-16.740795,frame_005017
20.121935,-45.207474,-16.683504,frame_005018
20.039675,-45.084121,-16.625078,frame_005019
19.957496,-44.959342,-16.565667,frame_005020
19.876268,-44.835235,-16.505410,frame_005021
19.795954,-44.711720,-16.444461,frame_005022
19.716516,-44.588725,-16.382969,frame_005023
19.637914,-44.465202,-16.320837,frame_005024
19.560112,-44.341302,-16.258243,frame_005025
19.483072,-44.217175,-16.195365,frame_005026
19.406008,-44.093959,-16.132366,frame_005027
19.329039,-43.971599,-16.069418,frame_005028
19.252276,-43.850049,-16.006690,frame_005029
19.175660,-43.727086,-15.944110,frame_005030
19.098969,-43.602662,-15.881871,frame_005031
19.021968,-43.476724,-15.820164,frame_005032
18.944584,-43.350409,-15.759273,frame_005033
18.866894,-43.223868,-15.699360,frame_005034
18.788973,-43.097250,-15.640585,frame_005035
18.711631,-42.971695,-15.582998,frame_005036
18.634775,-42.847147,-15.526740,frame_005037
18.558309,-42.723559,-15.471949,frame_005038
18.481392,-42.598709,-15.418807,frame_005039
18.404084,-42.472550,-15.367408,frame_005040
18.326440,-42.345027,-15.317840,frame_005041
18.250160,-42.218264,-15.269975,frame_005042
18.175298,-42.092207,-15.223893,frame_005043
18.101915,-41.966808,-15.179671,frame_005044
18.028424,-41.841045,-15.136982,frame_005045
17.954884,-41.715093,-15.095845,frame_005046
17.881350,-41.589128,-15.056268,frame_005047
17.807870,-41.463113,-15.018372,frame_005048
17.734483,-41.336797,-14.982075,frame_005049
17.661227,-41.209927,-14.947288,frame_005050
17.588874,-41.082465,-14.913779,frame_005051
17.517292,-40.954589,-14.881383,frame_005052
17.446348,-40.826474,-14.849932,frame_005053
17.375161,-40.699282,-14.819329,frame_005054
17.303756,-40.572983,-14.789392,frame_005055
17.232146,-40.447558,-14.759936,frame_005056
17.161089,-40.321793,-14.731222,frame_005057
17.090431,-40.195462,-14.703082,frame_005058
17.020021,-40.068339,-14.675343,frame_005059
16.949868,-39.940411,-14.648029,frame_005060
16.880142,-39.811879,-14.620906,frame_005061
16.811017,-39.682944,-14.593739,frame_005062
16.741754,-39.554794,-14.566568,frame_005063
16.672357,-39.427425,-14.539139,frame_005064
16.602824,-39.300841,-14.511199,frame_005065
16.533143,-39.173855,-14.482784,frame_005066
16.463301,-39.046264,-14.453731,frame_005067
16.393274,-38.917869,-14.423879,frame_005068
16.323941,-38.788681,-14.393498,frame_005069
16.255436,-38.658927,-14.362433,frame_005070
16.187893,-38.528834,-14.330531,frame_005071
16.120535,-38.398413,-14.297506,frame_005072
16.053330,-38.267465,-14.263251,frame_005073
15.986235,-38.135787,-14.227664,frame_005074
15.919202,-38.004377,-14.190723,frame_005075
15.852179,-37.873258,-14.152408,frame_005076
15.785104,-37.742459,-14.112703,frame_005077
15.718819,-37.610817,-14.071527,frame_005078
15.653418,-37.478156,-14.028890,frame_005079
15.588998,-37.344300,-13.984803,frame_005080
15.524745,-37.209287,-13.939485,frame_005081
15.460587,-37.073368,-13.893005,frame_005082
15.396444,-36.936795,-13.845437,frame_005083
15.332393,-36.800806,-13.796761,frame_005084
15.268664,-36.665447,-13.747036,frame_005085
15.205483,-36.530771,-13.696326,frame_005086
15.142908,-36.395643,-13.644653,frame_005087
15.080826,-36.259911,-13.592109,frame_005088
15.019122,-36.123425,-13.538792,frame_005089
14.958578,-35.987233,-13.484476,frame_005090
14.899233,-35.851406,-13.429281,frame_005091
14.841126,-35.716025,-13.373328,frame_005092
14.782639,-35.578991,-13.316734,frame_005093
14.723799,-35.440384,-13.259672,frame_005094
14.664619,-35.300275,-13.202316,frame_005095
14.606751,-35.160913,-13.144854,frame_005096
14.550197,-35.022370,-13.087491,frame_005097
14.494956,-34.884725,-13.030434,frame_005098
14.440282,-34.746865,-12.973648,frame_005099
14.386330,-34.608667,-12.917273,frame_005100
14.333250,-34.470003,-12.861451,frame_005101
14.280277,-34.330961,-12.806487,frame_005102
14.227378,-34.191844,-12.752445,frame_005103
14.174510,-34.052954,-12.699389,frame_005104
14.122523,-33.914378,-12.647192,frame_005105
14.071516,-33.775990,-12.595950,frame_005106
14.021580,-33.637666,-12.545756,frame_005107
13.972639,-33.499278,-12.496756,frame_005108
13.924449,-33.360702,-12.448971,frame_005109
13.876760,-33.221812,-12.402422,frame_005110
13.829476,-33.082695,-12.356769,frame_005111
13.782658,-32.943654,-12.312000,frame_005112
13.736359,-32.804990,-12.268099,frame_005113
13.690627,-32.666791,-12.224986,frame_005114
13.645504,-32.528932,-12.182575,frame_005115
13.601024,-32.391287,-12.140776,frame_005116
13.557216,-32.253730,-12.099395,frame_005117
13.514102,-32.116135,-12.058401,frame_005118
13.471697,-31.978376,-12.017764,frame_005119
13.430012,-31.841528,-11.976986,frame_005120
13.389049,-31.705688,-11.936027,frame_005121
13.348806,-31.570959,-11.894841,frame_005122
13.309273,-31.435269,-11.853273,frame_005123
13.270433,-31.298723,-11.811356,frame_005124
13.232266,-31.161418,-11.769114,frame_005125
13.194741,-31.024426,-11.726882,frame_005126
13.157825,-30.887624,-11.684675,frame_005127
13.121476,-30.750884,-11.642502,frame_005128
13.085647,-30.614082,-11.600588,frame_005129
13.050283,-30.477091,-11.558918,frame_005130
13.015324,-30.339785,-11.517477,frame_005131
12.980705,-30.203239,-11.476143,frame_005132
12.946351,-30.067549,-11.434925,frame_005133
12.912183,-29.932821,-11.393828,frame_005134
12.879025,-29.797966,-11.352777,frame_005135
12.846950,-29.662885,-11.311775,frame_005136
12.816037,-29.527477,-11.270818,frame_005137
12.785453,-29.391641,-11.230030,frame_005138
12.755106,-29.255277,-11.189403,frame_005139
12.724899,-29.118285,-11.148927,frame_005140
12.693979,-28.980562,-11.108795,frame_005141
12.662392,-28.842010,-11.069034,frame_005142
12.630169,-28.702526,-11.029667,frame_005143
12.598984,-28.562226,-10.990821,frame_005144
12.568855,-28.421434,-10.952551,frame_005145
12.539801,-28.280479,-10.914909,frame_005146
12.510933,-28.139474,-10.878120,frame_005147
12.482103,-27.998318,-10.842224,frame_005148
12.453155,-27.856911,-10.807264,frame_005149
12.424089,-27.715151,-10.772821,frame_005150
12.395061,-27.572938,-10.739002,frame_005151
12.366219,-27.430172,-10.705905,frame_005152
12.338452,-27.286966,-10.673336,frame_005153
12.311741,-27.143646,-10.641316,frame_005154
12.286068,-27.000541,-10.609857,frame_005155
12.260666,-26.857762,-10.579249,frame_005156
12.235673,-26.715210,-10.549510,frame_005157
12.211219,-26.572783,-10.520653,frame_005158
12.187265,-26.430382,-10.492792,frame_005159
12.163606,-26.287905,-10.465807,frame_005160
12.140028,-26.145253,-10.439574,frame_005161
12.116475,-26.002537,-10.414528,frame_005162
12.093045,-25.860085,-10.390461,frame_005163
12.069831,-25.718225,-10.367167,frame_005164
12.047663,-25.577069,-10.344339,frame_005165
12.026465,-25.436517,-10.321728,frame_005166
12.006162,-25.296468,-10.299086,frame_005167
11.985931,-25.155835,-10.275588,frame_005168
11.965852,-25.014723,-10.251209,frame_005169
11.945997,-24.873229,-10.225919,frame_005170
11.927180,-24.731441,-10.199802,frame_005171
11.909304,-24.589438,-10.172895,frame_005172
11.892276,-24.447292,-10.145235,frame_005173
11.875253,-24.306265,-10.116975,frame_005174
11.858296,-24.166634,-10.088254,frame_005175
11.841459,-24.028676,-10.059206,frame_005176
11.825535,-23.891468,-10.029720,frame_005177
11.810411,-23.755064,-9.999909,frame_005178
11.795972,-23.619510,-9.969883,frame_005179
11.781357,-23.484844,-9.939602,frame_005180
11.766609,-23.351096,-9.909131,frame_005181
11.751762,-23.218285,-9.878529,frame_005182
11.736844,-23.085440,-9.847957,frame_005183
11.721879,-22.952769,-9.817503,frame_005184
11.706881,-22.820465,-9.787251,frame_005185
11.691860,-22.688705,-9.757376,frame_005186
11.676819,-22.557647,-9.727956,frame_005187
11.661756,-22.427435,-9.699062,frame_005188
11.647406,-22.298193,-9.670653,frame_005189
11.633599,-22.170032,-9.642792,frame_005190
11.620162,-22.043043,-9.615538,frame_005191
11.607088,-21.916315,-9.588902,frame_005192
11.594527,-21.790114,-9.562948,frame_005193
11.582632,-21.664677,-9.537733,frame_005194
11.570647,-21.540432,-9.513372,frame_005195
11.558558,-21.417996,-9.489920,frame_005196
11.546341,-21.297960,-9.467424,frame_005197
11.533968,-21.180676,-9.445766,frame_005198
11.521404,-21.066257,-9.424969,frame_005199
11.508607,-20.954792,-9.405053,frame_005200
11.497185,-20.845357,-9.386592,frame_005201
11.487096,-20.738195,-9.369656,frame_005202
11.478304,-20.633515,-9.354314,frame_005203
11.469128,-20.532695,-9.340497,frame_005204
11.459533,-20.436098,-9.328275,frame_005205
11.449477,-20.344065,-9.317714,frame_005206
11.440567,-20.255709,-9.308814,frame_005207
11.432761,-20.171099,-9.301603,frame_005208
11.426025,-20.090266,-9.296108,frame_005209
11.418676,-20.013212,-9.291880,frame_005210
11.410679,-19.939903,-9.288860,frame_005211
11.401994,-19.870272,-9.286983,frame_005212
11.394225,-19.805418,-9.285614,frame_005213
11.387333,-19.745429,-9.284566,frame_005214
11.381282,-19.690368,-9.283644,frame_005215
11.374390,-19.639073,-9.282635,frame_005216
11.366622,-19.591334,-9.281286,frame_005217
11.357936,-19.546908,-9.279336,frame_005218
11.349194,-19.506718,-9.277527,frame_005219
11.340508,-19.470676,-9.275761,frame_005220
11.331994,-19.438670,-9.273938,frame_005221
11.322857,-19.410560,-9.272082,frame_005222
11.313045,-19.386183,-9.270125,frame_005223
11.302495,-19.365351,-9.267995,frame_005224
11.292051,-19.347849,-9.265889,frame_005225
11.281806,-19.333439,-9.263780,frame_005226
11.271856,-19.321856,-9.261639,frame_005227
11.261389,-19.312812,-9.259532,frame_005228
11.250331,-19.305991,-9.257447,frame_005229
11.238603,-19.301055,-9.255369,frame_005230
11.227028,-19.298624,-9.253244,frame_005231
11.215681,-19.298103,-9.251056,frame_005232
11.204638,-19.298881,-9.248788,frame_005233
11.193976,-19.300541,-9.246497,frame_005234
11.183771,-19.302866,-9.244173,frame_005235
11.174098,-19.305622,-9.241808,frame_005236
11.165035,-19.308556,-9.239313,frame_005237
11.156656,-19.311400,-9.236678,frame_005238
11.149039,-19.313869,-9.233891,frame_005239
11.141351,-19.315662,-9.231032,frame_005240
11.133501,-19.316460,-9.228091,frame_005241
11.125391,-19.315926,-9.225063,frame_005242
11.117822,-19.314910,-9.222015,frame_005243
11.110853,-19.313264,-9.218951,frame_005244
11.104541,-19.310833,-9.215879,frame_005245
11.099688,-19.309640,-9.212748,frame_005246
11.096197,-19.309529,-9.209572,frame_005247
11.093975,-19.310354,-9.206364,frame_005248
11.092190,-19.309791,-9.203235,frame_005249
11.090920,-19.307692,-9.200198,frame_005250
11.090239,-19.303903,-9.197267,frame_005251
11.089317,-19.299459,-9.194301,frame_005252
11.088061,-19.294412,-9.191301,frame_005253
11.086373,-19.288812,-9.188264,frame_005254
11.085056,-19.283694,-9.185271,frame_005255
11.084167,-19.278905,-9.182339,frame_005256
11.083764,-19.274296,-9.179489,frame_005257
11.082995,-19.268744,-9.176730,frame_005258
11.081750,-19.262324,-9.174062,frame_005259
11.079911,-19.255112,-9.171485,frame_005260
11.078262,-19.248169,-9.168977,frame_005261
11.076842,-19.241365,-9.166554,frame_005262
11.075688,-19.234579,-9.164234,frame_005263
11.073931,-19.226711,-9.162040,frame_005264
11.071440,-19.217862,-9.159986,frame_005265
11.068080,-19.208133,-9.158086,frame_005266
11.064615,-19.198610,-9.156219,frame_005267
11.061065,-19.189188,-9.154387,frame_005268
11.057448,-19.179771,-9.152591,frame_005269
11.053783,-19.169286,-9.150823,frame_005270
11.050090,-19.157856,-9.149081,frame_005271
11.046387,-19.145610,-9.147364,frame_005272
11.043440,-19.133657,-9.145822,frame_005273
11.041112,-19.121920,-9.144439,frame_005274
11.039273,-19.110325,-9.143202,frame_005275
11.037053,-19.098812,-9.142042,frame_005276
11.034491,-19.087324,-9.140956,frame_005277
11.031625,-19.075816,-9.139939,frame_005278
11.028492,-19.064250,-9.139021,frame_005279
11.025130,-19.052597,-9.138190,frame_005280
11.021578,-19.040836,-9.137433,frame_005281
11.017874,-19.027754,-9.136731,frame_005282
11.014056,-19.013125,-9.136079,frame_005283
11.010162,-18.996723,-9.135472,frame_005284
11.006230,-18.979520,-9.134896,frame_005285
11.002297,-18.961514,-9.134342,frame_005286
10.998403,-18.942707,-9.133803,frame_005287
10.994585,-18.923113,-9.133268,frame_005288
10.990881,-18.902753,-9.132747,frame_005289
10.987329,-18.881656,-9.132247,frame_005290
10.983968,-18.859859,-9.131734,frame_005291
10.980835,-18.837409,-9.131211,frame_005292
10.977968,-18.814361,-9.130680,frame_005293
10.975406,-18.790776,-9.130213,frame_005294
10.973186,-18.766727,-9.129795,frame_005295
10.971347,-18.742293,-9.129411,frame_005296
10.969019,-18.716363,-9.129048,frame_005297
10.966072,-18.688810,-9.128710,frame_005298
10.962369,-18.659508,-9.128404,frame_005299
10.958676,-18.629533,-9.128062,frame_005300
10.955012,-18.598979,-9.127685,frame_005301
10.951394,-18.567953,-9.127268,frame_005302
10.947844,-18.537553,-9.126888,frame_005303
10.944379,-18.507695,-9.126542,frame_005304
10.941019,-18.478313,-9.126226,frame_005305
10.937782,-18.447171,-9.125931,frame_005306
10.934689,-18.414216,-9.125664,frame_005307
10.931757,-18.379401,-9.125428,frame_005308
10.929006,-18.344859,-9.125202,frame_005309
10.926454,-18.310559,-9.124976,frame_005310
10.924122,-18.276482,-9.124736,frame_005311
10.922027,-18.240443,-9.124502,frame_005312
10.920189,-18.202442,-9.124281,frame_005313
10.918627,-18.162478,-9.124078,frame_005314
10.917361,-18.122739,-9.123917,frame_005315
10.916408,-18.083240,-9.123797,frame_005316
10.915788,-18.044015,-9.123715,frame_005317
10.915520,-18.003915,-9.123714,frame_005318
10.915623,-17.962785,-9.123799,frame_005319
10.916117,-17.920477,-9.123978,frame_005320
10.917020,-17.877067,-9.124267,frame_005321
10.918350,-17.832853,-9.124675,frame_005322
10.920128,-17.788141,-9.125212,frame_005323
10.921465,-17.743032,-9.125750,frame_005324
10.922211,-17.697420,-9.126279,frame_005325
10.922211,-17.651210,-9.126791,frame_005326
10.922211,-17.604313,-9.127383,frame_005327
10.922211,-17.556649,-9.128049,frame_005328
10.922210,-17.508148,-9.128778,frame_005329
10.922210,-17.458746,-9.129503,frame_005330
10.922210,-17.408389,-9.130210,frame_005331
10.922210,-17.357031,-9.130887,frame_005332
10.922210,-17.304634,-9.131561,frame_005333
10.922210,-17.251169,-9.132224,frame_005334
10.922210,-17.196614,-9.132865,frame_005335
10.922210,-17.140958,-9.133484,frame_005336
10.922210,-17.084195,-9.134070,frame_005337
10.922210,-17.026331,-9.134610,frame_005338
10.922210,-16.968364,-9.135157,frame_005339
10.922210,-16.910109,-9.135706,frame_005340
10.922210,-16.851399,-9.136255,frame_005341
10.922209,-16.791096,-9.136795,frame_005342
10.922209,-16.729272,-9.137328,frame_005343
10.922209,-16.666007,-9.137860,frame_005344
10.922209,-16.601388,-9.138352,frame_005345
10.922209,-16.535513,-9.138784,frame_005346
10.922209,-16.468485,-9.139136,frame_005347
10.922209,-16.400419,-9.139408,frame_005348
10.922209,-16.331435,-9.139601,frame_005349
10.922209,-16.261663,-9.139716,frame_005350
10.922209,-16.192229,-9.139796,frame_005351
10.922208,-16.123073,-9.139841,frame_005352
10.922208,-16.054154,-9.139855,frame_005353
10.922208,-15.983260,-9.139798,frame_005354
10.922208,-15.910366,-9.139665,frame_005355
10.922208,-15.835447,-9.139453,frame_005356
10.922208,-15.760664,-9.139190,frame_005357
10.922208,-15.686008,-9.138880,frame_005358
10.922208,-15.611488,-9.138523,frame_005359
10.922208,-15.534943,-9.138075,frame_005360
10.922207,-15.456398,-9.137537,frame_005361
10.922207,-15.375879,-9.136909,frame_005362
10.922207,-15.294610,-9.136264,frame_005363
10.922207,-15.212838,-9.135607,frame_005364
10.922207,-15.130820,-9.134941,frame_005365
10.922953,-15.048606,-9.134239,frame_005366
10.924289,-14.966040,-9.133503,frame_005367
10.926067,-14.882977,-9.132731,frame_005368
10.927398,-14.799277,-9.131935,frame_005369
10.928300,-14.714810,-9.131113,frame_005370
10.928794,-14.629456,-9.130265,frame_005371
10.928897,-14.543314,-9.129373,frame_005372
10.928629,-14.456707,-9.128442,frame_005373
10.928009,-14.369968,-9.127477,frame_005374
10.927056,-14.283220,-9.126486,frame_005375
10.925790,-14.196386,-9.125482,frame_005376
10.924228,-14.109393,-9.124479,frame_005377
10.922390,-14.021192,-9.123454,frame_005378
10.920295,-13.931935,-9.122408,frame_005379
10.917962,-13.841773,-9.121339,frame_005380
10.915411,-13.751842,-9.120262,frame_005381
10.912660,-13.662087,-9.119183,frame_005382
10.909728,-13.572464,-9.118108,frame_005383
10.906634,-13.482934,-9.117033,frame_005384
10.903397,-13.393467,-9.115962,frame_005385
10.900037,-13.304043,-9.114901,frame_005386
10.896572,-13.214650,-9.113835,frame_005387
10.893022,-13.125282,-9.112768,frame_005388
10.889404,-13.035944,-9.111705,frame_005389
10.885740,-12.945450,-9.110658,frame_005390
10.882046,-12.853597,-9.109626,frame_005391
10.878344,-12.760184,-9.108607,frame_005392
10.874650,-12.666210,-9.107622,frame_005393
10.870986,-12.571696,-9.106673,frame_005394
10.867368,-12.476672,-9.105765,frame_005395
10.863818,-12.381175,-9.104819,frame_005396
10.860353,-12.285251,-9.103834,frame_005397
10.856993,-12.188954,-9.102809,frame_005398
10.853756,-12.093334,-9.101822,frame_005399
10.850662,-11.998257,-9.100876,frame_005400
10.847730,-11.903605,-9.099971,frame_005401
10.844979,-11.807092,-9.099081,frame_005402
10.842427,-11.708616,-9.098205,frame_005403
10.840095,-11.608077,-9.097344,frame_005404
10.838000,-11.507561,-9.096506,frame_005405
10.836162,-11.406984,-9.095690,frame_005406
10.834600,-11.306279,-9.094894,frame_005407
10.833333,-11.203209,-9.094081,frame_005408
10.832380,-11.097724,-9.093255,frame_005409
10.831760,-10.989774,-9.092423,frame_005410
10.831493,-10.881494,-9.091638,frame_005411
10.831596,-10.772851,-9.090903,frame_005412
10.832089,-10.663828,-9.090221,frame_005413
10.832992,-10.553439,-9.089554,frame_005414
10.834322,-10.441907,-9.088901,frame_005415
10.836100,-10.329461,-9.088261,frame_005416
10.837437,-10.216128,-9.087642,frame_005417
10.838182,-10.101726,-9.087041,frame_005418
10.838182,-9.986084,-9.086454,frame_005419
10.838182,-9.869038,-9.085822,frame_005420
10.838182,-9.750433,-9.085149,frame_005421
10.838182,-9.630123,-9.084437,frame_005422
10.838182,-9.509169,-9.083773,frame_005423
10.838181,-9.387663,-9.083149,frame_005424
10.838181,-9.265714,-9.082558,frame_005425
10.838181,-9.141263,-9.082024,frame_005426
10.838181,-9.014434,-9.081542,frame_005427
10.838181,-8.885354,-9.081106,frame_005428
10.838180,-8.756334,-9.080665,frame_005429
10.838180,-8.627517,-9.080215,frame_005430
10.838180,-8.499062,-9.079756,frame_005431
10.838180,-8.369945,-9.079284,frame_005432
10.838180,-8.240138,-9.078803,frame_005433
10.838179,-8.109619,-9.078313,frame_005434
10.837433,-7.978375,-9.077841,frame_005435
10.836097,-7.846403,-9.077384,frame_005436
10.834318,-7.713706,-9.076936,frame_005437
10.832987,-7.580297,-9.076495,frame_005438
10.832084,-7.446197,-9.076062,frame_005439
10.831591,-7.311436,-9.075635,frame_005440
10.831487,-7.176051,-9.075166,frame_005441
10.831755,-7.040088,-9.074658,frame_005442
10.832374,-6.903602,-9.074111,frame_005443
10.833327,-6.766655,-9.073555,frame_005444
10.834593,-6.629320,-9.072983,frame_005445
10.836155,-6.491675,-9.072391,frame_005446
10.837992,-6.354794,-9.071879,frame_005447
10.840087,-6.218570,-9.071433,frame_005448
10.842419,-6.082909,-9.071041,frame_005449
10.844970,-5.945549,-9.070658,frame_005450
10.847721,-5.806417,-9.070268,frame_005451
10.850653,-5.665435,-9.069855,frame_005452
10.853000,-5.523729,-9.069413,frame_005453
10.854900,-5.381446,-9.068930,frame_005454
10.856482,-5.238739,-9.068393,frame_005455
10.858615,-5.094574,-9.067797,frame_005456
10.861263,-4.948899,-9.067127,frame_005457
10.864386,-4.801665,-9.066365,frame_005458
10.867947,-4.655006,-9.065576,frame_005459
10.871908,-4.508890,-9.064745,frame_005460
10.876230,-4.363300,-9.063861,frame_005461
10.880876,-4.216050,-9.062835,frame_005462
10.885807,-4.067139,-9.061661,frame_005463
10.890985,-3.916568,-9.060333,frame_005464
10.896373,-3.765537,-9.058866,frame_005465
10.901933,-3.614268,-9.057255,frame_005466
10.907625,-3.462991,-9.055498,frame_005467
10.914158,-3.311731,-9.053573,frame_005468
10.921340,-3.160309,-9.051477,frame_005469
10.928981,-3.008553,-9.049211,frame_005470
10.936157,-2.855312,-9.046829,frame_005471
10.942847,-2.700637,-9.044340,frame_005472
10.949033,-2.544579,-9.041758,frame_005473
10.954695,-2.387187,-9.039001,frame_005474
10.959815,-2.228513,-9.036073,frame_005475
10.964374,-2.068606,-9.032980,frame_005476
10.968353,-1.909702,-9.029723,frame_005477
10.971732,-1.751870,-9.026304,frame_005478
10.974492,-1.595192,-9.022724,frame_005479
10.976615,-1.437583,-9.019002,frame_005480
10.978081,-1.279144,-9.015148,frame_005481
10.978872,-1.119976,-9.011177,frame_005482
10.979714,-0.961165,-9.007112,frame_005483
10.980433,-0.802606,-9.002969,frame_005484
10.980861,-0.644203,-8.998766,frame_005485
10.980998,-0.484883,-8.994495,frame_005486
10.981012,-0.324769,-8.990166,frame_005487
10.981077,-0.163989,-8.985791,frame_005488
10.981212,-0.003654,-8.981399,frame_005489
10.981282,0.156315,-8.977003,frame_005490
10.981155,0.315989,-8.972613,frame_005491
10.979963,0.475433,-8.968241,frame_005492
10.977743,0.634699,-8.963911,frame_005493
10.974534,0.793835,-8.959653,frame_005494
10.971119,0.953864,-8.955486,frame_005495
10.967381,1.114609,-8.951430,frame_005496
10.963210,1.275896,-8.947500,frame_005497
10.958499,1.437761,-8.943636,frame_005498
10.953152,1.600456,-8.939840,frame_005499
10.947076,1.764233,-8.936112,frame_005500
10.939440,1.928143,-8.932425,frame_005501
10.930319,2.092216,-8.928786,frame_005502
10.919790,2.256472,-8.925200,frame_005503
10.909582,2.421911,-8.921673,frame_005504
10.899785,2.588331,-8.918210,frame_005505
10.890500,2.755531,-8.914816,frame_005506
10.880933,2.923309,-8.911457,frame_005507
10.871044,3.091465,-8.908138,frame_005508
10.860796,3.259796,-8.904861,frame_005509
10.850163,3.428317,-8.901569,frame_005510
10.839120,3.597252,-8.898262,frame_005511
10.827654,3.766829,-8.894935,frame_005512
10.815753,3.936074,-8.891622,frame_005513
10.803416,4.104991,-8.888333,frame_005514
10.790644,4.273576,-8.885075,frame_005515
10.777448,4.442803,-8.881872,frame_005516
10.763844,4.612444,-8.878724,frame_005517
10.749853,4.782274,-8.875629,frame_005518
10.735343,4.952281,-8.872605,frame_005519
10.720025,5.122664,-8.869650,frame_005520
10.703616,5.293626,-8.866761,frame_005521
10.686002,5.464169,-8.863936,frame_005522
10.667238,5.634270,-8.861169,frame_005523
10.647384,5.803900,-8.858458,frame_005524
10.626506,5.973023,-8.855802,frame_005525
10.604676,6.141591,-8.853203,frame_005526
10.581975,6.309550,-8.850664,frame_005527
10.559235,6.479024,-8.848184,frame_005528
10.536390,6.649958,-8.845762,frame_005529
10.513392,6.822305,-8.843393,frame_005530
10.489456,6.993843,-8.841079,frame_005531
10.464711,7.164524,-8.838823,frame_005532
10.439295,7.334294,-8.836629,frame_005533
10.413187,7.505278,-8.834500,frame_005534
10.386215,7.677419,-8.832438,frame_005535
10.358209,7.850672,-8.830446,frame_005536
10.329170,8.022813,-8.828540,frame_005537
10.299265,8.193796,-8.826714,frame_005538
10.268670,8.363567,-8.824962,frame_005539
10.237403,8.533262,-8.823239,frame_005540
10.205328,8.703032,-8.821541,frame_005541
10.172315,8.873029,-8.819864,frame_005542
10.139147,9.043404,-8.818282,frame_005543
10.105877,9.214306,-8.816789,frame_005544
10.072566,9.385888,-8.815381,frame_005545
10.037637,9.558086,-8.813985,frame_005546
10.001168,9.730624,-8.812598,frame_005547
9.963232,9.903225,-8.811214,frame_005548
9.924654,10.075826,-8.809828,frame_005549
9.885353,10.248577,-8.808430,frame_005550
9.845257,10.421631,-8.807011,frame_005551
9.805206,10.596123,-8.805612,frame_005552
9.765309,10.772000,-8.804223,frame_005553
9.725686,10.949215,-8.802836,frame_005554
9.685562,11.125544,-8.801399,frame_005555
9.644916,11.300942,-8.799911,frame_005556
9.603731,11.475354,-8.798373,frame_005557
9.562744,11.649703,-8.796815,frame_005558
9.521796,11.823712,-8.795237,frame_005559
9.480742,11.997106,-8.793641,frame_005560
9.438702,12.169819,-8.792049,frame_005561
9.395711,12.342005,-8.790464,frame_005562
9.351811,12.513813,-8.788891,frame_005563
9.307048,12.685395,-8.787373,frame_005564
9.261478,12.856901,-8.785913,frame_005565
9.215159,13.028483,-8.784517,frame_005566
9.168159,13.200078,-8.783147,frame_005567
9.120551,13.371408,-8.781803,frame_005568
9.072414,13.542197,-8.780486,frame_005569
9.023672,13.712383,-8.779166,frame_005570
8.974092,13.882116,-8.777846,frame_005571
8.923451,14.051547,-8.776527,frame_005572
8.871692,14.221813,-8.775201,frame_005573
8.818924,14.392860,-8.773869,frame_005574
8.765265,14.564641,-8.772534,frame_005575
8.711586,14.736133,-8.771245,frame_005576
8.657860,14.907512,-8.770002,frame_005577
8.604075,15.078954,-8.768804,frame_005578
8.548578,15.250421,-8.767621,frame_005579
8.491368,15.421662,-8.766455,frame_005580
8.432445,15.592424,-8.765305,frame_005581
8.373463,15.762671,-8.764195,frame_005582
8.314435,15.932578,-8.763127,frame_005583
8.255385,16.102322,-8.762105,frame_005584
8.195446,16.270878,-8.761151,frame_005585
8.134498,16.438201,-8.760265,frame_005586
8.072431,16.604236,-8.759447,frame_005587
8.010049,16.771107,-8.758636,frame_005588
7.947420,16.938757,-8.757833,frame_005589
7.884628,17.107143,-8.757036,frame_005590
7.820859,17.275239,-8.756276,frame_005591
7.756054,17.443222,-8.755558,frame_005592
7.690158,17.611267,-8.754884,frame_005593
7.623125,17.780538,-8.754233,frame_005594
7.554912,17.951005,-8.753596,frame_005595
7.485485,18.122646,-8.752966,frame_005596
7.415723,18.294250,-8.752339,frame_005597
7.345772,18.465589,-8.751722,frame_005598
7.275791,18.636438,-8.751121,frame_005599
7.205043,18.806784,-8.750556,frame_005600
7.133543,18.976828,-8.750025,frame_005601
7.061315,19.146771,-8.749525,frame_005602
6.988387,19.316601,-8.749039,frame_005603
6.914793,19.486092,-8.748558,frame_005604
6.840575,19.655017,-8.748073,frame_005605
6.765780,19.823362,-8.747618,frame_005606
6.690463,19.991331,-8.747196,frame_005607
6.614683,20.159124,-8.746807,frame_005608
6.538346,20.326727,-8.746435,frame_005609
6.461200,20.493916,-8.746079,frame_005610
6.383002,20.660464,-8.745742,frame_005611
6.303676,20.827343,-8.745425,frame_005612
6.223313,20.994550,-8.745128,frame_005613
6.142012,21.162089,-8.744852,frame_005614
6.060623,21.328987,-8.744595,frame_005615
5.979103,21.495470,-8.744349,frame_005616
5.897419,21.661764,-8.744107,frame_005617
5.814806,21.827882,-8.743854,frame_005618
5.731413,21.993623,-8.743588,frame_005619
5.647396,22.158785,-8.743308,frame_005620
5.562756,22.324367,-8.743032,frame_005621
5.477335,22.490390,-8.742762,frame_005622
5.390986,22.656884,-8.742499,frame_005623
5.304473,22.822686,-8.742265,frame_005624
5.217828,22.987620,-8.742059,frame_005625
5.131096,23.151510,-8.741885,frame_005626
5.042680,23.314393,-8.741719,frame_005627
4.952636,23.476523,-8.741556,frame_005628
4.861023,23.638149,-8.741389,frame_005629
4.769550,23.799309,-8.741225,frame_005630
4.678288,23.959828,-8.741062,frame_005631
4.587319,24.119530,-8.740900,frame_005632
4.495831,24.279438,-8.740738,frame_005633
4.403762,24.439598,-8.740576,frame_005634
4.311060,24.600065,-8.740413,frame_005635
4.217677,24.760902,-8.740245,frame_005636
4.123571,24.922180,-8.740062,frame_005637
4.028708,25.083979,-8.739858,frame_005638
3.933059,25.245186,-8.739646,frame_005639
3.836602,25.405677,-8.739426,frame_005640
3.739320,25.565325,-8.739199,frame_005641
3.641205,25.725204,-8.738927,frame_005642
3.542254,25.885412,-8.738619,frame_005643
3.442469,26.046052,-8.738282,frame_005644
3.341860,26.206037,-8.737945,frame_005645
3.240443,26.365269,-8.737602,frame_005646
3.138240,26.523644,-8.737247,frame_005647
3.035279,26.681064,-8.736909,frame_005648
2.931596,26.837428,-8.736589,frame_005649
2.827232,26.992634,-8.736293,frame_005650
2.722980,27.147782,-8.735940,frame_005651
2.618739,27.302995,-8.735539,frame_005652
2.514419,27.458400,-8.735098,frame_005653
2.409200,27.612938,-8.734671,frame_005654
2.303173,27.766533,-8.734251,frame_005655
2.196435,27.919109,-8.733835,frame_005656
2.089093,28.071790,-8.733430,frame_005657
1.981256,28.224724,-8.733031,frame_005658
1.873043,28.378066,-8.732637,frame_005659
1.764414,28.530778,-8.732239,frame_005660
1.655178,28.682811,-8.731840,frame_005661
1.545146,28.834115,-8.731444,frame_005662
1.435045,28.984639,-8.731053,frame_005663
1.324870,29.134333,-8.730671,frame_005664
1.214626,29.283146,-8.730302,frame_005665
1.102679,29.432229,-8.729953,frame_005666
0.989047,29.581752,-8.729620,frame_005667
0.873751,29.731897,-8.729296,frame_005668
0.757716,29.882638,-8.729013,frame_005669
0.641130,30.033745,-8.728767,frame_005670
0.524186,30.184995,-8.728552,frame_005671
0.406923,30.335189,-8.728328,frame_005672
0.289222,30.484326,-8.728098,frame_005673
0.170974,30.632406,-8.727865,frame_005674
0.052072,30.779430,-8.727639,frame_005675
-0.067580,30.925398,-8.727416,frame_005676
-0.188075,31.070309,-8.727196,frame_005677
-0.308592,31.216349,-8.726946,frame_005678
-0.429040,31.363536,-8.726667,frame_005679
-0.549319,31.511902,-8.726358,frame_005680
-0.670969,31.659313,-8.726029,frame_005681
-0.793874,31.805817,-8.725682,frame_005682
-0.917921,31.951467,-8.725318,frame_005683
-1.042250,32.096312,-8.724947,frame_005684
-1.166901,32.240402,-8.724569,frame_005685
-1.291911,32.383787,-8.724183,frame_005686
-1.416560,32.527505,-8.723759,frame_005687
-1.541028,32.671400,-8.723294,frame_005688
-1.665479,32.815324,-8.722786,frame_005689
-1.790810,32.958155,-8.722242,frame_005690
-1.917007,33.099967,-8.721661,frame_005691
-2.044047,33.240835,-8.721044,frame_005692
-2.171901,33.381821,-8.720414,frame_005693
-2.300535,33.522796,-8.719781,frame_005694
-2.429907,33.663638,-8.719158,frame_005695
-2.559970,33.803247,-8.718526,frame_005696
-2.690670,33.941724,-8.717881,frame_005697
-2.821947,34.079169,-8.717219,frame_005698
-2.953734,34.216670,-8.716536,frame_005699
-3.085957,34.354121,-8.715831,frame_005700
-3.218539,34.491427,-8.715104,frame_005701
-3.352300,34.628498,-8.714409,frame_005702
-3.487317,34.765256,-8.713758,frame_005703
-3.623666,34.901629,-8.713164,frame_005704
-3.759770,35.037555,-8.712585,frame_005705
-3.895692,35.172978,-8.712020,frame_005706
-4.031483,35.307852,-8.711468,frame_005707
-4.167926,35.441155,-8.710920,frame_005708
-4.304892,35.573061,-8.710378,frame_005709
-4.442244,35.703747,-8.709842,frame_005710
-4.580002,35.834375,-8.709335,frame_005711
-4.718339,35.964917,-8.708862,frame_005712
-4.857424,36.095350,-8.708427,frame_005713
-4.998165,36.225662,-8.708052,frame_005714
-5.140561,36.355849,-8.707740,frame_005715
-5.284614,36.485916,-8.707491,frame_005716
-5.428668,36.615874,-8.707274,frame_005717
-5.572711,36.745745,-8.707085,frame_005718
-5.716718,36.875558,-8.706919,frame_005719
-5.861397,37.004152,-8.706741,frame_005720
-6.006541,37.131349,-8.706543,frame_005721
-6.151938,37.256974,-8.706320,frame_005722
-6.297532,37.383036,-8.706390,frame_005723
-6.443420,37.509377,-8.706696,frame_005724
-6.589694,37.635854,-8.707179,frame_005725
-6.737186,37.761355,-8.707649,frame_005726
-6.885820,37.885976,-8.708075,frame_005727
-7.035519,38.009822,-8.708426,frame_005728
-7.185463,38.131807,-8.708677,frame_005729
-7.335729,38.251830,-8.708807,frame_005730
-7.486390,38.369790,-8.708798,frame_005731
-7.637353,38.486786,-8.708659,frame_005732
-7.788353,38.602941,-8.708368,frame_005733
-7.939121,38.718383,-8.707905,frame_005734
-8.089542,38.834239,-8.707248,frame_005735
-8.239658,38.950448,-8.706378,frame_005736
-8.389504,39.066969,-8.705274,frame_005737
-8.540017,39.181591,-8.703920,frame_005738
-8.691385,39.294288,-8.702303,frame_005739
-8.843800,39.405036,-8.700412,frame_005740
-8.996544,39.515995,-8.698158,frame_005741
-9.149640,39.627157,-8.695548,frame_005742
-9.303103,39.738530,-8.692593,frame_005743
-9.457689,39.847954,-8.689341,frame_005744
-9.613245,39.955453,-8.685803,frame_005745
-9.769620,40.061053,-8.681993,frame_005746
-9.925915,40.166965,-8.677900,frame_005747
-10.082133,40.273231,-8.673530,frame_005748
-10.238271,40.379910,-8.668892,frame_005749
-10.394319,40.485876,-8.663997,frame_005750
-10.550263,40.591001,-8.658856,frame_005751
-10.706078,40.695162,-8.653487,frame_005752
-10.861738,40.798246,-8.647904,frame_005753
-11.017207,40.900149,-8.642130,frame_005754
-11.172443,41.000775,-8.636185,frame_005755
-11.328308,41.099048,-8.630063,frame_005756
-11.484915,41.195094,-8.623790,frame_005757
-11.642378,41.289041,-8.617390,frame_005758
-11.799904,41.383198,-8.610910,frame_005759
-11.957439,41.477710,-8.604378,frame_005760
-12.114922,41.572734,-8.597821,frame_005761
-12.273195,41.667248,-8.591252,frame_005762
-12.432353,41.761222,-8.584703,frame_005763
-12.592491,41.854635,-8.578210,frame_005764
-12.752797,41.947474,-8.571787,frame_005765
-12.913197,42.039736,-8.565465,frame_005766
-13.073612,42.131424,-8.559277,frame_005767
-13.234865,42.222551,-8.553256,frame_005768
-13.397031,42.313139,-8.547437,frame_005769
-13.560187,42.403215,-8.541854,frame_005770
-13.723500,42.493805,-8.536516,frame_005771
-13.886880,42.584748,-8.531471,frame_005772
-14.050227,42.675903,-8.526761,frame_005773
-14.214345,42.764957,-8.522107,frame_005774
-14.379291,42.851786,-8.517486,frame_005775
-14.545121,42.936262,-8.512875,frame_005776
-14.710986,43.019460,-8.508379,frame_005777
-14.876774,43.101476,-8.504001,frame_005778
-15.042368,43.182416,-8.499740,frame_005779
-15.208552,43.262393,-8.495624,frame_005780
-15.375364,43.341527,-8.491654,frame_005781
-15.542842,43.419950,-8.487829,frame_005782
-15.710117,43.498785,-8.484062,frame_005783
-15.877057,43.577974,-8.480355,frame_005784
-16.043528,43.657476,-8.476710,frame_005785
-16.210294,43.735077,-8.473133,frame_005786
-16.377373,43.810755,-8.469618,frame_005787
-16.544786,43.884483,-8.466156,frame_005788
-16.712551,43.958422,-8.462738,frame_005789
-16.880686,44.032564,-8.459358,frame_005790
-17.049212,44.106917,-8.456006,frame_005791
-17.218147,44.180307,-8.452769,frame_005792
-17.387511,44.252553,-8.449654,frame_005793
-17.557321,44.323484,-8.446667,frame_005794
-17.726690,44.393149,-8.443827,frame_005795
-17.895468,44.461821,-8.441127,frame_005796
-18.063501,44.529782,-8.438558,frame_005797
-18.231533,44.597106,-8.436076,frame_005798
-18.399566,44.663664,-8.433676,frame_005799
-18.567598,44.729333,-8.431352,frame_005800
-18.734884,44.794002,-8.429073,frame_005801
-18.901580,44.857564,-8.426839,frame_005802
-19.067835,44.919924,-8.424653,frame_005803
-19.234536,44.980994,-8.422551,frame_005804
-19.401666,45.040693,-8.420529,frame_005805
-19.569205,45.098951,-8.418580,frame_005806
-19.737134,45.156904,-8.416721,frame_005807
-19.905434,45.214721,-8.414948,frame_005808
-20.074086,45.272586,-8.413258,frame_005809
-20.243071,45.329500,-8.411652,frame_005810
-20.412370,45.385458,-8.410121,frame_005811
-20.581964,45.440466,-8.408653,frame_005812
-20.751834,45.495522,-8.407241,frame_005813
-20.921961,45.550441,-8.405880,frame_005814
-21.092326,45.605055,-8.404565,frame_005815
-21.262164,45.658229,-8.403308,frame_005816
-21.431611,45.710032,-8.402099,frame_005817
-21.600797,45.760544,-8.400929,frame_005818
-21.770592,45.810840,-8.399769,frame_005819
-21.940958,45.860811,-8.398611,frame_005820
-22.111857,45.910364,-8.397449,frame_005821
-22.283251,45.958225,-8.396307,frame_005822
-22.455102,46.004111,-8.395188,frame_005823
-22.627371,46.047751,-8.394092,frame_005824
-22.800021,46.089094,-8.392998,frame_005825
-22.973013,46.128313,-8.391901,frame_005826
-23.146310,46.165587,-8.390798,frame_005827
-23.319127,46.202091,-8.389668,frame_005828
-23.491582,46.237817,-8.388514,frame_005829
-23.663786,46.272773,-8.387336,frame_005830
-23.836589,46.306985,-8.386171,frame_005831
-24.009935,46.340493,-8.385006,frame_005832
-24.183765,46.373358,-8.383832,frame_005833
-24.358025,46.404455,-8.382692,frame_005834
-24.532655,46.433653,-8.381589,frame_005835
-24.707599,46.460831,-8.380526,frame_005836
-24.882800,46.487076,-8.379447,frame_005837
-25.058201,46.512505,-8.378358,frame_005838
-25.233745,46.537252,-8.377265,frame_005839
-25.408628,46.560268,-8.376211,frame_005840
-25.582949,46.581500,-8.375196,frame_005841
-25.756800,46.600900,-8.374221,frame_005842
-25.931013,46.619417,-8.373271,frame_005843
-26.105511,46.636816,-8.372349,frame_005844
-26.280219,46.652879,-8.371460,frame_005845
-26.455060,46.667620,-8.370573,frame_005846
-26.629958,46.681280,-8.369684,frame_005847
-26.804837,46.694120,-8.368785,frame_005848
-26.979620,46.706203,-8.367885,frame_005849
-27.154233,46.717394,-8.366985,frame_005850
-27.328598,46.727577,-8.366089,frame_005851
-27.503547,46.735665,-8.365276,frame_005852
-27.679173,46.741778,-8.364548,frame_005853
-27.855573,46.746048,-8.363907,frame_005854
-28.031944,46.749598,-8.363306,frame_005855
-28.208230,46.752370,-8.362746,frame_005856
-28.384373,46.754322,-8.362225,frame_005857
-28.560317,46.755429,-8.361709,frame_005858
-28.736003,46.755682,-8.361205,frame_005859
-28.911376,46.755090,-8.360719,frame_005860
-29.085631,46.753677,-8.360246,frame_005861
-29.258868,46.751487,-8.359785,frame_005862
-29.431177,46.748577,-8.359335,frame_005863
-29.603392,46.743823,-8.358936,frame_005864
-29.775436,46.737096,-8.358586,frame_005865
-29.947232,46.728273,-8.358283,frame_005866
-30.119612,46.718441,-8.358014,frame_005867
-30.292669,46.707718,-8.357769,frame_005868
-30.466500,46.696237,-8.357542,frame_005869
-30.641048,46.682951,-8.357345,frame_005870
-30.816102,46.667803,-8.357174,frame_005871
-30.991454,46.650749,-8.357023,frame_005872
-31.166159,46.632737,-8.356855,frame_005873
-31.340179,46.613531,-8.356676,frame_005874
-31.513476,46.592914,-8.356490,frame_005875
-31.686012,46.570898,-8.356348,frame_005876
-31.857748,46.547727,-8.356245,frame_005877
-32.028648,46.523661,-8.356177,frame_005878
-32.199579,46.498761,-8.356136,frame_005879
-32.370673,46.472895,-8.356130,frame_005880
-32.542066,46.445945,-8.356168,frame_005881
-32.712992,46.417810,-8.356205,frame_005882
-32.883434,46.388406,-8.356239,frame_005883
-33.053370,46.357666,-8.356266,frame_005884
-33.223530,46.324554,-8.356306,frame_005885
-33.393738,46.289242,-8.356353,frame_005886
-33.563826,46.251910,-8.356404,frame_005887
-33.732886,46.213733,-8.356535,frame_005888
-33.900919,46.174702,-8.356741,frame_005889
-34.067924,46.134826,-8.357019,frame_005890
-34.234809,46.094129,-8.357342,frame_005891
-34.401743,46.052655,-8.357700,frame_005892
-34.568899,46.010461,-8.358080,frame_005893
-34.736296,45.966423,-8.358487,frame_005894
-34.903799,45.920412,-8.358913,frame_005895
-35.071278,45.872304,-8.359356,frame_005896
-35.237862,45.824175,-8.359763,frame_005897
-35.403589,45.775934,-8.360137,frame_005898
-35.568499,45.727520,-8.360477,frame_005899
-35.733374,45.676709,-8.360833,frame_005900
-35.898097,45.623471,-8.361203,frame_005901
-36.062558,45.567785,-8.361587,frame_005902
-36.225906,45.510839,-8.361940,frame_005903
-36.388197,45.452850,-8.362253,frame_005904
-36.549489,45.394055,-8.362518,frame_005905
-36.710586,45.333503,-8.362747,frame_005906
-36.871388,45.271241,-8.362935,frame_005907
-37.031804,45.207325,-8.363077,frame_005908
-37.191747,45.142802,-8.363184,frame_005909
-37.351140,45.077538,-8.363264,frame_005910
-37.509908,45.011417,-8.363326,frame_005911
-37.668894,44.943351,-8.363385,frame_005912
-37.828204,44.873463,-8.363444,frame_005913
-37.987959,44.801881,-8.363507,frame_005914
-38.147385,44.729731,-8.363536,frame_005915
-38.306460,44.656953,-8.363535,frame_005916
-38.465168,44.583507,-8.363508,frame_005917
-38.623498,44.509366,-8.363445,frame_005918
-38.781449,44.434522,-8.363347,frame_005919
-38.939023,44.358984,-8.363215,frame_005920
-39.096068,44.282777,-8.363049,frame_005921
-39.252276,44.205943,-8.362848,frame_005922
-39.407347,44.128540,-8.362613,frame_005923
-39.561146,44.049445,-8.362441,frame_005924
-39.713708,43.968526,-8.362332,frame_005925
-39.865076,43.885663,-8.362287,frame_005926
-40.015296,43.801942,-8.362225,frame_005927
-40.164423,43.717480,-8.362145,frame_005928
-40.312516,43.632412,-8.362043,frame_005929
-40.460389,43.545689,-8.361968,frame_005930
-40.607958,43.457257,-8.361923,frame_005931
-40.755154,43.367068,-8.361912,frame_005932
-40.901175,43.275086,-8.361938,frame_005933
-41.046130,43.181281,-8.362005,frame_005934
-41.190137,43.085631,-8.362117,frame_005935
-41.333159,42.989326,-8.362241,frame_005936
-41.475002,42.892582,-8.362387,frame_005937
-41.615478,42.795634,-8.362561,frame_005938
-41.755315,42.698520,-8.362747,frame_005939
-41.894506,42.601080,-8.362942,frame_005940
-42.033057,42.503173,-8.363143,frame_005941
-42.170243,42.403686,-8.363316,frame_005942
-42.306249,42.302715,-8.363460,frame_005943
-42.441269,42.200366,-8.363573,frame_005944
-42.575342,42.096752,-8.363671,frame_005945
-42.708349,41.991994,-8.363752,frame_005946
-42.840181,41.886222,-8.363812,frame_005947
-42.971639,41.779361,-8.363908,frame_005948
-43.102794,41.671130,-8.364041,frame_005949
-43.233729,41.561256,-8.364212,frame_005950
-43.364376,41.450675,-8.364398,frame_005951
-43.494521,41.339354,-8.364593,frame_005952
-43.623959,41.227275,-8.364791,frame_005953
-43.752662,41.113454,-8.364975,frame_005954
-43.880777,40.998111,-8.365141,frame_005955
-44.008462,40.881478,-8.365286,frame_005956
-44.134981,40.764779,-8.365385,frame_005957
-44.260348,40.648057,-8.365440,frame_005958
-44.384588,40.531370,-8.365448,frame_005959
-44.508473,40.412607,-8.365450,frame_005960
-44.631884,40.291845,-8.365449,frame_005961
-44.754712,40.169159,-8.365448,frame_005962
-44.876863,40.046809,-8.365445,frame_005963
-44.998254,39.924889,-8.365438,frame_005964
-45.118816,39.803507,-8.365421,frame_005965
-45.237744,39.681589,-8.365402,frame_005966
-45.355151,39.559056,-8.365385,frame_005967
-45.471153,39.435836,-8.365372,frame_005968
-45.586621,39.311866,-8.365363,frame_005969
-45.701529,39.187093,-8.365363,frame_005970
-45.815863,39.061469,-8.365374,frame_005971
-45.928718,38.934957,-8.365417,frame_005972
-46.039936,38.807527,-8.365491,frame_005973
-46.149369,38.679160,-8.365597,frame_005974
-46.257782,38.549841,-8.365618,frame_005975
-46.365207,38.419567,-8.365559,frame_005976
-46.471688,38.288343,-8.365421,frame_005977
-46.578029,38.156180,-8.365304,frame_005978
-46.684142,38.023099,-8.365200,frame_005979
-46.789963,37.889131,-8.365107,frame_005980
-46.893789,37.754313,-8.365000,frame_005981
-46.995580,37.618690,-8.364874,frame_005982
-47.095301,37.482318,-8.364726,frame_005983
-47.194576,37.346245,-8.364533,frame_005984
-47.293396,37.210337,-8.364295,frame_005985
-47.391771,37.074477,-8.364011,frame_005986
-47.488075,36.937578,-8.363714,frame_005987
-47.582344,36.799762,-8.363408,frame_005988
-47.674618,36.661158,-8.363099,frame_005989
-47.765692,36.520705,-8.362798,frame_005990
-47.855463,36.378328,-8.362502,frame_005991
-47.943844,36.233951,-8.362206,frame_005992
-48.031665,36.088699,-8.361946,frame_005993
-48.119031,35.942718,-8.361721,frame_005994
-48.206065,35.796163,-8.361527,frame_005995
-48.292004,35.650184,-8.361335,frame_005996
-48.376840,35.504748,-8.361144,frame_005997
-48.460581,35.359838,-8.360957,frame_005998
-48.543244,35.213268,-8.360743,frame_005999
-48.624861,35.065037,-8.360501,frame_006000
-48.705478,34.915145,-8.360232,frame_006001
-48.784243,34.763594,-8.359932,frame_006002
-48.861058,34.610382,-8.359598,frame_006003
-48.935831,34.455510,-8.359224,frame_006004
-49.009385,34.300178,-8.358827,frame_006005
-49.081807,34.144607,-8.358403,frame_006006
-49.153200,33.989029,-8.357947,frame_006007
-49.224423,33.833469,-8.357460,frame_006008
-49.295449,33.677745,-8.356947,frame_006009
-49.366267,33.521688,-8.356412,frame_006010
-49.435979,33.365346,-8.355867,frame_006011
-49.504447,33.208992,-8.355312,frame_006012
-49.571542,33.052907,-8.354745,frame_006013
-49.636405,32.897167,-8.354173,frame_006014
-49.699089,32.741642,-8.353585,frame_006015
-49.759656,32.586210,-8.352974,frame_006016
-49.819825,32.429771,-8.352270,frame_006017
-49.879682,32.272427,-8.351481,frame_006018
-49.939331,32.114278,-8.350618,frame_006019
-49.998735,31.956410,-8.349767,frame_006020
-50.057712,31.798720,-8.348920,frame_006021
-50.116102,31.641110,-8.348070,frame_006022
-50.173015,31.483492,-8.347178,frame_006023
-50.228482,31.325788,-8.346236,frame_006024
-50.282550,31.167925,-8.345235,frame_006025
-50.336019,31.008854,-8.344180,frame_006026
-50.388806,30.848727,-8.343090,frame_006027
-50.440842,30.687694,-8.341984,frame_006028
-50.491174,30.525906,-8.340824,frame_006029
-50.539604,30.363515,-8.339612,frame_006030
-50.585948,30.200671,-8.338349,frame_006031
-50.630943,30.038511,-8.337067,frame_006032
-50.674598,29.876981,-8.335765,frame_006033
-50.716942,29.716034,-8.334444,frame_006034
-50.757114,29.554434,-8.333143,frame_006035
-50.795014,29.391927,-8.331864,frame_006036
-50.830552,29.228264,-8.330608,frame_006037
-50.864560,29.063405,-8.329359,frame_006038
-50.897143,28.897528,-8.328122,frame_006039
-50.928424,28.730808,-8.326905,frame_006040
-50.958384,28.564408,-8.325654,frame_006041
-50.986862,28.398298,-8.324376,frame_006042
-51.013715,28.232457,-8.323078,frame_006043
-51.038073,28.065886,-8.321734,frame_006044
-51.059987,27.898787,-8.320349,frame_006045
-51.079520,27.731361,-8.318927,frame_006046
-51.096749,27.563595,-8.317509,frame_006047
-51.111761,27.395264,-8.316098,frame_006048
-51.124660,27.226140,-8.314698,frame_006049
-51.136304,27.057197,-8.313296,frame_006050
-51.146666,26.888431,-8.311901,frame_006051
-51.155736,26.719846,-8.310524,frame_006052
-51.162777,26.550468,-8.309156,frame_006053
-51.167974,26.380525,-8.307805,frame_006054
-51.171522,26.210242,-8.306480,frame_006055
-51.174378,26.039846,-8.305180,frame_006056
-51.176607,25.869563,-8.303911,frame_006057
-51.178296,25.699619,-8.302679,frame_006058
-51.178642,25.530028,-8.301501,frame_006059
-51.177600,25.360588,-8.300390,frame_006060
-51.175138,25.191097,-8.299354,frame_006061
-51.171237,25.022555,-8.298392,frame_006062
-51.165891,24.854982,-8.297508,frame_006063
-51.159107,24.688408,-8.296704,frame_006064
-51.151065,24.520684,-8.295952,frame_006065
-51.142120,24.351840,-8.295248,frame_006066
-51.132640,24.181896,-8.294587,frame_006067
-51.122845,24.013052,-8.294016,frame_006068
-51.112803,23.845328,-8.293552,frame_006069
-51.102597,23.678754,-8.293214,frame_006070
-51.091416,23.511181,-8.292929,frame_006071
-51.079198,23.342639,-8.292695,frame_006072
-51.065889,23.173148,-8.292507,frame_006073
-51.052350,23.003708,-8.292345,frame_006074
-51.038708,22.834116,-8.292210,frame_006075
-51.025102,22.664173,-8.292103,frame_006076
-51.010777,22.493890,-8.292116,frame_006077
-50.995729,22.323493,-8.292256,frame_006078
-50.979962,22.153210,-8.292534,frame_006079
-50.963484,21.983267,-8.292942,frame_006080
-50.946313,21.813889,-8.293482,frame_006081
-50.928471,21.645304,-8.294156,frame_006082
-50.909238,21.477524,-8.294932,frame_006083
-50.888808,21.310348,-8.295807,frame_006084
-50.867368,21.143574,-8.296780,frame_006085
-50.845856,20.976015,-8.297832,frame_006086
-50.824307,20.807676,-8.298953,frame_006087
-50.802761,20.638551,-8.300132,frame_006088
-50.781267,20.470816,-8.301378,frame_006089
-50.759878,20.304464,-8.302681,frame_006090
-50.738655,20.139502,-8.304033,frame_006091
-50.716756,19.973754,-8.305471,frame_006092
-50.694087,19.807226,-8.306989,frame_006093
-50.670551,19.639913,-8.308575,frame_006094
-50.646963,19.473988,-8.310224,frame_006095
-50.623394,19.309448,-8.311928,frame_006096
-50.599923,19.146297,-8.313682,frame_006097
-50.576638,18.982360,-8.315457,frame_006098
-50.553629,18.817643,-8.317243,frame_006099
-50.530995,18.652141,-8.319027,frame_006100
-50.507933,18.485842,-8.320832,frame_006101
-50.484385,18.318724,-8.322650,frame_006102
-50.460295,18.150759,-8.324475,frame_006103
-50.436514,17.984094,-8.326338,frame_006104
-50.413152,17.818700,-8.328229,frame_006105
-50.390326,17.654557,-8.330136,frame_006106
-50.367253,17.490665,-8.332015,frame_006107
-50.343895,17.327226,-8.333862,frame_006108
-50.320213,17.164441,-8.335675,frame_006109
-50.295423,17.002297,-8.337469,frame_006110
-50.269643,16.840569,-8.339241,frame_006111
-50.242984,16.679029,-8.340989,frame_006112
-50.216297,16.516465,-8.342688,frame_006113
-50.189524,16.352857,-8.344335,frame_006114
-50.162608,16.188174,-8.345926,frame_006115
-50.136400,16.023579,-8.347457,frame_006116
-50.111011,15.859249,-8.348924,frame_006117
-50.086558,15.695359,-8.350321,frame_006118
-50.062258,15.531871,-8.351679,frame_006119
-50.038071,15.368534,-8.353001,frame_006120
-50.013961,15.205097,-8.354293,frame_006121
-49.989143,15.041521,-8.355558,frame_006122
-49.963734,14.877983,-8.356796,frame_006123
-49.937846,14.714658,-8.358009,frame_006124
-49.912329,14.550524,-8.359212,frame_006125
-49.887126,14.385534,-8.360415,frame_006126
-49.862179,14.219633,-8.361629,frame_006127
-49.837433,14.054944,-8.362827,frame_006128
-49.812829,13.891414,-8.364017,frame_006129
-49.788311,13.728995,-8.365211,frame_006130
-49.763822,13.566665,-8.366363,frame_006131
-49.739304,13.404598,-8.367490,frame_006132
-49.714700,13.242972,-8.368610,frame_006133
-49.690115,13.081748,-8.369757,frame_006134
-49.665816,12.920675,-8.370946,frame_006135
-49.642068,12.759502,-8.372193,frame_006136
-49.618978,12.598190,-8.373482,frame_006137
-49.596486,12.436916,-8.374829,frame_006138
-49.574537,12.275856,-8.376250,frame_006139
-49.553073,12.113986,-8.377747,frame_006140
-49.532038,11.951260,-8.379338,frame_006141
-49.511373,11.787623,-8.381035,frame_006142
-49.491023,11.625198,-8.382857,frame_006143
-49.470929,11.463932,-8.384806,frame_006144
-49.451036,11.303777,-8.386886,frame_006145
-49.430539,11.142511,-8.389090,frame_006146
-49.409537,10.980086,-8.391424,frame_006147
-49.388122,10.816449,-8.393895,frame_006148
-49.367126,10.652737,-8.396515,frame_006149
-49.346472,10.489100,-8.399287,frame_006150
-49.326085,10.325689,-8.402211,frame_006151
-49.305888,10.162656,-8.405289,frame_006152
-49.285805,10.000151,-8.408520,frame_006153
-49.265760,9.838325,-8.411902,frame_006154
-49.245677,9.676130,-8.415376,frame_006155
-49.225480,9.513493,-8.418937,frame_006156
-49.205093,9.350336,-8.422583,frame_006157
-49.184439,9.187770,-8.426358,frame_006158
-49.163443,9.025920,-8.430264,frame_006159
-49.142028,8.864914,-8.434298,frame_006160
-49.121026,8.703676,-8.438457,frame_006161
-49.100529,8.542110,-8.442733,frame_006162
-49.080636,8.380112,-8.447120,frame_006163
-49.059796,8.218767,-8.451619,frame_006164
-49.038109,8.058177,-8.456222,frame_006165
-49.015666,7.898443,-8.460923,frame_006166
-48.993300,7.739664,-8.465703,frame_006167
-48.970934,7.581942,-8.470555,frame_006168
-48.948491,7.425378,-8.475469,frame_006169
-48.925896,7.268871,-8.480448,frame_006170
-48.903073,7.112300,-8.485483,frame_006171
-48.879945,6.955535,-8.490565,frame_006172
-48.857345,6.799639,-8.495673,frame_006173
-48.835363,6.644686,-8.500796,frame_006174
-48.814099,6.490751,-8.505919,frame_006175
-48.792004,6.337911,-8.511051,frame_006176
-48.769175,6.186241,-8.516180,frame_006177
-48.745705,6.035816,-8.521294,frame_006178
-48.722425,5.885511,-8.526421,frame_006179
-48.699259,5.735181,-8.531547,frame_006180
-48.676131,5.584669,-8.536661,frame_006181
-48.652965,5.435013,-8.541811,frame_006182
-48.629685,5.286262,-8.546991,frame_006183
-48.606215,5.138468,-8.552196,frame_006184
-48.583386,4.990479,-8.557418,frame_006185
-48.561291,4.842125,-8.562648,frame_006186
-48.540026,4.693225,-8.567877,frame_006187
-48.518791,4.544791,-8.573118,frame_006188
-48.497527,4.396847,-8.578364,frame_006189
-48.476177,4.249419,-8.583612,frame_006190
-48.454685,4.102531,-8.588858,frame_006191
-48.432993,3.956210,-8.594102,frame_006192
-48.411043,3.810480,-8.599344,frame_006193
-48.388780,3.663180,-8.604587,frame_006194
-48.366146,3.514318,-8.609817,frame_006195
-48.343084,3.363887,-8.615021,frame_006196
-48.320444,3.214048,-8.620191,frame_006197
-48.298337,3.064774,-8.625322,frame_006198
-48.276882,2.916041,-8.630409,frame_006199
-48.255293,2.767823,-8.635428,frame_006200
-48.233533,2.620097,-8.640377,frame_006201
-48.211563,2.472835,-8.645251,frame_006202
-48.189347,2.326014,-8.649992,frame_006203
-48.166844,2.179608,-8.654610,frame_006204
-48.144018,2.033592,-8.659110,frame_006205
-48.120831,1.886954,-8.663577,frame_006206
-48.097244,1.739876,-8.668015,frame_006207
-48.073219,1.592528,-8.672427,frame_006208
-48.049465,1.446061,-8.676806,frame_006209
-48.025787,1.300423,-8.681155,frame_006210
-48.001999,1.155566,-8.685477,frame_006211
-47.977174,1.010452,-8.689753,frame_006212
-47.951292,0.865237,-8.693989,frame_006213
-47.924335,0.720067,-8.698186,frame_006214
-47.897192,0.576066,-8.702329,frame_006215
-47.870012,0.433160,-8.706426,frame_006216
-47.842949,0.291273,-8.710484,frame_006217
-47.815258,0.150329,-8.714519,frame_006218
-47.786940,0.010253,-8.718541,frame_006219
-47.757993,-0.129031,-8.722557,frame_006220
-47.729164,-0.267598,-8.726577,frame_006221
-47.700298,-0.405523,-8.730610,frame_006222
-47.671246,-0.542882,-8.734663,frame_006223
-47.641118,-0.680737,-8.738782,frame_006224
-47.609934,-0.818958,-8.742966,frame_006225
-47.577713,-0.957422,-8.747218,frame_006226
-47.546127,-1.096017,-8.751513,frame_006227
-47.515209,-1.234639,-8.755859,frame_006228
-47.485002,-1.373190,-8.760262,frame_006229
-47.454657,-1.510596,-8.764719,frame_006230
-47.424074,-1.646983,-8.769232,frame_006231
-47.393162,-1.782478,-8.773802,frame_006232
-47.361090,-1.917205,-8.778447,frame_006233
-47.327932,-2.051291,-8.783162,frame_006234
-47.293766,-2.184861,-8.787941,frame_006235
-47.259414,-2.319027,-8.792778,frame_006236
-47.224795,-2.453709,-8.797663,frame_006237
-47.189838,-2.588837,-8.802588,frame_006238
-47.154476,-2.723362,-8.807490,frame_006239
-47.118648,-2.857433,-8.812373,frame_006240
-47.082300,-2.991203,-8.817238,frame_006241
-47.044639,-3.125808,-8.822135,frame_006242
-47.005780,-3.261193,-8.827059,frame_006243
-46.965835,-3.397313,-8.832007,frame_006244
-46.925667,-3.531944,-8.836834,frame_006245
-46.885232,-3.665039,-8.841550,frame_006246
-46.844497,-3.796545,-8.846162,frame_006247
-46.803432,-3.928584,-8.850733,frame_006248
-46.762016,-4.061101,-8.855268,frame_006249
-46.720233,-4.194052,-8.859766,frame_006250
-46.678073,-4.327397,-8.864250,frame_006251
-46.635532,-4.461108,-8.868719,frame_006252
-46.592616,-4.595164,-8.873174,frame_006253
-46.549331,-4.728565,-8.877636,frame_006254
-46.505696,-4.861514,-8.882124,frame_006255
-46.461731,-4.994211,-8.886658,frame_006256
-46.417465,-5.126644,-8.891179,frame_006257
-46.372934,-5.258587,-8.895701,frame_006258
-46.328178,-5.389812,-8.900238,frame_006259
-46.283084,-5.520308,-8.904821,frame_006260
-46.237381,-5.650276,-8.909458,frame_006261
-46.190806,-5.779917,-8.914156,frame_006262
-46.143265,-5.909218,-8.918881,frame_006263
-46.094830,-6.037953,-8.923650,frame_006264
-46.045580,-6.165896,-8.928482,frame_006265
-45.995602,-6.294020,-8.933424,frame_006266
-45.944987,-6.422320,-8.938493,frame_006267
-45.893833,-6.550802,-8.943705,frame_006268
-45.842245,-6.679478,-8.949076,frame_006269
-45.790334,-6.808368,-8.954621,frame_006270
-45.738218,-6.937503,-8.960353,frame_006271
-45.685858,-7.065933,-8.966303,frame_006272
-45.633062,-7.193910,-8.972478,frame_006273
-45.579640,-7.321686,-8.978885,frame_006274
-45.526322,-7.449298,-8.985515,frame_006275
-45.473100,-7.576571,-8.992359,frame_006276
-45.419981,-7.703328,-8.999407,frame_006277
-45.365330,-7.829393,-9.006683,frame_006278
-45.309166,-7.954591,-9.014181,frame_006279
-45.251509,-8.078744,-9.021897,frame_006280
-45.193122,-8.202878,-9.029829,frame_006281
-45.133870,-8.327037,-9.037967,frame_006282
-45.073623,-8.451277,-9.046297,frame_006283
-45.012418,-8.575660,-9.054684,frame_006284
-44.950463,-8.700258,-9.063125,frame_006285
-44.887969,-8.825150,-9.071618,frame_006286
-44.824993,-8.949225,-9.080173,frame_006287
-44.761438,-9.072356,-9.088776,frame_006288
-44.697211,-9.194419,-9.097411,frame_006289
-44.632226,-9.315500,-9.106170,frame_006290
-44.566405,-9.435902,-9.115038,frame_006291
-44.499674,-9.555926,-9.123998,frame_006292
-44.432875,-9.675662,-9.132910,frame_006293
-44.366114,-9.794982,-9.141766,frame_006294
-44.299514,-9.913761,-9.150553,frame_006295
-44.232299,-10.033074,-9.159407,frame_006296
-44.164448,-10.153017,-9.168330,frame_006297
-44.095943,-10.273694,-9.177323,frame_006298
-44.026776,-10.394019,-9.186346,frame_006299
-43.956944,-10.513891,-9.195391,frame_006300
-43.886450,-10.633209,-9.204451,frame_006301
-43.815302,-10.751874,-9.213463,frame_006302
-43.743518,-10.869784,-9.222423,frame_006303
-43.671119,-10.986838,-9.231330,frame_006304
-43.598135,-11.104137,-9.240258,frame_006305
-43.524598,-11.221801,-9.249206,frame_006306
-43.450552,-11.339961,-9.258173,frame_006307
-43.376044,-11.458541,-9.267196,frame_006308
-43.301126,-11.577260,-9.276277,frame_006309
-43.225861,-11.695846,-9.285415,frame_006310
-43.150152,-11.813262,-9.294535,frame_006311
-43.073749,-11.929885,-9.303645,frame_006312
-42.996408,-12.046094,-9.312750,frame_006313
-42.918053,-12.163037,-9.321989,frame_006314
-42.838775,-12.280459,-9.331365,frame_006315
-42.758674,-12.398112,-9.340878,frame_006316
-42.678599,-12.514772,-9.350501,frame_006317
-42.598506,-12.630413,-9.360236,frame_006318
-42.518364,-12.745010,-9.370086,frame_006319
-42.437407,-12.858538,-9.380071,frame_006320
-42.355785,-12.970971,-9.390190,frame_006321
-42.273652,-13.082285,-9.400441,frame_006322
-42.190264,-13.194641,-9.410802,frame_006323
-42.105620,-13.308030,-9.421267,frame_006324
-42.019720,-13.422460,-9.431831,frame_006325
-41.933309,-13.535770,-9.442473,frame_006326
-41.846234,-13.647987,-9.453178,frame_006327
-41.758344,-13.759134,-9.463931,frame_006328
-41.669658,-13.869237,-9.474723,frame_006329
-41.580364,-13.978322,-9.485537,frame_006330
-41.490655,-14.086413,-9.496355,frame_006331
-41.400569,-14.194521,-9.507154,frame_006332
-41.309989,-14.302467,-9.517909,frame_006333
-41.218804,-14.410078,-9.528593,frame_006334
-41.127071,-14.516205,-9.539296,frame_006335
-41.035015,-14.620898,-9.550010,frame_006336
-40.942868,-14.724208,-9.560727,frame_006337
-40.850705,-14.827170,-9.571453,frame_006338
-40.758448,-14.929631,-9.582164,frame_006339
-40.666024,-15.031442,-9.592841,frame_006340
-40.572619,-15.133665,-9.603383,frame_006341
-40.478329,-15.236394,-9.613765,frame_006342
-40.383250,-15.339736,-9.623966,frame_006343
-40.288222,-15.441632,-9.634040,frame_006344
-40.193185,-15.542207,-9.643986,frame_006345
-40.098086,-15.641587,-9.653805,frame_006346
-40.002876,-15.740885,-9.663472,frame_006347
-39.907514,-15.840019,-9.672981,frame_006348
-39.811966,-15.938920,-9.682326,frame_006349
-39.716576,-16.036537,-9.691443,frame_006350
-39.621244,-16.133023,-9.700339,frame_006351
-39.524760,-16.229267,-9.709148,frame_006352
-39.427277,-16.325267,-9.717905,frame_006353
-39.328948,-16.421025,-9.726601,frame_006354
-39.229924,-16.516551,-9.735230,frame_006355
-39.132595,-16.611121,-9.743656,frame_006356
-39.036649,-16.704911,-9.751889,frame_006357
-38.939550,-16.799577,-9.760062,frame_006358
-38.841491,-16.893786,-9.768151,frame_006359
-38.742661,-16.987196,-9.776143,frame_006360
-38.643251,-17.079471,-9.784027,frame_006361
-38.542542,-17.172184,-9.791804,frame_006362
-38.440558,-17.265553,-9.799489,frame_006363
-38.337315,-17.359811,-9.807098,frame_006364
-38.234474,-17.452813,-9.814641,frame_006365
-38.132053,-17.544380,-9.822105,frame_006366
-38.030074,-17.634337,-9.829476,frame_006367
-37.927656,-17.722722,-9.836767,frame_006368
-37.824668,-17.809787,-9.843971,frame_006369
-37.720976,-17.895782,-9.851085,frame_006370
-37.617354,-17.981946,-9.858121,frame_006371
-37.513837,-18.068324,-9.865067,frame_006372
-37.410467,-18.154972,-9.871912,frame_006373
-37.307291,-18.240752,-9.878676,frame_006374
-37.204364,-18.325513,-9.885347,frame_006375
-37.101744,-18.409104,-9.891914,frame_006376
-36.998591,-18.492574,-9.898384,frame_006377
-36.894811,-18.575995,-9.904740,frame_006378
-36.790307,-18.659446,-9.910966,frame_006379
-36.685893,-18.743016,-9.917040,frame_006380
-36.581641,-18.826800,-9.922947,frame_006381
-36.477631,-18.910903,-9.928679,frame_006382
-36.373040,-18.994240,-9.934133,frame_006383
-36.267793,-19.076708,-9.939315,frame_006384
-36.161813,-19.158208,-9.944231,frame_006385
-36.055932,-19.239839,-9.948911,frame_006386
-35.950242,-19.321722,-9.953356,frame_006387
-35.844842,-19.403987,-9.957566,frame_006388
-35.738927,-19.484588,-9.961473,frame_006389
-35.632442,-19.563652,-9.965072,frame_006390
-35.525328,-19.641303,-9.968364,frame_006391
-35.418438,-19.718640,-9.971407,frame_006392
-35.311880,-19.795562,-9.974203,frame_006393
-35.205774,-19.871967,-9.976753,frame_006394
-35.099335,-19.948957,-9.979076,frame_006395
-34.992525,-20.026652,-9.981182,frame_006396
-34.885306,-20.105181,-9.983086,frame_006397
-34.777639,-20.183485,-9.984799,frame_006398
-34.669487,-20.261486,-9.986336,frame_006399
-34.560812,-20.339111,-9.987709,frame_006400
-34.451867,-20.417482,-9.988978,frame_006401
-34.342376,-20.496747,-9.990178,frame_006402
-34.233425,-20.576161,-9.991195,frame_006403
-34.125742,-20.654735,-9.992061,frame_006404
-34.019164,-20.732674,-9.992783,frame_006405
-33.911871,-20.811653,-9.993382,frame_006406
-33.801364,-20.892458,-9.993987,frame_006407
-33.687372,-20.975145,-9.994628,frame_006408
-33.572329,-21.057982,-9.995190,frame_006409
-33.456623,-21.140226,-9.995690,frame_006410
-33.340423,-21.221727,-9.996133,frame_006411
-33.223903,-21.302332,-9.996526,frame_006412
-33.107245,-21.382485,-9.996941,frame_006413
-32.990635,-21.462135,-9.997400,frame_006414
-32.874266,-21.541231,-9.997924,frame_006415
-32.758177,-21.619724,-9.998432,frame_006416
-32.642251,-21.697562,-9.998932,frame_006417
-32.526376,-21.774696,-9.999433,frame_006418
-32.410447,-21.852276,-9.999956,frame_006419
-32.294367,-21.930472,-10.000508,frame_006420
-32.178044,-22.009466,-10.001101,frame_006421
-32.062137,-22.088739,-10.001718,frame_006422
-31.946412,-22.168164,-10.002361,frame_006423
-31.828969,-22.247616,-10.003015,frame_006424
-31.709948,-22.326976,-10.003653,frame_006425
-31.589487,-22.406130,-10.004271,frame_006426
-31.467724,-22.484965,-10.004870,frame_006427
-31.345727,-22.563868,-10.005417,frame_006428
-31.223436,-22.642633,-10.005901,frame_006429
-31.100797,-22.721064,-10.006309,frame_006430
-30.978507,-22.797986,-10.006640,frame_006431
-30.856372,-22.873423,-10.006880,frame_006432
-30.734205,-22.947401,-10.007015,frame_006433
-30.612956,-23.020439,-10.007123,frame_006434
-30.492233,-23.092458,-10.007206,frame_006435
-30.369800,-23.163878,-10.007281,frame_006436
-30.245700,-23.234528,-10.007306,frame_006437
-30.119980,-23.304244,-10.007273,frame_006438
-29.991761,-23.373116,-10.007164,frame_006439
-29.861298,-23.442149,-10.006999,frame_006440
-29.728844,-23.511374,-10.006779,frame_006441
-29.594650,-23.580847,-10.006508,frame_006442
-29.460644,-23.649193,-10.006197,frame_006443
-29.326725,-23.716332,-10.005836,frame_006444
-29.192804,-23.782194,-10.005415,frame_006445
-29.058060,-23.846714,-10.004990,frame_006446
-28.922583,-23.909840,-10.004543,frame_006447
-28.786472,-23.971524,-10.004060,frame_006448
-28.652817,-24.031235,-10.003608,frame_006449
-28.521105,-24.089048,-10.003153,frame_006450
-28.386943,-24.146519,-10.002548,frame_006451
-28.249790,-24.203421,-10.001820,frame_006452
-28.109846,-24.259545,-10.000969,frame_006453
-27.967303,-24.314698,-9.999995,frame_006454
-27.823113,-24.368917,-9.998975,frame_006455
-27.676934,-24.422472,-9.997887,frame_006456
-27.530467,-24.473847,-9.996694,frame_006457
-27.385984,-24.522518,-9.995495,frame_006458
-27.243070,-24.568560,-9.994245,frame_006459
-27.097426,-24.612788,-9.992791,frame_006460
-26.949289,-24.655724,-9.991107,frame_006461
-26.799085,-24.697406,-9.989177,frame_006462
-26.647237,-24.737884,-9.986988,frame_006463
-26.498081,-24.777957,-9.984922,frame_006464
-26.351222,-24.817541,-9.982886,frame_006465
-26.204056,-24.855583,-9.980671,frame_006466
-26.055810,-24.892238,-9.978231,frame_006467
-25.906460,-24.927670,-9.975517,frame_006468
-25.754872,-24.962296,-9.972422,frame_006469
-25.601270,-24.996247,-9.968907,frame_006470
-25.445874,-25.029661,-9.964945,frame_006471
-25.288901,-25.062688,-9.960514,frame_006472
-25.133015,-25.095628,-9.955932,frame_006473
-24.977559,-25.128388,-9.951104,frame_006474
-24.820954,-25.159898,-9.945706,frame_006475
-24.663582,-25.190295,-9.939711,frame_006476
-24.505831,-25.219721,-9.933098,frame_006477
-24.347726,-25.249304,-9.925682,frame_006478
-24.188616,-25.278390,-9.917470,frame_006479
-24.028777,-25.306822,-9.908483,frame_006480
-23.868484,-25.334455,-9.898745,frame_006481
-23.710458,-25.360870,-9.888495,frame_006482
-23.554099,-25.386468,-9.877713,frame_006483
-23.396589,-25.413132,-9.866282,frame_006484
-23.236470,-25.440364,-9.854209,frame_006485
-23.073397,-25.468169,-9.841513,frame_006486
-22.909280,-25.495966,-9.828188,frame_006487
-22.744174,-25.523677,-9.814258,frame_006488
-22.578140,-25.551229,-9.799750,frame_006489
-22.412378,-25.578259,-9.784808,frame_006490
-22.247172,-25.604658,-9.769449,frame_006491
-22.082819,-25.630322,-9.753695,frame_006492
-21.919630,-25.654168,-9.737472,frame_006493
-21.755890,-25.676608,-9.720784,frame_006494
-21.591560,-25.697812,-9.703674,frame_006495
-21.426601,-25.719919,-9.686379,frame_006496
-21.261885,-25.742686,-9.668845,frame_006497
-21.097540,-25.765886,-9.651080,frame_006498
-20.932584,-25.788324,-9.632949,frame_006499
-20.763762,-25.810613,-9.614383,frame_006500
-20.590775,-25.832884,-9.595409,frame_006501
-20.418059,-25.853482,-9.576196,frame_006502
-20.247260,-25.872231,-9.557005,frame_006503
-20.078674,-25.888955,-9.537856,frame_006504
-19.912613,-25.903477,-9.518772,frame_006505
-19.749600,-25.916823,-9.500244,frame_006506
-19.589128,-25.929037,-9.482162,frame_006507
-19.428476,-25.940175,-9.464210,frame_006508
-19.264920,-25.950899,-9.446195,frame_006509
-19.097956,-25.961391,-9.428048,frame_006510
-18.931825,-25.971933,-9.409739,frame_006511
-18.766869,-25.982361,-9.391260,frame_006512
-18.603442,-25.992523,-9.372612,frame_006513
-18.441911,-26.001299,-9.353933,frame_006514
-18.277896,-26.007875,-9.334729,frame_006515
-18.110909,-26.012173,-9.314904,frame_006516
-17.943171,-26.015320,-9.294482,frame_006517
-17.774663,-26.017461,-9.273410,frame_006518
-17.605364,-26.018752,-9.251641,frame_006519
-17.436618,-26.020042,-9.229199,frame_006520
-17.268659,-26.021242,-9.206064,frame_006521
-17.101728,-26.022279,-9.182219,frame_006522
-16.936823,-26.023091,-9.157708,frame_006523
-16.769967,-26.022734,-9.132076,frame_006524
-16.600524,-26.021012,-9.105234,frame_006525
-16.429615,-26.018688,-9.077138,frame_006526
-16.257639,-26.015857,-9.047816,frame_006527
-16.084995,-26.012625,-9.017296,frame_006528
-15.912532,-26.007916,-8.985813,frame_006529
-15.744083,-26.000905,-8.954186,frame_006530
-15.579423,-25.991668,-8.922336,frame_006531
-15.415001,-25.981020,-8.889528,frame_006532
-15.247265,-25.970682,-8.855578,frame_006533
-15.075992,-25.960915,-8.820520,frame_006534
-14.903652,-25.950199,-8.784526,frame_006535
-14.733825,-25.940718,-8.748460,frame_006536
-14.566028,-25.931981,-8.712226,frame_006537
-14.397554,-25.921552,-8.675232,frame_006538
-14.228425,-25.909400,-8.637513,frame_006539
-14.058657,-25.895505,-8.599111,frame_006540
-13.888271,-25.879854,-8.560028,frame_006541
-13.717286,-25.862443,-8.520282,frame_006542
-13.545720,-25.843276,-8.479898,frame_006543
-13.373593,-25.824552,-8.439033,frame_006544
-13.200924,-25.806308,-8.397746,frame_006545
-13.027731,-25.788608,-8.356101,frame_006546
-12.853288,-25.769139,-8.313843,frame_006547
-12.677769,-25.747571,-8.271031,frame_006548
-12.501342,-25.723580,-8.227726,frame_006549
-12.326277,-25.698052,-8.184212,frame_006550
-12.152826,-25.670903,-8.140586,frame_006551
-11.981250,-25.642066,-8.096947,frame_006552
-11.811075,-25.610505,-8.053437,frame_006553
-11.641375,-25.576391,-8.009911,frame_006554
-11.472337,-25.539905,-7.966433,frame_006555
-11.304888,-25.503208,-7.922969,frame_006556
-11.136324,-25.466086,-7.878903,frame_006557
-10.966160,-25.428350,-7.834203,frame_006558
-10.796614,-25.388850,-7.788885,frame_006559
-10.627667,-25.347654,-7.743008,frame_006560
-10.459301,-25.304846,-7.696630,frame_006561
-10.290751,-25.259326,-7.650339,frame_006562
-10.122152,-25.210989,-7.604131,frame_006563
-9.953635,-25.159739,-7.558007,frame_006564
-9.785323,-25.106688,-7.511711,frame_006565
-9.617335,-25.051978,-7.465241,frame_006566
-9.449780,-24.995769,-7.418594,frame_006567
-9.282764,-24.939223,-7.371815,frame_006568
-9.116385,-24.882328,-7.324912,frame_006569
-8.950734,-24.825095,-7.277896,frame_006570
-8.785898,-24.766363,-7.230932,frame_006571
-8.621956,-24.705972,-7.184007,frame_006572
-8.458981,-24.643780,-7.137110,frame_006573
-8.296131,-24.578675,-7.089883,frame_006574
-8.133299,-24.510754,-7.042370,frame_006575
-7.970364,-24.440121,-6.994611,frame_006576
-7.809463,-24.368175,-6.947111,frame_006577
-7.650869,-24.294888,-6.899940,frame_006578
-7.494861,-24.220251,-6.853174,frame_006579
-7.340973,-24.144274,-6.806749,frame_006580
-7.185559,-24.067883,-6.759869,frame_006581
-7.028299,-23.991294,-6.712479,frame_006582
-6.873672,-23.914832,-6.665696,frame_006583
-6.721895,-23.838388,-6.619531,frame_006584
-6.573189,-23.761881,-6.574000,frame_006585
-6.427030,-23.684273,-6.528946,frame_006586
-6.279718,-23.603043,-6.483460,frame_006587
-6.130873,-23.517888,-6.437427,frame_006588
-5.982811,-23.430906,-6.391495,frame_006589
-5.835594,-23.342241,-6.345631,frame_006590
-5.689273,-23.252052,-6.299804,frame_006591
-5.544633,-23.160514,-6.253572,frame_006592
-5.401543,-23.067821,-6.206958,frame_006593
-5.259867,-22.974182,-6.159989,frame_006594
-5.118717,-22.879609,-6.112675,frame_006595
-4.978098,-22.783919,-6.065036,frame_006596
-4.838004,-22.686943,-6.017089,frame_006597
-4.699324,-22.587545,-5.969013,frame_006598
-4.562194,-22.485796,-5.920836,frame_006599
-4.426745,-22.381775,-5.872584,frame_006600
-4.291447,-22.276556,-5.824213,frame_006601
-4.156403,-22.170032,-5.775741,frame_006602
-4.021700,-22.062108,-5.727187,frame_006603
-3.888312,-21.952924,-5.678616,frame_006604
-3.756454,-21.842849,-5.630017,frame_006605
-3.626330,-21.732268,-5.581380,frame_006606
-3.497969,-21.620171,-5.532843,frame_006607
-3.371224,-21.506326,-5.484415,frame_006608
-3.245936,-21.390511,-5.436105,frame_006609
-3.121189,-21.273712,-5.388007,frame_006610
-2.996954,-21.155947,-5.340217,frame_006611
-2.873183,-21.037249,-5.292831,frame_006612
-2.750718,-20.917667,-5.245373,frame_006613
-2.629640,-20.797270,-5.197871,frame_006614
-2.510021,-20.676140,-5.150347,frame_006615
-2.391170,-20.554379,-5.102677,frame_006616
-2.273288,-20.432104,-5.054955,frame_006617
-2.156555,-20.309450,-5.007272,frame_006618
-2.041880,-20.184380,-4.959730,frame_006619
-1.929249,-20.057046,-4.912409,frame_006620
-1.818637,-19.927600,-4.865380,frame_006621
-1.709260,-19.797177,-4.818450,frame_006622
-1.601223,-19.665723,-4.771671,frame_006623
-1.494611,-19.533193,-4.725085,frame_006624
-1.389491,-19.400749,-4.678818,frame_006625
-1.285911,-19.268583,-4.633019,frame_006626
-1.183899,-19.136905,-4.587830,frame_006627
-1.083465,-19.004741,-4.543072,frame_006628
-0.984598,-18.872113,-4.498872,frame_006629
-0.887272,-18.739049,-4.455350,frame_006630
-0.792344,-18.605589,-4.412601,frame_006631
-0.699919,-18.471777,-4.370798,frame_006632
-0.610083,-18.337668,-4.330104,frame_006633
-0.522005,-18.201139,-4.290140,frame_006634
-0.435582,-18.062244,-4.250990,frame_006635
-0.350688,-17.921030,-4.212720,frame_006636
-0.267344,-17.779721,-4.175585,frame_006637
-0.185710,-17.638362,-4.139671,frame_006638
-0.105930,-17.497008,-4.105053,frame_006639
-0.028873,-17.354736,-4.071606,frame_006640
0.045512,-17.211823,-4.039357,frame_006641
0.117287,-17.068545,-4.008321,frame_006642
0.188183,-16.925178,-3.978952,frame_006643
0.258302,-16.782001,-3.951301,frame_006644
0.327769,-16.639289,-3.925410,frame_006645
0.395084,-16.497105,-3.901303,frame_006646
0.460412,-16.355298,-3.879003,frame_006647
0.523930,-16.213718,-3.858526,frame_006648
0.586575,-16.072427,-3.839841,frame_006649
0.648394,-15.931702,-3.822928,frame_006650
0.709453,-15.791820,-3.807758,frame_006651
0.768931,-15.651857,-3.794334,frame_006652
0.826764,-15.511869,-3.782607,frame_006653
0.882902,-15.371900,-3.772518,frame_006654
0.937305,-15.234176,-3.763892,frame_006655
0.989950,-15.098741,-3.756633,frame_006656
1.040823,-14.965651,-3.750632,frame_006657
1.090832,-14.832782,-3.745750,frame_006658
1.140158,-14.700189,-3.741855,frame_006659
1.189001,-14.567919,-3.738803,frame_006660
1.236858,-14.435268,-3.736662,frame_006661
1.283760,-14.302421,-3.735306,frame_006662
1.329752,-14.169546,-3.734601,frame_006663
1.374894,-14.036798,-3.734513,frame_006664
1.419819,-13.906534,-3.734882,frame_006665
1.464499,-13.778417,-3.735574,frame_006666
1.507270,-13.650635,-3.736783,frame_006667
1.548129,-13.523167,-3.738414,frame_006668
1.587079,-13.395982,-3.740367,frame_006669
1.625784,-13.270244,-3.742486,frame_006670
1.664271,-13.146129,-3.744660,frame_006671
1.702590,-13.023812,-3.746772,frame_006672
1.739152,-12.901284,-3.748822,frame_006673
1.774030,-12.778704,-3.750697,frame_006674
1.807304,-12.656215,-3.752276,frame_006675
1.839806,-12.534928,-3.753764,frame_006676
1.871471,-12.414747,-3.755085,frame_006677
1.902250,-12.295567,-3.756158,frame_006678
1.932104,-12.177276,-3.757064,frame_006679
1.961007,-12.059750,-3.757749,frame_006680
1.988948,-11.942862,-3.758160,frame_006681
2.015925,-11.826471,-3.758475,frame_006682
2.041953,-11.710431,-3.758674,frame_006683
2.067055,-11.594588,-3.758738,frame_006684
2.091271,-11.478498,-3.758760,frame_006685
2.114651,-11.362520,-3.758739,frame_006686
2.137258,-11.247000,-3.758673,frame_006687
2.158260,-11.131072,-3.758583,frame_006688
2.177579,-11.017791,-3.758527,frame_006689
2.195142,-10.906620,-3.758498,frame_006690
2.211790,-10.796744,-3.758472,frame_006691
2.227629,-10.688163,-3.758462,frame_006692
2.242782,-10.580879,-3.758480,frame_006693
2.256474,-10.473903,-3.758463,frame_006694
2.268681,-10.367443,-3.758416,frame_006695
2.279389,-10.261694,-3.758342,frame_006696
2.289496,-10.156632,-3.758256,frame_006697
2.299166,-10.052010,-3.758164,frame_006698
2.308577,-9.947571,-3.758071,frame_006699
2.317013,-9.844251,-3.757963,frame_006700
2.324506,-9.742001,-3.757842,frame_006701
2.331100,-9.640769,-3.757713,frame_006702
2.337587,-9.540506,-3.757582,frame_006703
2.343866,-9.441162,-3.757444,frame_006704
2.349848,-9.342685,-3.757292,frame_006705
2.354711,-9.242839,-3.757077,frame_006706
2.358547,-9.141558,-3.756803,frame_006707
2.361455,-9.038758,-3.756472,frame_006708
2.363538,-8.936524,-3.756088,frame_006709
2.364909,-8.834755,-3.755654,frame_006710
2.365684,-8.733350,-3.755174,frame_006711
2.366506,-8.633110,-3.754707,frame_006712
2.367307,-8.534100,-3.754242,frame_006713
2.368032,-8.436393,-3.753769,frame_006714
2.367890,-8.340066,-3.753222,frame_006715
2.366319,-8.242506,-3.752637,frame_006716
2.363322,-8.143303,-3.752019,frame_006717
2.359805,-8.043835,-3.751413,frame_006718
2.355937,-7.944003,-3.750812,frame_006719
2.351892,-7.843706,-3.750209,frame_006720
2.346943,-7.741856,-3.749639,frame_006721
2.341109,-7.638560,-3.749101,frame_006722
2.334409,-7.533912,-3.748593,frame_006723
2.328516,-7.430188,-3.748087,frame_006724
2.323461,-7.327483,-3.747580,frame_006725
2.319290,-7.225902,-3.747070,frame_006726
2.314405,-7.124360,-3.746564,frame_006727
2.308863,-7.022754,-3.746052,frame_006728
2.302722,-6.920985,-3.745524,frame_006729
2.296038,-6.818952,-3.744939,frame_006730
2.288870,-6.716554,-3.744301,frame_006731
2.281273,-6.613691,-3.743614,frame_006732
2.273305,-6.510262,-3.742863,frame_006733
2.265023,-6.406166,-3.742051,frame_006734
2.256484,-6.301303,-3.741184,frame_006735
2.247745,-6.196386,-3.740243,frame_006736
2.238863,-6.091852,-3.739235,frame_006737
2.229896,-5.988146,-3.738169,frame_006738
2.220901,-5.886698,-3.737060,frame_006739
2.211934,-5.784154,-3.735850,frame_006740
2.203052,-5.680107,-3.734532,frame_006741
2.195059,-5.575933,-3.733195,frame_006742
2.187857,-5.471533,-3.731834,frame_006743
2.181353,-5.366806,-3.730447,frame_006744
2.174716,-5.262852,-3.728970,frame_006745
2.168022,-5.159791,-3.727418,frame_006746
2.161346,-5.057754,-3.725804,frame_006747
2.154766,-4.954693,-3.724143,frame_006748
2.148358,-4.850739,-3.722447,frame_006749
2.142196,-4.746012,-3.720730,frame_006750
2.136358,-4.641612,-3.719014,frame_006751
2.130920,-4.537439,-3.717309,frame_006752
2.125958,-4.433391,-3.715627,frame_006753
2.120639,-4.328382,-3.713919,frame_006754
2.114873,-4.222518,-3.712196,frame_006755
2.108561,-4.115893,-3.710466,frame_006756
2.102505,-4.010783,-3.708810,frame_006757
2.096764,-3.907284,-3.707244,frame_006758
2.091393,-3.805500,-3.705780,frame_006759
2.086451,-3.703359,-3.704425,frame_006760
2.081994,-3.600966,-3.703195,frame_006761
2.078080,-3.498417,-3.702106,frame_006762
2.073857,-3.395799,-3.701089,frame_006763
2.069215,-3.293194,-3.700148,frame_006764
2.064036,-3.190672,-3.699286,frame_006765
2.059104,-3.089281,-3.698578,frame_006766
2.054458,-2.988872,-3.698035,frame_006767
2.050136,-2.889293,-3.697670,frame_006768
2.046175,-2.789407,-3.697437,frame_006769
2.042614,-2.689268,-3.697332,frame_006770
2.039490,-2.588923,-3.697353,frame_006771
2.036843,-2.489610,-3.697475,frame_006772
2.034709,-2.391580,-3.697694,frame_006773
2.033127,-2.295084,-3.698002,frame_006774
2.031227,-2.199174,-3.698406,frame_006775
2.028879,-2.103880,-3.698898,frame_006776
2.025947,-2.009222,-3.699474,frame_006777
2.023196,-1.915213,-3.700076,frame_006778
2.020645,-1.821857,-3.700696,frame_006779
2.018312,-1.729151,-3.701321,frame_006780
2.016217,-1.637080,-3.702003,frame_006781
2.014380,-1.545626,-3.702738,frame_006782
2.012818,-1.454757,-3.703520,frame_006783
2.012297,-1.364437,-3.704380,frame_006784
2.012681,-1.274619,-3.705310,frame_006785
2.013839,-1.185249,-3.706298,frame_006786
2.014902,-1.097464,-3.707337,frame_006787
2.015908,-1.011414,-3.708425,frame_006788
2.016895,-0.927251,-3.709557,frame_006789
2.017901,-0.843926,-3.710702,frame_006790
2.018965,-0.761367,-3.711857,frame_006791
2.020123,-0.679495,-3.713019,frame_006792
2.020507,-0.598222,-3.714149,frame_006793
2.019986,-0.517451,-3.715235,frame_006794
2.018424,-0.437077,-3.716262,frame_006795
2.016586,-0.356988,-3.717273,frame_006796
2.014492,-0.277061,-3.718275,frame_006797
2.012159,-0.197167,-3.719272,frame_006798
2.009608,-0.118368,-3.720287,frame_006799
2.006857,-0.040738,-3.721320,frame_006800
2.003925,0.035647,-3.722372,frame_006801
2.000831,0.112897,-3.723423,frame_006802
1.997595,0.190954,-3.724473,frame_006803
1.994234,0.269775,-3.725521,frame_006804
1.990024,0.347150,-3.726607,frame_006805
1.985137,0.423054,-3.727735,frame_006806
1.979742,0.497460,-3.728907,frame_006807
1.974746,0.571545,-3.730103,frame_006808
1.970150,0.645504,-3.731323,frame_006809
1.965954,0.719545,-3.732565,frame_006810
1.962157,0.793665,-3.733863,frame_006811
1.958761,0.867661,-3.735214,frame_006812
1.955763,0.941335,-3.736610,frame_006813
1.953166,1.013512,-3.738031,frame_006814
1.950968,1.084217,-3.739478,frame_006815
1.949169,1.153476,-3.740954,frame_006816
1.947770,1.222514,-3.742468,frame_006817
1.946771,1.291577,-3.744015,frame_006818
1.946172,1.360922,-3.745592,frame_006819
1.945972,1.430600,-3.747202,frame_006820
1.946172,1.500454,-3.748835,frame_006821
1.946771,1.570339,-3.750482,frame_006822
1.947024,1.639129,-3.752144,frame_006823
1.947087,1.706900,-3.753814,frame_006824
1.947107,1.773728,-3.755485,frame_006825
1.948720,1.840674,-3.757159,frame_006826
1.951751,1.907609,-3.758826,frame_006827
1.956033,1.974410,-3.760479,frame_006828
1.960658,2.039979,-3.762096,frame_006829
1.965624,2.104415,-3.763678,frame_006830
1.970934,2.167820,-3.765231,frame_006831
1.976586,2.231281,-3.766773,frame_006832
1.982580,2.294692,-3.768301,frame_006833
1.988917,2.357957,-3.769810,frame_006834
1.994689,2.420988,-3.771238,frame_006835
1.999728,2.483706,-3.772582,frame_006836
2.003859,2.546038,-3.773837,frame_006837
2.007809,2.606937,-3.775057,frame_006838
2.011559,2.666553,-3.776233,frame_006839
2.015090,2.725037,-3.777358,frame_006840
2.018384,2.783526,-3.778437,frame_006841
2.021420,2.841965,-3.779470,frame_006842
2.024181,2.900309,-3.780454,frame_006843
2.026647,2.957533,-3.781414,frame_006844
2.028798,3.013814,-3.782341,frame_006845
2.030617,3.069328,-3.783225,frame_006846
2.032084,3.125237,-3.784090,frame_006847
2.033179,3.181511,-3.784933,frame_006848
2.033884,3.238130,-3.785753,frame_006849
2.034181,3.295081,-3.786502,frame_006850
2.034049,3.352360,-3.787180,frame_006851
2.033470,3.409971,-3.787790,frame_006852
2.032424,3.466727,-3.788354,frame_006853
2.030893,3.522426,-3.788875,frame_006854
2.028858,3.576867,-3.789356,frame_006855
2.027208,3.630063,-3.789790,frame_006856
2.026091,3.682241,-3.790180,frame_006857
2.025663,3.733626,-3.790529,frame_006858
2.025177,3.785431,-3.790814,frame_006859
2.024635,3.837677,-3.791044,frame_006860
2.024035,3.890393,-3.791228,frame_006861
2.023379,3.942418,-3.791371,frame_006862
2.022665,3.993575,-3.791471,frame_006863
2.021895,4.043687,-3.791527,frame_006864
2.021067,4.093780,-3.791535,frame_006865
2.020182,4.143899,-3.791507,frame_006866
2.019240,4.194098,-3.791457,frame_006867
2.018241,4.243454,-3.791393,frame_006868
2.017184,4.292245,-3.791320,frame_006869
2.016071,4.340746,-3.791245,frame_006870
2.014901,4.389021,-3.791160,frame_006871
2.013673,4.436918,-3.791065,frame_006872
2.012389,4.484288,-3.790960,frame_006873
2.011955,4.532178,-3.790818,frame_006874
2.012540,4.580659,-3.790646,frame_006875
2.014318,4.629813,-3.790448,frame_006876
2.015654,4.678526,-3.790220,frame_006877
2.016400,4.726674,-3.789965,frame_006878
2.016400,4.774129,-3.789686,frame_006879
2.016400,4.821967,-3.789455,frame_006880
2.016400,4.870284,-3.789278,frame_006881
2.016400,4.919184,-3.789160,frame_006882
2.016400,4.967581,-3.789065,frame_006883
2.016400,5.015375,-3.788996,frame_006884
2.016400,5.062464,-3.788953,frame_006885
2.016400,5.108748,-3.788954,frame_006886
2.016400,5.154127,-3.789009,frame_006887
2.016400,5.198499,-3.789132,frame_006888
2.016400,5.242964,-3.789315,frame_006889
2.016400,5.287644,-3.789559,frame_006890
2.016400,5.332669,-3.789860,frame_006891
2.016400,5.376977,-3.790229,frame_006892
2.016400,5.420492,-3.790665,frame_006893
2.016400,5.463140,-3.791168,frame_006894
2.016400,5.506044,-3.791678,frame_006895
2.016400,5.549351,-3.792191,frame_006896
2.016400,5.593217,-3.792702,frame_006897
2.016400,5.636605,-3.793225,frame_006898
2.016400,5.679464,-3.793752,frame_006899
2.016400,5.721745,-3.794272,frame_006900
2.016400,5.762411,-3.794774,frame_006901
2.016400,5.801617,-3.795262,frame_006902
2.016400,5.839510,-3.795740,frame_006903
2.016400,5.877215,-3.796226,frame_006904
2.016400,5.914655,-3.796716,frame_006905
2.016400,5.951755,-3.797207,frame_006906
2.017146,5.989641,-3.797692,frame_006907
2.018482,6.028458,-3.798167,frame_006908
2.020261,6.068362,-3.798627,frame_006909
2.020845,6.108316,-3.799064,frame_006910
2.020411,6.148270,-3.799485,frame_006911
2.019127,6.188174,-3.799899,frame_006912
2.017899,6.227977,-3.800343,frame_006913
2.016729,6.267629,-3.800805,frame_006914
2.015616,6.307080,-3.801274,frame_006915
2.015306,6.346280,-3.801763,frame_006916
2.015643,6.385177,-3.802274,frame_006917
2.016479,6.423722,-3.802806,frame_006918
2.016179,6.464051,-3.803339,frame_006919
2.014917,6.506130,-3.803870,frame_006920
2.012862,6.549942,-3.804396,frame_006921
2.010921,6.593302,-3.804939,frame_006922
2.009094,6.636208,-3.805486,frame_006923
2.007381,6.678662,-3.806026,frame_006924
2.005783,6.720663,-3.806553,frame_006925
2.004298,6.762211,-3.807068,frame_006926
2.002928,6.803307,-3.807571,frame_006927
2.001672,6.843949,-3.808053,frame_006928
2.000530,6.884139,-3.808519,frame_006929
1.999503,6.923876,-3.808971,frame_006930
1.998589,6.963160,-3.809389,frame_006931
1.997790,7.001991,-3.809769,frame_006932
1.997105,7.040370,-3.810108,frame_006933
1.996534,7.078295,-3.810402,frame_006934
1.996077,7.115768,-3.810653,frame_006935
1.995735,7.152788,-3.810860,frame_006936
1.994760,7.189356,-3.811071,frame_006937
1.993310,7.225470,-3.811285,frame_006938
1.991531,7.261132,-3.811502,frame_006939
1.990315,7.296341,-3.811679,frame_006940
1.989641,7.331097,-3.811812,frame_006941
1.989490,7.365400,-3.811898,frame_006942
1.989843,7.400237,-3.811958,frame_006943
1.990681,7.435401,-3.811985,frame_006944
1.991986,7.470696,-3.811968,frame_006945
1.992992,7.504948,-3.811886,frame_006946
1.993836,7.538180,-3.811742,frame_006947
1.994647,7.570419,-3.811539,frame_006948
1.996296,7.601689,-3.811269,frame_006949
1.998744,7.632016,-3.810929,frame_006950
2.001953,7.661425,-3.810518,frame_006951
2.005139,7.691141,-3.810068,frame_006952
2.008420,7.721411,-3.809588,frame_006953
2.011906,7.752491,-3.809087,frame_006954
2.016449,7.783445,-3.808542,frame_006955
2.021991,7.814324,-3.807955,frame_006956
2.028474,7.845177,-3.807331,frame_006957
2.034189,7.877042,-3.806709,frame_006958
2.039065,7.909763,-3.806086,frame_006959
2.043020,7.943193,-3.805459,frame_006960
2.048521,7.976209,-3.804841,frame_006961
2.055639,8.008884,-3.804245,frame_006962
2.064455,8.041296,-3.803682,frame_006963
2.073401,8.073519,-3.803090,frame_006964
2.082555,8.105628,-3.802467,frame_006965
2.091991,8.137700,-3.801812,frame_006966
2.100867,8.169810,-3.801156,frame_006967
2.109076,8.202033,-3.800499,frame_006968
2.116497,8.234444,-3.799843,frame_006969
2.124813,8.266906,-3.799189,frame_006970
2.134213,8.299066,-3.798540,frame_006971
2.144888,8.330572,-3.797897,frame_006972
2.156121,8.361286,-3.797229,frame_006973
2.167934,8.391282,-3.796528,frame_006974
2.180342,8.420638,-3.795787,frame_006975
2.193356,8.450413,-3.795041,frame_006976
2.206978,8.480478,-3.794286,frame_006977
2.221205,8.510712,-3.793519,frame_006978
2.236027,8.540015,-3.792775,frame_006979
2.251430,8.568488,-3.792049,frame_006980
2.267390,8.596232,-3.791335,frame_006981
2.283879,8.624332,-3.790609,frame_006982
2.300862,8.652685,-3.789867,frame_006983
2.318298,8.681195,-3.789106,frame_006984
2.336140,8.708785,-3.788315,frame_006985
2.354333,8.735584,-3.787497,frame_006986
2.372817,8.761716,-3.786656,frame_006987
2.392433,8.788293,-3.785781,frame_006988
2.413277,8.815235,-3.784866,frame_006989
2.435443,8.842472,-3.783906,frame_006990
2.457374,8.868955,-3.782889,frame_006991
2.479151,8.894833,-3.781816,frame_006992
2.500844,8.920259,-3.780688,frame_006993
2.523256,8.945169,-3.779456,frame_006994
2.546277,8.969287,-3.778121,frame_006995
2.569789,8.992336,-3.776680,frame_006996
2.594576,9.014252,-3.775186,frame_006997
2.620676,9.035188,-3.773643,frame_006998
2.648127,9.055293,-3.772057,frame_006999
2.675314,9.074719,-3.770396,frame_007000
2.702261,9.093617,-3.768670,frame_007001
2.728982,9.112138,-3.766886,frame_007002
2.757130,9.131418,-3.765066,frame_007003
2.786706,9.151403,-3.763221,frame_007004
2.817709,9.172048,-3.761361,frame_007005
2.848485,9.192328,-3.759533,frame_007006
2.879022,9.212419,-3.757742,frame_007007
2.909295,9.232497,-3.755990,frame_007008
2.940919,9.252525,-3.754177,frame_007009
2.973856,9.272252,-3.752312,frame_007010
3.008068,9.291425,-3.750405,frame_007011
3.041863,9.310006,-3.748541,frame_007012
3.075190,9.328173,-3.746724,frame_007013
3.107987,9.346101,-3.744960,frame_007014
3.141085,9.364952,-3.743252,frame_007015
3.174562,9.384696,-3.741607,frame_007016
3.208492,9.405314,-3.740028,frame_007017
3.243688,9.425806,-3.738476,frame_007018
3.280054,9.446373,-3.736960,frame_007019
3.317495,9.467218,-3.735491,frame_007020
3.355171,9.488326,-3.734096,frame_007021
3.393141,9.509472,-3.732781,frame_007022
3.431459,9.530429,-3.731553,frame_007023
3.470173,9.551185,-3.730397,frame_007024
3.509323,9.571941,-3.729319,frame_007025
3.548946,9.592899,-3.728323,frame_007026
3.589070,9.614044,-3.727412,frame_007027
3.629716,9.635153,-3.726588,frame_007028
3.670900,9.655997,-3.725850,frame_007029
3.711887,9.676564,-3.725165,frame_007030
3.752834,9.697056,-3.724529,frame_007031
3.793888,9.717674,-3.723933,frame_007032
3.835928,9.738405,-3.723355,frame_007033
3.878919,9.759022,-3.722794,frame_007034
3.922819,9.779301,-3.722249,frame_007035
3.967581,9.800213,-3.721768,frame_007036
4.013152,9.821754,-3.721345,frame_007037
4.059470,9.843930,-3.720976,frame_007038
4.106469,9.864566,-3.720619,frame_007039
4.154077,9.883667,-3.720266,frame_007040
4.202214,9.901228,-3.719914,frame_007041
4.251703,9.919423,-3.719586,frame_007042
4.302618,9.938248,-3.719277,frame_007043
4.355037,9.957707,-3.718982,frame_007044
4.407381,9.975627,-3.718717,frame_007045
4.459715,9.992011,-3.718481,frame_007046
4.512089,10.006855,-3.718270,frame_007047
4.565287,10.022333,-3.718073,frame_007048
4.619178,10.038442,-3.717883,frame_007049
4.673628,10.055184,-3.717697,frame_007050
4.729400,10.071586,-3.717559,frame_007051
4.786513,10.087875,-3.717466,frame_007052
4.844987,10.104278,-3.717415,frame_007053
4.903188,10.120806,-3.717403,frame_007054
4.961120,10.137259,-3.717427,frame_007055
5.018778,10.153435,-3.717484,frame_007056
5.077052,10.169347,-3.717537,frame_007057
5.136076,10.185221,-3.717573,frame_007058
5.195981,10.201284,-3.717579,frame_007059
5.256729,10.217548,-3.717628,frame_007060
5.318115,10.233812,-3.717717,frame_007061
5.379924,10.249875,-3.717848,frame_007062
5.442101,10.266735,-3.717947,frame_007063
5.504744,10.284414,-3.718009,frame_007064
5.567944,10.302940,-3.718029,frame_007065
5.632533,10.320166,-3.717991,frame_007066
5.698435,10.336121,-3.717890,frame_007067
5.765574,10.350825,-3.717724,frame_007068
5.832221,10.366478,-3.717530,frame_007069
5.898286,10.383100,-3.717311,frame_007070
5.963667,10.400721,-3.717072,frame_007071
6.029159,10.418178,-3.716802,frame_007072
6.094803,10.435296,-3.716501,frame_007073
6.160633,10.451898,-3.716165,frame_007074
6.227424,10.468022,-3.715814,frame_007075
6.295043,10.483920,-3.715444,frame_007076
6.363356,10.499843,-3.715055,frame_007077
6.431485,10.515829,-3.714616,frame_007078
6.499451,10.531701,-3.714129,frame_007079
6.567271,10.547284,-3.713594,frame_007080
6.635862,10.563602,-3.713021,frame_007081
6.705395,10.580701,-3.712408,frame_007082
6.776041,10.598634,-3.711755,frame_007083
6.847809,10.615280,-3.711083,frame_007084
6.920549,10.630692,-3.710401,frame_007085
6.994106,10.644917,-3.709714,frame_007086
7.067584,10.658978,-3.708998,frame_007087
7.140985,10.672700,-3.708254,frame_007088
7.214306,10.685906,-3.707485,frame_007089
7.287537,10.698634,-3.706713,frame_007090
7.360664,10.711136,-3.705944,frame_007091
7.433662,10.723662,-3.705183,frame_007092
7.506505,10.736252,-3.704435,frame_007093
7.579157,10.748729,-3.703702,frame_007094
7.651576,10.760916,-3.702985,frame_007095
7.724624,10.772851,-3.702289,frame_007096
7.798414,10.784787,-3.701614,frame_007097
7.873060,10.796974,-3.700965,frame_007098
7.947769,10.809451,-3.700352,frame_007099
8.022486,10.822041,-3.699777,frame_007100
8.097153,10.834567,-3.699242,frame_007101
8.171701,10.847069,-3.698709,frame_007102
8.246059,10.859797,-3.698179,frame_007103
8.320146,10.873003,-3.697655,frame_007104
8.394785,10.886725,-3.697146,frame_007105
8.470052,10.900786,-3.696651,frame_007106
8.546023,10.915011,-3.696172,frame_007107
8.622029,10.929437,-3.695713,frame_007108
8.698300,10.944316,-3.695269,frame_007109
8.775062,10.959899,-3.694834,frame_007110
8.852373,10.976225,-3.694355,frame_007111
8.930120,10.993116,-3.693832,frame_007112
9.008187,11.010397,-3.693264,frame_007113
9.087358,11.027892,-3.692672,frame_007114
9.167671,11.045425,-3.692058,frame_007115
9.249163,11.062820,-3.691425,frame_007116
9.330220,11.080114,-3.690785,frame_007117
9.410866,11.097558,-3.690142,frame_007118
9.491115,11.115406,-3.689502,frame_007119
9.572620,11.133693,-3.688867,frame_007120
9.655380,11.152245,-3.688242,frame_007121
9.739397,11.170885,-3.687631,frame_007122
9.824669,11.188450,-3.687061,frame_007123
9.911198,11.204971,-3.686527,frame_007124
9.998982,11.220468,-3.686024,frame_007125
10.086369,11.237140,-3.685509,frame_007126
10.173346,11.255007,-3.684979,frame_007127
10.259886,11.274100,-3.684434,frame_007128
10.347607,11.293255,-3.683865,frame_007129
10.436469,11.312297,-3.683281,frame_007130
10.526435,11.331050,-3.682689,frame_007131
10.616721,11.348352,-3.682084,frame_007132
10.707444,11.364231,-3.681471,frame_007133
10.798715,11.378709,-3.680855,frame_007134
10.890477,11.393985,-3.680241,frame_007135
10.982504,11.410078,-3.679638,frame_007136
11.074566,11.427020,-3.679053,frame_007137
11.166586,11.443647,-3.678483,frame_007138
11.258644,11.459784,-3.677937,frame_007139
11.350812,11.475254,-3.677424,frame_007140
11.443902,11.490096,-3.676961,frame_007141
11.537821,11.504559,-3.676551,frame_007142
11.632472,11.518898,-3.676202,frame_007143
11.727761,11.533148,-3.675926,frame_007144
11.823592,11.547134,-3.675720,frame_007145
11.919871,11.560679,-3.675583,frame_007146
12.015755,11.574809,-3.675480,frame_007147
12.111306,11.589568,-3.675415,frame_007148
12.206577,11.605011,-3.675393,frame_007149
12.302362,11.620001,-3.675445,frame_007150
12.398546,11.634388,-3.675564,frame_007151
12.495016,11.648020,-3.675745,frame_007152
12.591658,11.660961,-3.676014,frame_007153
12.688356,11.673486,-3.676364,frame_007154
12.784997,11.685873,-3.676794,frame_007155
12.880721,11.698184,-3.677277,frame_007156
12.975569,11.710269,-3.677812,frame_007157
13.069576,11.721977,-3.678392,frame_007158
13.164424,11.734356,-3.678990,frame_007159
13.260148,11.747478,-3.679600,frame_007160
13.356789,11.761423,-3.680209,frame_007161
13.453487,11.774093,-3.680888,frame_007162
13.550129,11.785566,-3.681627,frame_007163
13.646599,11.795916,-3.682416,frame_007164
13.742783,11.806190,-3.683247,frame_007165
13.838568,11.816237,-3.684110,frame_007166
13.933839,11.825907,-3.684996,frame_007167
14.028644,11.836249,-3.685862,frame_007168
14.123192,11.847333,-3.686707,frame_007169
14.217692,11.859241,-3.687529,frame_007170
14.312192,11.870859,-3.688337,frame_007171
14.406579,11.882062,-3.689128,frame_007172
14.500736,11.892724,-3.689898,frame_007173
14.594552,11.902933,-3.690602,frame_007174
14.687910,11.912991,-3.691229,frame_007175
14.780698,11.923200,-3.691767,frame_007176
14.873708,11.933649,-3.692255,frame_007177
14.966995,11.944210,-3.692683,frame_007178
15.060619,11.954759,-3.693042,frame_007179
15.153738,11.965169,-3.693338,frame_007180
15.246258,11.975316,-3.693570,frame_007181
15.338083,11.985072,-3.693739,frame_007182
15.430026,11.995513,-3.693838,frame_007183
15.522161,12.006734,-3.693867,frame_007184
15.614565,12.018841,-3.693832,frame_007185
15.706418,12.029761,-3.693761,frame_007186
15.797642,12.039597,-3.693658,frame_007187
15.888163,12.048448,-3.693524,frame_007188
15.978811,12.057387,-3.693361,frame_007189
16.069678,12.066288,-3.693177,frame_007190
16.160863,12.075026,-3.692977,frame_007191
16.251563,12.084674,-3.692749,frame_007192
16.341721,12.095330,-3.692498,frame_007193
16.431279,12.107097,-3.692233,frame_007194
16.520181,12.118889,-3.691946,frame_007195
16.608369,12.130606,-3.691640,frame_007196
16.695786,12.142147,-3.691316,frame_007197
16.783283,12.152425,-3.691046,frame_007198
16.870971,12.161545,-3.690832,frame_007199
16.958968,12.169603,-3.690681,frame_007200
17.046489,12.177675,-3.690535,frame_007201
17.133495,12.185632,-3.690398,frame_007202
17.219950,12.193351,-3.690269,frame_007203
17.305815,12.201905,-3.690132,frame_007204
17.391052,12.211391,-3.689988,frame_007205
17.475623,12.221913,-3.689839,frame_007206
17.560398,12.232385,-3.689689,frame_007207
17.645506,12.242705,-3.689543,frame_007208
17.731085,12.252775,-3.689407,frame_007209
17.817114,12.262492,-3.689332,frame_007210
17.903420,12.271756,-3.689313,frame_007211
17.989834,12.280467,-3.689347,frame_007212
18.075449,12.288737,-3.689353,frame_007213
18.160265,12.296895,-3.689328,frame_007214
18.244282,12.305266,-3.689268,frame_007215
18.327499,12.313964,-3.689179,frame_007216
18.409917,12.322889,-3.689055,frame_007217
18.491536,12.331939,-3.688891,frame_007218
18.573263,12.341015,-3.688724,frame_007219
18.655267,12.350015,-3.688555,frame_007220
18.737722,12.358839,-3.688387,frame_007221
18.819901,12.367386,-3.688221,frame_007222
18.901823,12.375556,-3.688054,frame_007223
18.983507,12.383248,-3.687886,frame_007224
19.065718,12.391562,-3.687706,frame_007225
19.148320,12.400618,-3.687515,frame_007226
19.231183,12.410547,-3.687315,frame_007227
19.313436,12.420288,-3.687094,frame_007228
19.395119,12.429764,-3.686846,frame_007229
19.476269,12.438901,-3.686567,frame_007230
19.556924,12.446636,-3.686266,frame_007231
19.637123,12.453101,-3.685942,frame_007232
19.716903,12.458416,-3.685598,frame_007233
19.796302,12.463680,-3.685272,frame_007234
19.875358,12.468794,-3.684962,frame_007235
19.954111,12.473656,-3.684666,frame_007236
20.033342,12.479365,-3.684342,frame_007237
20.112936,12.486044,-3.683991,frame_007238
20.192781,12.493823,-3.683610,frame_007239
20.272027,12.501639,-3.683191,frame_007240
20.350730,12.509417,-3.682738,frame_007241
20.428948,12.517083,-3.682257,frame_007242
20.507484,12.524559,-3.681780,frame_007243
20.586240,12.531771,-3.681311,frame_007244
20.665123,12.538644,-3.680851,frame_007245
20.743301,12.545102,-3.680404,frame_007246
20.820852,12.551069,-3.679967,frame_007247
20.897851,12.556470,-3.679541,frame_007248
20.974374,12.562430,-3.679059,frame_007249
21.050497,12.569095,-3.678522,frame_007250
21.126297,12.576620,-3.677932,frame_007251
21.202596,12.582983,-3.677319,frame_007252
21.279314,12.588339,-3.676688,frame_007253
21.356378,12.592834,-3.676040,frame_007254
21.432976,12.597594,-3.675381,frame_007255
21.509203,12.602542,-3.674718,frame_007256
21.585154,12.607604,-3.674056,frame_007257
21.660924,12.612703,-3.673414,frame_007258
21.736608,12.617765,-3.672799,frame_007259
21.812302,12.622713,-3.672220,frame_007260
21.887939,12.627473,-3.671640,frame_007261
21.963291,12.631968,-3.671056,frame_007262
22.038128,12.636124,-3.670464,frame_007263
22.111640,12.641065,-3.669912,frame_007264
22.184075,12.646938,-3.669401,frame_007265
22.255679,12.653897,-3.668934,frame_007266
22.327435,12.659920,-3.668501,frame_007267
22.399419,12.665163,-3.668104,frame_007268
22.471708,12.669772,-3.667740,frame_007269
22.544377,12.674871,-3.667394,frame_007270
22.617504,12.680385,-3.667069,frame_007271
22.691163,12.686239,-3.666767,frame_007272
22.765431,12.692357,-3.666473,frame_007273
22.840384,12.698664,-3.666191,frame_007274
22.916098,12.705084,-3.665922,frame_007275
22.991742,12.711542,-3.665706,frame_007276
23.067224,12.717962,-3.665543,frame_007277
23.142444,12.724269,-3.665431,frame_007278
23.218207,12.730387,-3.665332,frame_007279
23.294570,12.736241,-3.665246,frame_007280
23.371589,12.741755,-3.665177,frame_007281
23.449322,12.748054,-3.665154,frame_007282
23.527826,12.755285,-3.665177,frame_007283
23.607157,12.763603,-3.665246,frame_007284
23.686627,12.771971,-3.665309,frame_007285
23.766449,12.780339,-3.665364,frame_007286
23.846828,12.788656,-3.665408,frame_007287
23.927803,12.795887,-3.665448,frame_007288
24.009243,12.802186,-3.665488,frame_007289
24.091013,12.807701,-3.665528,frame_007290
24.173877,12.813555,-3.665590,frame_007291
24.257854,12.819673,-3.665678,frame_007292
24.342964,12.825980,-3.665798,frame_007293
24.427571,12.832400,-3.665940,frame_007294
24.511682,12.838858,-3.666103,frame_007295
24.595291,12.845278,-3.666282,frame_007296
24.680032,12.851585,-3.666458,frame_007297
24.765886,12.857703,-3.666625,frame_007298
24.852834,12.863557,-3.666781,frame_007299
24.940858,12.868085,-3.666973,frame_007300
25.029938,12.871418,-3.667204,frame_007301
25.120055,12.873676,-3.667474,frame_007302
25.209537,12.877160,-3.667766,frame_007303
25.298351,12.881990,-3.668080,frame_007304
25.386453,12.888297,-3.668419,frame_007305
25.474694,12.895019,-3.668819,frame_007306
25.563173,12.902080,-3.669278,frame_007307
25.651980,12.909406,-3.669794,frame_007308
25.741949,12.916920,-3.670344,frame_007309
25.833002,12.924548,-3.670932,frame_007310
25.925064,12.932213,-3.671556,frame_007311
26.016405,12.939841,-3.672199,frame_007312
26.106936,12.947355,-3.672862,frame_007313
26.196555,12.954681,-3.673543,frame_007314
26.286963,12.961742,-3.674251,frame_007315
26.378371,12.968464,-3.674979,frame_007316
26.470988,12.974771,-3.675722,frame_007317
26.564114,12.980801,-3.676465,frame_007318
26.657792,12.986907,-3.677203,frame_007319
26.752055,12.993440,-3.677931,frame_007320
26.846934,13.000540,-3.678694,frame_007321
26.942449,13.008129,-3.679484,frame_007322
27.038617,13.016134,-3.680294,frame_007323
27.135447,13.024479,-3.681112,frame_007324
27.232943,13.033088,-3.681937,frame_007325
27.331101,13.041885,-3.682769,frame_007326
27.429911,13.050795,-3.683575,frame_007327
27.529359,13.059744,-3.684348,frame_007328
27.629421,13.068654,-3.685082,frame_007329
27.729323,13.077452,-3.685839,frame_007330
27.829187,13.086060,-3.686610,frame_007331
27.929118,13.094405,-3.687388,frame_007332
28.029959,13.102410,-3.688090,frame_007333
28.131637,13.110000,-3.688717,frame_007334
28.234072,13.117099,-3.689269,frame_007335
28.338087,13.122646,-3.689775,frame_007336
28.443758,13.126772,-3.690237,frame_007337
28.551160,13.129596,-3.690657,frame_007338
28.658716,13.133419,-3.691038,frame_007339
28.766490,13.138363,-3.691386,frame_007340
28.874532,13.144557,-3.691706,frame_007341
28.983627,13.150939,-3.691994,frame_007342
29.093644,13.157435,-3.692259,frame_007343
29.204447,13.163968,-3.692507,frame_007344
29.316801,13.170464,-3.692761,frame_007345
29.430724,13.176846,-3.693020,frame_007346
29.546237,13.183040,-3.693285,frame_007347
29.662450,13.188970,-3.693575,frame_007348
29.779215,13.194560,-3.693889,frame_007349
29.896375,13.199735,-3.694227,frame_007350
30.013023,13.205619,-3.694535,frame_007351
30.129147,13.212360,-3.694821,frame_007352
30.244721,13.220112,-3.695092,frame_007353
30.361360,13.227838,-3.695375,frame_007354
30.479027,13.235490,-3.695678,frame_007355
30.597684,13.243015,-3.696007,frame_007356
30.717292,13.250364,-3.696347,frame_007357
30.837814,13.257487,-3.696696,frame_007358
30.959211,13.264334,-3.697053,frame_007359
31.079791,13.269867,-3.697413,frame_007360
31.199505,13.274242,-3.697783,frame_007361
31.318288,13.277606,-3.698171,frame_007362
31.437718,13.281083,-3.698631,frame_007363
31.557719,13.284597,-3.699165,frame_007364
31.678214,13.288074,-3.699774,frame_007365
31.798383,13.291438,-3.700412,frame_007366
31.918303,13.294614,-3.701083,frame_007367
32.038048,13.297525,-3.701789,frame_007368
32.157685,13.301296,-3.702546,frame_007369
32.277273,13.306074,-3.703357,frame_007370
32.396867,13.312015,-3.704226,frame_007371
32.517261,13.318081,-3.705144,frame_007372
32.638340,13.324223,-3.706104,frame_007373
32.759989,13.330390,-3.707101,frame_007374
32.881349,13.336532,-3.708141,frame_007375
33.002461,13.342599,-3.709223,frame_007376
33.123360,13.348539,-3.710346,frame_007377
33.244821,13.353318,-3.711544,frame_007378
33.366710,13.357089,-3.712809,frame_007379
33.488893,13.360000,-3.714132,frame_007380
33.611400,13.363176,-3.715451,frame_007381
33.734421,13.366540,-3.716753,frame_007382
33.858146,13.370017,-3.718021,frame_007383
33.981858,13.373532,-3.719324,frame_007384
34.105579,13.377009,-3.720653,frame_007385
34.229324,13.380373,-3.722002,frame_007386
34.353104,13.384748,-3.723344,frame_007387
34.476921,13.390281,-3.724673,frame_007388
34.600772,13.397127,-3.725982,frame_007389
34.725556,13.404250,-3.727293,frame_007390
34.851424,13.411600,-3.728598,frame_007391
34.978530,13.419125,-3.729890,frame_007392
35.106116,13.426777,-3.731173,frame_007393
35.234169,13.434503,-3.732441,frame_007394
35.362665,13.442255,-3.733691,frame_007395
35.492322,13.449982,-3.734878,frame_007396
35.622949,13.457633,-3.735993,frame_007397
35.754356,13.465159,-3.737029,frame_007398
35.885608,13.471522,-3.737969,frame_007399
36.016668,13.476879,-3.738803,frame_007400
36.147497,13.481375,-3.739522,frame_007401
36.278953,13.486135,-3.740145,frame_007402
36.411152,13.491084,-3.740678,frame_007403
36.544207,13.496146,-3.741129,frame_007404
36.677325,13.501245,-3.741501,frame_007405
36.810451,13.506307,-3.741800,frame_007406
36.943526,13.511256,-3.742029,frame_007407
37.076484,13.516016,-3.742198,frame_007408
37.209250,13.520512,-3.742306,frame_007409
37.341746,13.524669,-3.742352,frame_007410
37.474794,13.529610,-3.742368,frame_007411
37.608470,13.535483,-3.742358,frame_007412
37.742850,13.542443,-3.742329,frame_007413
37.877102,13.549453,-3.742253,frame_007414
38.011136,13.556462,-3.742126,frame_007415
38.144851,13.563422,-3.741948,frame_007416
38.279051,13.570281,-3.741737,frame_007417
38.413794,13.576989,-3.741502,frame_007418
38.549137,13.583496,-3.741247,frame_007419
38.685135,13.588765,-3.740962,frame_007420
38.821848,13.592952,-3.740659,frame_007421
38.959331,13.596203,-3.740347,frame_007422
39.096735,13.599642,-3.740008,frame_007423
39.233947,13.603195,-3.739653,frame_007424
39.370851,13.606785,-3.739290,frame_007425
39.508231,13.610338,-3.738958,frame_007426
39.646125,13.613778,-3.738665,frame_007427
39.784570,13.617029,-3.738421,frame_007428
39.922698,13.621215,-3.738181,frame_007429
40.060378,13.626484,-3.737948,frame_007430
40.197474,13.632991,-3.737726,frame_007431
40.334750,13.639699,-3.737528,frame_007432
40.472226,13.646559,-3.737359,frame_007433
40.609921,13.653518,-3.737224,frame_007434
40.747854,13.659542,-3.737096,frame_007435
40.886044,13.664785,-3.736979,frame_007436
41.024510,13.669395,-3.736875,frame_007437
41.163271,13.674495,-3.736824,frame_007438
41.302346,13.680009,-3.736823,frame_007439
41.441754,13.685864,-3.736872,frame_007440
41.580767,13.691983,-3.736946,frame_007441
41.719562,13.698290,-3.737042,frame_007442
41.858305,13.704711,-3.737153,frame_007443
41.997904,13.711169,-3.737265,frame_007444
42.138360,13.717589,-3.737374,frame_007445
42.279672,13.723897,-3.737476,frame_007446
42.420933,13.730015,-3.737578,frame_007447
42.561974,13.735870,-3.737678,frame_007448
42.702622,13.741385,-3.737774,frame_007449
42.843602,13.747685,-3.737853,frame_007450
42.984896,13.754916,-3.737916,frame_007451
43.126486,13.763234,-3.737962,frame_007452
43.268351,13.771603,-3.738031,frame_007453
43.410473,13.779971,-3.738126,frame_007454
43.552833,13.788290,-3.738251,frame_007455
43.694666,13.795521,-3.738398,frame_007456
43.836108,13.801821,-3.738569,frame_007457
43.977290,13.807336,-3.738765,frame_007458
44.119080,13.813191,-3.738948,frame_007459
44.261441,13.819309,-3.739121,frame_007460
44.404336,13.825617,-3.739284,frame_007461
44.547725,13.832037,-3.739456,frame_007462
44.691570,13.838496,-3.739635,frame_007463
44.835835,13.844916,-3.739816,frame_007464
44.980480,13.851224,-3.739970,frame_007465
45.125467,13.857343,-3.740093,frame_007466
45.270759,13.863197,-3.740185,frame_007467
45.415571,13.868712,-3.740245,frame_007468
45.560022,13.873812,-3.740275,frame_007469
45.704221,13.878422,-3.740276,frame_007470
45.849019,13.883665,-3.740280,frame_007471
45.994360,13.889689,-3.740288,frame_007472
46.140186,13.896649,-3.740305,frame_007473
46.286440,13.903508,-3.740343,frame_007474
46.433066,13.910216,-3.740407,frame_007475
46.580005,13.916724,-3.740501,frame_007476
46.727201,13.921993,-3.740617,frame_007477
46.874597,13.926180,-3.740754,frame_007478
47.022136,13.929431,-3.740910,frame_007479
47.169015,13.932871,-3.741087,frame_007480
47.315331,13.936424,-3.741285,frame_007481
47.461178,13.940014,-3.741508,frame_007482
47.607386,13.943567,-3.741775,frame_007483
47.753879,13.947007,-3.742085,frame_007484
47.900582,13.950258,-3.742436,frame_007485
48.046672,13.954445,-3.742820,frame_007486
48.192228,13.959714,-3.743241,frame_007487
48.337324,13.966221,-3.743703,frame_007488
48.482772,13.972930,-3.744179,frame_007489
48.628477,13.979789,-3.744666,frame_007490
48.774344,13.986749,-3.745162,frame_007491
48.920439,13.992773,-3.745666,frame_007492
49.066991,13.998016,-3.746175,frame_007493
49.214228,14.002626,-3.746687,frame_007494
49.362216,14.007726,-3.747209,frame_007495
49.510861,14.013241,-3.747740,frame_007496
49.660068,14.019096,-3.748280,frame_007497
49.809741,14.025215,-3.748835,frame_007498
49.959784,14.031522,-3.749402,frame_007499
50.110104,14.037943,-3.749979,frame_007500
50.259859,14.044402,-3.750589,frame_007501
50.409108,14.050823,-3.751228,frame_007502
50.557907,14.057130,-3.751891,frame_007503
50.707048,14.063249,-3.752561,frame_007504
50.856418,14.069104,-3.753232,frame_007505
51.005901,14.074619,-3.753898,frame_007506
51.155547,14.079933,-3.754550,frame_007507
51.305563,14.085398,-3.755184,frame_007508
51.456160,14.091366,-3.755792,frame_007509
51.606639,14.097975,-3.756372,frame_007510
51.757042,14.105151,-3.756925,frame_007511
51.907402,14.112817,-3.757452,frame_007512
52.058495,14.120898,-3.757943,frame_007513
52.210187,14.129319,-3.758392,frame_007514
52.362346,14.138004,-3.758796,frame_007515
52.514838,14.146877,-3.759172,frame_007516
52.667529,14.155864,-3.759519,frame_007517
52.820287,14.164888,-3.759838,frame_007518
52.973141,14.173875,-3.760139,frame_007519
53.126279,14.182749,-3.760424,frame_007520
53.279894,14.191434,-3.760696,frame_007521
53.434013,14.199854,-3.760947,frame_007522
53.588503,14.207935,-3.761177,frame_007523
53.743230,14.215602,-3.761388,frame_007524
53.897317,14.221791,-3.761580,frame_007525
54.050784,14.226634,-3.761755,frame_007526
54.203648,14.230252,-3.761914,frame_007527
54.356665,14.234943,-3.762057,frame_007528
54.509681,14.240831,-3.762182,frame_007529
54.662545,14.248044,-3.762286,frame_007530
54.815267,14.255522,-3.762371,frame_007531
54.968016,14.263188,-3.762437,frame_007532
55.120966,14.270967,-3.762488,frame_007533
55.274125,14.278784,-3.762514,frame_007534
55.427341,14.286564,-3.762510,frame_007535
55.580462,14.294230,-3.762474,frame_007536
55.733498,14.301707,-3.762434,frame_007537
55.886619,14.308920,-3.762388,frame_007538
56.039997,14.315794,-3.762336,frame_007539
56.193641,14.322253,-3.762242,frame_007540
56.347399,14.328221,-3.762113,frame_007541
56.501120,14.333623,-3.761958,frame_007542
56.654812,14.339584,-3.761802,frame_007543
56.808646,14.346250,-3.761647,frame_007544
56.962795,14.353776,-3.761499,frame_007545
57.116521,14.360140,-3.761369,frame_007546
57.269828,14.365496,-3.761262,frame_007547
57.422712,14.369993,-3.761178,frame_007548
57.575911,14.374754,-3.761110,frame_007549
57.729252,14.379703,-3.761059,frame_007550
57.882565,14.384766,-3.761027,frame_007551
58.035839,14.389866,-3.760975,frame_007552
58.189228,14.394928,-3.760904,frame_007553
58.342883,14.399878,-3.760816,frame_007554
58.496795,14.404638,-3.760720,frame_007555
58.650793,14.409135,-3.760616,frame_007556
58.804705,14.413292,-3.760502,frame_007557
58.958522,14.418234,-3.760385,frame_007558
59.112395,14.424107,-3.760263,frame_007559
59.266479,14.431067,-3.760133,frame_007560
59.420924,14.438078,-3.759994,frame_007561
59.575882,14.445088,-3.759852,frame_007562
59.731507,14.452049,-3.759711,frame_007563
59.887788,14.458908,-3.759601,frame_007564
60.044555,14.465617,-3.759516,frame_007565
60.201635,14.472124,-3.759452,frame_007566
60.358113,14.478380,-3.759395,frame_007567
60.513971,14.484334,-3.759344,frame_007568
60.669188,14.489936,-3.759296,frame_007569
60.825388,14.495135,-3.759248,frame_007570
60.982551,14.499882,-3.759200,frame_007571
61.140659,14.504125,-3.759149,frame_007572
61.298050,14.507815,-3.759094,frame_007573
61.454707,14.510901,-3.759034,frame_007574
61.610609,14.513334,-3.758966,frame_007575
61.767381,14.515275,-3.758846,frame_007576
61.925000,14.517104,-3.758682,frame_007577
62.083451,14.519196,-3.758481,frame_007578
62.241816,14.521717,-3.758286,frame_007579
62.399924,14.524614,-3.758093,frame_007580
62.557604,14.527839,-3.757897,frame_007581
62.714846,14.531340,-3.757689,frame_007582
62.871803,14.535068,-3.757471,frame_007583
63.028627,14.538972,-3.757245,frame_007584
63.185308,14.543002,-3.757011,frame_007585
63.341675,14.547107,-3.756768,frame_007586
63.497556,14.551237,-3.756514,frame_007587
63.652943,14.555342,-3.756237,frame_007588
63.807988,14.559372,-3.755934,frame_007589
63.962842,14.563275,-3.755600,frame_007590
64.117496,14.567003,-3.755284,frame_007591
64.271779,14.570505,-3.754988,frame_007592
64.425520,14.573729,-3.754715,frame_007593
64.578709,14.576627,-3.754420,frame_007594
64.731498,14.579147,-3.754107,frame_007595
64.884040,14.581240,-3.753782,frame_007596
65.037232,14.584054,-3.753446,frame_007597
65.191073,14.587763,-3.753101,frame_007598
65.345564,14.592546,-3.752747,frame_007599
65.499062,14.597391,-3.752385,frame_007600
65.651569,14.602274,-3.752016,frame_007601
65.803084,14.607170,-3.751638,frame_007602
65.955249,14.612053,-3.751276,frame_007603
66.108061,14.616899,-3.750933,frame_007604
66.261525,14.621682,-3.750612,frame_007605
66.414741,14.626376,-3.750327,frame_007606
66.567557,14.630958,-3.750075,frame_007607
66.719822,14.635401,-3.749855,frame_007608
66.869306,14.639680,-3.749665,frame_007609
67.016648,14.643771,-3.749499,frame_007610
67.166382,14.647648,-3.749321,frame_007611
67.318291,14.651286,-3.749154,frame_007612
67.472174,14.654660,-3.749005,frame_007613
67.627842,14.657745,-3.748881,frame_007614
67.783282,14.660515,-3.748760,frame_007615
67.938360,14.662946,-3.748637,frame_007616
68.092943,14.665012,-3.748509,frame_007617
68.247061,14.666688,-3.748380,frame_007618
68.400902,14.667949,-3.748247,frame_007619
68.554658,14.668769,-3.748108,frame_007620
68.708356,14.669125,-3.747958,frame_007621
68.861865,14.668989,-3.747796,frame_007622
69.015049,14.668338,-3.747616,frame_007623
69.167939,14.667147,-3.747399,frame_007624
69.320724,14.665389,-3.747143,frame_007625
69.473595,14.663040,-3.746849,frame_007626
69.626580,14.661275,-3.746580,frame_007627
69.779546,14.660290,-3.746343,frame_007628
69.932360,14.660291,-3.746146,frame_007629
70.084142,14.661279,-3.745943,frame_007630
70.234915,14.663047,-3.745732,frame_007631
70.384695,14.665399,-3.745511,frame_007632
70.535144,14.667160,-3.745282,frame_007633
70.686279,14.668354,-3.745051,frame_007634
70.838123,14.669008,-3.744823,frame_007635
70.989048,14.669146,-3.744592,frame_007636
71.139079,14.668794,-3.744362,frame_007637
71.288231,14.667976,-3.744134,frame_007638
71.438167,14.666718,-3.743922,frame_007639
71.588902,14.665045,-3.743725,frame_007640
71.740460,14.662982,-3.743543,frame_007641
71.891961,14.660554,-3.743367,frame_007642
72.043271,14.657787,-3.743194,frame_007643
72.194258,14.654705,-3.743022,frame_007644
72.342712,14.651334,-3.742889,frame_007645
72.489289,14.647699,-3.742798,frame_007646
72.638544,14.643825,-3.742751,frame_007647
72.789372,14.639737,-3.742737,frame_007648
72.941420,14.635460,-3.742757,frame_007649
73.094347,14.631020,-3.742810,frame_007650
73.247791,14.626441,-3.742897,frame_007651
73.401787,14.621750,-3.743017,frame_007652
73.556377,14.616970,-3.743169,frame_007653
73.709955,14.611141,-3.743354,frame_007654
73.862562,14.604494,-3.743572,frame_007655
74.014232,14.597251,-3.743822,frame_007656
74.165741,14.590611,-3.744082,frame_007657
74.316954,14.584575,-3.744348,frame_007658
74.467740,14.579143,-3.744616,frame_007659
74.620849,14.575301,-3.744870,frame_007660
74.776976,14.572843,-3.745104,frame_007661
74.932070,14.571573,-3.745352,frame_007662
75.086725,14.570315,-3.745613,frame_007663
75.240624,14.569095,-3.745888,frame_007664
75.393437,14.567937,-3.746177,frame_007665
75.545966,14.566868,-3.746472,frame_007666
75.698075,14.565912,-3.746767,frame_007667
75.849633,14.565094,-3.747058,frame_007668
75.998429,14.564440,-3.747370,frame_007669
76.145121,14.563975,-3.747694,frame_007670
76.294262,14.563723,-3.747983,frame_007671
76.444747,14.563710,-3.748236,frame_007672
76.596224,14.563962,-3.748447,frame_007673
76.748351,14.564503,-3.748613,frame_007674
76.900022,14.565358,-3.748728,frame_007675
77.051426,14.566553,-3.748796,frame_007676
77.202753,14.568112,-3.748823,frame_007677
77.354034,14.570062,-3.748812,frame_007678
77.505133,14.572426,-3.748765,frame_007679
77.655918,14.575231,-3.748681,frame_007680
77.807164,14.577301,-3.748563,frame_007681
77.958906,14.578440,-3.748411,frame_007682
78.111184,14.578442,-3.748227,frame_007683
78.263138,14.578292,-3.748031,frame_007684
78.414655,14.577992,-3.747830,frame_007685
78.565620,14.577541,-3.747628,frame_007686
78.716826,14.576939,-3.747430,frame_007687
78.868329,14.576186,-3.747241,frame_007688
79.020187,14.575282,-3.747065,frame_007689
79.170813,14.575213,-3.746907,frame_007690
79.320269,14.575774,-3.746767,frame_007691
79.468608,14.576767,-3.746647,frame_007692
79.616623,14.577019,-3.746539,frame_007693
79.764201,14.576553,-3.746447,frame_007694
79.911226,14.575396,-3.746374,frame_007695
80.061217,14.573572,-3.746366,frame_007696
80.214731,14.571107,-3.746413,frame_007697
80.367586,14.568026,-3.746506,frame_007698
80.519508,14.564353,-3.746583,frame_007699
80.670216,14.560114,-3.746646,frame_007700
80.819421,14.555334,-3.746699,frame_007701
80.967214,14.550039,-3.746768,frame_007702
81.113655,14.544253,-3.746853,frame_007703
81.258799,14.538002,-3.746948,frame_007704
81.404345,14.532510,-3.747053,frame_007705
81.550350,14.528026,-3.747163,frame_007706
81.696871,14.524804,-3.747276,frame_007707
81.843069,14.522896,-3.747380,frame_007708
81.988849,14.522145,-3.747476,frame_007709
82.134115,14.522406,-3.747562,frame_007710
82.277814,14.521353,-3.747710,frame_007711
82.420409,14.518841,-3.747905,frame_007712
82.565148,14.514714,-3.748045,frame_007713
82.710985,14.510008,-3.748134,frame_007714
82.857623,14.504774,-3.748178,frame_007715
83.004778,14.499062,-3.748179,frame_007716
83.151238,14.492922,-3.748122,frame_007717
83.296928,14.486405,-3.748009,frame_007718
83.441770,14.479561,-3.747846,frame_007719
83.588575,14.473426,-3.747606,frame_007720
83.738093,14.467846,-3.747286,frame_007721
83.886331,14.462673,-3.746919,frame_007722
84.033940,14.456783,-3.746517,frame_007723
84.180658,14.450252,-3.746079,frame_007724
84.326216,14.443155,-3.745605,frame_007725
84.472377,14.435567,-3.745150,frame_007726
84.619234,14.427564,-3.744714,frame_007727
84.766884,14.419222,-3.744296,frame_007728
84.914524,14.411601,-3.743886,frame_007729
85.062098,14.404573,-3.743482,frame_007730
85.209548,14.398015,-3.743084,frame_007731
85.356817,14.390828,-3.742653,frame_007732
85.503849,14.383112,-3.742199,frame_007733
85.650585,14.374969,-3.741726,frame_007734
85.795105,14.366499,-3.741212,frame_007735
85.937739,14.357803,-3.740669,frame_007736
86.081600,14.349721,-3.740149,frame_007737
86.226406,14.342198,-3.739659,frame_007738
86.371881,14.335189,-3.739201,frame_007739
86.517758,14.328653,-3.738781,frame_007740
86.661888,14.320614,-3.738420,frame_007741
86.804770,14.310977,-3.738113,frame_007742
86.948014,14.299638,-3.737815,frame_007743
87.090960,14.287682,-3.737543,frame_007744
87.233686,14.275210,-3.737306,frame_007745
87.377944,14.262323,-3.737143,frame_007746
87.523450,14.249122,-3.736991,frame_007747
87.669931,14.235707,-3.736842,frame_007748
87.817118,14.222178,-3.736684,frame_007749
87.963819,14.209624,-3.736569,frame_007750
88.109979,14.197938,-3.736498,frame_007751
88.255539,14.187024,-3.736474,frame_007752
88.401350,14.175808,-3.736459,frame_007753
88.547523,14.164416,-3.736451,frame_007754
88.694176,14.152974,-3.736448,frame_007755
88.840524,14.142594,-3.736468,frame_007756
88.986530,14.133195,-3.736504,frame_007757
89.132155,14.124708,-3.736552,frame_007758
89.277361,14.114881,-3.736615,frame_007759
89.422111,14.103646,-3.736692,frame_007760
89.566366,14.090921,-3.736779,frame_007761
89.710493,14.079298,-3.736794,frame_007762
89.855262,14.068594,-3.736717,frame_007763
89.999904,14.057161,-3.736605,frame_007764
90.144173,14.045149,-3.736461,frame_007765
90.287811,14.032709,-3.736289,frame_007766
90.429809,14.020979,-3.736108,frame_007767
90.571184,14.009904,-3.735933,frame_007768
90.712016,13.999438,-3.735765,frame_007769
90.853125,13.989542,-3.735580,frame_007770
90.995328,13.978989,-3.735377,frame_007771
91.138705,13.967534,-3.735161,frame_007772
91.284275,13.953948,-3.734954,frame_007773
91.431027,13.939394,-3.734750,frame_007774
91.578705,13.924047,-3.734549,frame_007775
91.727061,13.908085,-3.734352,frame_007776
91.873058,13.893161,-3.734123,frame_007777
92.017045,13.879143,-3.733858,frame_007778
92.162154,13.864435,-3.733561,frame_007779
92.308123,13.848035,-3.733226,frame_007780
92.454694,13.829925,-3.732849,frame_007781
92.601620,13.810073,-3.732425,frame_007782
92.747727,13.790629,-3.731974,frame_007783
92.892978,13.771563,-3.731505,frame_007784
93.037335,13.752855,-3.731021,frame_007785
93.181163,13.734984,-3.730589,frame_007786
93.325235,13.717844,-3.730216,frame_007787
93.468780,13.699947,-3.729859,frame_007788
93.611552,13.681148,-3.729517,frame_007789
93.753293,13.661303,-3.729193,frame_007790
93.893741,13.640271,-3.728877,frame_007791
94.036026,13.618812,-3.728541,frame_007792
94.180500,13.596955,-3.728182,frame_007793
94.326167,13.573753,-3.727850,frame_007794
94.473158,13.549457,-3.727552,frame_007795
94.621608,13.524317,-3.727294,frame_007796
94.770550,13.500066,-3.727032,frame_007797
94.919562,13.476646,-3.726769,frame_007798
95.068219,13.454014,-3.726507,frame_007799
95.216098,13.432138,-3.726249,frame_007800
95.362978,13.408319,-3.726032,frame_007801
95.508840,13.382638,-3.725854,frame_007802
95.653665,13.355166,-3.725712,frame_007803
95.794450,13.330124,-3.725566,frame_007804
95.931797,13.307172,-3.725427,frame_007805
96.069268,13.284025,-3.725300,frame_007806
96.206793,13.259602,-3.725172,frame_007807
96.344302,13.233813,-3.725047,frame_007808
96.481725,13.205579,-3.724926,frame_007809
96.618993,13.176213,-3.724812,frame_007810
96.756036,13.146041,-3.724708,frame_007811
96.892784,13.116378,-3.724623,frame_007812
97.031436,13.085545,-3.724546,frame_007813
97.172344,13.053338,-3.724474,frame_007814
97.314349,13.021350,-3.724437,frame_007815
97.457260,12.989703,-3.724437,frame_007816
97.600887,12.958526,-3.724476,frame_007817
97.745213,12.927744,-3.724525,frame_007818
97.890387,12.897076,-3.724584,frame_007819
98.036563,12.866249,-3.724653,frame_007820
98.182996,12.834014,-3.724790,frame_007821
98.329687,12.800320,-3.724993,frame_007822
98.476634,12.765116,-3.725263,frame_007823
98.623636,12.729306,-3.725571,frame_007824
98.770288,12.693114,-3.725917,frame_007825
98.916186,12.656767,-3.726296,frame_007826
99.060926,12.620504,-3.726706,frame_007827
99.206574,12.583011,-3.727131,frame_007828
99.353552,12.544153,-3.727574,frame_007829
99.498890,12.505589,-3.728030,frame_007830
99.642411,12.467509,-3.728533,frame_007831
99.783928,12.430108,-3.729077,frame_007832
99.923248,12.393593,-3.729655,frame_007833
100.061302,12.356978,-3.730269,frame_007834
100.198090,12.320261,-3.730917,frame_007835
100.333613,12.283444,-3.731598,frame_007836
100.468274,12.246420,-3.732256,frame_007837
100.602884,12.208974,-3.732891,frame_007838
100.738777,12.171493,-3.733519,frame_007839
100.875762,12.133874,-3.734137,frame_007840
101.013650,12.096018,-3.734742,frame_007841
101.152263,12.057832,-3.735339,frame_007842
101.290499,12.018732,-3.735933,frame_007843
101.428390,11.978734,-3.736518,frame_007844
101.565966,11.939056,-3.737093,frame_007845
101.704007,11.899937,-3.737654,frame_007846
101.842387,11.861623,-3.738197,frame_007847
101.979855,11.822571,-3.738735,frame_007848
102.113479,11.783204,-3.739278,frame_007849
102.243480,11.743347,-3.739821,frame_007850
102.371921,11.703317,-3.740355,frame_007851
102.499721,11.664633,-3.740841,frame_007852
102.626868,11.627356,-3.741273,frame_007853
102.754281,11.590329,-3.741630,frame_007854
102.885384,11.550299,-3.741963,frame_007855
103.020651,11.506956,-3.742275,frame_007856
103.156958,11.462370,-3.742572,frame_007857
103.293986,11.417869,-3.742858,frame_007858
103.431649,11.373289,-3.743139,frame_007859
103.569867,11.329675,-3.743419,frame_007860
103.705957,11.286610,-3.743680,frame_007861
103.840396,11.244287,-3.743930,frame_007862
103.976443,11.201716,-3.744207,frame_007863
104.113961,11.158894,-3.744511,frame_007864
104.252821,11.115822,-3.744838,frame_007865
104.391993,11.072508,-3.745189,frame_007866
104.531010,11.028469,-3.745553,frame_007867
104.669630,10.983821,-3.745930,frame_007868
104.808521,10.937483,-3.746332,frame_007869
104.946863,10.890336,-3.746754,frame_007870
105.084745,10.842061,-3.747201,frame_007871
105.222256,10.793540,-3.747644,frame_007872
105.357620,10.744182,-3.748115,frame_007873
105.491314,10.694003,-3.748605,frame_007874
105.626021,10.643322,-3.749095,frame_007875
105.761279,10.592217,-3.749584,frame_007876
105.896628,10.540773,-3.750070,frame_007877
106.031613,10.489081,-3.750552,frame_007878
106.163562,10.438418,-3.751071,frame_007879
106.292941,10.388524,-3.751628,frame_007880
106.423556,10.336936,-3.752186,frame_007881
106.555139,10.283892,-3.752711,frame_007882
106.687436,10.229624,-3.753199,frame_007883
106.820208,10.174365,-3.753649,frame_007884
106.951733,10.119576,-3.754090,frame_007885
107.082107,10.065228,-3.754517,frame_007886
107.211425,10.011300,-3.754926,frame_007887
107.342797,9.957180,-3.755354,frame_007888
107.476583,9.902752,-3.755799,frame_007889
107.609762,9.847905,-3.756246,frame_007890
107.740615,9.793518,-3.756643,frame_007891
107.869226,9.739284,-3.756998,frame_007892
107.996409,9.683920,-3.757340,frame_007893
108.123200,9.627949,-3.757667,frame_007894
108.249699,9.571408,-3.757979,frame_007895
108.377499,9.513852,-3.758290,frame_007896
108.505484,9.455436,-3.758599,frame_007897
108.633289,9.396323,-3.758903,frame_007898
108.760555,9.336677,-3.759203,frame_007899
108.889362,9.275577,-3.759521,frame_007900
109.020107,9.213186,-3.759845,frame_007901
109.150942,9.149068,-3.760177,frame_007902
109.281143,9.084253,-3.760440,frame_007903
109.410893,9.018575,-3.760640,frame_007904
109.539242,8.953366,-3.760799,frame_007905
109.666910,8.888735,-3.760970,frame_007906
109.793706,8.824803,-3.761154,frame_007907
109.919442,8.761701,-3.761350,frame_007908
110.044149,8.698071,-3.761558,frame_007909
110.167677,8.633787,-3.761776,frame_007910
110.289872,8.568723,-3.762006,frame_007911
110.413760,8.503353,-3.762265,frame_007912
110.539777,8.437663,-3.762562,frame_007913
110.664977,8.371642,-3.762855,frame_007914
110.788465,8.306270,-3.763125,frame_007915
110.910244,8.241340,-3.763376,frame_007916
111.030310,8.176656,-3.763609,frame_007917
111.149624,8.111651,-3.763900,frame_007918
111.268053,8.046470,-3.764240,frame_007919
111.385465,7.981268,-3.764619,frame_007920
111.502632,7.915011,-3.764988,frame_007921
111.619591,7.847646,-3.765351,frame_007922
111.736383,7.779124,-3.765714,frame_007923
111.855324,7.709995,-3.766079,frame_007924
111.976889,7.640319,-3.766438,frame_007925
112.097489,7.570162,-3.766805,frame_007926
112.216886,7.500578,-3.767150,frame_007927
112.334836,7.431435,-3.767473,frame_007928
112.451089,7.362614,-3.767776,frame_007929
112.569472,7.291223,-3.768017,frame_007930
112.690479,7.217038,-3.768197,frame_007931
112.810540,7.142529,-3.768356,frame_007932
112.929436,7.067958,-3.768520,frame_007933
113.046943,6.993595,-3.768691,frame_007934
113.162828,6.919723,-3.768873,frame_007935
113.279416,6.846120,-3.769045,frame_007936
113.396642,6.772605,-3.769207,frame_007937
113.514456,6.699008,-3.769357,frame_007938
113.631167,6.624178,-3.769519,frame_007939
113.746735,6.548166,-3.769683,frame_007940
113.861124,6.471021,-3.769838,frame_007941
113.976111,6.392582,-3.770007,frame_007942
114.091993,6.312469,-3.770196,frame_007943
114.208174,6.231506,-3.770385,frame_007944
114.325555,6.149538,-3.770559,frame_007945
114.444143,6.066417,-3.770724,frame_007946
114.562140,5.982606,-3.770872,frame_007947
114.678498,5.897100,-3.771042,frame_007948
114.793066,5.810097,-3.771230,frame_007949
114.905689,5.721801,-3.771434,frame_007950
115.017859,5.634006,-3.771616,frame_007951
115.129421,5.546829,-3.771765,frame_007952
115.240225,5.460403,-3.771869,frame_007953
115.350291,5.373681,-3.771955,frame_007954
115.459806,5.286608,-3.772038,frame_007955
115.568963,5.199137,-3.772129,frame_007956
115.677800,5.111231,-3.772224,frame_007957
115.786200,5.022861,-3.772317,frame_007958
115.894053,4.934005,-3.772406,frame_007959
116.001252,4.843664,-3.772486,frame_007960
116.107701,4.752041,-3.772554,frame_007961
116.213306,4.659336,-3.772606,frame_007962
116.317983,4.566737,-3.772649,frame_007963
116.421652,4.474239,-3.772682,frame_007964
116.524240,4.381847,-3.772705,frame_007965
116.625842,4.288373,-3.772764,frame_007966
116.726721,4.193616,-3.772857,frame_007967
116.827148,4.097375,-3.772984,frame_007968
116.927236,4.000648,-3.773076,frame_007969
117.026944,3.903457,-3.773117,frame_007970
117.126237,3.805831,-3.773091,frame_007971
117.225087,3.707807,-3.773065,frame_007972
117.323471,3.609432,-3.773032,frame_007973
117.421374,3.510760,-3.772984,frame_007974
117.518786,3.411854,-3.772865,frame_007975
117.615703,3.312785,-3.772661,frame_007976
117.712130,3.213633,-3.772364,frame_007977
117.808075,3.113287,-3.771967,frame_007978
117.903555,3.011620,-3.771473,frame_007979
117.998591,2.908506,-3.770883,frame_007980
118.093213,2.805020,-3.770212,frame_007981
118.187454,2.701258,-3.769468,frame_007982
118.281357,2.597325,-3.768660,frame_007983
118.374968,2.493334,-3.767768,frame_007984
118.468342,2.389407,-3.766798,frame_007985
118.561540,2.285674,-3.765758,frame_007986
118.653719,2.181072,-3.764612,frame_007987
118.744785,2.075528,-3.763378,frame_007988
118.834642,1.968964,-3.762073,frame_007989
118.924104,1.862506,-3.760697,frame_007990
119.013243,1.756301,-3.759254,frame_007991
119.102138,1.650503,-3.757748,frame_007992
119.191621,1.544076,-3.756222,frame_007993
119.281629,1.436970,-3.754684,frame_007994
119.372111,1.329135,-3.753141,frame_007995
119.461375,1.220519,-3.751683,frame_007996
119.549383,1.111074,-3.750310,frame_007997
119.636097,1.000748,-3.749019,frame_007998
119.722386,0.890691,-3.747759,frame_007999
119.808381,0.781075,-3.746523,frame_008000
119.894218,0.672081,-3.745308,frame_008001
119.979878,0.563683,-3.744123,frame_008002
120.065187,0.455650,-3.742956,frame_008003
120.149976,0.347761,-3.741797,frame_008004
120.234246,0.238815,-3.740679,frame_008005
120.318164,0.128812,-3.739604,frame_008006
120.401906,0.017754,-3.738574,frame_008007
120.484743,-0.094362,-3.737522,frame_008008
120.566696,-0.207534,-3.736449,frame_008009
120.647782,-0.321762,-3.735358,frame_008010
120.728768,-0.435848,-3.734285,frame_008011
120.809517,-0.549567,-3.733226,frame_008012
120.889898,-0.662691,-3.732177,frame_008013
120.969042,-0.775193,-3.731106,frame_008014
121.046988,-0.887254,-3.730017,frame_008015
121.123772,-0.999046,-3.728911,frame_008016
121.200342,-1.110239,-3.727737,frame_008017
121.276902,-1.221091,-3.726498,frame_008018
121.354226,-1.334067,-3.725189,frame_008019
121.431507,-1.448936,-3.723802,frame_008020
121.508692,-1.565475,-3.722338,frame_008021
121.585729,-1.683468,-3.720799,frame_008022
121.662761,-1.801964,-3.719166,frame_008023
121.739708,-1.920912,-3.717435,frame_008024
121.816496,-2.040264,-3.715603,frame_008025
121.892315,-2.158981,-3.713623,frame_008026
121.967257,-2.277219,-3.711503,frame_008027
122.041420,-2.395126,-3.709250,frame_008028
122.115644,-2.513825,-3.706853,frame_008029
122.189868,-2.633241,-3.704333,frame_008030
122.264039,-2.753298,-3.701713,frame_008031
122.337363,-2.873921,-3.699071,frame_008032
122.409954,-2.995035,-3.696420,frame_008033
122.481927,-3.116564,-3.693773,frame_008034
122.554141,-3.237446,-3.691144,frame_008035
122.626556,-3.357812,-3.688551,frame_008036
122.699137,-3.477783,-3.686008,frame_008037
122.771109,-3.598458,-3.683585,frame_008038
122.842605,-3.719737,-3.681306,frame_008039
122.913758,-3.841519,-3.679196,frame_008040
122.985448,-3.962718,-3.677300,frame_008041
123.057652,-4.083438,-3.675627,frame_008042
123.130355,-4.203775,-3.674183,frame_008043
123.202640,-4.324804,-3.672938,frame_008044
123.274334,-4.446399,-3.671905,frame_008045
123.345268,-4.568435,-3.671094,frame_008046
123.416176,-4.690785,-3.670494,frame_008047
123.487057,-4.813323,-3.670091,frame_008048
123.557913,-4.935925,-3.669871,frame_008049
123.628753,-5.057477,-3.669776,frame_008050
123.699595,-5.178060,-3.669805,frame_008051
123.770459,-5.297745,-3.669955,frame_008052
123.839721,-5.417795,-3.670218,frame_008053
123.907402,-5.538486,-3.670578,frame_008054
123.973520,-5.660096,-3.671020,frame_008055
124.039736,-5.782686,-3.671477,frame_008056
124.106067,-5.906107,-3.671945,frame_008057
124.172536,-6.030207,-3.672423,frame_008058
124.239169,-6.154835,-3.672966,frame_008059
124.306004,-6.279840,-3.673567,frame_008060
124.373080,-6.405072,-3.674223,frame_008061
124.439537,-6.529394,-3.674946,frame_008062
124.505262,-6.652859,-3.675709,frame_008063
124.570140,-6.775514,-3.676484,frame_008064
124.634964,-6.898597,-3.677266,frame_008065
124.699790,-7.022359,-3.678035,frame_008066
124.764676,-7.147052,-3.678770,frame_008067
124.830063,-7.273034,-3.679414,frame_008068
124.895945,-7.400770,-3.679964,frame_008069
124.961647,-7.529506,-3.680490,frame_008070
125.027057,-7.658899,-3.680976,frame_008071
125.092068,-7.788599,-3.681405,frame_008072
125.156578,-7.918251,-3.681759,frame_008073
125.219889,-8.048394,-3.682069,frame_008074
125.281943,-8.178826,-3.682306,frame_008075
125.342685,-8.309346,-3.682445,frame_008076
125.402964,-8.439967,-3.682505,frame_008077
125.462891,-8.570915,-3.682475,frame_008078
125.522585,-8.702416,-3.682348,frame_008079
125.582007,-8.833497,-3.682142,frame_008080
125.640962,-8.964162,-3.681870,frame_008081
125.699266,-9.094407,-3.681543,frame_008082
125.756897,-9.225206,-3.681067,frame_008083
125.814006,-9.356332,-3.680458,frame_008084
125.870747,-9.487558,-3.679731,frame_008085
125.926375,-9.618872,-3.678849,frame_008086
125.980890,-9.750476,-3.677843,frame_008087
126.034291,-9.882570,-3.676743,frame_008088
126.088233,-10.015142,-3.675632,frame_008089
126.142729,-10.147966,-3.674528,frame_008090
126.197802,-10.280815,-3.673448,frame_008091
126.251839,-10.413676,-3.672481,frame_008092
126.304876,-10.546752,-3.671603,frame_008093
126.356953,-10.680242,-3.670795,frame_008094
126.408852,-10.813149,-3.669980,frame_008095
126.460458,-10.945451,-3.669163,frame_008096
126.511657,-11.077119,-3.668350,frame_008097
126.561601,-11.209102,-3.667456,frame_008098
126.610346,-11.341148,-3.666479,frame_008099
126.657949,-11.473005,-3.665420,frame_008100
126.704467,-11.604635,-3.664394,frame_008101
126.749958,-11.736216,-3.663401,frame_008102
126.794478,-11.867922,-3.662440,frame_008103
126.839739,-11.999930,-3.661479,frame_008104
126.885809,-12.132416,-3.660513,frame_008105
126.932772,-12.265556,-3.659535,frame_008106
126.979069,-12.398326,-3.658608,frame_008107
127.024795,-12.530680,-3.657743,frame_008108
127.070046,-12.662564,-3.656951,frame_008109
127.115661,-12.794901,-3.656213,frame_008110
127.161582,-12.927413,-3.655535,frame_008111
127.207754,-13.059825,-3.654924,frame_008112
127.252638,-13.190102,-3.654385,frame_008113
127.296503,-13.318804,-3.653896,frame_008114
127.341290,-13.449436,-3.653372,frame_008115
127.386909,-13.581910,-3.652817,frame_008116
127.433272,-13.716145,-3.652228,frame_008117
127.480304,-13.852070,-3.651601,frame_008118
127.525803,-13.988744,-3.651076,frame_008119
127.569974,-14.126531,-3.650649,frame_008120
127.614690,-14.265476,-3.650170,frame_008121
127.659787,-14.405300,-3.649636,frame_008122
127.705106,-14.545729,-3.649047,frame_008123
127.750492,-14.686484,-3.648400,frame_008124
127.794570,-14.824332,-3.647632,frame_008125
127.837630,-14.959611,-3.646732,frame_008126
127.881632,-15.095594,-3.645692,frame_008127
127.926502,-15.233155,-3.644518,frame_008128
127.972174,-15.372188,-3.643198,frame_008129
128.018591,-15.512597,-3.641722,frame_008130
128.064235,-15.652815,-3.640125,frame_008131
128.109014,-15.793070,-3.638404,frame_008132
128.152829,-15.935067,-3.636551,frame_008133
128.196489,-16.077515,-3.634627,frame_008134
128.240059,-16.220115,-3.632638,frame_008135
128.283607,-16.362564,-3.630591,frame_008136
128.327205,-16.502802,-3.628557,frame_008137
128.370927,-16.641365,-3.626562,frame_008138
128.415410,-16.781732,-3.624630,frame_008139
128.459710,-16.922589,-3.622726,frame_008140
128.503633,-17.063610,-3.620864,frame_008141
128.546983,-17.204467,-3.619063,frame_008142
128.589917,-17.344555,-3.617178,frame_008143
128.632527,-17.484076,-3.615196,frame_008144
128.675471,-17.624709,-3.613072,frame_008145
128.717823,-17.766341,-3.610908,frame_008146
128.759407,-17.908867,-3.608717,frame_008147
128.800047,-18.052190,-3.606511,frame_008148
128.839546,-18.194036,-3.604339,frame_008149
128.878093,-18.334310,-3.602218,frame_008150
128.915878,-18.472905,-3.600167,frame_008151
128.953839,-18.610910,-3.598131,frame_008152
128.992010,-18.748424,-3.596117,frame_008153
129.030432,-18.885548,-3.594136,frame_008154
129.068245,-19.023368,-3.592185,frame_008155
129.105335,-19.161781,-3.590273,frame_008156
129.141588,-19.300689,-3.588410,frame_008157
129.177424,-19.437047,-3.586637,frame_008158
129.212974,-19.571390,-3.584960,frame_008159
129.248748,-19.707198,-3.583378,frame_008160
129.283896,-19.843156,-3.581898,frame_008161
129.318318,-19.978939,-3.580525,frame_008162
129.351167,-20.113232,-3.579247,frame_008163
129.384311,-20.249514,-3.577987,frame_008164
129.418134,-20.388322,-3.576737,frame_008165
129.451917,-20.527595,-3.575578,frame_008166
129.485484,-20.667031,-3.574514,frame_008167
129.518658,-20.806330,-3.573549,frame_008168
129.551263,-20.945188,-3.572684,frame_008169
129.584980,-21.084118,-3.571826,frame_008170
129.620050,-21.223356,-3.570963,frame_008171
129.654683,-21.361344,-3.570168,frame_008172
129.688394,-21.497501,-3.569474,frame_008173
129.721150,-21.631833,-3.568881,frame_008174
129.753281,-21.764826,-3.568360,frame_008175
129.786707,-21.899959,-3.567915,frame_008176
129.821682,-22.037769,-3.567545,frame_008177
129.856431,-22.175209,-3.567252,frame_008178
129.890853,-22.312183,-3.567032,frame_008179
129.924849,-22.448586,-3.566881,frame_008180
129.958502,-22.585291,-3.566794,frame_008181
129.992351,-22.723770,-3.566761,frame_008182
130.026378,-22.864031,-3.566772,frame_008183
130.060573,-23.004291,-3.566822,frame_008184
130.094368,-23.142771,-3.566904,frame_008185
130.127877,-23.279476,-3.567008,frame_008186
130.161588,-23.414892,-3.567110,frame_008187
130.195538,-23.552499,-3.567219,frame_008188
130.229765,-23.692833,-3.567334,frame_008189
130.264378,-23.833834,-3.567452,frame_008190
130.299142,-23.975199,-3.567567,frame_008191
130.333825,-24.116627,-3.567677,frame_008192
130.367642,-24.257816,-3.567800,frame_008193
130.401169,-24.400264,-3.567928,frame_008194
130.434429,-24.544003,-3.568048,frame_008195
130.466765,-24.687277,-3.568191,frame_008196
130.497523,-24.826850,-3.568347,frame_008197
130.526725,-24.963062,-3.568513,frame_008198
130.554761,-25.099186,-3.568669,frame_008199
130.582699,-25.236095,-3.568814,frame_008200
130.610682,-25.373684,-3.568949,frame_008201
130.638859,-25.510871,-3.569100,frame_008202
130.666478,-25.647772,-3.569273,frame_008203
130.693533,-25.784506,-3.569465,frame_008204
130.719270,-25.922175,-3.569690,frame_008205
130.743840,-26.059493,-3.569951,frame_008206
130.767384,-26.196156,-3.570246,frame_008207
130.790786,-26.330878,-3.570550,frame_008208
130.814474,-26.467160,-3.570837,frame_008209
130.838506,-26.605566,-3.571102,frame_008210
130.862490,-26.744060,-3.571344,frame_008211
130.886408,-26.882365,-3.571560,frame_008212
130.910241,-27.020205,-3.571744,frame_008213
130.934130,-27.157517,-3.571898,frame_008214
130.958381,-27.294451,-3.572023,frame_008215
130.983298,-27.431159,-3.572124,frame_008216
131.008797,-27.567577,-3.572219,frame_008217
131.034816,-27.703430,-3.572305,frame_008218
131.061294,-27.838440,-3.572378,frame_008219
131.087420,-27.972330,-3.572433,frame_008220
131.113510,-28.106024,-3.572489,frame_008221
131.139688,-28.239468,-3.572545,frame_008222
131.166818,-28.371628,-3.572586,frame_008223
131.195309,-28.503273,-3.572577,frame_008224
131.225200,-28.634682,-3.572518,frame_008225
131.255335,-28.766523,-3.572432,frame_008226
131.285831,-28.898768,-3.572322,frame_008227
131.316799,-29.031395,-3.572192,frame_008228
131.348344,-29.164392,-3.572050,frame_008229
131.380563,-29.297754,-3.571894,frame_008230
131.413549,-29.431486,-3.571722,frame_008231
131.447161,-29.564401,-3.571531,frame_008232
131.481436,-29.696297,-3.571318,frame_008233
131.516404,-29.826972,-3.571082,frame_008234
131.551338,-29.956227,-3.570767,frame_008235
131.587090,-30.085659,-3.570382,frame_008236
131.623940,-30.215400,-3.569937,frame_008237
131.662452,-30.345981,-3.569398,frame_008238
131.702647,-30.477243,-3.568792,frame_008239
131.744542,-30.609044,-3.568144,frame_008240
131.787610,-30.739810,-3.567473,frame_008241
131.831610,-30.869263,-3.566806,frame_008242
131.876290,-30.997128,-3.566164,frame_008243
131.922068,-31.123139,-3.565540,frame_008244
131.966561,-31.246295,-3.564956,frame_008245
132.010087,-31.366495,-3.564428,frame_008246
132.054801,-31.483638,-3.563953,frame_008247
132.101266,-31.601224,-3.563556,frame_008248
132.149480,-31.719819,-3.563251,frame_008249
132.198238,-31.837400,-3.563075,frame_008250
132.247604,-31.953711,-3.563045,frame_008251
132.297628,-32.068506,-3.563178,frame_008252
132.349468,-32.183238,-3.563497,frame_008253
132.402916,-32.297795,-3.564005,frame_008254
132.457760,-32.412089,-3.564700,frame_008255
132.514695,-32.524849,-3.565562,frame_008256
132.571433,-32.634326,-3.566545,frame_008257
132.628395,-32.740571,-3.567651,frame_008258
132.686196,-32.845820,-3.568941,frame_008259
132.744823,-32.950139,-3.570409,frame_008260
132.804252,-33.053614,-3.572054,frame_008261
132.865190,-33.155144,-3.573816,frame_008262
132.927430,-33.254624,-3.575703,frame_008263
132.990761,-33.351958,-3.577718,frame_008264
133.055126,-33.448259,-3.579932,frame_008265
133.120622,-33.543668,-3.582341,frame_008266
133.187341,-33.638346,-3.584944,frame_008267
133.254462,-33.732253,-3.587712,frame_008268
133.321896,-33.825156,-3.590633,frame_008269
133.389541,-33.916836,-3.593694,frame_008270
133.458191,-34.007093,-3.596845,frame_008271
133.527887,-34.095741,-3.600080,frame_008272
133.598664,-34.182613,-3.603390,frame_008273
133.670389,-34.267772,-3.606832,frame_008274
133.742760,-34.351511,-3.610391,frame_008275
133.815469,-34.434141,-3.614050,frame_008276
133.888365,-34.515775,-3.617765,frame_008277
133.961451,-34.596329,-3.621526,frame_008278
134.034723,-34.675736,-3.625320,frame_008279
134.108172,-34.753945,-3.629139,frame_008280
134.181783,-34.830923,-3.632959,frame_008281
134.255532,-34.906654,-3.636757,frame_008282
134.329391,-34.981137,-3.640471,frame_008283
134.403326,-35.054389,-3.644085,frame_008284
134.477296,-35.126443,-3.647578,frame_008285
134.552905,-35.197350,-3.651031,frame_008286
134.630114,-35.267178,-3.654428,frame_008287
134.708887,-35.336009,-3.657752,frame_008288
134.787542,-35.402744,-3.661044,frame_008289
134.866044,-35.467280,-3.664305,frame_008290
134.944352,-35.529518,-3.667535,frame_008291
135.021965,-35.590658,-3.670756,frame_008292
135.098743,-35.650470,-3.673966,frame_008293
135.174541,-35.708743,-3.677162,frame_008294
135.249947,-35.764299,-3.680352,frame_008295
135.327362,-35.818070,-3.683526,frame_008296
135.406965,-35.870267,-3.686678,frame_008297
135.485937,-35.921116,-3.689822,frame_008298
135.564223,-35.970859,-3.692957,frame_008299
135.641763,-36.019757,-3.696083,frame_008300
135.719398,-36.067873,-3.699182,frame_008301
135.797223,-36.115072,-3.702259,frame_008302
135.875334,-36.161237,-3.705319,frame_008303
135.953209,-36.204682,-3.708364,frame_008304
136.030538,-36.245416,-3.711380,frame_008305
136.107003,-36.283456,-3.714354,frame_008306
136.181540,-36.319804,-3.717267,frame_008307
136.256706,-36.356080,-3.720157,frame_008308
136.332830,-36.392447,-3.723022,frame_008309
136.409632,-36.427892,-3.725821,frame_008310
136.487054,-36.462409,-3.728545,frame_008311
136.565042,-36.496004,-3.731187,frame_008312
136.641892,-36.528705,-3.733797,frame_008313
136.717553,-36.560551,-3.736382,frame_008314
136.791964,-36.591603,-3.738950,frame_008315
136.866711,-36.621935,-3.741492,frame_008316
136.941736,-36.651640,-3.743998,frame_008317
137.016982,-36.680827,-3.746462,frame_008318
137.091658,-36.708422,-3.748840,frame_008319
137.165877,-36.734344,-3.751128,frame_008320
137.239753,-36.758524,-3.753325,frame_008321
137.313401,-36.780897,-3.755499,frame_008322
137.386935,-36.801409,-3.757650,frame_008323
137.460469,-36.820014,-3.759779,frame_008324
137.533955,-36.837875,-3.761844,frame_008325
137.607184,-36.855185,-3.763837,frame_008326
137.679947,-36.872152,-3.765748,frame_008327
137.752196,-36.887803,-3.767586,frame_008328
137.824046,-36.902160,-3.769353,frame_008329
137.895609,-36.915251,-3.771051,frame_008330
137.967748,-36.927115,-3.772662,frame_008331
138.040420,-36.937797,-3.774182,frame_008332
138.113591,-36.947353,-3.775608,frame_008333
138.186486,-36.955844,-3.776972,frame_008334
138.259238,-36.963342,-3.778282,frame_008335
138.331980,-36.969927,-3.779546,frame_008336
138.404685,-36.976674,-3.780783,frame_008337
138.477161,-36.983472,-3.781985,frame_008338
138.549218,-36.990230,-3.783142,frame_008339
138.621574,-36.995886,-3.784234,frame_008340
138.694207,-37.000587,-3.785264,frame_008341
138.767100,-37.004488,-3.786239,frame_008342
138.839499,-37.006553,-3.787125,frame_008343
138.911555,-37.006731,-3.787927,frame_008344
138.983420,-37.004972,-3.788654,frame_008345
139.055086,-37.003412,-3.789364,frame_008346
139.126381,-37.002017,-3.790048,frame_008347
139.197133,-37.000771,-3.790701,frame_008348
139.267334,-36.998686,-3.791290,frame_008349
139.337134,-36.995987,-3.791816,frame_008350
139.406688,-36.992902,-3.792279,frame_008351
139.476892,-36.989458,-3.792721,frame_008352
139.547744,-36.985473,-3.793146,frame_008353
139.619247,-36.980777,-3.793555,frame_008354
139.690502,-36.975419,-3.793865,frame_008355
139.761357,-36.969672,-3.794078,frame_008356
139.831661,-36.963817,-3.794198,frame_008357
139.902169,-36.957929,-3.794255,frame_008358
139.972895,-36.951879,-3.794253,frame_008359
140.043864,-36.945544,-3.794192,frame_008360
140.113449,-36.937826,-3.794050,frame_008361
140.181673,-36.928825,-3.793835,frame_008362
140.248551,-36.918641,-3.793556,frame_008363
140.315747,-36.908362,-3.793223,frame_008364
140.383277,-36.897883,-3.792852,frame_008365
140.451162,-36.887106,-3.792453,frame_008366
140.518897,-36.875698,-3.792017,frame_008367
140.586271,-36.863631,-3.791545,frame_008368
140.653076,-36.850882,-3.791040,frame_008369
140.720015,-36.837435,-3.790536,frame_008370
140.785936,-36.824021,-3.790041,frame_008371
140.851048,-36.810483,-3.789566,frame_008372
140.916307,-36.796182,-3.789067,frame_008373
140.981766,-36.781090,-3.788554,frame_008374
141.047486,-36.765185,-3.788031,frame_008375
141.112625,-36.748455,-3.787487,frame_008376
141.177089,-36.730896,-3.786929,frame_008377
141.240782,-36.712512,-3.786363,frame_008378
141.304517,-36.693315,-3.785825,frame_008379
141.368366,-36.673327,-3.785324,frame_008380
141.432410,-36.652576,-3.784867,frame_008381
141.495826,-36.631101,-3.784435,frame_008382
141.558537,-36.608948,-3.784038,frame_008383
141.620469,-36.586171,-3.783684,frame_008384
141.682451,-36.562832,-3.783359,frame_008385
141.744577,-36.539004,-3.783081,frame_008386
141.806945,-36.514766,-3.782868,frame_008387
141.868751,-36.489007,-3.782692,frame_008388
141.929939,-36.461599,-3.782553,frame_008389
141.990451,-36.432418,-3.782451,frame_008390
142.050977,-36.402538,-3.782485,frame_008391
142.111303,-36.372054,-3.782650,frame_008392
142.171224,-36.341073,-3.782941,frame_008393
142.230702,-36.309707,-3.783430,frame_008394
142.289866,-36.278077,-3.784107,frame_008395
142.348853,-36.246314,-3.784960,frame_008396
142.407644,-36.213357,-3.785887,frame_008397
142.466065,-36.179129,-3.786868,frame_008398
142.523947,-36.143555,-3.787883,frame_008399
142.581290,-36.108745,-3.788928,frame_008400
142.638264,-36.074642,-3.789993,frame_008401
142.695041,-36.041203,-3.791068,frame_008402
142.751641,-36.006217,-3.792138,frame_008403
142.807927,-35.969659,-3.793187,frame_008404
142.863771,-35.931503,-3.794197,frame_008405
142.918301,-35.892925,-3.795175,frame_008406
142.971556,-35.854121,-3.796115,frame_008407
143.023574,-35.815297,-3.797012,frame_008408
143.075139,-35.776453,-3.797847,frame_008409
143.126134,-35.737384,-3.798609,frame_008410
143.176448,-35.697891,-3.799286,frame_008411
143.226883,-35.658002,-3.799892,frame_008412
143.277510,-35.617962,-3.800422,frame_008413
143.328411,-35.578028,-3.800874,frame_008414
143.378774,-35.537263,-3.801237,frame_008415
143.428537,-35.495719,-3.801515,frame_008416
143.477648,-35.453446,-3.801712,frame_008417
143.525605,-35.411779,-3.801817,frame_008418
143.572282,-35.370620,-3.801828,frame_008419
143.617557,-35.329879,-3.801744,frame_008420
143.661312,-35.288491,-3.801535,frame_008421
143.704793,-35.245694,-3.801206,frame_008422
143.748138,-35.201461,-3.800758,frame_008423
143.791339,-35.157346,-3.800200,frame_008424
143.834236,-35.113220,-3.799542,frame_008425
143.876684,-35.068960,-3.798794,frame_008426
143.917804,-35.023467,-3.797952,frame_008427
143.957630,-34.976843,-3.797032,frame_008428
143.996205,-34.929187,-3.796053,frame_008429
144.033574,-34.881586,-3.795030,frame_008430
144.069793,-34.833936,-3.793976,frame_008431
144.104922,-34.786141,-3.792903,frame_008432
144.139772,-34.737125,-3.791846,frame_008433
144.174262,-34.687015,-3.790821,frame_008434
144.208323,-34.635936,-3.789843,frame_008435
144.241150,-34.585001,-3.788999,frame_008436
144.272854,-34.534129,-3.788307,frame_008437
144.303554,-34.483250,-3.787785,frame_008438
144.333373,-34.431315,-3.787396,frame_008439
144.362441,-34.378473,-3.787160,frame_008440
144.390894,-34.324878,-3.787103,frame_008441
144.418714,-34.271664,-3.787171,frame_008442
144.445725,-34.218779,-3.787378,frame_008443
144.471760,-34.166175,-3.787735,frame_008444
144.496819,-34.112829,-3.788179,frame_008445
144.521069,-34.058917,-3.788712,frame_008446
144.544686,-34.004615,-3.789331,frame_008447
144.567689,-33.951086,-3.790128,frame_008448
144.589940,-33.898300,-3.791090,frame_008449
144.611310,-33.846235,-3.792201,frame_008450
144.631837,-33.792694,-3.793415,frame_008451
144.651727,-33.737655,-3.794733,frame_008452
144.671193,-33.681089,-3.796155,frame_008453
144.690291,-33.625145,-3.797700,frame_008454
144.708924,-33.569793,-3.799355,frame_008455
144.726999,-33.515012,-3.801104,frame_008456
144.744593,-33.459803,-3.802899,frame_008457
144.761949,-33.404367,-3.804738,frame_008458
144.779319,-33.348907,-3.806620,frame_008459
144.796798,-33.293409,-3.808494,frame_008460
144.814324,-33.237646,-3.810364,frame_008461
144.831845,-33.181394,-3.812229,frame_008462
144.849313,-33.126610,-3.813886,frame_008463
144.865940,-33.073085,-3.815461,frame_008464
144.881847,-33.020628,-3.816977,frame_008465
144.897154,-32.969061,-3.818481,frame_008466
144.912729,-32.918225,-3.820023,frame_008467
144.928536,-32.867977,-3.821621,frame_008468
144.943801,-32.815021,-3.823341,frame_008469
144.958656,-32.759435,-3.825181,frame_008470
144.973235,-32.701290,-3.827140,frame_008471
144.988418,-32.642836,-3.829264,frame_008472
145.004181,-32.584144,-3.831548,frame_008473
145.020510,-32.525293,-3.833990,frame_008474
145.036487,-32.465173,-3.836596,frame_008475
145.051940,-32.403655,-3.839367,frame_008476
145.066699,-32.340616,-3.842301,frame_008477
145.081500,-32.276144,-3.845455,frame_008478
145.096339,-32.210539,-3.848828,frame_008479
145.111220,-32.144104,-3.852415,frame_008480
145.125407,-32.076927,-3.856229,frame_008481
145.139070,-32.008882,-3.860260,frame_008482
145.152381,-31.939843,-3.864495,frame_008483
145.165349,-31.869899,-3.868975,frame_008484
145.177823,-31.799351,-3.873677,frame_008485
145.189650,-31.728501,-3.878579,frame_008486
145.201585,-31.657437,-3.883588,frame_008487
145.213645,-31.586034,-3.888683,frame_008488
145.225851,-31.514165,-3.893843,frame_008489
145.238232,-31.442906,-3.899097,frame_008490
145.250823,-31.372351,-3.904428,frame_008491
145.263665,-31.302606,-3.909820,frame_008492
145.275898,-31.231599,-3.915277,frame_008493
145.287409,-31.159433,-3.920781,frame_008494
145.298081,-31.086206,-3.926317,frame_008495
145.308710,-31.014192,-3.931880,frame_008496
145.319350,-30.943486,-3.937454,frame_008497
145.330059,-30.874195,-3.943028,frame_008498
145.339998,-30.805230,-3.948518,frame_008499
145.349071,-30.736491,-3.953891,frame_008500
145.357183,-30.667879,-3.959115,frame_008501
145.365147,-30.600492,-3.964194,frame_008502
145.373035,-30.534451,-3.969112,frame_008503
145.380927,-30.469887,-3.973853,frame_008504
145.388001,-30.405738,-3.978356,frame_008505
145.394180,-30.341928,-3.982592,frame_008506
145.399389,-30.278383,-3.986535,frame_008507
145.404459,-30.216226,-3.990112,frame_008508
145.409481,-30.155605,-3.993330,frame_008509
145.414556,-30.096674,-3.996194,frame_008510
145.418878,-30.037411,-3.998750,frame_008511
145.422392,-29.977971,-4.001009,frame_008512
145.425040,-29.918501,-4.002983,frame_008513
145.426765,-29.858926,-4.004869,frame_008514
145.428417,-29.798947,-4.006643,frame_008515
145.430109,-29.738258,-4.008360,frame_008516
145.431956,-29.676546,-4.010067,frame_008517
145.433175,-29.613487,-4.011788,frame_008518
145.433728,-29.548750,-4.013576,frame_008519
145.434485,-29.484396,-4.015298,frame_008520
145.435576,-29.420520,-4.017014,frame_008521
145.437136,-29.357228,-4.018781,frame_008522
145.438402,-29.293433,-4.020704,frame_008523
145.439353,-29.229035,-4.022820,frame_008524
145.439972,-29.163931,-4.025161,frame_008525
145.440238,-29.098023,-4.027735,frame_008526
145.440134,-29.031209,-4.030585,frame_008527
145.439639,-28.963390,-4.033749,frame_008528
145.438735,-28.895663,-4.037357,frame_008529
145.437403,-28.828150,-4.041415,frame_008530
145.435624,-28.760983,-4.045926,frame_008531
145.434286,-28.693098,-4.050889,frame_008532
145.433539,-28.624421,-4.056295,frame_008533
145.433537,-28.554877,-4.062134,frame_008534
145.433536,-28.485588,-4.068412,frame_008535
145.433535,-28.416703,-4.075091,frame_008536
145.433534,-28.348377,-4.082130,frame_008537
145.433532,-28.279573,-4.089569,frame_008538
145.433531,-28.210240,-4.097368,frame_008539
145.433530,-28.140329,-4.105488,frame_008540
145.434275,-28.069788,-4.113879,frame_008541
145.435610,-27.998569,-4.122500,frame_008542
145.437387,-27.926620,-4.131311,frame_008543
145.438717,-27.855091,-4.140259,frame_008544
145.439618,-27.784155,-4.149303,frame_008545
145.440110,-27.713990,-4.158401,frame_008546
145.440213,-27.643587,-4.167528,frame_008547
145.439944,-27.572919,-4.176637,frame_008548
145.439323,-27.501962,-4.185685,frame_008549
145.438369,-27.431677,-4.194602,frame_008550
145.437101,-27.361833,-4.203341,frame_008551
145.435538,-27.292208,-4.211851,frame_008552
145.433699,-27.221601,-4.220135,frame_008553
145.431603,-27.150014,-4.228146,frame_008554
145.429269,-27.077445,-4.235836,frame_008555
145.426717,-27.003896,-4.243187,frame_008556
145.423964,-26.929365,-4.250141,frame_008557
145.421031,-26.853853,-4.256646,frame_008558
145.417936,-26.777361,-4.262779,frame_008559
145.414698,-26.699887,-4.268509,frame_008560
145.411337,-26.621432,-4.273811,frame_008561
145.407870,-26.543196,-4.278560,frame_008562
145.404318,-26.465401,-4.282754,frame_008563
145.400700,-26.388277,-4.286390,frame_008564
145.397780,-26.311851,-4.289489,frame_008565
145.395422,-26.235941,-4.292080,frame_008566
145.393496,-26.160375,-4.294192,frame_008567
145.391132,-26.084005,-4.295765,frame_008568
145.388369,-26.006880,-4.296854,frame_008569
145.385244,-25.929050,-4.297511,frame_008570
145.382541,-25.850567,-4.297890,frame_008571
145.380143,-25.771480,-4.298076,frame_008572
145.377940,-25.691839,-4.298150,frame_008573
145.375080,-25.612681,-4.298092,frame_008574
145.371621,-25.533852,-4.297975,frame_008575
145.367619,-25.455203,-4.297871,frame_008576
145.363132,-25.375611,-4.297824,frame_008577
145.358217,-25.295151,-4.297929,frame_008578
145.352930,-25.213899,-4.298282,frame_008579
145.348076,-25.131930,-4.298780,frame_008580
145.343555,-25.049319,-4.299499,frame_008581
145.339276,-24.966142,-4.300513,frame_008582
145.334407,-24.883461,-4.301853,frame_008583
145.329025,-24.801146,-4.303585,frame_008584
145.323204,-24.719074,-4.305772,frame_008585
145.317768,-24.636147,-4.308405,frame_008586
145.312637,-24.552466,-4.311522,frame_008587
145.307739,-24.468130,-4.315156,frame_008588
145.302259,-24.384228,-4.319287,frame_008589
145.296295,-24.300653,-4.323936,frame_008590
145.289941,-24.217309,-4.329125,frame_008591
145.282383,-24.133123,-4.334861,frame_008592
145.273551,-24.048220,-4.341159,frame_008593
145.263363,-23.962726,-4.348034,frame_008594
145.253388,-23.877752,-4.355513,frame_008595
145.243547,-23.793220,-4.363598,frame_008596
145.233767,-23.709057,-4.372292,frame_008597
145.223236,-23.624215,-4.381570,frame_008598
145.212048,-23.538845,-4.391424,frame_008599
145.200298,-23.453098,-4.401841,frame_008600
145.188828,-23.366910,-4.412841,frame_008601
145.177578,-23.280005,-4.424401,frame_008602
145.166493,-23.192107,-4.436492,frame_008603
145.154781,-23.104138,-4.449026,frame_008604
145.142554,-23.016045,-4.461974,frame_008605
145.129928,-22.927780,-4.475303,frame_008606
145.117016,-22.838321,-4.488898,frame_008607
145.103933,-22.747842,-4.502720,frame_008608
145.090793,-22.656521,-4.516725,frame_008609
145.077710,-22.565520,-4.530884,frame_008610
145.064799,-22.474808,-4.545144,frame_008611
145.052172,-22.384366,-4.559445,frame_008612
145.040692,-22.294180,-4.573827,frame_008613
145.030316,-22.204247,-4.588251,frame_008614
145.021009,-22.114570,-4.602676,frame_008615
145.011090,-22.022976,-4.617157,frame_008616
145.000522,-21.929470,-4.631656,frame_008617
144.989266,-21.834047,-4.646131,frame_008618
144.978182,-21.738880,-4.660639,frame_008619
144.967382,-21.643966,-4.675161,frame_008620
144.956983,-21.549308,-4.689674,frame_008621
144.946189,-21.454920,-4.704179,frame_008622
144.934947,-21.360822,-4.718660,frame_008623
144.923198,-21.267043,-4.733099,frame_008624
144.911781,-21.172421,-4.747524,frame_008625
144.900793,-21.076781,-4.761915,frame_008626
144.890328,-20.979946,-4.776248,frame_008627
144.881227,-20.881953,-4.790576,frame_008628
144.873431,-20.783055,-4.804893,frame_008629
144.866884,-20.683503,-4.819192,frame_008630
144.859887,-20.584534,-4.833466,frame_008631
144.852385,-20.486195,-4.847728,frame_008632
144.844318,-20.388541,-4.861991,frame_008633
144.836527,-20.290433,-4.876331,frame_008634
144.829106,-20.191722,-4.890751,frame_008635
144.822152,-20.092257,-4.905253,frame_008636
144.814852,-19.993085,-4.919781,frame_008637
144.807132,-19.894279,-4.934338,frame_008638
144.798914,-19.795919,-4.948926,frame_008639
144.791765,-19.696891,-4.963637,frame_008640
144.785606,-19.597072,-4.978458,frame_008641
144.780365,-19.496334,-4.993376,frame_008642
144.775228,-19.394766,-5.008362,frame_008643
144.770292,-19.292669,-5.023413,frame_008644
144.765650,-19.190347,-5.038522,frame_008645
144.761236,-19.087886,-5.053728,frame_008646
144.756823,-18.985160,-5.069009,frame_008647
144.752181,-18.882045,-5.084344,frame_008648
144.747244,-18.779614,-5.099714,frame_008649
144.742107,-18.677964,-5.115100,frame_008650
144.736866,-18.577199,-5.130483,frame_008651
144.731453,-18.476233,-5.145847,frame_008652
144.725641,-18.374966,-5.161156,frame_008653
144.719201,-18.273295,-5.176378,frame_008654
144.712812,-18.171122,-5.191540,frame_008655
144.706414,-18.068345,-5.206614,frame_008656
144.699953,-17.964863,-5.221573,frame_008657
144.692636,-17.860790,-5.236495,frame_008658
144.684577,-17.756454,-5.251352,frame_008659
144.675890,-17.652180,-5.266116,frame_008660
144.667435,-17.548082,-5.280712,frame_008661
144.659171,-17.444060,-5.295119,frame_008662
144.651063,-17.340012,-5.309315,frame_008663
144.642175,-17.235839,-5.323347,frame_008664
144.632316,-17.131439,-5.337193,frame_008665
144.621296,-17.026713,-5.350832,frame_008666
144.609833,-16.922758,-5.364212,frame_008667
144.597905,-16.819698,-5.377313,frame_008668
144.585494,-16.717661,-5.390112,frame_008669
144.572593,-16.615587,-5.402577,frame_008670
144.559198,-16.513399,-5.414703,frame_008671
144.545312,-16.411023,-5.426487,frame_008672
144.530944,-16.308382,-5.437910,frame_008673
144.516111,-16.205403,-5.448979,frame_008674
144.500834,-16.102008,-5.459705,frame_008675
144.485142,-15.998122,-5.470028,frame_008676
144.469070,-15.893670,-5.479964,frame_008677
144.452660,-15.788577,-5.489526,frame_008678
144.435051,-15.683967,-5.498733,frame_008679
144.416128,-15.579987,-5.507603,frame_008680
144.395779,-15.476792,-5.516160,frame_008681
144.375541,-15.372359,-5.524526,frame_008682
144.355314,-15.266843,-5.532730,frame_008683
144.335010,-15.160392,-5.540801,frame_008684
144.313805,-15.055115,-5.548786,frame_008685
144.291792,-14.950733,-5.556692,frame_008686
144.269069,-14.846971,-5.564524,frame_008687
144.246487,-14.741595,-5.572369,frame_008688
144.224002,-14.634759,-5.580235,frame_008689
144.201581,-14.526610,-5.588132,frame_008690
144.177552,-14.418272,-5.596012,frame_008691
144.151896,-14.309670,-5.603865,frame_008692
144.124593,-14.200728,-5.611685,frame_008693
144.097280,-14.092571,-5.619516,frame_008694
144.069948,-13.985346,-5.627358,frame_008695
144.042606,-13.879207,-5.635212,frame_008696
144.014363,-13.772133,-5.643081,frame_008697
143.985083,-13.664278,-5.650941,frame_008698
143.954637,-13.555790,-5.658776,frame_008699
143.923809,-13.447791,-5.666559,frame_008700
143.892648,-13.340208,-5.674279,frame_008701
143.861220,-13.232965,-5.681928,frame_008702
143.827945,-13.125985,-5.689411,frame_008703
143.792901,-13.019195,-5.696721,frame_008704
143.756163,-12.912517,-5.703855,frame_008705
143.718553,-12.805877,-5.710841,frame_008706
143.679993,-12.699200,-5.717666,frame_008707
143.640408,-12.592410,-5.724315,frame_008708
143.600641,-12.485644,-5.730659,frame_008709
143.560800,-12.379256,-5.736683,frame_008710
143.521003,-12.273597,-5.742377,frame_008711
143.480478,-12.168807,-5.747745,frame_008712
143.439202,-12.064808,-5.752787,frame_008713
143.397159,-11.961527,-5.757505,frame_008714
143.354340,-11.858887,-5.761840,frame_008715
143.310741,-11.756814,-5.765788,frame_008716
143.266365,-11.655230,-5.769348,frame_008717
143.221223,-11.554062,-5.772501,frame_008718
143.175329,-11.453234,-5.775249,frame_008719
143.128707,-11.352669,-5.777598,frame_008720
143.081384,-11.251307,-5.779604,frame_008721
143.033396,-11.149278,-5.781280,frame_008722
142.984784,-11.046703,-5.782638,frame_008723
142.935595,-10.944681,-5.783761,frame_008724
142.885883,-10.843112,-5.784664,frame_008725
142.835709,-10.741896,-5.785362,frame_008726
142.785139,-10.640930,-5.785881,frame_008727
142.734246,-10.540116,-5.786256,frame_008728
142.683110,-10.439352,-5.786524,frame_008729
142.632562,-10.338538,-5.786734,frame_008730
142.582538,-10.237573,-5.786927,frame_008731
142.532988,-10.136356,-5.787148,frame_008732
142.482220,-10.035001,-5.787417,frame_008733
142.430196,-9.933835,-5.787770,frame_008734
142.376878,-9.833184,-5.788245,frame_008735
142.323136,-9.731962,-5.788765,frame_008736
142.269099,-9.629847,-5.789358,frame_008737
142.214905,-9.526506,-5.790050,frame_008738
142.159787,-9.423015,-5.790843,frame_008739
142.103728,-9.319674,-5.791750,frame_008740
142.046707,-9.216786,-5.792784,frame_008741
141.990360,-9.114439,-5.793865,frame_008742
141.934681,-9.012508,-5.795011,frame_008743
141.879675,-8.910865,-5.796241,frame_008744
141.823708,-8.809386,-5.797577,frame_008745
141.766799,-8.707945,-5.799030,frame_008746
141.708967,-8.606415,-5.800607,frame_008747
141.650978,-8.504886,-5.802214,frame_008748
141.592694,-8.403658,-5.803846,frame_008749
141.533985,-8.303035,-5.805500,frame_008750
141.473983,-8.203103,-5.807199,frame_008751
141.412724,-8.103737,-5.808936,frame_008752
141.350248,-8.004811,-5.810703,frame_008753
141.288245,-7.905214,-5.812534,frame_008754
141.226767,-7.805025,-5.814429,frame_008755
141.165877,-7.704315,-5.816386,frame_008756
141.103998,-7.604133,-5.818339,frame_008757
141.041205,-7.504328,-5.820275,frame_008758
140.977574,-7.404751,-5.822178,frame_008759
140.913929,-7.305462,-5.824106,frame_008760
140.850189,-7.206739,-5.826049,frame_008761
140.786281,-7.108859,-5.827998,frame_008762
140.721394,-7.011885,-5.829964,frame_008763
140.655621,-6.915665,-5.831941,frame_008764
140.589059,-6.820049,-5.833925,frame_008765
140.522549,-6.723900,-5.835919,frame_008766
140.456029,-6.627272,-5.837919,frame_008767
140.389446,-6.530211,-5.839923,frame_008768
140.322754,-6.433742,-5.841903,frame_008769
140.255909,-6.337687,-5.843868,frame_008770
140.188878,-6.241872,-5.845829,frame_008771
140.121632,-6.146333,-5.847767,frame_008772
140.054149,-6.051323,-5.849691,frame_008773
139.986413,-5.957092,-5.851613,frame_008774
139.918414,-5.862693,-5.853516,frame_008775
139.850149,-5.768155,-5.855400,frame_008776
139.781622,-5.673498,-5.857261,frame_008777
139.712096,-5.578736,-5.859140,frame_008778
139.641741,-5.483872,-5.861040,frame_008779
139.570731,-5.388903,-5.862968,frame_008780
139.499073,-5.294801,-5.864889,frame_008781
139.426616,-5.201341,-5.866817,frame_008782
139.353207,-5.108297,-5.868761,frame_008783
139.280349,-5.015654,-5.870701,frame_008784
139.207901,-4.923616,-5.872645,frame_008785
139.135736,-4.832382,-5.874599,frame_008786
139.062995,-4.740955,-5.876608,frame_008787
138.989731,-4.649313,-5.878677,frame_008788
138.916005,-4.557427,-5.880813,frame_008789
138.841883,-4.466459,-5.882960,frame_008790
138.767438,-4.376585,-5.885121,frame_008791
138.692749,-4.287982,-5.887301,frame_008792
138.616995,-4.199625,-5.889591,frame_008793
138.540099,-4.111469,-5.891999,frame_008794
138.461985,-4.023459,-5.894533,frame_008795
138.383485,-3.935532,-5.897158,frame_008796
138.304690,-3.847616,-5.899876,frame_008797
138.225700,-3.759633,-5.902689,frame_008798
138.146456,-3.672693,-5.905613,frame_008799
138.066747,-3.586924,-5.908653,frame_008800
137.986366,-3.502449,-5.911815,frame_008801
137.905275,-3.418197,-5.915085,frame_008802
137.823604,-3.334069,-5.918464,frame_008803
137.741490,-3.249961,-5.921951,frame_008804
137.658914,-3.165974,-5.925513,frame_008805
137.575700,-3.082414,-5.929156,frame_008806
137.491682,-2.999579,-5.932887,frame_008807
137.406859,-2.917543,-5.936754,frame_008808
137.321399,-2.836160,-5.940753,frame_008809
137.235476,-2.755276,-5.944878,frame_008810
137.148364,-2.675926,-5.949076,frame_008811
137.060082,-2.598161,-5.953341,frame_008812
136.970649,-2.522032,-5.957667,frame_008813
136.881737,-2.445401,-5.962074,frame_008814
136.793378,-2.368304,-5.966549,frame_008815
136.705616,-2.290756,-5.971078,frame_008816
136.617602,-2.214944,-5.975655,frame_008817
136.529236,-2.140867,-5.980264,frame_008818
136.440427,-2.068527,-5.984886,frame_008819
136.350342,-1.995736,-5.989547,frame_008820
136.259059,-1.922478,-5.994242,frame_008821
136.166653,-1.848720,-5.998963,frame_008822
136.073947,-1.776597,-6.003714,frame_008823
135.980860,-1.706058,-6.008494,frame_008824
135.887321,-1.637054,-6.013300,frame_008825
135.793262,-1.568548,-6.018135,frame_008826
135.698623,-1.500696,-6.022985,frame_008827
135.603351,-1.433643,-6.027840,frame_008828
135.507559,-1.368515,-6.032694,frame_008829
135.411530,-1.305235,-6.037533,frame_008830
135.315552,-1.243729,-6.042343,frame_008831
135.219759,-1.181736,-6.047143,frame_008832
135.124128,-1.119162,-6.051927,frame_008833
135.028644,-1.055898,-6.056692,frame_008834
134.932389,-0.993020,-6.061442,frame_008835
134.835192,-0.930606,-6.066176,frame_008836
134.736882,-0.868728,-6.070891,frame_008837
134.637449,-0.808434,-6.075572,frame_008838
134.537045,-0.749575,-6.080211,frame_008839
134.435824,-0.691999,-6.084801,frame_008840
134.334682,-0.634568,-6.089376,frame_008841
134.233617,-0.577338,-6.093932,frame_008842
134.132632,-0.520354,-6.098466,frame_008843
134.031736,-0.463655,-6.102962,frame_008844
133.930946,-0.407269,-6.107409,frame_008845
133.830283,-0.351218,-6.111794,frame_008846
133.729776,-0.295514,-6.116101,frame_008847
133.629460,-0.240162,-6.120325,frame_008848
133.529376,-0.185156,-6.124461,frame_008849
133.428665,-0.131471,-6.128525,frame_008850
133.327211,-0.078881,-6.132513,frame_008851
133.224901,-0.027158,-6.136422,frame_008852
133.122528,0.024909,-6.140240,frame_008853
133.020146,0.077342,-6.143968,frame_008854
132.917816,0.130170,-6.147605,frame_008855
132.814695,0.182230,-6.151195,frame_008856
132.710690,0.233348,-6.154745,frame_008857
132.605705,0.283345,-6.158267,frame_008858
132.500552,0.333248,-6.161724,frame_008859
132.395305,0.383100,-6.165116,frame_008860
132.290043,0.432958,-6.168442,frame_008861
132.184851,0.482884,-6.171725,frame_008862
132.079821,0.532949,-6.174972,frame_008863
131.975053,0.583232,-6.178193,frame_008864
131.869741,0.632623,-6.181373,frame_008865
131.763831,0.680995,-6.184513,frame_008866
131.657264,0.728222,-6.187616,frame_008867
131.549983,0.776365,-6.190699,frame_008868
131.441931,0.825314,-6.193758,frame_008869
131.333052,0.874978,-6.196789,frame_008870
131.224195,0.923095,-6.199789,frame_008871
131.115473,0.969590,-6.202760,frame_008872
131.007001,1.014386,-6.205703,frame_008873
130.897997,1.058609,-6.208656,frame_008874
130.788422,1.102405,-6.211618,frame_008875
130.678238,1.145929,-6.214589,frame_008876
130.567407,1.188145,-6.217484,frame_008877
130.455891,1.229003,-6.220309,frame_008878
130.343651,1.268452,-6.223070,frame_008879
130.231559,1.308628,-6.225762,frame_008880
130.119742,1.349497,-6.228392,frame_008881
130.008339,1.391044,-6.230963,frame_008882
129.897330,1.431080,-6.233509,frame_008883
129.786540,1.469608,-6.236033,frame_008884
129.675802,1.506626,-6.238539,frame_008885
129.564207,1.543121,-6.241021,frame_008886
129.451756,1.578887,-6.243487,frame_008887
129.338448,1.613728,-6.245941,frame_008888
129.225192,1.647668,-6.248380,frame_008889
129.112156,1.680954,-6.250808,frame_008890
128.999513,1.713843,-6.253230,frame_008891
128.886538,1.746385,-6.255640,frame_008892
128.773248,1.778425,-6.258042,frame_008893
128.659663,1.809816,-6.260438,frame_008894
128.546549,1.840419,-6.262811,frame_008895
128.433768,1.870105,-6.265159,frame_008896
128.321191,1.898753,-6.267482,frame_008897
128.207948,1.925261,-6.269801,frame_008898
128.094076,1.949733,-6.272119,frame_008899
127.979615,1.972267,-6.274439,frame_008900
127.864602,1.996137,-6.276771,frame_008901
127.749076,2.021255,-6.279114,frame_008902
127.633073,2.047557,-6.281464,frame_008903
127.516633,2.071835,-6.283812,frame_008904
127.399793,2.094263,-6.286164,frame_008905
127.282591,2.115019,-6.288522,frame_008906
127.165812,2.135264,-6.290926,frame_008907
127.049339,2.154969,-6.293372,frame_008908
126.933059,2.174113,-6.295859,frame_008909
126.816123,2.193670,-6.298362,frame_008910
126.698587,2.213429,-6.300881,frame_008911
126.580509,2.233199,-6.303412,frame_008912
126.461946,2.251816,-6.305983,frame_008913
126.342954,2.269328,-6.308590,frame_008914
126.223592,2.285788,-6.311230,frame_008915
126.104661,2.301259,-6.313907,frame_008916
125.986064,2.315813,-6.316615,frame_008917
125.867709,2.329529,-6.319345,frame_008918
125.748764,2.341296,-6.322032,frame_008919
125.629305,2.350987,-6.324669,frame_008920
125.509409,2.358477,-6.327250,frame_008921
125.389151,2.364840,-6.329806,frame_008922
125.268607,2.370173,-6.332326,frame_008923
125.147855,2.374580,-6.334802,frame_008924
125.027715,2.378174,-6.337183,frame_008925
124.908108,2.381078,-6.339455,frame_008926
124.788962,2.383420,-6.341607,frame_008927
124.669464,2.386326,-6.343707,frame_008928
124.549709,2.389737,-6.345752,frame_008929
124.429792,2.393611,-6.347737,frame_008930
124.310555,2.395736,-6.349624,frame_008931
124.191937,2.396088,-6.351418,frame_008932
124.073884,2.394641,-6.353125,frame_008933
123.954695,2.392570,-6.354728,frame_008934
123.834316,2.390073,-6.356230,frame_008935
123.712686,2.387354,-6.357633,frame_008936
123.590648,2.384414,-6.358925,frame_008937
123.468295,2.381047,-6.360114,frame_008938
123.345724,2.377056,-6.361213,frame_008939
123.223775,2.372466,-6.362266,frame_008940
123.102388,2.367525,-6.363277,frame_008941
122.981509,2.362489,-6.364249,frame_008942
122.860345,2.357407,-6.365170,frame_008943
122.739009,2.352125,-6.366046,frame_008944
122.617616,2.346495,-6.366887,frame_008945
122.495373,2.339394,-6.367709,frame_008946
122.372225,2.330897,-6.368519,frame_008947
122.248112,2.321079,-6.369325,frame_008948
122.124622,2.312202,-6.370134,frame_008949
122.001694,2.304358,-6.370954,frame_008950
121.879273,2.297656,-6.371792,frame_008951
121.756567,2.289822,-6.372645,frame_008952
121.633690,2.280555,-6.373516,frame_008953
121.510756,2.269551,-6.374407,frame_008954
121.387879,2.258910,-6.375325,frame_008955
121.265174,2.248773,-6.376282,frame_008956
121.142753,2.239301,-6.377289,frame_008957
121.020571,2.228483,-6.378324,frame_008958
120.898417,2.216495,-6.379389,frame_008959
120.776083,2.203513,-6.380485,frame_008960
120.653520,2.189500,-6.381625,frame_008961
120.530843,2.174205,-6.382814,frame_008962
120.408165,2.157374,-6.384056,frame_008963
120.286349,2.139958,-6.385332,frame_008964
120.165351,2.121926,-6.386644,frame_008965
120.045137,2.103257,-6.387992,frame_008966
119.924025,2.083940,-6.389363,frame_008967
119.801979,2.063969,-6.390751,frame_008968
119.678960,2.043349,-6.392150,frame_008969
119.555826,2.022093,-6.393569,frame_008970
119.432692,2.000222,-6.395011,frame_008971
119.309673,1.977764,-6.396480,frame_008972
119.187628,1.954758,-6.397937,frame_008973
119.066516,1.931249,-6.399382,frame_008974
118.946302,1.907293,-6.400813,frame_008975
118.825304,1.882952,-6.402257,frame_008976
118.703487,1.858298,-6.403711,frame_008977
118.580810,1.833409,-6.405170,frame_008978
118.458133,1.807174,-6.406574,frame_008979
118.335571,1.779468,-6.407921,frame_008980
118.213236,1.750165,-6.409209,frame_008981
118.091083,1.720338,-6.410490,frame_008982
117.968901,1.690085,-6.411767,frame_008983
117.846481,1.659509,-6.413042,frame_008984
117.723775,1.629711,-6.414319,frame_008985
117.600899,1.600606,-6.415601,frame_008986
117.477965,1.572128,-6.416890,frame_008987
117.355088,1.542040,-6.418213,frame_008988
117.232383,1.510291,-6.419579,frame_008989
117.109963,1.476832,-6.420998,frame_008990
116.987781,1.442812,-6.422623,frame_008991
116.865627,1.408403,-6.424417,frame_008992
116.743293,1.373785,-6.426345,frame_008993
116.620730,1.338933,-6.428296,frame_008994
116.498054,1.303616,-6.430260,frame_008995
116.375377,1.267613,-6.432228,frame_008996
116.252814,1.230923,-6.434219,frame_008997
116.130480,1.193768,-6.436214,frame_008998
116.008488,1.156380,-6.438198,frame_008999
115.886792,1.118783,-6.440137,frame_009000
115.765181,1.080796,-6.442021,frame_009001
115.643446,1.042249,-6.443839,frame_009002
115.521540,1.001991,-6.445605,frame_009003
115.399577,0.960073,-6.447303,frame_009004
115.277671,0.916545,-6.448913,frame_009005
115.155936,0.872443,-6.450396,frame_009006
115.034487,0.827613,-6.451750,frame_009007
114.913437,0.781907,-6.452972,frame_009008
114.791994,0.735401,-6.454050,frame_009009
114.670103,0.688393,-6.454980,frame_009010
114.547703,0.641189,-6.455761,frame_009011
114.426383,0.593889,-6.456391,frame_009012
114.306081,0.546389,-6.456867,frame_009013
114.186744,0.498592,-6.457190,frame_009014
114.065925,0.450410,-6.457331,frame_009015
113.943725,0.401763,-6.457298,frame_009016
113.820232,0.352581,-6.457096,frame_009017
113.697178,0.302800,-6.456720,frame_009018
113.574637,0.252366,-6.456176,frame_009019
113.452686,0.201232,-6.455467,frame_009020
113.332147,0.148375,-6.454621,frame_009021
113.212941,0.093972,-6.453647,frame_009022
113.094995,0.038197,-6.452555,frame_009023
112.976588,-0.017787,-6.451366,frame_009024
112.857647,-0.074008,-6.450092,frame_009025
112.738094,-0.130489,-6.448745,frame_009026
112.618751,-0.187242,-6.447283,frame_009027
112.499692,-0.244270,-6.445723,frame_009028
112.380996,-0.301570,-6.444081,frame_009029
112.262737,-0.359129,-6.442418,frame_009030
112.144991,-0.416926,-6.440760,frame_009031
112.027836,-0.474932,-6.439131,frame_009032
111.910439,-0.533109,-6.437538,frame_009033
111.792709,-0.591411,-6.436008,frame_009034
111.674546,-0.649784,-6.434565,frame_009035
111.556755,-0.708378,-6.433272,frame_009036
111.439391,-0.767549,-6.432148,frame_009037
111.322513,-0.827647,-6.431213,frame_009038
111.205432,-0.888795,-6.430506,frame_009039
111.088359,-0.950899,-6.430047,frame_009040
110.971501,-1.013854,-6.429857,frame_009041
110.854897,-1.077545,-6.429715,frame_009042
110.738415,-1.141851,-6.429603,frame_009043
110.621921,-1.206644,-6.429505,frame_009044
110.506178,-1.271997,-6.429539,frame_009045
110.391205,-1.338192,-6.429705,frame_009046
110.277023,-1.405501,-6.429999,frame_009047
110.163649,-1.473975,-6.430388,frame_009048
110.051103,-1.543442,-6.430860,frame_009049
109.939404,-1.613722,-6.431403,frame_009050
109.826917,-1.684839,-6.432017,frame_009051
109.713649,-1.757024,-6.432697,frame_009052
109.599592,-1.830500,-6.433434,frame_009053
109.485637,-1.904280,-6.434223,frame_009054
109.371919,-1.978348,-6.435040,frame_009055
109.258568,-2.052670,-6.435858,frame_009056
109.146454,-2.129382,-6.436743,frame_009057
109.035539,-2.208433,-6.437672,frame_009058
108.925785,-2.289774,-6.438621,frame_009059
108.816408,-2.371167,-6.439588,frame_009060
108.707525,-2.452546,-6.440546,frame_009061
108.599247,-2.533827,-6.441471,frame_009062
108.490771,-2.616109,-6.442348,frame_009063
108.382028,-2.699497,-6.443152,frame_009064
108.272934,-2.784087,-6.443858,frame_009065
108.165211,-2.869968,-6.444492,frame_009066
108.059086,-2.957219,-6.445034,frame_009067
107.954788,-3.045912,-6.445463,frame_009068
107.851637,-3.135122,-6.445735,frame_009069
107.749695,-3.225111,-6.445836,frame_009070
107.649014,-3.316121,-6.445756,frame_009071
107.547988,-3.408165,-6.445466,frame_009072
107.446647,-3.501025,-6.444961,frame_009073
107.344999,-3.594466,-6.444235,frame_009074
107.244690,-3.688451,-6.443256,frame_009075
107.145702,-3.783138,-6.442026,frame_009076
107.048014,-3.878670,-6.440548,frame_009077
106.951597,-3.976159,-6.438867,frame_009078
106.856416,-4.075509,-6.436994,frame_009079
106.762431,-4.176615,-6.434941,frame_009080
106.668847,-4.279364,-6.432648,frame_009081
106.575767,-4.383633,-6.430145,frame_009082
106.483278,-4.489294,-6.427459,frame_009083
106.392203,-4.595221,-6.424621,frame_009084
106.302450,-4.701474,-6.421662,frame_009085
106.213921,-4.808094,-6.418616,frame_009086
106.126510,-4.917292,-6.415489,frame_009087
106.040108,-5.029094,-6.412303,frame_009088
105.954596,-5.143525,-6.409078,frame_009089
105.870013,-5.258424,-6.405834,frame_009090
105.786553,-5.373799,-6.402588,frame_009091
105.704401,-5.489642,-6.399358,frame_009092
105.623578,-5.606913,-6.396181,frame_009093
105.543934,-5.725366,-6.393079,frame_009094
105.465314,-5.844745,-6.390074,frame_009095
105.386810,-5.964999,-6.387147,frame_009096
105.308409,-6.086284,-6.384321,frame_009097
105.230087,-6.208746,-6.381616,frame_009098
105.152550,-6.331324,-6.379096,frame_009099
105.075593,-6.453925,-6.376768,frame_009100
104.999004,-6.576441,-6.374641,frame_009101
104.923471,-6.700931,-6.372788,frame_009102
104.848937,-6.827271,-6.371206,frame_009103
104.775344,-6.955333,-6.369897,frame_009104
104.701891,-7.084007,-6.368906,frame_009105
104.628675,-7.213372,-6.368203,frame_009106
104.555788,-7.343499,-6.367760,frame_009107
104.483155,-7.473251,-6.367527,frame_009108
104.410530,-7.602460,-6.367467,frame_009109
104.337664,-7.730943,-6.367543,frame_009110
104.265206,-7.860683,-6.367735,frame_009111
104.193063,-7.991480,-6.367999,frame_009112
104.121139,-8.123132,-6.368289,frame_009113
104.049338,-8.254453,-6.368553,frame_009114
103.977566,-8.385445,-6.368748,frame_009115
103.905727,-8.516105,-6.368831,frame_009116
103.832981,-8.646421,-6.368749,frame_009117
103.759387,-8.776371,-6.368455,frame_009118
103.684999,-8.905926,-6.367904,frame_009119
103.610611,-9.037234,-6.367078,frame_009120
103.536110,-9.170267,-6.365940,frame_009121
103.461379,-9.305002,-6.364457,frame_009122
103.387214,-9.439242,-6.362672,frame_009123
103.313669,-9.572965,-6.360546,frame_009124
103.240802,-9.706143,-6.358044,frame_009125
103.167774,-9.839937,-6.355117,frame_009126
103.094489,-9.974523,-6.351749,frame_009127
103.020852,-10.110078,-6.347924,frame_009128
102.947513,-10.245577,-6.343646,frame_009129
102.874223,-10.380975,-6.338897,frame_009130
102.800737,-10.516217,-6.333664,frame_009131
102.726232,-10.652226,-6.328029,frame_009132
102.650957,-10.788726,-6.321995,frame_009133
102.575159,-10.925439,-6.315568,frame_009134
102.498923,-11.062304,-6.308750,frame_009135
102.422173,-11.199470,-6.301557,frame_009136
102.344833,-11.337090,-6.294007,frame_009137
102.267573,-11.474113,-6.286101,frame_009138
102.190161,-11.610468,-6.277858,frame_009139
102.112373,-11.746076,-6.269301,frame_009140
102.034151,-11.882050,-6.260388,frame_009141
101.955605,-12.018513,-6.251157,frame_009142
101.876855,-12.155593,-6.241644,frame_009143
101.797114,-12.293202,-6.231959,frame_009144
101.716346,-12.431037,-6.222129,frame_009145
101.634513,-12.568796,-6.212181,frame_009146
101.552483,-12.706392,-6.202133,frame_009147
101.470388,-12.843950,-6.192029,frame_009148
101.388362,-12.981596,-6.181915,frame_009149
101.305642,-13.119456,-6.171793,frame_009150
101.222209,-13.257655,-6.161700,frame_009151
101.138043,-13.396320,-6.151671,frame_009152
101.053125,-13.534376,-6.141778,frame_009153
100.967436,-13.671727,-6.132031,frame_009154
100.880958,-13.808268,-6.122441,frame_009155
100.794579,-13.945086,-6.112891,frame_009156
100.708447,-14.082281,-6.103379,frame_009157
100.622719,-14.219954,-6.093900,frame_009158
100.536649,-14.358205,-6.084386,frame_009159
100.450236,-14.497136,-6.074843,frame_009160
100.363480,-14.636847,-6.065274,frame_009161
100.276382,-14.776238,-6.055556,frame_009162
100.188942,-14.915188,-6.045704,frame_009163
100.101159,-15.053567,-6.035737,frame_009164
100.013779,-15.193422,-6.025680,frame_009165
99.926647,-15.334625,-6.015549,frame_009166
99.839614,-15.477052,-6.005358,frame_009167
99.752700,-15.619605,-5.995094,frame_009168
99.666090,-15.762385,-5.984772,frame_009169
99.579979,-15.905492,-5.974409,frame_009170
99.493659,-16.047826,-5.964031,frame_009171
99.407167,-16.189266,-5.953655,frame_009172
99.320542,-16.329683,-5.943298,frame_009173
99.233822,-16.470137,-5.932921,frame_009174
99.147045,-16.610705,-5.922525,frame_009175
99.060249,-16.751461,-5.912114,frame_009176
98.973472,-16.892481,-5.901749,frame_009177
98.886751,-17.033841,-5.891441,frame_009178
98.800127,-17.175616,-5.881197,frame_009179
98.713473,-17.318868,-5.871004,frame_009180
98.626506,-17.463466,-5.860865,frame_009181
98.538939,-17.609290,-5.850784,frame_009182
98.451557,-17.754039,-5.840745,frame_009183
98.364565,-17.897592,-5.830749,frame_009184
98.278177,-18.039820,-5.820800,frame_009185
98.192449,-18.182770,-5.810875,frame_009186
98.107283,-18.326312,-5.800988,frame_009187
98.022587,-18.470324,-5.791154,frame_009188
97.936622,-18.613707,-5.781421,frame_009189
97.849295,-18.756562,-5.771792,frame_009190
97.760509,-18.898990,-5.762272,frame_009191
97.671813,-19.042076,-5.752939,frame_009192
97.583107,-19.185717,-5.743805,frame_009193
97.494301,-19.329815,-5.734885,frame_009194
97.405308,-19.473084,-5.726104,frame_009195
97.316049,-19.615220,-5.717461,frame_009196
97.226452,-19.755923,-5.708953,frame_009197
97.136449,-19.895103,-5.700620,frame_009198
97.045980,-20.032888,-5.692464,frame_009199
96.954992,-20.169402,-5.684491,frame_009200
96.863437,-20.305758,-5.676628,frame_009201
96.771274,-20.441875,-5.668887,frame_009202
96.678467,-20.577683,-5.661276,frame_009203
96.584989,-20.713119,-5.653704,frame_009204
96.490816,-20.848128,-5.646152,frame_009205
96.395934,-20.982664,-5.638601,frame_009206
96.301078,-21.116690,-5.631023,frame_009207
96.206091,-21.250175,-5.623402,frame_009208
96.110825,-21.383099,-5.615720,frame_009209
96.014403,-21.516436,-5.607966,frame_009210
95.916858,-21.649976,-5.600138,frame_009211
95.818232,-21.783526,-5.592232,frame_009212
95.718573,-21.915924,-5.584325,frame_009213
95.617935,-22.047216,-5.576435,frame_009214
95.516377,-22.177457,-5.568580,frame_009215
95.413805,-22.305508,-5.560711,frame_009216
95.309969,-22.431221,-5.552855,frame_009217
95.204623,-22.554443,-5.545033,frame_009218
95.097691,-22.677209,-5.537227,frame_009219
94.989267,-22.799387,-5.529474,frame_009220
94.879447,-22.920857,-5.521807,frame_009221
94.769084,-23.040534,-5.514243,frame_009222
94.658131,-23.158538,-5.506816,frame_009223
94.546559,-23.275001,-5.499558,frame_009224
94.433600,-23.390060,-5.492488,frame_009225
94.319406,-23.503862,-5.485634,frame_009226
94.204130,-23.616562,-5.479019,frame_009227
94.088681,-23.728324,-5.472672,frame_009228
93.973072,-23.839320,-5.466607,frame_009229
93.857328,-23.949729,-5.460836,frame_009230
93.739833,-24.059527,-5.455323,frame_009231
93.620625,-24.168484,-5.450087,frame_009232
93.499742,-24.276376,-5.445141,frame_009233
93.378877,-24.383204,-5.440588,frame_009234
93.258079,-24.489190,-5.436423,frame_009235
93.137413,-24.594565,-5.432638,frame_009236
93.015300,-24.698368,-5.429253,frame_009237
92.891818,-24.800623,-5.426273,frame_009238
92.767041,-24.901357,-5.423700,frame_009239
92.641954,-25.002780,-5.421512,frame_009240
92.516801,-25.104934,-5.419697,frame_009241
92.391832,-25.207879,-5.418242,frame_009242
92.267144,-25.309502,-5.417131,frame_009243
92.142674,-25.409880,-5.416342,frame_009244
92.018371,-25.509089,-5.415854,frame_009245
91.894185,-25.608189,-5.415624,frame_009246
91.770076,-25.707051,-5.415632,frame_009247
91.646009,-25.805554,-5.415853,frame_009248
91.521209,-25.903797,-5.416262,frame_009249
91.395810,-26.002104,-5.416831,frame_009250
91.269945,-26.100806,-5.417530,frame_009251
91.144492,-26.200029,-5.418419,frame_009252
91.019430,-26.299692,-5.419473,frame_009253
90.894744,-26.399726,-5.420662,frame_009254
90.770422,-26.499080,-5.421900,frame_009255
90.646463,-26.597906,-5.423161,frame_009256
90.522869,-26.696355,-5.424416,frame_009257
90.397996,-26.795564,-5.425708,frame_009258
90.271848,-26.895477,-5.427000,frame_009259
90.144421,-26.996050,-5.428251,frame_009260
90.017359,-27.096044,-5.429438,frame_009261
89.890659,-27.195208,-5.430536,frame_009262
89.764325,-27.293290,-5.431520,frame_009263
89.637620,-27.391239,-5.432413,frame_009264
89.510715,-27.489026,-5.433189,frame_009265
89.383781,-27.586628,-5.433822,frame_009266
89.256082,-27.684035,-5.434341,frame_009267
89.127621,-27.781241,-5.434734,frame_009268
88.998396,-27.878251,-5.434985,frame_009269
88.870049,-27.973877,-5.435176,frame_009270
88.742579,-28.067918,-5.435301,frame_009271
88.615988,-28.160174,-5.435357,frame_009272
88.488631,-28.251642,-5.435346,frame_009273
88.360513,-28.342343,-5.435272,frame_009274
88.231630,-28.432308,-5.435142,frame_009275
88.102880,-28.521573,-5.434961,frame_009276
87.974415,-28.610185,-5.434736,frame_009277
87.846388,-28.698198,-5.434473,frame_009278
87.718790,-28.785676,-5.434186,frame_009279
87.591448,-28.872689,-5.433873,frame_009280
87.464192,-28.959317,-5.433532,frame_009281
87.337012,-29.044448,-5.433209,frame_009282
87.210060,-29.127957,-5.432915,frame_009283
87.083489,-29.209717,-5.432662,frame_009284
86.956543,-29.291789,-5.432359,frame_009285
86.829206,-29.374065,-5.432003,frame_009286
86.701456,-29.456450,-5.431592,frame_009287
86.574173,-29.537885,-5.431149,frame_009288
86.447488,-29.618516,-5.430679,frame_009289
86.321537,-29.698498,-5.430189,frame_009290
86.197197,-29.777781,-5.429664,frame_009291
86.074448,-29.856108,-5.429107,frame_009292
85.953271,-29.933233,-5.428521,frame_009293
85.832006,-30.009130,-5.427898,frame_009294
85.710635,-30.083997,-5.427240,frame_009295
85.589136,-30.158038,-5.426547,frame_009296
85.467482,-30.231255,-5.425842,frame_009297
85.345637,-30.303441,-5.425130,frame_009298
85.223559,-30.374399,-5.424417,frame_009299
85.102109,-30.445141,-5.423726,frame_009300
84.981402,-30.515709,-5.423059,frame_009301
84.861551,-30.586161,-5.422417,frame_009302
84.741762,-30.654386,-5.421754,frame_009303
84.621983,-30.720461,-5.421069,frame_009304
84.502152,-30.784460,-5.420364,frame_009305
84.382203,-30.849632,-5.419690,frame_009306
84.262064,-30.915863,-5.419054,frame_009307
84.141654,-30.983064,-5.418463,frame_009308
84.022541,-31.048988,-5.417867,frame_009309
83.904648,-31.113580,-5.417261,frame_009310
83.787900,-31.176792,-5.416637,frame_009311
83.670577,-31.238589,-5.416006,frame_009312
83.552607,-31.298940,-5.415374,frame_009313
83.433909,-31.357824,-5.414748,frame_009314
83.315307,-31.415229,-5.414123,frame_009315
83.196876,-31.471151,-5.413498,frame_009316
83.078693,-31.525594,-5.412876,frame_009317
82.960832,-31.579556,-5.412249,frame_009318
82.843372,-31.632853,-5.411625,frame_009319
82.726387,-31.685318,-5.411009,frame_009320
82.609047,-31.735813,-5.410360,frame_009321
82.491258,-31.784409,-5.409684,frame_009322
82.372924,-31.831187,-5.408990,frame_009323
82.254846,-31.877220,-5.408295,frame_009324
82.137082,-31.922399,-5.407612,frame_009325
82.019689,-31.966633,-5.406953,frame_009326
81.901979,-32.008859,-5.406301,frame_009327
81.784163,-32.049225,-5.405672,frame_009328
81.666448,-32.087885,-5.405082,frame_009329
81.548872,-32.125988,-5.404531,frame_009330
81.431304,-32.163503,-5.404022,frame_009331
81.313610,-32.200411,-5.403560,frame_009332
81.196553,-32.236713,-5.403140,frame_009333
81.080152,-32.272426,-5.402769,frame_009334
80.964427,-32.307582,-5.402455,frame_009335
80.849396,-32.340047,-5.402197,frame_009336
80.735079,-32.369870,-5.402005,frame_009337
80.621495,-32.397103,-5.401890,frame_009338
80.507916,-32.423980,-5.401898,frame_009339
80.394518,-32.450570,-5.402033,frame_009340
80.281468,-32.476957,-5.402300,frame_009341
80.168766,-32.502040,-5.402719,frame_009342
80.056244,-32.525715,-5.403291,frame_009343
79.943728,-32.547886,-5.404013,frame_009344
79.831944,-32.569665,-5.404865,frame_009345
79.720875,-32.591194,-5.405851,frame_009346
79.610499,-32.612632,-5.406969,frame_009347
79.500800,-32.631969,-5.408212,frame_009348
79.391757,-32.649383,-5.409580,frame_009349
79.283351,-32.665047,-5.411076,frame_009350
79.175564,-32.680126,-5.412677,frame_009351
79.068376,-32.694589,-5.414378,frame_009352
78.961769,-32.708416,-5.416175,frame_009353
78.854977,-32.722794,-5.418118,frame_009354
78.748137,-32.737941,-5.420197,frame_009355
78.641379,-32.754091,-5.422400,frame_009356
78.535572,-32.769097,-5.424671,frame_009357
78.430679,-32.782782,-5.427004,frame_009358
78.326661,-32.794970,-5.429390,frame_009359
78.221827,-32.806685,-5.431821,frame_009360
78.116125,-32.817974,-5.434284,frame_009361
78.009493,-32.828890,-5.436767,frame_009362
77.903508,-32.839497,-5.439261,frame_009363
77.798094,-32.849866,-5.441763,frame_009364
77.693175,-32.860076,-5.444270,frame_009365
77.587928,-32.870215,-5.446801,frame_009366
77.482434,-32.880381,-5.449342,frame_009367
77.376764,-32.890678,-5.451877,frame_009368
77.271732,-32.900018,-5.454405,frame_009369
77.167242,-32.908303,-5.456913,frame_009370
77.063199,-32.915429,-5.459393,frame_009371
76.958763,-32.922498,-5.461863,frame_009372
76.853992,-32.929631,-5.464319,frame_009373
76.748942,-32.936958,-5.466755,frame_009374
76.644406,-32.943416,-5.469158,frame_009375
76.540269,-32.948932,-5.471526,frame_009376
76.436418,-32.953428,-5.473859,frame_009377
76.332900,-32.958030,-5.476232,frame_009378
76.229924,-32.962885,-5.478640,frame_009379
76.127700,-32.968147,-5.481079,frame_009380
76.026276,-32.973766,-5.483496,frame_009381
75.925536,-32.979486,-5.485889,frame_009382
75.825367,-32.985061,-5.488255,frame_009383
75.724909,-32.989265,-5.490639,frame_009384
75.624203,-32.992072,-5.493039,frame_009385
75.523284,-32.993459,-5.495448,frame_009386
75.422180,-32.994599,-5.497851,frame_009387
75.320914,-32.995689,-5.500255,frame_009388
75.219501,-32.996935,-5.502668,frame_009389
75.119605,-32.997351,-5.505102,frame_009390
75.021242,-32.996937,-5.507553,frame_009391
74.924433,-32.995693,-5.510014,frame_009392
74.827554,-32.993619,-5.512452,frame_009393
74.730627,-32.990714,-5.514860,frame_009394
74.633667,-32.986980,-5.517232,frame_009395
74.537430,-32.983401,-5.519591,frame_009396
74.441765,-32.979773,-5.521935,frame_009397
74.346518,-32.975898,-5.524258,frame_009398
74.251537,-32.971802,-5.526541,frame_009399
74.156671,-32.967732,-5.528789,frame_009400
74.061766,-32.963944,-5.531004,frame_009401
73.965926,-32.959501,-5.533237,frame_009402
73.869152,-32.954455,-5.535482,frame_009403
73.771442,-32.948856,-5.537734,frame_009404
73.674440,-32.942753,-5.539937,frame_009405
73.578142,-32.936197,-5.542082,frame_009406
73.482553,-32.929239,-5.544159,frame_009407
73.386027,-32.921929,-5.546210,frame_009408
73.288568,-32.914317,-5.548231,frame_009409
73.190172,-32.906454,-5.550221,frame_009410
73.092485,-32.898389,-5.552165,frame_009411
72.995503,-32.890173,-5.554060,frame_009412
72.899228,-32.881857,-5.555901,frame_009413
72.802763,-32.874476,-5.557719,frame_009414
72.705956,-32.867876,-5.559515,frame_009415
72.608653,-32.861910,-5.561295,frame_009416
72.510866,-32.855454,-5.563018,frame_009417
72.412764,-32.848582,-5.564682,frame_009418
72.314520,-32.841371,-5.566284,frame_009419
72.216142,-32.833896,-5.567833,frame_009420
72.117479,-32.826232,-5.569327,frame_009421
72.018379,-32.818455,-5.570768,frame_009422
71.918850,-32.810640,-5.572147,frame_009423
71.819064,-32.802863,-5.573467,frame_009424
71.719193,-32.795199,-5.574731,frame_009425
71.619245,-32.788709,-5.575981,frame_009426
71.519069,-32.783265,-5.577222,frame_009427
71.418513,-32.778744,-5.578458,frame_009428
71.318331,-32.774046,-5.579632,frame_009429
71.218541,-32.769274,-5.580741,frame_009430
71.119163,-32.764526,-5.581783,frame_009431
71.019319,-32.758704,-5.582788,frame_009432
70.918875,-32.751687,-5.583761,frame_009433
70.817699,-32.743344,-5.584706,frame_009434
70.715819,-32.735722,-5.585623,frame_009435
70.613424,-32.728693,-5.586504,frame_009436
70.510707,-32.722134,-5.587343,frame_009437
70.408602,-32.714947,-5.588189,frame_009438
70.307145,-32.707231,-5.589040,frame_009439
70.206376,-32.699087,-5.589900,frame_009440
70.105437,-32.691603,-5.590772,frame_009441
70.004211,-32.684672,-5.591642,frame_009442
69.902587,-32.678200,-5.592496,frame_009443
69.800610,-32.671111,-5.593466,frame_009444
69.698490,-32.663532,-5.594516,frame_009445
69.596438,-32.655588,-5.595609,frame_009446
69.494499,-32.646205,-5.596826,frame_009447
69.392560,-32.635286,-5.598109,frame_009448
69.290507,-32.622728,-5.599400,frame_009449
69.188226,-32.610602,-5.600751,frame_009450
69.085602,-32.598804,-5.602103,frame_009451
68.982521,-32.587238,-5.603401,frame_009452
68.879778,-32.574828,-5.604575,frame_009453
68.777425,-32.561702,-5.605560,frame_009454
68.675523,-32.547985,-5.606296,frame_009455
68.573231,-32.534788,-5.606657,frame_009456
68.470453,-32.522033,-5.606607,frame_009457
68.367095,-32.509647,-5.606116,frame_009458
68.263970,-32.496582,-5.605011,frame_009459
68.161149,-32.482989,-5.603293,frame_009460
68.058713,-32.469018,-5.600964,frame_009461
67.955839,-32.454821,-5.597931,frame_009462
67.852452,-32.440549,-5.594221,frame_009463
67.748474,-32.426352,-5.589863,frame_009464
67.643830,-32.412167,-5.584813,frame_009465
67.538444,-32.397719,-5.579117,frame_009466
67.432240,-32.382730,-5.572821,frame_009467
67.326049,-32.367136,-5.565935,frame_009468
67.219964,-32.351090,-5.558513,frame_009469
67.114082,-32.334743,-5.550610,frame_009470
67.007600,-32.318244,-5.542270,frame_009471
66.900462,-32.301745,-5.533552,frame_009472
66.792611,-32.285397,-5.524511,frame_009473
66.684896,-32.270337,-5.515170,frame_009474
66.577430,-32.256511,-5.505598,frame_009475
66.470328,-32.243872,-5.495863,frame_009476
66.362809,-32.230197,-5.486038,frame_009477
66.254832,-32.215439,-5.476181,frame_009478
66.146361,-32.199544,-5.466351,frame_009479
66.037356,-32.183649,-5.456625,frame_009480
65.927781,-32.167905,-5.447060,frame_009481
65.817597,-32.152462,-5.437717,frame_009482
65.706766,-32.137473,-5.428652,frame_009483
65.595250,-32.123087,-5.419925,frame_009484
65.483011,-32.109456,-5.411593,frame_009485
65.370918,-32.096517,-5.403675,frame_009486
65.259102,-32.083993,-5.396224,frame_009487
65.147698,-32.071607,-5.389294,frame_009488
65.035943,-32.059297,-5.382939,frame_009489
64.923817,-32.047213,-5.377207,frame_009490
64.811300,-32.035507,-5.372149,frame_009491
64.698374,-32.023128,-5.367768,frame_009492
64.585021,-32.010007,-5.364103,frame_009493
64.471219,-31.996064,-5.361190,frame_009494
64.357860,-31.983395,-5.358912,frame_009495
64.245091,-31.971923,-5.357274,frame_009496
64.133068,-31.961575,-5.356277,frame_009497
64.021045,-31.951302,-5.355771,frame_009498
63.909022,-31.941256,-5.355728,frame_009499
63.796999,-31.931587,-5.356116,frame_009500
63.684976,-31.921246,-5.356805,frame_009501
63.572954,-31.910163,-5.357744,frame_009502
63.460931,-31.898257,-5.358881,frame_009503
63.348908,-31.887626,-5.360112,frame_009504
63.236885,-31.878191,-5.361371,frame_009505
63.124862,-31.869880,-5.362584,frame_009506
63.012839,-31.860446,-5.363755,frame_009507
62.900816,-31.849815,-5.364825,frame_009508
62.788793,-31.837909,-5.365734,frame_009509
62.676770,-31.825839,-5.366589,frame_009510
62.564747,-31.813732,-5.367349,frame_009511
62.452724,-31.801712,-5.367974,frame_009512
62.341448,-31.790893,-5.368541,frame_009513
62.230761,-31.781194,-5.369026,frame_009514
62.120516,-31.772544,-5.369405,frame_009515
62.009824,-31.762694,-5.369731,frame_009516
61.898704,-31.751572,-5.369996,frame_009517
61.787175,-31.739100,-5.370192,frame_009518
61.675255,-31.727375,-5.370360,frame_009519
61.562965,-31.716318,-5.370498,frame_009520
61.450322,-31.705856,-5.370603,frame_009521
61.337346,-31.694942,-5.370688,frame_009522
61.224056,-31.683726,-5.370752,frame_009523
61.110472,-31.672359,-5.370790,frame_009524
60.996611,-31.659792,-5.370834,frame_009525
60.882494,-31.645954,-5.370895,frame_009526
60.768138,-31.630765,-5.370982,frame_009527
60.653564,-31.615337,-5.371056,frame_009528
60.538790,-31.599796,-5.371124,frame_009529
60.423835,-31.584268,-5.371196,frame_009530
60.308718,-31.569864,-5.371293,frame_009531
60.193459,-31.556504,-5.371418,frame_009532
60.078076,-31.544119,-5.371570,frame_009533
59.962588,-31.531657,-5.371722,frame_009534
59.847015,-31.519272,-5.371881,frame_009535
59.731375,-31.507112,-5.372052,frame_009536
59.615687,-31.494130,-5.372296,frame_009537
59.499971,-31.480254,-5.372609,frame_009538
59.384246,-31.465405,-5.372991,frame_009539
59.269276,-31.451680,-5.373421,frame_009540
59.154925,-31.439000,-5.373895,frame_009541
59.041063,-31.427293,-5.374414,frame_009542
58.926820,-31.415511,-5.374937,frame_009543
58.812235,-31.403805,-5.375468,frame_009544
58.697346,-31.392325,-5.376007,frame_009545
58.582190,-31.380022,-5.376573,frame_009546
58.466805,-31.366825,-5.377160,frame_009547
58.351231,-31.352655,-5.377761,frame_009548
58.235504,-31.339609,-5.378370,frame_009549
58.119663,-31.327608,-5.378981,frame_009550
58.003746,-31.316581,-5.379587,frame_009551
57.888537,-31.305478,-5.380175,frame_009552
57.773918,-31.294451,-5.380745,frame_009553
57.659779,-31.283650,-5.381295,frame_009554
57.545269,-31.272026,-5.381850,frame_009555
57.430444,-31.259509,-5.382404,frame_009556
57.315363,-31.246018,-5.382951,frame_009557
57.200082,-31.232665,-5.383486,frame_009558
57.084659,-31.219577,-5.384012,frame_009559
56.969150,-31.206878,-5.384530,frame_009560
56.854358,-31.195681,-5.385030,frame_009561
56.740185,-31.185907,-5.385510,frame_009562
56.626540,-31.177483,-5.385972,frame_009563
56.511682,-31.168161,-5.386440,frame_009564
56.395520,-31.157870,-5.386908,frame_009565
56.277955,-31.146530,-5.387371,frame_009566
56.160537,-31.135252,-5.387834,frame_009567
56.043167,-31.124164,-5.388292,frame_009568
55.925754,-31.113390,-5.388742,frame_009569
55.807465,-31.102842,-5.389172,frame_009570
55.688377,-31.092219,-5.389576,frame_009571
55.568565,-31.081218,-5.389949,frame_009572
55.448107,-31.069752,-5.390286,frame_009573
55.327078,-31.057947,-5.390579,frame_009574
55.205553,-31.045927,-5.390821,frame_009575
55.084357,-31.033820,-5.391007,frame_009576
54.963408,-31.021750,-5.391138,frame_009577
54.842634,-31.009844,-5.391216,frame_009578
54.721223,-30.999213,-5.391253,frame_009579
54.599269,-30.989778,-5.391257,frame_009580
54.476869,-30.981468,-5.391236,frame_009581
54.354116,-30.972033,-5.391182,frame_009582
54.231106,-30.961402,-5.391094,frame_009583
54.107935,-30.949496,-5.390970,frame_009584
53.985442,-30.937426,-5.390806,frame_009585
53.863569,-30.925319,-5.390614,frame_009586
53.742262,-30.913299,-5.390407,frame_009587
53.620725,-30.902480,-5.390161,frame_009588
53.499075,-30.892781,-5.389875,frame_009589
53.377425,-30.884130,-5.389549,frame_009590
53.255727,-30.874280,-5.389175,frame_009591
53.133772,-30.863159,-5.388756,frame_009592
53.011351,-30.850687,-5.388298,frame_009593
52.888416,-30.837976,-5.387846,frame_009594
52.765081,-30.825151,-5.387409,frame_009595
52.641461,-30.812339,-5.386994,frame_009596
52.518416,-30.799666,-5.386560,frame_009597
52.395904,-30.787257,-5.386115,frame_009598
52.273891,-30.775237,-5.385663,frame_009599
52.151602,-30.763520,-5.385211,frame_009600
52.029170,-30.751802,-5.384765,frame_009601
51.906729,-30.739783,-5.384330,frame_009602
51.784249,-30.727373,-5.383961,frame_009603
51.661542,-30.714700,-5.383659,frame_009604
51.538415,-30.701888,-5.383430,frame_009605
51.415587,-30.690050,-5.383235,frame_009606
51.293036,-30.679105,-5.383075,frame_009607
51.170746,-30.668984,-5.382949,frame_009608
51.047961,-30.658635,-5.382888,frame_009609
50.924833,-30.648212,-5.382892,frame_009610
50.801515,-30.637863,-5.382963,frame_009611
50.677997,-30.626542,-5.383104,frame_009612
50.554108,-30.614175,-5.383316,frame_009613
50.429677,-30.600684,-5.383600,frame_009614
50.305440,-30.587180,-5.383936,frame_009615
50.181393,-30.573790,-5.384317,frame_009616
50.057541,-30.560639,-5.384737,frame_009617
49.932239,-30.548838,-5.385164,frame_009618
49.805490,-30.538309,-5.385597,frame_009619
49.677290,-30.528979,-5.386035,frame_009620
49.549285,-30.518601,-5.386505,frame_009621
49.421471,-30.507102,-5.386998,frame_009622
49.293851,-30.494404,-5.387508,frame_009623
49.166434,-30.482603,-5.388035,frame_009624
49.039237,-30.471621,-5.388565,frame_009625
48.912282,-30.461386,-5.389086,frame_009626
48.783943,-30.450849,-5.389607,frame_009627
48.654243,-30.440161,-5.390119,frame_009628
48.523197,-30.429473,-5.390612,frame_009629
48.392469,-30.417736,-5.391054,frame_009630
48.262075,-30.404879,-5.391445,frame_009631
48.132037,-30.390822,-5.391787,frame_009632
48.001637,-30.376677,-5.392094,frame_009633
47.871066,-30.362570,-5.392355,frame_009634
47.740514,-30.348626,-5.392560,frame_009635
47.610009,-30.335958,-5.392723,frame_009636
47.479419,-30.324485,-5.392847,frame_009637
47.348610,-30.314137,-5.392931,frame_009638
47.218357,-30.302664,-5.392967,frame_009639
47.088694,-30.289995,-5.392948,frame_009640
46.959663,-30.276052,-5.392873,frame_009641
46.829658,-30.261944,-5.392749,frame_009642
46.698719,-30.247799,-5.392579,frame_009643
46.566883,-30.233742,-5.392366,frame_009644
46.435830,-30.220885,-5.392111,frame_009645
46.305597,-30.209148,-5.391812,frame_009646
46.176223,-30.198460,-5.391470,frame_009647
46.046850,-30.187772,-5.391123,frame_009648
45.917362,-30.177235,-5.390772,frame_009649
45.787646,-30.167000,-5.390417,frame_009650
45.657749,-30.156018,-5.390033,frame_009651
45.527881,-30.144217,-5.389627,frame_009652
45.398250,-30.131519,-5.389206,frame_009653
45.268905,-30.120020,-5.388747,frame_009654
45.139732,-30.109641,-5.388252,frame_009655
45.010615,-30.100312,-5.387722,frame_009656
44.881442,-30.089783,-5.387172,frame_009657
44.752097,-30.077982,-5.386605,frame_009658
44.622466,-30.064830,-5.386026,frame_009659
44.492598,-30.052426,-5.385438,frame_009660
44.362701,-30.040689,-5.384842,frame_009661
44.232985,-30.029548,-5.384239,frame_009662
44.103498,-30.017955,-5.383630,frame_009663
43.974124,-30.006059,-5.383018,frame_009664
43.844751,-29.994013,-5.382403,frame_009665
43.715263,-29.981967,-5.381777,frame_009666
43.585547,-29.970071,-5.381140,frame_009667
43.455488,-29.958478,-5.380492,frame_009668
43.325135,-29.947123,-5.379864,frame_009669
43.194696,-29.935731,-5.379265,frame_009670
43.064380,-29.924024,-5.378699,frame_009671
42.934236,-29.911940,-5.378141,frame_009672
42.804149,-29.899630,-5.377593,frame_009673
42.674005,-29.887244,-5.377055,frame_009674
42.543689,-29.874719,-5.376508,frame_009675
42.413088,-29.861780,-5.375948,frame_009676
42.282088,-29.848149,-5.375373,frame_009677
42.150735,-29.833763,-5.374780,frame_009678
42.019240,-29.818773,-5.374166,frame_009679
41.887811,-29.803331,-5.373528,frame_009680
41.756496,-29.787587,-5.372879,frame_009681
41.625182,-29.771692,-5.372231,frame_009682
41.493753,-29.755796,-5.371593,frame_009683
41.362258,-29.741038,-5.370950,frame_009684
41.230905,-29.727363,-5.370302,frame_009685
41.099904,-29.714723,-5.369646,frame_009686
40.969303,-29.700897,-5.368985,frame_009687
40.838988,-29.685837,-5.368325,frame_009688
40.708844,-29.669489,-5.367671,frame_009689
40.578757,-29.653976,-5.367002,frame_009690
40.448612,-29.639244,-5.366323,frame_009691
40.318297,-29.625246,-5.365642,frame_009692
40.187858,-29.610959,-5.365003,frame_009693
40.057504,-29.596559,-5.364409,frame_009694
39.927446,-29.582222,-5.363861,frame_009695
39.797730,-29.567910,-5.363351,frame_009696
39.668242,-29.553371,-5.362880,frame_009697
39.538868,-29.538355,-5.362448,frame_009698
39.408749,-29.522822,-5.362023,frame_009699
39.277925,-29.506951,-5.361605,frame_009700
39.146431,-29.490915,-5.361190,frame_009701
39.015949,-29.475879,-5.360817,frame_009702
38.886515,-29.461812,-5.360486,frame_009703
38.758169,-29.448693,-5.360198,frame_009704
38.630051,-29.435310,-5.359971,frame_009705
38.502048,-29.421436,-5.359802,frame_009706
38.374045,-29.406846,-5.359688,frame_009707
38.245181,-29.391525,-5.359607,frame_009708
38.115499,-29.375677,-5.359562,frame_009709
37.985032,-29.359502,-5.359552,frame_009710
37.855464,-29.342987,-5.359603,frame_009711
37.726829,-29.325906,-5.359705,frame_009712
37.599168,-29.308033,-5.359851,frame_009713
37.471622,-29.289354,-5.360066,frame_009714
37.344075,-29.270072,-5.360336,frame_009715
37.216414,-29.250387,-5.360644,frame_009716
37.087779,-29.231488,-5.360914,frame_009717
36.958211,-29.213369,-5.361143,frame_009718
36.827745,-29.196035,-5.361331,frame_009719
36.698062,-29.177312,-5.361485,frame_009720
36.569199,-29.157204,-5.361601,frame_009721
36.441195,-29.135709,-5.361675,frame_009722
36.312446,-29.114998,-5.361712,frame_009723
36.182992,-29.095067,-5.361708,frame_009724
36.052868,-29.075922,-5.361656,frame_009725
35.922849,-29.056374,-5.361570,frame_009726
35.792801,-29.036222,-5.361439,frame_009727
35.662592,-29.015266,-5.361256,frame_009728
35.532995,-28.993517,-5.360986,frame_009729
35.404046,-28.971202,-5.360625,frame_009730
35.275786,-28.948547,-5.360171,frame_009731
35.146608,-28.926765,-5.359662,frame_009732
35.016555,-28.905877,-5.359101,frame_009733
34.885660,-28.885912,-5.358488,frame_009734
34.755606,-28.864723,-5.357804,frame_009735
34.626429,-28.842337,-5.357047,frame_009736
34.498169,-28.818777,-5.356217,frame_009737
34.369220,-28.795254,-5.355333,frame_009738
34.239623,-28.771996,-5.354397,frame_009739
34.109413,-28.749228,-5.353414,frame_009740
33.979365,-28.726963,-5.352398,frame_009741
33.849346,-28.705000,-5.351361,frame_009742
33.719222,-28.683138,-5.350311,frame_009743
33.591633,-28.662868,-5.349222,frame_009744
33.466225,-28.644109,-5.348100,frame_009745
33.339310,-28.625312,-5.346944,frame_009746
33.210370,-28.605528,-5.345761,frame_009747
33.079621,-28.584788,-5.344558,frame_009748
32.947266,-28.563113,-5.343342,frame_009749
32.817760,-28.543193,-5.342139,frame_009750
32.690749,-28.524947,-5.340957,frame_009751
32.562544,-28.506827,-5.339790,frame_009752
32.432629,-28.487884,-5.338639,frame_009753
32.301219,-28.468149,-5.337513,frame_009754
32.168516,-28.447641,-5.336421,frame_009755
32.036204,-28.427359,-5.335361,frame_009756
31.904148,-28.407102,-5.334334,frame_009757
31.772217,-28.386670,-5.333346,frame_009758
31.640437,-28.366073,-5.332403,frame_009759
31.509000,-28.345540,-5.331515,frame_009760
31.378096,-28.325296,-5.330694,frame_009761
31.247753,-28.305354,-5.329880,frame_009762
31.117839,-28.285513,-5.329083,frame_009763
30.988219,-28.265570,-5.328309,frame_009764
30.858015,-28.246526,-5.327566,frame_009765
30.727249,-28.228401,-5.326844,frame_009766
30.595937,-28.211225,-5.326132,frame_009767
30.465742,-28.192848,-5.325466,frame_009768
30.336680,-28.173301,-5.324854,frame_009769
30.208774,-28.152604,-5.324302,frame_009770
30.081143,-28.132956,-5.323833,frame_009771
29.953654,-28.114378,-5.323447,frame_009772
29.826176,-28.096900,-5.323141,frame_009773
29.698735,-28.079358,-5.322868,frame_009774
29.571523,-28.061578,-5.322633,frame_009775
29.444729,-28.043382,-5.322439,frame_009776
29.318383,-28.023610,-5.322303,frame_009777
29.192351,-28.002289,-5.322216,frame_009778
29.066499,-27.979441,-5.322169,frame_009779
28.939949,-27.957265,-5.322177,frame_009780
28.812723,-27.935782,-5.322238,frame_009781
28.684836,-27.915020,-5.322350,frame_009782
28.557953,-27.893819,-5.322482,frame_009783
28.432088,-27.872001,-5.322635,frame_009784
28.307264,-27.849390,-5.322806,frame_009785
28.181856,-27.826025,-5.323013,frame_009786
28.055886,-27.802157,-5.323250,frame_009787
27.929369,-27.778038,-5.323511,frame_009788
27.803970,-27.754904,-5.323792,frame_009789
27.679704,-27.732802,-5.324085,frame_009790
27.556592,-27.711788,-5.324385,frame_009791
27.433757,-27.690723,-5.324705,frame_009792
27.311065,-27.669457,-5.325038,frame_009793
27.188382,-27.647838,-5.325379,frame_009794
27.062560,-27.624130,-5.325706,frame_009795
26.933200,-27.598277,-5.326020,frame_009796
26.803969,-27.572009,-5.326325,frame_009797
26.675925,-27.546563,-5.326638,frame_009798
26.549233,-27.521986,-5.326955,frame_009799
26.424071,-27.498332,-5.327270,frame_009800
26.295799,-27.473864,-5.327572,frame_009801
26.164018,-27.448320,-5.327854,frame_009802
26.032393,-27.423235,-5.328125,frame_009803
25.901239,-27.398670,-5.328391,frame_009804
25.770874,-27.374697,-5.328648,frame_009805
25.641627,-27.351395,-5.328890,frame_009806
25.512761,-27.326668,-5.329075,frame_009807
25.384122,-27.300593,-5.329203,frame_009808
25.255560,-27.273243,-5.329271,frame_009809
25.127830,-27.246867,-5.329327,frame_009810
25.000947,-27.221536,-5.329368,frame_009811
24.874933,-27.197329,-5.329391,frame_009812
24.748165,-27.173134,-5.329416,frame_009813
24.620663,-27.148827,-5.329450,frame_009814
24.492443,-27.124280,-5.329498,frame_009815
24.365915,-27.099862,-5.329530,frame_009816
24.240940,-27.075343,-5.329540,frame_009817
24.116644,-27.050007,-5.329474,frame_009818
23.992160,-27.024936,-5.329370,frame_009819
23.867369,-27.000235,-5.329234,frame_009820
23.740658,-26.975030,-5.329086,frame_009821
23.612217,-26.948450,-5.328900,frame_009822
23.482224,-26.920598,-5.328676,frame_009823
23.350844,-26.891572,-5.328413,frame_009824
23.220628,-26.862445,-5.328161,frame_009825
23.091573,-26.833091,-5.327926,frame_009826
22.963684,-26.803386,-5.327716,frame_009827
22.835314,-26.774402,-5.327501,frame_009828
22.706469,-26.746237,-5.327280,frame_009829
22.577144,-26.718995,-5.327049,frame_009830
22.448983,-26.690603,-5.326824,frame_009831
22.321984,-26.661166,-5.326605,frame_009832
22.196149,-26.630782,-5.326386,frame_009833
22.069836,-26.600522,-5.326180,frame_009834
21.943045,-26.570263,-5.325988,frame_009835
21.815775,-26.539878,-5.325816,frame_009836
21.691535,-26.510935,-5.325663,frame_009837
21.569932,-26.483427,-5.325526,frame_009838
21.447242,-26.456620,-5.325387,frame_009839
21.322906,-26.429489,-5.325248,frame_009840
21.197105,-26.401989,-5.325107,frame_009841
21.070001,-26.374076,-5.324964,frame_009842
20.943986,-26.346442,-5.324796,frame_009843
20.818733,-26.318884,-5.324604,frame_009844
20.693176,-26.290710,-5.324414,frame_009845
20.568063,-26.263027,-5.324244,frame_009846
20.443404,-26.235966,-5.324094,frame_009847
20.317724,-26.209418,-5.323935,frame_009848
20.190447,-26.182381,-5.323753,frame_009849
20.061731,-26.154838,-5.323548,frame_009850
19.931724,-26.126768,-5.323323,frame_009851
19.802957,-26.098396,-5.323114,frame_009852
19.675409,-26.069647,-5.322916,frame_009853
19.549064,-26.040446,-5.322722,frame_009854
19.423166,-26.010715,-5.322489,frame_009855
19.297867,-25.980382,-5.322217,frame_009856
19.173320,-25.949369,-5.321902,frame_009857
19.050261,-25.917815,-5.321580,frame_009858
18.928364,-25.886072,-5.321254,frame_009859
18.806562,-25.855479,-5.320896,frame_009860
18.684696,-25.824983,-5.320484,frame_009861
18.562608,-25.794516,-5.320022,frame_009862
18.439394,-25.764011,-5.319503,frame_009863
18.315958,-25.733401,-5.318945,frame_009864
18.192458,-25.702620,-5.318353,frame_009865
18.068867,-25.671353,-5.317761,frame_009866
17.943567,-25.638984,-5.317149,frame_009867
17.816416,-25.605386,-5.316511,frame_009868
17.688170,-25.571022,-5.315899,frame_009869
17.559012,-25.536109,-5.315292,frame_009870
17.428896,-25.500563,-5.314701,frame_009871
17.299583,-25.465500,-5.314126,frame_009872
17.171348,-25.431058,-5.313565,frame_009873
17.044476,-25.397385,-5.313031,frame_009874
16.919253,-25.364634,-5.312532,frame_009875
16.796770,-25.332264,-5.312068,frame_009876
16.676449,-25.300120,-5.311648,frame_009877
16.554370,-25.267314,-5.311286,frame_009878
16.431592,-25.233857,-5.310981,frame_009879
16.308424,-25.199754,-5.310737,frame_009880
16.185166,-25.165012,-5.310558,frame_009881
16.064562,-25.131574,-5.310433,frame_009882
15.946035,-25.099507,-5.310363,frame_009883
15.825663,-25.068894,-5.310359,frame_009884
15.704508,-25.038630,-5.310432,frame_009885
15.582876,-25.008599,-5.310586,frame_009886
15.461069,-24.978690,-5.310822,frame_009887
15.338443,-24.948196,-5.311088,frame_009888
15.214232,-24.916903,-5.311388,frame_009889
15.090253,-24.885005,-5.311781,frame_009890
14.966788,-24.852556,-5.312265,frame_009891
14.844126,-24.819615,-5.312838,frame_009892
14.723308,-24.786242,-5.313488,frame_009893
14.601757,-24.751598,-5.314229,frame_009894
14.479127,-24.715580,-5.315062,frame_009895
14.355228,-24.678681,-5.315964,frame_009896
14.230025,-24.640903,-5.316928,frame_009897
14.103476,-24.602244,-5.317946,frame_009898
13.977349,-24.563004,-5.319077,frame_009899
13.851927,-24.523239,-5.320311,frame_009900
13.727499,-24.483008,-5.321639,frame_009901
13.605105,-24.443354,-5.323022,frame_009902
13.483076,-24.403836,-5.324415,frame_009903
13.361234,-24.364264,-5.325803,frame_009904
13.238655,-24.323472,-5.327166,frame_009905
13.116226,-24.281494,-5.328523,frame_009906
12.994085,-24.238362,-5.329869,frame_009907
12.871626,-24.193865,-5.331210,frame_009908
12.747329,-24.149286,-5.332532,frame_009909
12.621146,-24.104931,-5.333824,frame_009910
12.493918,-24.059912,-5.335112,frame_009911
12.367966,-24.015063,-5.336393,frame_009912
12.242894,-23.970323,-5.337661,frame_009913
12.118472,-23.925143,-5.338930,frame_009914
11.994640,-23.879573,-5.340194,frame_009915
11.871345,-23.833664,-5.341452,frame_009916
11.748021,-23.788751,-5.342685,frame_009917
11.624822,-23.744735,-5.343883,frame_009918
11.501908,-23.701528,-5.345032,frame_009919
11.379437,-23.658064,-5.346094,frame_009920
11.257343,-23.614181,-5.347095,frame_009921
11.135747,-23.569962,-5.348033,frame_009922
11.014024,-23.525245,-5.348934,frame_009923
10.892449,-23.480166,-5.349802,frame_009924
10.771293,-23.434856,-5.350634,frame_009925
10.650817,-23.389448,-5.351426,frame_009926
10.529595,-23.343717,-5.352167,frame_009927
10.406977,-23.297626,-5.352858,frame_009928
10.286384,-23.252037,-5.353494,frame_009929
10.168638,-23.207565,-5.354071,frame_009930
10.053672,-23.164232,-5.354591,frame_009931
9.939947,-23.122559,-5.355069,frame_009932
9.823660,-23.081578,-5.355515,frame_009933
9.704344,-23.041066,-5.355928,frame_009934
9.586339,-22.999814,-5.356304,frame_009935
9.469733,-22.957815,-5.356643,frame_009936
9.354630,-22.915051,-5.356945,frame_009937
9.240396,-22.871505,-5.357203,frame_009938
9.124590,-22.827154,-5.357462,frame_009939
9.006998,-22.781970,-5.357731,frame_009940
8.889952,-22.736522,-5.357993,frame_009941
8.773392,-22.690886,-5.358245,frame_009942
8.657263,-22.645136,-5.358489,frame_009943
8.539866,-22.599348,-5.358708,frame_009944
8.421145,-22.553598,-5.358910,frame_009945
8.301041,-22.507962,-5.359103,frame_009946
8.181140,-22.462514,-5.359302,frame_009947
8.061383,-22.417330,-5.359510,frame_009948
7.941715,-22.372486,-5.359730,frame_009949
7.821343,-22.329042,-5.359912,frame_009950
7.700381,-22.286871,-5.360053,frame_009951
7.578944,-22.245848,-5.360152,frame_009952
7.456237,-22.203676,-5.360254,frame_009953
7.332206,-22.160233,-5.360358,frame_009954
7.206793,-22.115389,-5.360465,frame_009955
7.081582,-22.070205,-5.360565,frame_009956
6.956516,-22.024757,-5.360666,frame_009957
6.831538,-21.979120,-5.360771,frame_009958
6.706765,-21.933671,-5.360898,frame_009959
6.582477,-21.888538,-5.361044,frame_009960
6.458964,-21.843857,-5.361205,frame_009961
6.337266,-21.799762,-5.361380,frame_009962
6.214806,-21.755491,-5.361568,frame_009963
6.091239,-21.711015,-5.361765,frame_009964
5.966374,-21.666905,-5.361966,frame_009965
5.840177,-21.623234,-5.362168,frame_009966
5.712605,-21.580080,-5.362370,frame_009967
5.585265,-21.536316,-5.362547,frame_009968
5.458117,-21.491797,-5.362695,frame_009969
5.331124,-21.446368,-5.362809,frame_009970
5.203513,-21.402050,-5.362923,frame_009971
5.075417,-21.358689,-5.363037,frame_009972
4.946968,-21.316138,-5.363151,frame_009973
4.819209,-21.273573,-5.363234,frame_009974
4.692439,-21.231124,-5.363281,frame_009975
4.566968,-21.188925,-5.363286,frame_009976
4.443854,-21.147110,-5.363227,frame_009977
4.321448,-21.105518,-5.363121,frame_009978
4.199591,-21.064232,-5.362971,frame_009979
4.077377,-21.023336,-5.362788,frame_009980
3.953897,-20.982314,-5.362577,frame_009981
3.828972,-20.941138,-5.362342,frame_009982
3.704975,-20.899177,-5.362076,frame_009983
3.581881,-20.856285,-5.361777,frame_009984
3.459677,-20.812306,-5.361444,frame_009985
3.336698,-20.768277,-5.361057,frame_009986
3.212928,-20.724248,-5.360617,frame_009987
3.088346,-20.680269,-5.360126,frame_009988
2.963831,-20.636390,-5.359616,frame_009989
2.839515,-20.592663,-5.359087,frame_009990
2.715532,-20.549137,-5.358540,frame_009991
2.591854,-20.505862,-5.357963,frame_009992
2.468290,-20.462889,-5.357351,frame_009993
2.344650,-20.420269,-5.356701,frame_009994
2.220906,-20.379037,-5.356014,frame_009995
2.097190,-20.339038,-5.355299,frame_009996
1.973635,-20.300126,-5.354562,frame_009997
1.850214,-20.261177,-5.353827,frame_009998
1.726736,-20.222265,-5.353091,frame_009999
1.603010,-20.183467,-5.352350,frame_010000
1.479008,-20.143657,-5.351596,frame_010001
1.354864,-20.102689,-5.350833,frame_010002
1.230710,-20.060408,-5.350065,frame_010003
1.106680,-20.017850,-5.349230,frame_010004
0.982907,-19.975066,-5.348339,frame_010005
0.859524,-19.932106,-5.347402,frame_010006
0.736502,-19.889020,-5.346493,frame_010007
0.613652,-19.845858,-5.345618,frame_010008
0.490783,-19.802672,-5.344780,frame_010009
0.367866,-19.759510,-5.343926,frame_010010
0.245034,-19.716424,-5.343059,frame_010011
0.122422,-19.673464,-5.342185,frame_010012
0.000000,-19.630680,-5.341317,frame_010013
-0.122422,-19.588122,-5.340457,frame_010014
-0.245034,-19.545841,-5.339606,frame_010015
-0.367866,-19.504873,-5.338768,frame_010016
-0.490783,-19.465063,-5.337945,frame_010017
-0.613652,-19.426265,-5.337138,frame_010018
-0.737248,-19.387353,-5.336331,frame_010019
-0.861606,-19.348403,-5.335530,frame_010020
-0.986767,-19.309491,-5.334741,frame_010021
-1.111125,-19.269493,-5.333958,frame_010022
-1.234722,-19.228261,-5.333183,frame_010023
-1.357591,-19.185640,-5.332419,frame_010024
-1.480508,-19.142667,-5.331695,frame_010025
-1.603339,-19.099393,-5.331008,frame_010026
-1.725951,-19.055866,-5.330354,frame_010027
-1.848373,-19.012139,-5.329732,frame_010028
-1.970795,-18.968261,-5.329147,frame_010029
-2.093408,-18.924281,-5.328603,frame_010030
-2.216239,-18.880252,-5.328093,frame_010031
-2.339156,-18.836223,-5.327617,frame_010032
-2.462025,-18.792244,-5.327179,frame_010033
-2.584875,-18.749351,-5.326794,frame_010034
-2.707897,-18.707391,-5.326457,frame_010035
-2.831280,-18.666215,-5.326161,frame_010036
-2.955053,-18.624699,-5.325886,frame_010037
-3.079083,-18.582919,-5.325637,frame_010038
-3.203237,-18.540951,-5.325419,frame_010039
-3.326635,-18.498870,-5.325215,frame_010040
-3.449300,-18.456750,-5.325025,frame_010041
-3.571248,-18.414669,-5.324851,frame_010042
-3.694141,-18.372701,-5.324699,frame_010043
-3.817996,-18.330921,-5.324562,frame_010044
-3.942835,-18.289405,-5.324436,frame_010045
-4.067779,-18.247030,-5.324345,frame_010046
-4.192694,-18.203647,-5.324289,frame_010047
-4.317447,-18.159102,-5.324267,frame_010048
-4.442813,-18.114431,-5.324254,frame_010049
-4.568827,-18.069684,-5.324236,frame_010050
-4.695529,-18.024913,-5.324201,frame_010051
-4.822060,-17.980166,-5.324159,frame_010052
-4.948306,-17.935496,-5.324100,frame_010053
-5.074152,-17.890950,-5.324016,frame_010054
-5.199485,-17.846581,-5.323951,frame_010055
-5.324189,-17.802439,-5.323907,frame_010056
-5.448151,-17.758573,-5.323886,frame_010057
-5.572165,-17.715034,-5.323835,frame_010058
-5.696284,-17.671872,-5.323746,frame_010059
-5.820568,-17.629138,-5.323613,frame_010060
-5.944177,-17.586883,-5.323459,frame_010061
-6.067015,-17.545155,-5.323283,frame_010062
-6.188988,-17.504006,-5.323083,frame_010063
-6.310907,-17.463485,-5.322839,frame_010064
-6.432845,-17.423644,-5.322550,frame_010065
-6.554883,-17.384533,-5.322213,frame_010066
-6.676943,-17.345001,-5.321820,frame_010067
-6.798795,-17.304878,-5.321372,frame_010068
-6.920213,-17.263982,-5.320868,frame_010069
-7.040978,-17.223325,-5.320315,frame_010070
-7.160878,-17.182932,-5.319720,frame_010071
-7.279706,-17.142829,-5.319092,frame_010072
-7.399663,-17.102054,-5.318395,frame_010073
-7.520412,-17.060837,-5.317648,frame_010074
-7.641643,-17.019402,-5.316867,frame_010075
-7.761416,-16.977962,-5.316038,frame_010076
-7.879458,-16.936723,-5.315171,frame_010077
-7.995510,-16.895880,-5.314276,frame_010078
-8.110978,-16.856610,-5.313269,frame_010079
-8.225639,-16.818887,-5.312187,frame_010080
-8.339298,-16.782686,-5.311065,frame_010081
-8.451620,-16.746996,-5.310054,frame_010082
-8.562138,-16.711997,-5.309161,frame_010083
-8.670406,-16.677860,-5.308394,frame_010084
-8.776913,-16.643550,-5.307756,frame_010085
-8.881435,-16.608999,-5.307242,frame_010086
-8.983778,-16.574124,-5.306848,frame_010087
-9.082127,-16.540023,-5.306665,frame_010088
-9.176338,-16.506803,-5.306684,frame_010089
-9.266289,-16.474558,-5.306897,frame_010090
-9.353528,-16.443377,-5.307419,frame_010091
-9.437982,-16.413340,-5.308217,frame_010092
-9.519610,-16.384518,-5.309259,frame_010093
-9.597494,-16.356974,-5.310723,frame_010094
-9.671490,-16.330763,-5.312527,frame_010095
-9.741476,-16.305930,-5.314592,frame_010096
-9.807357,-16.282513,-5.316941,frame_010097
-9.869063,-16.260542,-5.319481,frame_010098
-9.926551,-16.240037,-5.322124,frame_010099
-9.979800,-16.220026,-5.324869,frame_010100
-10.028818,-16.200717,-5.327611,frame_010101
-10.073635,-16.182304,-5.330246,frame_010102
-10.114310,-16.165948,-5.332670,frame_010103
-10.150924,-16.151604,-5.334790,frame_010104
-10.183586,-16.139217,-5.336522,frame_010105
-10.212428,-16.128725,-5.337811,frame_010106
-10.237610,-16.120055,-5.338573,frame_010107
-10.259315,-16.113129,-5.338733,frame_010108
-10.277752,-16.107858,-5.338288,frame_010109
-10.293156,-16.104146,-5.337157,frame_010110
-10.305788,-16.101888,-5.335263,frame_010111
-10.315932,-16.100970,-5.332658,frame_010112
-10.323900,-16.101272,-5.329251,frame_010113
-10.330028,-16.102663,-5.324958,frame_010114
-10.334677,-16.105005,-5.319932,frame_010115
-10.338234,-16.108151,-5.314057,frame_010116
-10.341112,-16.111947,-5.307226,frame_010117
-10.342841,-16.116227,-5.299448,frame_010118
-10.343715,-16.120821,-5.290613,frame_010119
-10.344049,-16.125549,-5.280624,frame_010120
-10.344175,-16.130221,-5.269464,frame_010121
-10.344446,-16.134641,-5.257045,frame_010122
-10.345232,-16.138603,-5.243291,frame_010123
-10.345109,-16.143093,-5.228383,frame_010124
-10.344150,-16.148112,-5.212232,frame_010125
-10.342432,-16.153659,-5.194762,frame_010126
-10.340951,-16.159734,-5.175839,frame_010127
-10.339966,-16.166337,-5.155425,frame_010128
-10.339750,-16.173469,-5.133494,frame_010129
-10.339680,-16.179929,-5.110315,frame_010130
-10.339887,-16.185495,-5.085880,frame_010131
-10.340506,-16.189936,-5.060199,frame_010132
-10.340774,-16.194215,-5.033061,frame_010133
-10.340671,-16.198304,-5.004495,frame_010134
-10.340177,-16.202180,-4.974539,frame_010135
-10.339274,-16.205816,-4.943132,frame_010136
-10.337943,-16.209189,-4.910347,frame_010137
-10.336165,-16.212272,-4.876270,frame_010138
-10.334829,-16.215041,-4.840992,frame_010139
-10.334083,-16.217470,-4.804596,frame_010140
-10.334083,-16.219534,-4.767174,frame_010141
-10.334083,-16.221208,-4.728724,frame_010142
-10.334082,-16.222468,-4.689323,frame_010143
-10.334082,-16.223287,-4.649059,frame_010144
-10.334082,-16.223641,-4.607607,frame_010145
-10.334082,-16.223504,-4.565055,frame_010146
-10.334082,-16.222851,-4.521496,frame_010147
-10.334082,-16.221658,-4.476823,frame_010148
-10.334082,-16.219899,-4.431141,frame_010149
-10.334082,-16.217548,-4.384561,frame_010150
-10.334082,-16.215781,-4.337194,frame_010151
-10.334082,-16.214795,-4.289110,frame_010152
-10.334082,-16.214795,-4.240388,frame_010153
-10.334082,-16.214795,-4.190989,frame_010154
-10.334082,-16.214795,-4.141032,frame_010155
-10.334081,-16.214795,-4.090641,frame_010156
-10.334081,-16.214794,-4.039441,frame_010157
-10.334081,-16.214794,-3.987657,frame_010158
-10.334081,-16.214794,-3.935516,frame_010159
-10.334081,-16.214794,-3.882225,frame_010160
-10.334081,-16.214794,-3.828189,frame_010161
-10.334081,-16.214794,-3.773806,frame_010162
-10.334081,-16.214794,-3.719704,frame_010163
-10.334081,-16.214793,-3.666154,frame_010164
-10.334081,-16.214793,-3.613423,frame_010165
-10.334081,-16.214793,-3.561651,frame_010166
-10.334081,-16.214793,-3.511013,frame_010167
-10.334080,-16.214793,-3.461674,frame_010168
-10.334080,-16.214793,-3.413454,frame_010169
-10.334080,-16.214793,-3.366531,frame_010170
-10.334080,-16.214793,-3.321075,frame_010171
-10.334826,-16.214793,-3.277571,frame_010172
-10.336163,-16.214792,-3.236078,frame_010173
-10.337941,-16.214792,-3.196646,frame_010174
-10.339271,-16.214792,-3.159394,frame_010175
-10.340174,-16.214792,-3.124253,frame_010176
-10.340668,-16.214792,-3.091147,frame_010177
-10.340771,-16.214792,-3.060536,frame_010178
-10.340503,-16.214792,-3.032256,frame_010179
-10.339883,-16.214792,-3.006143,frame_010180
-10.338930,-16.214792,-2.981858,frame_010181
-10.337664,-16.214792,-2.959205,frame_010182
-10.336102,-16.214792,-2.937982,frame_010183
-10.334264,-16.214792,-2.918301,frame_010184
-10.332170,-16.214792,-2.899935,frame_010185
-10.329837,-16.214792,-2.882659,frame_010186
-10.327286,-16.214791,-2.866193,frame_010187
-10.324534,-16.214791,-2.850361,frame_010188
-10.321603,-16.214791,-2.834990,frame_010189
-10.318509,-16.214791,-2.819961,frame_010190
-10.315272,-16.214791,-2.805056,frame_010191
-10.311912,-16.214791,-2.790059,frame_010192
-10.308447,-16.214791,-2.774718,frame_010193
-10.304897,-16.214791,-2.758802,frame_010194
-10.301280,-16.214791,-2.742084,frame_010195
-10.297615,-16.214791,-2.724640,frame_010196
-10.293922,-16.214791,-2.706246,frame_010197
-10.290219,-16.214791,-2.686680,frame_010198
-10.286526,-16.214791,-2.666036,frame_010199
-10.282862,-16.214791,-2.644076,frame_010200
-10.279245,-16.214791,-2.620564,frame_010201
-10.275694,-16.214791,-2.594741,frame_010202
-10.272229,-16.214791,-2.566433,frame_010203
-10.268869,-16.214791,-2.535470,frame_010204
-10.265633,-16.214791,-2.501791,frame_010205
-10.262539,-16.214791,-2.465267,frame_010206
-10.259607,-16.214790,-2.425771,frame_010207
-10.256856,-16.214790,-2.383964,frame_010208
-10.254304,-16.214790,-2.339783,frame_010209
-10.251972,-16.214790,-2.293175,frame_010210
-10.249877,-16.214790,-2.244790,frame_010211
-10.248039,-16.214790,-2.194890,frame_010212
-10.246477,-16.214790,-2.143747,frame_010213
-10.245211,-16.214790,-2.091532,frame_010214
-10.244258,-16.214789,-2.038378,frame_010215
-10.243638,-16.214789,-1.984427,frame_010216
-10.243370,-16.214789,-1.929863,frame_010217
-10.243473,-16.214789,-1.874771,frame_010218
-10.243967,-16.214789,-1.819252,frame_010219
-10.244869,-16.214789,-1.763402,frame_010220
-10.246200,-16.214789,-1.707453,frame_010221
-10.247978,-16.214788,-1.651647,frame_010222
-10.249315,-16.214788,-1.595204,frame_010223
-10.250060,-16.214788,-1.538419,frame_010224
-10.250060,-16.214788,-1.481588,frame_010225
-10.250060,-16.214788,-1.425044,frame_010226
-10.250060,-16.214788,-1.368933,frame_010227
-10.250060,-16.214788,-1.313411,frame_010228
-10.249314,-16.214787,-1.258481,frame_010229
-10.247977,-16.214787,-1.204121,frame_010230
-10.246199,-16.214787,-1.150308,frame_010231
-10.244868,-16.214787,-1.096858,frame_010232
-10.243966,-16.214787,-1.043792,frame_010233
-10.243472,-16.214787,-0.991134,frame_010234
-10.243368,-16.214787,-0.938627,frame_010235
-10.243636,-16.214787,-0.886260,frame_010236
-10.244256,-16.214786,-0.834023,frame_010237
-10.245208,-16.214786,-0.782284,frame_010238
-10.246475,-16.214786,-0.731029,frame_010239
-10.248037,-16.214786,-0.680242,frame_010240
-10.249874,-16.214786,-0.629389,frame_010241
-10.251969,-16.214786,-0.578506,frame_010242
-10.254301,-16.214786,-0.527633,frame_010243
-10.256853,-16.215772,-0.477156,frame_010244
-10.259604,-16.217538,-0.427029,frame_010245
-10.262535,-16.219888,-0.377207,frame_010246
-10.265629,-16.221648,-0.327424,frame_010247
-10.268865,-16.222841,-0.277622,frame_010248
-10.272225,-16.223493,-0.227742,frame_010249
-10.275690,-16.222643,-0.177436,frame_010250
-10.279241,-16.220523,-0.126608,frame_010251
-10.282857,-16.217353,-0.075163,frame_010252
-10.286522,-16.214334,-0.023449,frame_010253
-10.290215,-16.211466,0.028542,frame_010254
-10.293918,-16.208749,0.080819,frame_010255
-10.297611,-16.206183,0.133433,frame_010256
-10.301275,-16.203768,0.186354,frame_010257
-10.304892,-16.201504,0.239554,frame_010258
-10.308442,-16.199391,0.293024,frame_010259
-10.311907,-16.197428,0.346831,frame_010260
-10.315267,-16.195617,0.401041,frame_010261
-10.318503,-16.193957,0.455494,frame_010262
-10.321597,-16.192447,0.510093,frame_010263
-10.324529,-16.191089,0.564739,frame_010264
-10.327280,-16.189881,0.619661,frame_010265
-10.329831,-16.188824,0.674861,frame_010266
-10.332164,-16.187918,0.730343,frame_010267
-10.334258,-16.187164,0.786601,frame_010268
-10.336096,-16.186560,0.843639,frame_010269
-10.337657,-16.186107,0.901464,frame_010270
-10.338924,-16.185805,0.959723,frame_010271
-10.339877,-16.185654,1.018372,frame_010272
-10.340496,-16.185654,1.077365,frame_010273
-10.340764,-16.185804,1.136041,frame_010274
-10.340661,-16.186106,1.194220,frame_010275
-10.340167,-16.186559,1.251717,frame_010276
-10.339264,-16.187162,1.308976,frame_010277
-10.337933,-16.187917,1.365871,frame_010278
-10.336155,-16.188822,1.422279,frame_010279
-10.334818,-16.189879,1.478598,frame_010280
-10.334072,-16.191086,1.534791,frame_010281
-10.334072,-16.192444,1.590824,frame_010282
-10.334072,-16.193954,1.646482,frame_010283
-10.334072,-16.195614,1.701701,frame_010284
-10.334072,-16.197425,1.756422,frame_010285
-10.334072,-16.199387,1.810456,frame_010286
-10.334072,-16.201500,1.863761,frame_010287
-10.334072,-16.203764,1.916299,frame_010288
-10.334072,-16.206178,1.968183,frame_010289
-10.334072,-16.208744,2.019443,frame_010290
-10.334071,-16.211461,2.070113,frame_010291
-10.334071,-16.214328,2.120115,frame_010292
-10.334071,-16.217347,2.169341,frame_010293
-10.334071,-16.220517,2.217684,frame_010294
-10.334071,-16.222637,2.265480,frame_010295
-10.334071,-16.223486,2.312716,frame_010296
-10.334071,-16.222834,2.359390,frame_010297
-10.334071,-16.221641,2.405293,frame_010298
-10.334071,-16.219881,2.450450,frame_010299
-10.334071,-16.217531,2.494888,frame_010300
-10.334071,-16.215764,2.538505,frame_010301
-10.334071,-16.214778,2.581345,frame_010302
-10.334071,-16.214777,2.623457,frame_010303
-10.334071,-16.214777,2.664834,frame_010304
-10.334070,-16.214777,2.705536,frame_010305
-10.334070,-16.214777,2.745626,frame_010306
-10.334070,-16.214777,2.784870,frame_010307
-10.334070,-16.214777,2.823350,frame_010308
-10.334070,-16.214777,2.861146,frame_010309
-10.334070,-16.214777,2.898508,frame_010310
-10.334070,-16.214777,2.935600,frame_010311
-10.334070,-16.214777,2.972588,frame_010312
-10.334070,-16.214776,3.009572,frame_010313
-10.334070,-16.214776,3.046592,frame_010314
-10.334070,-16.214776,3.083689,frame_010315
-10.334070,-16.214776,3.120913,frame_010316
-10.334070,-16.214776,3.158361,frame_010317
-10.334070,-16.214776,3.196135,frame_010318
-10.334070,-16.214776,3.234207,frame_010319
-10.334070,-16.214776,3.272596,frame_010320
-10.334069,-16.214776,3.311327,frame_010321
-10.334069,-16.214776,3.350193,frame_010322
-10.334069,-16.214776,3.389276,frame_010323
-10.334069,-16.214775,3.428655,frame_010324
-10.334069,-16.214775,3.468661,frame_010325
-10.334069,-16.214775,3.509289,frame_010326
-10.334069,-16.214775,3.550538,frame_010327
-10.334815,-16.214775,3.592429,frame_010328
-10.336152,-16.214775,3.634893,frame_010329
-10.337930,-16.214775,3.677864,frame_010330
-10.339260,-16.214775,3.721197,frame_010331
-10.340163,-16.214775,3.764830,frame_010332
-10.340656,-16.214774,3.808699,frame_010333
-10.340760,-16.214774,3.852821,frame_010334
-10.340492,-16.214774,3.897110,frame_010335
-10.339872,-16.214774,3.941486,frame_010336
-10.338919,-16.214774,3.986003,frame_010337
-10.337652,-16.214774,4.030597,frame_010338
-10.336091,-16.214774,4.075209,frame_010339
-10.334253,-16.215760,4.119817,frame_010340
-10.332158,-16.217526,4.164403,frame_010341
-10.329826,-16.219877,4.208951,frame_010342
-10.328020,-16.221636,4.252914,frame_010343
-10.326606,-16.222829,4.296235,frame_010344
-10.325452,-16.223481,4.338859,frame_010345
-10.323689,-16.223618,4.380703,frame_010346
-10.321355,-16.223264,4.421724,frame_010347
-10.318488,-16.222444,4.461875,frame_010348
-10.315127,-16.221185,4.501173,frame_010349
-10.311309,-16.219510,4.539620,frame_010350
-10.307072,-16.217446,4.577218,frame_010351
-10.302454,-16.215016,4.613913,frame_010352
-10.297494,-16.212248,4.649756,frame_010353
-10.292230,-16.209164,4.684794,frame_010354
-10.286699,-16.205792,4.719358,frame_010355
-10.280940,-16.202155,4.753451,frame_010356
-10.274990,-16.198279,4.787078,frame_010357
-10.269634,-16.194190,4.820344,frame_010358
-10.264755,-16.189911,4.853316,frame_010359
-10.260241,-16.185470,4.886062,frame_010360
-10.255242,-16.180889,4.919125,frame_010361
-10.249814,-16.176196,4.952537,frame_010362
-10.244015,-16.171415,4.986336,frame_010363
-10.237903,-16.166571,5.020183,frame_010364
-10.231533,-16.161689,5.054062,frame_010365
-10.224964,-16.156794,5.087960,frame_010366
-10.218998,-16.151912,5.122110,frame_010367
-10.213537,-16.147068,5.156519,frame_010368
-10.208489,-16.142286,5.191197,frame_010369
-10.203022,-16.138579,5.226029,frame_010370
-10.197212,-16.135766,5.260990,frame_010371
-10.191137,-16.133675,5.296058,frame_010372
-10.185617,-16.131156,5.331509,frame_010373
-10.180573,-16.128259,5.367385,frame_010374
-10.175933,-16.125036,5.403737,frame_010375
-10.170883,-16.121536,5.440236,frame_010376
-10.165520,-16.117809,5.476866,frame_010377
-10.159937,-16.113907,5.513611,frame_010378
-10.153608,-16.112174,5.551816,frame_010379
-10.147031,-16.110410,5.589837,frame_010380
-10.140191,-16.108576,5.627605,frame_010381
-10.133071,-16.106634,5.665052,frame_010382
-10.125658,-16.104547,5.702108,frame_010383
-10.117934,-16.102275,5.738707,frame_010384
-10.109886,-16.099780,5.774779,frame_010385
-10.101497,-16.097026,5.810256,frame_010386
-10.092752,-16.093973,5.845069,frame_010387
-10.083636,-16.090583,5.879150,frame_010388
-10.074134,-16.086819,5.912431,frame_010389
-10.064229,-16.082642,5.944843,frame_010390
-10.053907,-16.078015,5.976318,frame_010391
-10.043152,-16.072898,6.006786,frame_010392
-10.031949,-16.067254,6.036181,frame_010393
-10.020282,-16.061045,6.064432,frame_010394
-10.008136,-16.054233,6.091473,frame_010395
-9.995495,-16.046780,6.117234,frame_010396
-9.982345,-16.038647,6.141646,frame_010397
-9.968669,-16.029796,6.164643,frame_010398
-9.954453,-16.020190,6.186154,frame_010399
-9.939681,-16.009790,6.206112,frame_010400
-9.924337,-15.998558,6.224448,frame_010401
-9.908407,-15.986456,6.241094,frame_010402
-9.891874,-15.973447,6.255981,frame_010403
