translation_x,translation_y,translation_z,frame_numbers
-0.000000,-0.022573,-0.002808,frame_000000
-0.000000,-0.015699,-0.002468,frame_000001
-0.000000,-0.008968,-0.002126,frame_000002
0.000000,-0.002384,-0.001784,frame_000003
0.000000,0.004053,-0.001443,frame_000004
0.000000,0.010338,-0.001105,frame_000005
0.000000,0.016471,-0.000770,frame_000006
0.000000,0.022449,-0.000441,frame_000007
0.000000,0.028270,-0.000119,frame_000008
0.000000,0.033931,0.000196,frame_000009
0.000000,0.039430,0.000501,frame_000010
0.000000,0.044765,0.000796,frame_000011
0.000000,0.049934,0.001078,frame_000012
0.000000,0.054934,0.001348,frame_000013
0.000000,0.059763,0.001602,frame_000014
0.000000,0.064419,0.001841,frame_000015
0.000000,0.068900,0.002062,frame_000016
0.000000,0.073202,0.002264,frame_000017
0.000000,0.077325,0.002447,frame_000018
0.000000,0.081265,0.002608,frame_000019
0.000000,0.085021,0.002746,frame_000020
0.000000,0.088590,0.002859,frame_000021
0.000000,0.091970,0.002948,frame_000022
0.000000,0.095159,0.003009,frame_000023
0.000000,0.098154,0.003042,frame_000024
0.000000,0.100953,0.003046,frame_000025
0.000000,0.103925,0.003012,frame_000026
0.000000,0.106595,0.002975,frame_000027
0.000000,0.108938,0.002877,frame_000028
0.000000,0.110929,0.002712,frame_000029
0.000000,0.112543,0.002476,frame_000030
0.000000,0.113754,0.002163,frame_000031
0.000000,0.114538,0.001768,frame_000032
0.000000,0.115094,0.001337,frame_000033
0.000000,0.115438,0.000874,frame_000034
0.000000,0.115590,0.000383,frame_000035
0.000000,0.115567,-0.000131,frame_000036
0.000000,0.115393,-0.000625,frame_000037
0.000000,0.115088,-0.001102,frame_000038
0.000000,0.114679,-0.001567,frame_000039
0.000000,0.114190,-0.002056,frame_000040
0.000000,0.113650,-0.002564,frame_000041
0.000000,0.113087,-0.003087,frame_000042
0.000000,0.112532,-0.003608,frame_000043
0.000000,0.112017,-0.004125,frame_000044
0.000000,0.111576,-0.004631,frame_000045
0.000000,0.111245,-0.005124,frame_000046
0.000000,0.111060,-0.005596,frame_000047
0.000000,0.111060,-0.006045,frame_000048
0.000000,0.111060,-0.006531,frame_000049
0.000000,0.111060,-0.007051,frame_000050
0.000000,0.111060,-0.007603,frame_000051
0.000000,0.111060,-0.008112,frame_000052
0.000000,0.111060,-0.008585,frame_000053
0.000000,0.111060,-0.009025,frame_000054
0.000000,0.111060,-0.009464,frame_000055
0.000000,0.111060,-0.009901,frame_000056
0.000000,0.111060,-0.010333,frame_000057
0.000000,0.111060,-0.010730,frame_000058
0.000000,0.111060,-0.011104,frame_000059
0.000000,0.111060,-0.011464,frame_000060
0.000000,0.111060,-0.011855,frame_000061
0.000000,0.111060,-0.012279,frame_000062
0.000000,0.111060,-0.012738,frame_000063
0.000000,0.111060,-0.013280,frame_000064
0.000000,0.111060,-0.013901,frame_000065
0.000000,0.111060,-0.014598,frame_000066
0.000000,0.111060,-0.015368,frame_000067
0.000000,0.111060,-0.016191,frame_000068
0.000000,0.111060,-0.017049,frame_000069
0.000000,0.111060,-0.017957,frame_000070
0.000000,0.111060,-0.018910,frame_000071
0.000000,0.111060,-0.019904,frame_000072
0.000000,0.111060,-0.020880,frame_000073
0.000000,0.111060,-0.021832,frame_000074
0.000000,0.111060,-0.022753,frame_000075
0.000000,0.111060,-0.023663,frame_000076
0.000000,0.111060,-0.024552,frame_000077
0.000000,0.111060,-0.025407,frame_000078
0.000000,0.111060,-0.026215,frame_000079
0.000000,0.111060,-0.026965,frame_000080
0.000000,0.111060,-0.027648,frame_000081
0.000000,0.111060,-0.028256,frame_000082
0.000000,0.111060,-0.028781,frame_000083
0.000000,0.111060,-0.029215,frame_000084
0.000000,0.111060,-0.029551,frame_000085
0.000000,0.111060,-0.029781,frame_000086
0.000000,0.111060,-0.029899,frame_000087
0.000000,0.111060,-0.029946,frame_000088
0.000000,0.111060,-0.029925,frame_000089
0.000000,0.111060,-0.029840,frame_000090
0.000373,0.111060,-0.029651,frame_000091
0.001041,0.111060,-0.029357,frame_000092
0.001930,0.111060,-0.028954,frame_000093
0.002969,0.111060,-0.028451,frame_000094
0.004088,0.111060,-0.027849,frame_000095
0.005224,0.111060,-0.027148,frame_000096
0.005941,0.111060,-0.026354,frame_000097
0.006259,0.111060,-0.025467,frame_000098
0.006196,0.111060,-0.024490,frame_000099
0.005771,0.111060,-0.023321,frame_000100
0.005004,0.111060,-0.021971,frame_000101
0.003913,0.111060,-0.020450,frame_000102
0.002518,0.111060,-0.018871,frame_000103
0.000837,0.111060,-0.017247,frame_000104
-0.001110,0.111060,-0.015595,frame_000105
-0.004051,0.111060,-0.013889,frame_000106
-0.007810,0.111060,-0.012140,frame_000107
-0.012220,0.111060,-0.010362,frame_000108
-0.016374,0.111060,-0.008709,frame_000109
-0.020270,0.111060,-0.007187,frame_000110
-0.023910,0.111060,-0.005799,frame_000111
-0.027292,0.111060,-0.004434,frame_000112
-0.030418,0.111060,-0.003108,frame_000113
-0.033287,0.111060,-0.001837,frame_000114
-0.035899,0.111060,-0.000594,frame_000115
-0.038254,0.111060,0.000613,frame_000116
-0.040352,0.111060,0.001774,frame_000117
-0.042193,0.111060,0.002913,frame_000118
-0.043777,0.111060,0.004035,frame_000119
-0.045105,0.111060,0.005147,frame_000120
-0.046175,0.111060,0.006242,frame_000121
-0.046989,0.111060,0.007319,frame_000122
-0.047545,0.111060,0.008381,frame_000123
-0.047845,0.111060,0.009414,frame_000124
-0.047888,0.111060,0.010414,frame_000125
-0.047674,0.111060,0.011374,frame_000126
-0.047203,0.111060,0.012332,frame_000127
-0.046475,0.111060,0.013286,frame_000128
-0.045490,0.111060,0.014236,frame_000129
-0.043502,0.111060,0.015148,frame_000130
-0.040667,0.111060,0.016028,frame_000131
-0.037134,0.111060,0.016880,frame_000132
-0.033790,0.111060,0.017752,frame_000133
-0.030618,0.111060,0.018640,frame_000134
-0.027598,0.111060,0.019540,frame_000135
-0.024712,0.111060,0.020447,frame_000136
-0.021939,0.111060,0.021358,frame_000137
-0.019262,0.111060,0.022271,frame_000138
-0.016661,0.111060,0.023179,frame_000139
-0.014117,0.111060,0.024081,frame_000140
-0.011611,0.111060,0.024975,frame_000141
-0.009578,0.111060,0.025862,frame_000142
-0.008083,0.111060,0.026739,frame_000143
-0.007194,0.111060,0.027608,frame_000144
-0.006982,0.111060,0.028469,frame_000145
-0.007523,0.111060,0.029321,frame_000146
-0.008893,0.111060,0.030167,frame_000147
-0.011466,0.111060,0.031079,frame_000148
-0.015086,0.111060,0.032045,frame_000149
-0.019604,0.111060,0.033056,frame_000150
-0.024132,0.111060,0.033954,frame_000151
-0.028689,0.111060,0.034730,frame_000152
-0.033293,0.111060,0.035371,frame_000153
-0.037964,0.111060,0.035884,frame_000154
-0.042720,0.111060,0.036271,frame_000155
-0.047581,0.111060,0.036534,frame_000156
-0.051658,0.111060,0.036699,frame_000157
-0.054802,0.111060,0.036760,frame_000158
-0.056857,0.111060,0.036709,frame_000159
-0.058570,0.111060,0.036648,frame_000160
-0.059940,0.111060,0.036589,frame_000161
-0.060967,0.111060,0.036546,frame_000162
-0.061652,0.111060,0.036434,frame_000163
-0.061995,0.111060,0.036254,frame_000164
-0.061995,0.111060,0.036006,frame_000165
-0.061652,0.111060,0.035692,frame_000166
-0.060967,0.111060,0.035312,frame_000167
-0.059940,0.111060,0.034868,frame_000168
-0.058570,0.111060,0.034389,frame_000169
-0.056857,0.111060,0.033881,frame_000170
-0.054802,0.111060,0.033353,frame_000171
-0.052404,0.111060,0.032702,frame_000172
-0.049663,0.111060,0.031956,frame_000173
-0.046580,0.111060,0.031140,frame_000174
-0.043155,0.111060,0.030268,frame_000175
-0.039387,0.111060,0.029363,frame_000176
-0.035276,0.111060,0.028448,frame_000177
-0.030077,0.111060,0.027568,frame_000178
-0.023945,0.111060,0.026735,frame_000179
-0.017029,0.111060,0.025961,frame_000180
-0.011125,0.111060,0.025306,frame_000181
-0.006383,0.111060,0.024782,frame_000182
-0.002957,0.111060,0.024403,frame_000183
-0.000103,0.111060,0.024145,frame_000184
0.002181,0.111060,0.024007,frame_000185
0.003894,0.111060,0.023987,frame_000186
0.005035,0.111060,0.024058,frame_000187
0.005606,0.111060,0.024224,frame_000188
0.005606,0.111060,0.024487,frame_000189
0.005035,0.111060,0.024864,frame_000190
0.003894,0.111060,0.025355,frame_000191
0.002181,0.111060,0.025961,frame_000192
-0.000103,0.111060,0.026684,frame_000193
-0.002957,0.111060,0.027523,frame_000194
-0.006383,0.111060,0.028478,frame_000195
-0.010379,0.111060,0.029558,frame_000196
-0.014946,0.111060,0.030760,frame_000197
-0.020085,0.111060,0.032081,frame_000198
-0.024886,0.111060,0.033457,frame_000199
-0.029182,0.111060,0.034865,frame_000200
-0.032799,0.111060,0.036283,frame_000201
-0.036464,0.111060,0.037745,frame_000202
-0.040157,0.111060,0.039246,frame_000203
-0.043860,0.111060,0.040780,frame_000204
-0.047553,0.111060,0.042388,frame_000205
-0.051218,0.111060,0.044067,frame_000206
-0.054835,0.111060,0.045812,frame_000207
-0.058385,0.111060,0.047575,frame_000208
-0.061850,0.111060,0.049343,frame_000209
-0.065210,0.111060,0.051104,frame_000210
-0.068446,0.111060,0.052862,frame_000211
-0.071540,0.111060,0.054601,frame_000212
-0.074472,0.111060,0.056303,frame_000213
-0.077223,0.111060,0.057927,frame_000214
-0.079774,0.111060,0.059464,frame_000215
-0.082107,0.111060,0.060907,frame_000216
-0.084201,0.111060,0.062248,frame_000217
-0.086039,0.111060,0.063477,frame_000218
-0.087601,0.111060,0.064585,frame_000219
-0.088868,0.111060,0.065627,frame_000220
-0.089821,0.111060,0.066578,frame_000221
-0.090440,0.111060,0.067417,frame_000222
-0.090708,0.111060,0.068240,frame_000223
-0.090605,0.111060,0.069048,frame_000224
-0.090111,0.111060,0.069842,frame_000225
-0.089208,0.111060,0.070624,frame_000226
-0.087878,0.111060,0.071397,frame_000227
-0.086099,0.111060,0.072166,frame_000228
-0.085012,0.111060,0.072848,frame_000229
-0.084711,0.111060,0.073452,frame_000230
-0.085304,0.111060,0.073985,frame_000231
-0.085996,0.111060,0.074435,frame_000232
-0.086742,0.111060,0.074806,frame_000233
-0.087500,0.111060,0.075103,frame_000234
-0.088226,0.111060,0.075310,frame_000235
-0.088884,0.111060,0.075429,frame_000236
-0.089434,0.111060,0.075461,frame_000237
-0.088849,0.111060,0.075404,frame_000238
-0.087302,0.111060,0.075275,frame_000239
-0.084961,0.111060,0.075088,frame_000240
-0.082921,0.111060,0.074887,frame_000241
-0.081143,0.111060,0.074677,frame_000242
-0.079589,0.111060,0.074464,frame_000243
-0.078224,0.111060,0.074253,frame_000244
-0.077014,0.111060,0.074049,frame_000245
-0.075926,0.111060,0.073859,frame_000246
-0.074930,0.111060,0.073677,frame_000247
-0.073996,0.111060,0.073508,frame_000248
-0.073095,0.111060,0.073357,frame_000249
-0.072203,0.111060,0.073207,frame_000250
-0.071295,0.111060,0.073060,frame_000251
-0.070347,0.111060,0.072915,frame_000252
-0.069151,0.111060,0.072809,frame_000253
-0.067728,0.111060,0.072744,frame_000254
-0.066094,0.111060,0.072724,frame_000255
-0.064271,0.110074,0.072738,frame_000256
-0.062276,0.108307,0.072783,frame_000257
-0.060129,0.105957,0.072858,frame_000258
-0.057849,0.104198,0.072862,frame_000259
-0.055455,0.103005,0.072814,frame_000260
-0.052965,0.102352,0.072731,frame_000261
-0.050400,0.103202,0.072690,frame_000262
-0.047777,0.105322,0.072686,frame_000263
-0.045116,0.108492,0.072715,frame_000264
-0.042437,0.111511,0.072780,frame_000265
-0.039757,0.114378,0.072894,frame_000266
-0.037096,0.117095,0.073065,frame_000267
-0.034473,0.118675,0.073351,frame_000268
-0.031908,0.119323,0.073753,frame_000269
-0.029418,0.119237,0.074273,frame_000270
-0.027024,0.119591,0.074819,frame_000271
-0.024744,0.120359,0.075384,frame_000272
-0.022597,0.121518,0.075959,frame_000273
-0.020602,0.123042,0.076537,frame_000274
-0.018779,0.124905,0.077109,frame_000275
-0.017146,0.127083,0.077664,frame_000276
-0.015722,0.129550,0.078194,frame_000277
-0.014526,0.132281,0.078689,frame_000278
-0.013578,0.135251,0.079138,frame_000279
-0.012594,0.138435,0.079584,frame_000280
-0.011537,0.141807,0.080026,frame_000281
-0.010367,0.145343,0.080464,frame_000282
-0.009044,0.149018,0.080895,frame_000283
-0.007524,0.152805,0.081319,frame_000284
-0.005762,0.156681,0.081736,frame_000285
-0.003710,0.160620,0.082204,frame_000286
-0.001318,0.164596,0.082712,frame_000287
0.001465,0.168585,0.083245,frame_000288
0.003483,0.172561,0.083744,frame_000289
0.004569,0.176500,0.084223,frame_000290
0.004546,0.180375,0.084698,frame_000291
0.004370,0.184163,0.085230,frame_000292
0.004063,0.187837,0.085805,frame_000293
0.003650,0.191373,0.086407,frame_000294
0.003157,0.194746,0.086980,frame_000295
0.002612,0.197930,0.087518,frame_000296
0.002044,0.200900,0.088018,frame_000297
0.001484,0.203631,0.088503,frame_000298
0.000965,0.206098,0.088962,frame_000299
0.000521,0.208276,0.089389,frame_000300
0.000186,0.210139,0.089693,frame_000301
0.000000,0.211662,0.089885,frame_000302
0.000000,0.212821,0.089972,frame_000303
0.000000,0.213590,0.090000,frame_000304
0.000000,0.213944,0.089962,frame_000305
0.000000,0.213858,0.089854,frame_000306
0.000186,0.214506,0.089621,frame_000307
0.000521,0.216086,0.089264,frame_000308
0.000965,0.218802,0.088782,frame_000309
0.001484,0.221670,0.088293,frame_000310
0.002044,0.224689,0.087817,frame_000311
0.002612,0.227858,0.087375,frame_000312
0.003157,0.229979,0.086892,frame_000313
0.003650,0.230829,0.086371,frame_000314
0.004063,0.230176,0.085818,frame_000315
0.004370,0.228983,0.085278,frame_000316
0.004546,0.227224,0.084765,frame_000317
0.004569,0.224873,0.084288,frame_000318
0.004229,0.223107,0.083798,frame_000319
0.003548,0.222120,0.083299,frame_000320
0.002543,0.222120,0.082794,frame_000321
0.001233,0.222120,0.082343,frame_000322
-0.000362,0.222120,0.081948,frame_000323
-0.002223,0.222120,0.081606,frame_000324
-0.004332,0.222120,0.081279,frame_000325
-0.006669,0.222120,0.080975,frame_000326
-0.009216,0.222120,0.080702,frame_000327
-0.011953,0.222120,0.080468,frame_000328
-0.014861,0.222120,0.080281,frame_000329
-0.017921,0.222120,0.080149,frame_000330
-0.021115,0.222120,0.080093,frame_000331
-0.024423,0.222120,0.080118,frame_000332
-0.027826,0.222120,0.080227,frame_000333
-0.031305,0.222120,0.080425,frame_000334
-0.034841,0.222120,0.080716,frame_000335
-0.038415,0.222120,0.081106,frame_000336
-0.042008,0.222120,0.081531,frame_000337
-0.045602,0.222120,0.081979,frame_000338
-0.049176,0.222120,0.082439,frame_000339
-0.052712,0.222120,0.083005,frame_000340
-0.056191,0.222120,0.083684,frame_000341
-0.059594,0.222120,0.084483,frame_000342
-0.062902,0.222120,0.085286,frame_000343
-0.066095,0.222120,0.086079,frame_000344
-0.069156,0.222120,0.086859,frame_000345
-0.072064,0.222120,0.087660,frame_000346
-0.074801,0.222120,0.088477,frame_000347
-0.077347,0.222120,0.089302,frame_000348
-0.079685,0.222120,0.090093,frame_000349
-0.081794,0.222120,0.090837,frame_000350
-0.083655,0.222120,0.091519,frame_000351
-0.085250,0.222120,0.092221,frame_000352
-0.086560,0.222120,0.092947,frame_000353
-0.087565,0.222120,0.093698,frame_000354
-0.088246,0.222120,0.094413,frame_000355
-0.088585,0.222120,0.095084,frame_000356
-0.088563,0.222120,0.095702,frame_000357
-0.088387,0.222120,0.096301,frame_000358
-0.088080,0.222120,0.096880,frame_000359
-0.087667,0.222120,0.097439,frame_000360
-0.087174,0.222120,0.097925,frame_000361
-0.086629,0.222120,0.098349,frame_000362
-0.086061,0.222120,0.098721,frame_000363
-0.085501,0.222120,0.099129,frame_000364
-0.084982,0.222120,0.099565,frame_000365
-0.084538,0.222120,0.100022,frame_000366
-0.084203,0.222120,0.100457,frame_000367
-0.084017,0.222120,0.100871,frame_000368
-0.084017,0.222120,0.101264,frame_000369
-0.084390,0.222120,0.101667,frame_000370
-0.085058,0.222120,0.102077,frame_000371
-0.085947,0.222120,0.102495,frame_000372
-0.086986,0.222120,0.102878,frame_000373
-0.088105,0.222120,0.103216,frame_000374
-0.089241,0.222120,0.103503,frame_000375
-0.089958,0.222120,0.103751,frame_000376
-0.090276,0.222120,0.103969,frame_000377
-0.090213,0.222120,0.104163,frame_000378
-0.089788,0.222120,0.104365,frame_000379
-0.089021,0.222120,0.104578,frame_000380
-0.087930,0.222120,0.104804,frame_000381
-0.086535,0.222120,0.105001,frame_000382
-0.084854,0.222120,0.105175,frame_000383
-0.082907,0.222120,0.105330,frame_000384
-0.080712,0.222120,0.105471,frame_000385
-0.078289,0.222120,0.105605,frame_000386
-0.075657,0.222120,0.105734,frame_000387
-0.072835,0.222120,0.105886,frame_000388
-0.069841,0.222120,0.106055,frame_000389
-0.066695,0.222120,0.106240,frame_000390
-0.063416,0.222120,0.106437,frame_000391
-0.060022,0.222120,0.106642,frame_000392
-0.056534,0.222120,0.106854,frame_000393
-0.052969,0.222120,0.107074,frame_000394
-0.049347,0.222120,0.107302,frame_000395
-0.045687,0.222120,0.107525,frame_000396
-0.042008,0.222120,0.107739,frame_000397
-0.038330,0.222120,0.107941,frame_000398
-0.034670,0.222120,0.108128,frame_000399
-0.031048,0.222120,0.108241,frame_000400
-0.027483,0.222120,0.108287,frame_000401
-0.023995,0.222120,0.108277,frame_000402
-0.020601,0.222120,0.108255,frame_000403
-0.017322,0.222120,0.108221,frame_000404
-0.014176,0.222120,0.108177,frame_000405
-0.011182,0.222120,0.108123,frame_000406
-0.008360,0.222120,0.108061,frame_000407
-0.005727,0.222120,0.107991,frame_000408
-0.003305,0.222120,0.107909,frame_000409
-0.001110,0.222120,0.107817,frame_000410
0.000837,0.222120,0.107727,frame_000411
0.002518,0.222120,0.107697,frame_000412
0.003913,0.222120,0.107740,frame_000413
0.005004,0.222120,0.107866,frame_000414
0.005771,0.222120,0.107990,frame_000415
0.006196,0.222120,0.108105,frame_000416
0.006259,0.222120,0.108205,frame_000417
0.005941,0.222120,0.108324,frame_000418
0.005224,0.222120,0.108464,frame_000419
0.004088,0.222120,0.108625,frame_000420
0.002969,0.222120,0.108790,frame_000421
0.001930,0.222120,0.108955,frame_000422
0.001041,0.222120,0.109118,frame_000423
0.000373,0.222120,0.109278,frame_000424
0.000000,0.222120,0.109432,frame_000425
0.000000,0.222120,0.109576,frame_000426
0.000000,0.222120,0.109742,frame_000427
0.000000,0.222120,0.109932,frame_000428
0.000000,0.222120,0.110162,frame_000429
0.000000,0.222120,0.110402,frame_000430
0.000000,0.222120,0.110646,frame_000431
0.000000,0.222120,0.110888,frame_000432
0.000000,0.222120,0.111136,frame_000433
0.000000,0.222120,0.111394,frame_000434
0.000000,0.222120,0.111667,frame_000435
0.000000,0.222120,0.111960,frame_000436
0.000000,0.222120,0.112277,frame_000437
0.000000,0.222120,0.112624,frame_000438
0.000000,0.222120,0.112979,frame_000439
0.000000,0.222120,0.113339,frame_000440
0.000000,0.222120,0.113699,frame_000441
0.000000,0.222120,0.114053,frame_000442
0.000000,0.222120,0.114397,frame_000443
0.000000,0.222120,0.114726,frame_000444
0.000000,0.222120,0.115034,frame_000445
0.000000,0.222120,0.115316,frame_000446
0.000000,0.222120,0.115567,frame_000447
0.000000,0.222120,0.115782,frame_000448
0.000000,0.222120,0.115954,frame_000449
0.000000,0.222120,0.116077,frame_000450
0.000000,0.222120,0.116217,frame_000451
0.000000,0.222120,0.116379,frame_000452
0.000000,0.222120,0.116572,frame_000453
0.000000,0.222120,0.116759,frame_000454
0.000000,0.222120,0.116942,frame_000455
0.000000,0.222120,0.117119,frame_000456
0.000000,0.222120,0.117291,frame_000457
0.000000,0.222120,0.117458,frame_000458
0.000000,0.222120,0.117622,frame_000459
0.000000,0.222120,0.117786,frame_000460
0.000000,0.222120,0.117954,frame_000461
0.000000,0.222120,0.118114,frame_000462
0.000000,0.222120,0.118275,frame_000463
0.000000,0.222120,0.118433,frame_000464
0.000000,0.222120,0.118588,frame_000465
0.000000,0.222120,0.118737,frame_000466
0.000000,0.222120,0.118878,frame_000467
0.000000,0.222120,0.119010,frame_000468
0.000000,0.222120,0.119135,frame_000469
0.000000,0.222120,0.119252,frame_000470
0.000000,0.222120,0.119368,frame_000471
0.000000,0.222120,0.119480,frame_000472
0.000000,0.222120,0.119588,frame_000473
0.000000,0.222120,0.119688,frame_000474
0.000000,0.222120,0.119780,frame_000475
0.000000,0.222120,0.119863,frame_000476
0.000000,0.222120,0.119937,frame_000477
0.000000,0.222120,0.120001,frame_000478
0.000000,0.222120,0.120054,frame_000479
0.000000,0.222120,0.120079,frame_000480
0.000000,0.222120,0.120071,frame_000481
0.000000,0.222120,0.120027,frame_000482
0.000000,0.222120,0.119942,frame_000483
0.000000,0.222120,0.119839,frame_000484
0.000000,0.222120,0.119717,frame_000485
0.000000,0.222120,0.119578,frame_000486
0.000000,0.222120,0.119423,frame_000487
0.000000,0.222120,0.119254,frame_000488
0.000000,0.222120,0.119073,frame_000489
0.000000,0.222120,0.118868,frame_000490
0.000000,0.222120,0.118637,frame_000491
0.000000,0.222120,0.118381,frame_000492
0.000000,0.222120,0.118100,frame_000493
0.000000,0.222120,0.117793,frame_000494
0.000000,0.222120,0.117462,frame_000495
0.000000,0.222120,0.117106,frame_000496
0.000000,0.222120,0.116725,frame_000497
0.000000,0.222120,0.116311,frame_000498
0.000000,0.222120,0.115865,frame_000499
0.000000,0.222120,0.115390,frame_000500
0.000000,0.222120,0.114891,frame_000501
-0.000000,0.222120,0.114370,frame_000502
-0.000000,0.222120,0.113830,frame_000503
-0.000000,0.222120,0.113266,frame_000504
-0.000000,0.222120,0.112683,frame_000505
-0.000000,0.222120,0.112085,frame_000506
-0.000000,0.222120,0.111479,frame_000507
-0.000000,0.222120,0.110869,frame_000508
-0.000000,0.222120,0.110260,frame_000509
-0.000000,0.222120,0.109657,frame_000510
-0.000000,0.222120,0.109065,frame_000511
-0.000000,0.222120,0.108490,frame_000512
-0.000000,0.222120,0.107935,frame_000513
-0.000000,0.222120,0.107398,frame_000514
-0.000000,0.222120,0.106879,frame_000515
-0.000000,0.222120,0.106397,frame_000516
-0.000000,0.222120,0.105951,frame_000517
-0.000000,0.222120,0.105541,frame_000518
-0.000000,0.222120,0.105168,frame_000519
-0.000000,0.222120,0.104832,frame_000520
-0.000000,0.222120,0.104532,frame_000521
-0.000000,0.222120,0.104262,frame_000522
-0.000000,0.222120,0.104020,frame_000523
-0.000000,0.222120,0.103804,frame_000524
-0.000000,0.222120,0.103585,frame_000525
-0.000000,0.222120,0.103368,frame_000526
-0.000000,0.222120,0.103157,frame_000527
-0.000000,0.222120,0.102953,frame_000528
-0.000000,0.222120,0.102761,frame_000529
0.000000,0.222120,0.102582,frame_000530
0.000000,0.222120,0.102420,frame_000531
0.000000,0.222120,0.102276,frame_000532
0.000000,0.222120,0.102154,frame_000533
0.000000,0.222120,0.102055,frame_000534
0.000000,0.222120,0.101980,frame_000535
0.000000,0.222120,0.101930,frame_000536
0.000000,0.222120,0.101908,frame_000537
0.000000,0.222120,0.101912,frame_000538
0.000000,0.222120,0.101944,frame_000539
0.000000,0.222120,0.102003,frame_000540
0.000000,0.222120,0.102090,frame_000541
0.000000,0.222120,0.102203,frame_000542
0.000000,0.222120,0.102343,frame_000543
0.000000,0.222120,0.102507,frame_000544
0.000000,0.222120,0.102694,frame_000545
0.000000,0.222120,0.102904,frame_000546
0.000000,0.222120,0.103133,frame_000547
0.000000,0.222120,0.103379,frame_000548
0.000000,0.222120,0.103653,frame_000549
0.000000,0.222120,0.103955,frame_000550
0.000000,0.222120,0.104283,frame_000551
0.000000,0.222120,0.104637,frame_000552
0.000000,0.222120,0.105016,frame_000553
0.000000,0.222120,0.105418,frame_000554
0.000000,0.222120,0.105854,frame_000555
0.000000,0.222120,0.106322,frame_000556
0.000000,0.222120,0.106824,frame_000557
0.000000,0.222120,0.107361,frame_000558
0.000000,0.222120,0.107932,frame_000559
-0.000000,0.222120,0.108538,frame_000560
-0.000000,0.222120,0.109186,frame_000561
-0.000000,0.222120,0.109874,frame_000562
-0.000000,0.222120,0.110599,frame_000563
-0.000000,0.222120,0.111412,frame_000564
-0.000000,0.222120,0.112299,frame_000565
-0.000000,0.222120,0.113246,frame_000566
-0.000000,0.222120,0.114189,frame_000567
-0.000000,0.222120,0.115120,frame_000568
-0.000000,0.222120,0.116031,frame_000569
-0.000000,0.222120,0.116913,frame_000570
-0.000000,0.222120,0.117759,frame_000571
-0.000000,0.222120,0.118559,frame_000572
-0.000000,0.222120,0.119310,frame_000573
-0.000000,0.222120,0.120001,frame_000574
-0.000000,0.222120,0.120625,frame_000575
-0.000000,0.222120,0.121207,frame_000576
-0.000000,0.222120,0.121744,frame_000577
-0.000000,0.222120,0.122236,frame_000578
-0.000000,0.222120,0.122679,frame_000579
-0.000000,0.222120,0.123072,frame_000580
-0.000000,0.222120,0.123415,frame_000581
-0.000000,0.222120,0.123706,frame_000582
0.000000,0.222120,0.123945,frame_000583
0.000000,0.222120,0.124130,frame_000584
0.000000,0.222120,0.124263,frame_000585
0.000000,0.222120,0.124342,frame_000586
0.000000,0.222120,0.124369,frame_000587
0.000000,0.222120,0.124343,frame_000588
0.000000,0.222120,0.124266,frame_000589
0.000000,0.222120,0.124140,frame_000590
0.000000,0.222120,0.123964,frame_000591
0.000000,0.222120,0.123742,frame_000592
0.000000,0.222120,0.123474,frame_000593
0.000000,0.222120,0.123163,frame_000594
0.000000,0.222120,0.122812,frame_000595
0.000000,0.222120,0.122423,frame_000596
0.000000,0.222120,0.122000,frame_000597
0.000000,0.222120,0.121545,frame_000598
0.000000,0.222120,0.121061,frame_000599
0.000000,0.222120,0.120554,frame_000600
0.000000,0.222120,0.120026,frame_000601
0.000000,0.222120,0.119483,frame_000602
0.000000,0.222120,0.118928,frame_000603
0.000000,0.222120,0.118367,frame_000604
0.000000,0.222120,0.117804,frame_000605
0.000000,0.222120,0.117245,frame_000606
0.000000,0.222120,0.116696,frame_000607
0.000000,0.222120,0.116162,frame_000608
0.000000,0.222120,0.115647,frame_000609
0.000000,0.222120,0.115159,frame_000610
0.000000,0.222120,0.114702,frame_000611
0.000000,0.222120,0.114273,frame_000612
0.000000,0.222120,0.113877,frame_000613
0.000000,0.222120,0.113518,frame_000614
0.000000,0.222120,0.113136,frame_000615
0.000000,0.222120,0.112726,frame_000616
0.000000,0.222120,0.112280,frame_000617
0.000000,0.222120,0.111835,frame_000618
0.000000,0.222120,0.111389,frame_000619
0.000000,0.222120,0.110945,frame_000620
0.000000,0.222120,0.110518,frame_000621
0.000000,0.222120,0.110104,frame_000622
0.000000,0.222120,0.109703,frame_000623
0.000000,0.222120,0.109307,frame_000624
0.000000,0.222120,0.108914,frame_000625
0.000000,0.222120,0.108522,frame_000626
0.000000,0.222120,0.108084,frame_000627
0.000000,0.222120,0.107607,frame_000628
0.000000,0.222120,0.107097,frame_000629
0.000000,0.222120,0.106569,frame_000630
0.000000,0.222120,0.106028,frame_000631
0.000000,0.222120,0.105479,frame_000632
0.000000,0.222120,0.105001,frame_000633
0.000000,0.222120,0.104583,frame_000634
0.000000,0.222120,0.104212,frame_000635
0.000000,0.222120,0.103878,frame_000636
0.000000,0.222120,0.103570,frame_000637
0.000000,0.222120,0.103277,frame_000638
0.000000,0.222120,0.102990,frame_000639
0.000000,0.222120,0.102699,frame_000640
0.000000,0.222120,0.102395,frame_000641
0.000000,0.222120,0.102028,frame_000642
0.000000,0.222120,0.101600,frame_000643
0.000000,0.222120,0.101110,frame_000644
0.000000,0.222120,0.100578,frame_000645
0.000000,0.222120,0.100000,frame_000646
0.000000,0.222120,0.099375,frame_000647
0.000000,0.222120,0.098666,frame_000648
0.000000,0.222120,0.097876,frame_000649
0.000000,0.222120,0.097013,frame_000650
0.000000,0.222120,0.096055,frame_000651
0.000000,0.222120,0.095013,frame_000652
0.000000,0.222120,0.093899,frame_000653
0.000000,0.222120,0.092730,frame_000654
0.000000,0.222120,0.091517,frame_000655
0.000000,0.222120,0.090266,frame_000656
0.000000,0.222120,0.089076,frame_000657
0.000000,0.222120,0.087936,frame_000658
0.000000,0.222120,0.086835,frame_000659
0.000000,0.222120,0.085693,frame_000660
0.000000,0.222120,0.084517,frame_000661
0.000000,0.222120,0.083312,frame_000662
0.000000,0.222120,0.082049,frame_000663
0.000000,0.222120,0.080740,frame_000664
0.000000,0.222120,0.079400,frame_000665
0.000000,0.222120,0.078040,frame_000666
0.000000,0.222120,0.076673,frame_000667
0.000000,0.222120,0.075311,frame_000668
0.000000,0.222120,0.074020,frame_000669
0.000000,0.222120,0.072798,frame_000670
0.000000,0.222120,0.071648,frame_000671
0.000000,0.222120,0.070519,frame_000672
0.000000,0.222120,0.069416,frame_000673
0.000000,0.222120,0.068342,frame_000674
0.000000,0.222120,0.067301,frame_000675
0.000000,0.222120,0.066294,frame_000676
0.000000,0.222120,0.065326,frame_000677
-0.000746,0.222120,0.064519,frame_000678
-0.002083,0.222120,0.063872,frame_000679
-0.003861,0.222120,0.063383,frame_000680
-0.004818,0.221627,0.062943,frame_000681
-0.005053,0.220744,0.062572,frame_000682
-0.004657,0.219569,0.062287,frame_000683
-0.003722,0.218196,0.062014,frame_000684
-0.002335,0.216716,0.061753,frame_000685
-0.000579,0.215215,0.061503,frame_000686
0.000344,0.214267,0.061291,frame_000687
0.000592,0.213847,0.061109,frame_000688
0.000313,0.213931,0.060948,frame_000689
0.000395,0.214492,0.060800,frame_000690
0.000820,0.215506,0.060656,frame_000691
0.001568,0.216948,0.060504,frame_000692
0.003366,0.218792,0.060483,frame_000693
0.006041,0.221014,0.060570,frame_000694
0.009424,0.223588,0.060743,frame_000695
0.011861,0.225503,0.060808,frame_000696
0.013507,0.226939,0.060772,frame_000697
0.014512,0.228068,0.060640,frame_000698
0.015765,0.230039,0.060567,frame_000699
0.017246,0.232804,0.060542,frame_000700
0.018936,0.236310,0.060556,frame_000701
0.020816,0.240508,0.060622,frame_000702
0.022868,0.245348,0.060739,frame_000703
0.025072,0.250778,0.060905,frame_000704
0.027409,0.256750,0.061207,frame_000705
0.029861,0.263212,0.061622,frame_000706
0.032407,0.270114,0.062129,frame_000707
0.035030,0.276420,0.062502,frame_000708
0.037710,0.282286,0.062723,frame_000709
0.040428,0.287856,0.062771,frame_000710
0.043165,0.294257,0.062715,frame_000711
0.045901,0.301413,0.062550,frame_000712
0.048619,0.309247,0.062274,frame_000713
0.051299,0.317686,0.061917,frame_000714
0.053922,0.326653,0.061486,frame_000715
0.056468,0.336072,0.060988,frame_000716
0.058920,0.345869,0.060431,frame_000717
0.061257,0.354489,0.059863,frame_000718
0.063461,0.362164,0.059284,frame_000719
0.065513,0.370101,0.058569,frame_000720
0.067393,0.378301,0.057720,frame_000721
0.069083,0.386763,0.056739,frame_000722
0.070564,0.395480,0.055668,frame_000723
0.071817,0.404442,0.054516,frame_000724
0.072822,0.413635,0.053291,frame_000725
0.073561,0.423038,0.052020,frame_000726
0.074014,0.432630,0.050711,frame_000727
0.074163,0.442383,0.049368,frame_000728
0.074896,0.452266,0.047916,frame_000729
0.076362,0.462242,0.046349,frame_000730
0.078717,0.472272,0.044655,frame_000731
0.080761,0.482420,0.042905,frame_000732
0.082409,0.492850,0.041121,frame_000733
0.083576,0.503724,0.039322,frame_000734
0.084169,0.515199,0.037583,frame_000735
0.084096,0.527429,0.035914,frame_000736
0.083260,0.540561,0.034326,frame_000737
0.082923,0.554141,0.032824,frame_000738
0.083233,0.568199,0.031410,frame_000739
0.084346,0.582754,0.030083,frame_000740
0.085516,0.597821,0.028792,frame_000741
0.086744,0.613402,0.027551,frame_000742
0.088028,0.629493,0.026372,frame_000743
0.088462,0.646083,0.025222,frame_000744
0.087878,0.663150,0.024078,frame_000745
0.086099,0.680665,0.022916,frame_000746
0.084763,0.699790,0.021799,frame_000747
0.084017,0.720700,0.020758,frame_000748
0.084017,0.743573,0.019825,frame_000749
0.084017,0.766398,0.018991,frame_000750
0.084017,0.789335,0.018245,frame_000751
0.084017,0.812526,0.017578,frame_000752
0.083457,0.837329,0.016892,frame_000753
0.082455,0.863597,0.016200,frame_000754
0.081121,0.891175,0.015515,frame_000755
0.079564,0.919904,0.014729,frame_000756
0.078444,0.947397,0.013805,frame_000757
0.077743,0.973945,0.012736,frame_000758
0.077441,1.001997,0.011677,frame_000759
0.077520,1.031809,0.010631,frame_000760
0.077960,1.063629,0.009600,frame_000761
0.078744,1.096495,0.008534,frame_000762
0.079850,1.130416,0.007446,frame_000763
0.081261,1.165383,0.006346,frame_000764
0.082958,1.201372,0.005258,frame_000765
0.084921,1.238340,0.004193,frame_000766
0.087131,1.276229,0.003164,frame_000767
0.089570,1.314963,0.002155,frame_000768
0.092218,1.356250,0.001132,frame_000769
0.095056,1.400314,0.000101,frame_000770
0.098066,1.445189,-0.000804,frame_000771
0.101228,1.491075,-0.001578,frame_000772
0.104523,1.538149,-0.002214,frame_000773
0.107932,1.586570,-0.002726,frame_000774
0.111437,1.636472,-0.003104,frame_000775
0.115017,1.687972,-0.003342,frame_000776
0.118655,1.741163,-0.003505,frame_000777
0.122331,1.796120,-0.003579,frame_000778
0.126025,1.852894,-0.003552,frame_000779
0.129720,1.911517,-0.003332,frame_000780
0.133396,1.971999,-0.002924,frame_000781
0.137033,2.034331,-0.002334,frame_000782
0.140614,2.099080,-0.001555,frame_000783
0.144118,2.166305,-0.000579,frame_000784
0.147528,2.236048,0.000604,frame_000785
0.150077,2.308334,0.001947,frame_000786
0.151902,2.383172,0.003444,frame_000787
0.153134,2.460553,0.005089,frame_000788
0.154641,2.540453,0.006842,frame_000789
0.156387,2.622828,0.008690,frame_000790
0.158332,2.707621,0.010618,frame_000791
0.160439,2.793770,0.012666,frame_000792
0.162669,2.881388,0.014832,frame_000793
0.164986,2.970563,0.017111,frame_000794
0.167350,3.062344,0.019449,frame_000795
0.169723,3.156564,0.021818,frame_000796
0.172068,3.253038,0.024188,frame_000797
0.174346,3.350578,0.026596,frame_000798
0.176520,3.449172,0.029044,frame_000799
0.178550,3.548783,0.031533,frame_000800
0.180401,3.650547,0.034010,frame_000801
0.182032,3.754598,0.036444,frame_000802
0.183406,3.861055,0.038805,frame_000803
0.185166,3.968516,0.041161,frame_000804
0.187400,4.076790,0.043506,frame_000805
0.190201,4.185654,0.045831,frame_000806
0.193666,4.295847,0.048112,frame_000807
0.197216,4.409586,0.050377,frame_000808
0.200833,4.526872,0.052628,frame_000809
0.204498,4.645519,0.054840,frame_000810
0.208191,4.765511,0.056997,frame_000811
0.211893,4.886813,0.059087,frame_000812
0.215587,5.009375,0.061168,frame_000813
0.219251,5.133130,0.063236,frame_000814
0.222868,5.257995,0.065287,frame_000815
0.226419,5.383869,0.067309,frame_000816
0.229883,5.510634,0.069298,frame_000817
0.233243,5.638156,0.071255,frame_000818
0.236480,5.765298,0.073351,frame_000819
0.239574,5.892099,0.075564,frame_000820
0.242506,6.018569,0.077869,frame_000821
0.245257,6.146884,0.079834,frame_000822
0.247808,6.277021,0.081500,frame_000823
0.250140,6.408952,0.082905,frame_000824
0.251489,6.542639,0.084233,frame_000825
0.251990,6.678036,0.085497,frame_000826
0.251774,6.815088,0.086709,frame_000827
0.251710,6.953733,0.087948,frame_000828
0.251760,7.093898,0.089236,frame_000829
0.251886,7.235505,0.090597,frame_000830
0.252050,7.378465,0.091932,frame_000831
0.252215,7.522682,0.093251,frame_000832
0.252341,7.668052,0.094565,frame_000833
0.252391,7.814460,0.095872,frame_000834
0.252327,7.961786,0.097200,frame_000835
0.252111,8.109899,0.098576,frame_000836
0.252612,8.257675,0.100093,frame_000837
0.253960,8.405172,0.101756,frame_000838
0.256293,8.552433,0.103570,frame_000839
0.258844,8.700469,0.105451,frame_000840
0.261595,8.849083,0.107421,frame_000841
0.264527,8.998069,0.109500,frame_000842
0.267621,9.148413,0.111738,frame_000843
0.270857,9.300116,0.114149,frame_000844
0.274217,9.453177,0.116751,frame_000845
0.277682,9.606396,0.119585,frame_000846
0.281233,9.759552,0.122642,frame_000847
0.284850,9.912414,0.125912,frame_000848
0.288514,10.065942,0.129634,frame_000849
0.292207,10.220112,0.133772,frame_000850
0.295910,10.374898,0.138287,frame_000851
0.299603,10.530275,0.143062,frame_000852
0.303268,10.686218,0.148052,frame_000853
0.306885,10.842702,0.153216,frame_000854
0.310435,10.999702,0.158544,frame_000855
0.313900,11.157192,0.163995,frame_000856
0.317260,11.315148,0.169533,frame_000857
0.320496,11.472343,0.175186,frame_000858
0.323590,11.628532,0.180913,frame_000859
0.326522,11.783458,0.186674,frame_000860
0.328527,11.938057,0.192363,frame_000861
0.329742,12.092279,0.197945,frame_000862
0.330296,12.246073,0.203384,frame_000863
0.331060,12.399389,0.208610,frame_000864
0.331995,12.552177,0.213593,frame_000865
0.333063,12.704386,0.218305,frame_000866
0.334227,12.855966,0.222746,frame_000867
0.335447,13.006867,0.226887,frame_000868
0.336687,13.157039,0.230699,frame_000869
0.337907,13.308617,0.233955,frame_000870
0.339071,13.461567,0.236603,frame_000871
0.340139,13.615874,0.238589,frame_000872
0.340328,13.769350,0.240297,frame_000873
0.339755,13.921996,0.241746,frame_000874
0.338531,14.073812,0.242959,frame_000875
0.338415,14.224798,0.243783,frame_000876
0.339518,14.374953,0.244220,frame_000877
0.341956,14.524279,0.244278,frame_000878
0.344946,14.672774,0.243979,frame_000879
0.348451,14.820439,0.243330,frame_000880
0.352430,14.967274,0.242336,frame_000881
0.356848,15.113279,0.241017,frame_000882
0.361665,15.258454,0.239393,frame_000883
0.366844,15.402799,0.237482,frame_000884
0.372346,15.547299,0.235389,frame_000885
0.378134,15.691751,0.233144,frame_000886
0.384169,15.835955,0.230779,frame_000887
0.390413,15.979939,0.228224,frame_000888
0.396829,16.123948,0.225499,frame_000889
0.403378,16.268239,0.222626,frame_000890
0.410022,16.411876,0.219736,frame_000891
0.416723,16.554909,0.216874,frame_000892
0.423444,16.697389,0.214086,frame_000893
0.429399,16.840352,0.211399,frame_000894
0.434706,16.983642,0.208860,frame_000895
0.439477,17.127114,0.206518,frame_000896
0.444562,17.269642,0.204292,frame_000897
0.449904,17.411303,0.202227,frame_000898
0.455445,17.552171,0.200370,frame_000899
0.461130,17.692322,0.198550,frame_000900
0.466900,17.831832,0.196771,frame_000901
0.472698,17.970776,0.195039,frame_000902
0.478468,18.110215,0.193367,frame_000903
0.484153,18.250020,0.191765,frame_000904
0.489694,18.390069,0.190241,frame_000905
0.495036,18.529263,0.188791,frame_000906
0.500121,18.667701,0.187420,frame_000907
0.504892,18.805486,0.186132,frame_000908
0.509292,18.942718,0.184868,frame_000909
0.513263,19.079496,0.183623,frame_000910
0.516749,19.215923,0.182391,frame_000911
0.520601,19.353084,0.181216,frame_000912
0.524929,19.490875,0.180096,frame_000913
0.529851,19.629199,0.179029,frame_000914
0.534583,19.766982,0.178016,frame_000915
0.539086,19.904350,0.177066,frame_000916
0.543323,20.041429,0.176185,frame_000917
0.546509,20.179330,0.175374,frame_000918
0.548762,20.317975,0.174632,frame_000919
0.550193,20.457291,0.173955,frame_000920
0.551653,20.595030,0.173382,frame_000921
0.553084,20.731120,0.172911,frame_000922
0.554429,20.865482,0.172543,frame_000923
0.556540,21.000214,0.172263,frame_000924
0.559526,21.135236,0.172064,frame_000925
0.563506,21.270476,0.171938,frame_000926
0.567695,21.404887,0.171902,frame_000927
0.572056,21.538618,0.171953,frame_000928
0.576549,21.671822,0.172091,frame_000929
0.581138,21.805634,0.172294,frame_000930
0.585784,21.940000,0.172555,frame_000931
0.590449,22.074874,0.172868,frame_000932
0.595095,22.209233,0.173195,frame_000933
0.599684,22.343252,0.173545,frame_000934
0.604177,22.477107,0.173923,frame_000935
0.608538,22.610762,0.174361,frame_000936
0.612727,22.743963,0.174850,frame_000937
0.616707,22.876460,0.175382,frame_000938
0.620439,23.009202,0.175916,frame_000939
0.623886,23.142157,0.176453,frame_000940
0.627010,23.275307,0.176996,frame_000941
0.629026,23.407651,0.177561,frame_000942
0.630051,23.539392,0.178146,frame_000943
0.630198,23.670731,0.178745,frame_000944
0.631224,23.801654,0.179336,frame_000945
0.633240,23.931935,0.179916,frame_000946
0.636363,24.061349,0.180483,frame_000947
0.639810,24.190869,0.181094,frame_000948
0.643543,24.320490,0.181754,frame_000949
0.647522,24.450217,0.182465,frame_000950
0.651712,24.579075,0.183273,frame_000951
0.656072,24.707293,0.184167,frame_000952
0.660566,24.835095,0.185135,frame_000953
0.665154,24.962495,0.186169,frame_000954
0.669800,25.089291,0.187262,frame_000955
0.674465,25.215282,0.188406,frame_000956
0.679111,25.341466,0.189604,frame_000957
0.683700,25.467866,0.190847,frame_000958
0.688194,25.594509,0.192126,frame_000959
0.692554,25.721434,0.193425,frame_000960
0.696743,25.848687,0.194741,frame_000961
0.700723,25.976323,0.196072,frame_000962
0.704456,26.102217,0.197404,frame_000963
0.707903,26.226425,0.198731,frame_000964
0.711026,26.348994,0.200049,frame_000965
0.713788,26.472145,0.201384,frame_000966
0.716150,26.595927,0.202739,frame_000967
0.718075,26.720393,0.204113,frame_000968
0.720431,26.844406,0.205514,frame_000969
0.723350,26.967815,0.206932,frame_000970
0.726967,27.090469,0.208360,frame_000971
0.730517,27.213418,0.209778,frame_000972
0.733982,27.336733,0.211178,frame_000973
0.737342,27.460492,0.212551,frame_000974
0.740579,27.583585,0.213857,frame_000975
0.743672,27.705886,0.215090,frame_000976
0.746604,27.827268,0.216242,frame_000977
0.749355,27.949793,0.217290,frame_000978
0.751907,28.073351,0.218234,frame_000979
0.754239,28.197849,0.219073,frame_000980
0.755588,28.321027,0.219816,frame_000981
0.756089,28.442808,0.220460,frame_000982
0.755873,28.563118,0.221002,frame_000983
0.755808,28.683081,0.221512,frame_000984
0.755859,28.802844,0.221999,frame_000985
0.755985,28.922561,0.222470,frame_000986
0.756149,29.041196,0.222886,frame_000987
0.756313,29.158700,0.223245,frame_000988
0.756440,29.275021,0.223543,frame_000989
0.756490,29.390109,0.223830,frame_000990
0.756426,29.503915,0.224114,frame_000991
0.756209,29.616387,0.224400,frame_000992
0.756710,29.729662,0.224666,frame_000993
0.758059,29.843706,0.224918,frame_000994
0.760391,29.958502,0.225162,frame_000995
0.762943,30.071864,0.225434,frame_000996
0.765694,30.183792,0.225743,frame_000997
0.768626,30.294286,0.226099,frame_000998
0.771719,30.404332,0.226508,frame_000999
0.774956,30.513726,0.226977,frame_001000
0.778316,30.622269,0.227512,frame_001001
0.781781,30.729986,0.228038,frame_001002
0.785331,30.837127,0.228555,frame_001003
0.788948,30.943945,0.229060,frame_001004
0.792613,31.050491,0.229582,frame_001005
0.796306,31.156611,0.230117,frame_001006
0.800008,31.262157,0.230663,frame_001007
0.803702,31.366005,0.231205,frame_001008
0.807366,31.468230,0.231740,frame_001009
0.810983,31.568909,0.232263,frame_001010
0.814533,31.669102,0.232807,frame_001011
0.817998,31.768679,0.233369,frame_001012
0.821358,31.867520,0.233944,frame_001013
0.824595,31.966710,0.234503,frame_001014
0.827688,32.066367,0.235046,frame_001015
0.830620,32.166625,0.235576,frame_001016
0.833371,32.265450,0.236114,frame_001017
0.835923,32.362991,0.236656,frame_001018
0.838255,32.459401,0.237203,frame_001019
0.840350,32.555815,0.237721,frame_001020
0.842187,32.652180,0.238203,frame_001021
0.843749,32.748450,0.238641,frame_001022
0.844270,32.844586,0.239040,frame_001023
0.843886,32.940559,0.239388,frame_001024
0.842728,33.036349,0.239679,frame_001025
0.841665,33.131943,0.239916,frame_001026
0.840659,33.227336,0.240097,frame_001027
0.839672,33.322533,0.240219,frame_001028
0.838666,33.416346,0.240322,frame_001029
0.837602,33.508575,0.240407,frame_001030
0.836444,33.599018,0.240476,frame_001031
0.836060,33.688673,0.240523,frame_001032
0.836581,33.777562,0.240548,frame_001033
0.838143,33.865713,0.240554,frame_001034
0.839980,33.953166,0.240548,frame_001035
0.842075,34.039965,0.240529,frame_001036
0.844407,34.126165,0.240493,frame_001037
0.846959,34.211830,0.240428,frame_001038
0.849710,34.297030,0.240328,frame_001039
0.852642,34.381845,0.240192,frame_001040
0.855735,34.466364,0.240017,frame_001041
0.858972,34.550682,0.239798,frame_001042
0.862332,34.634904,0.239534,frame_001043
0.865797,34.717944,0.239217,frame_001044
0.869347,34.799701,0.238850,frame_001045
0.872964,34.880075,0.238438,frame_001046
0.876629,34.960164,0.237983,frame_001047
0.880322,35.040091,0.237487,frame_001048
0.884024,35.119984,0.236951,frame_001049
0.887718,35.198784,0.236349,frame_001050
0.891382,35.276414,0.235684,frame_001051
0.894999,35.352799,0.234961,frame_001052
0.898550,35.429063,0.234222,frame_001053
0.902014,35.505352,0.233472,frame_001054
0.905374,35.581823,0.232716,frame_001055
0.908611,35.658425,0.231946,frame_001056
0.911704,35.734902,0.231161,frame_001057
0.914636,35.811007,0.230362,frame_001058
0.917388,35.886714,0.229531,frame_001059
0.919939,35.962221,0.228673,frame_001060
0.922271,36.037733,0.227791,frame_001061
0.923620,36.112263,0.226868,frame_001062
0.924121,36.185813,0.225906,frame_001063
0.923905,36.258381,0.224905,frame_001064
0.923841,36.329969,0.223906,frame_001065
0.923891,36.400575,0.222916,frame_001066
0.924017,36.470201,0.221938,frame_001067
0.924181,36.541031,0.220939,frame_001068
0.924345,36.613083,0.219924,frame_001069
0.924472,36.686390,0.218900,frame_001070
0.924522,36.758817,0.217888,frame_001071
0.924458,36.830414,0.216891,frame_001072
0.924241,36.901231,0.215911,frame_001073
0.924743,36.971318,0.214947,frame_001074
0.926091,37.040726,0.213999,frame_001075
0.928424,37.109505,0.213064,frame_001076
0.930975,37.177706,0.212187,frame_001077
0.933726,37.245378,0.211363,frame_001078
0.936658,37.312573,0.210584,frame_001079
0.939752,37.380326,0.209826,frame_001080
0.942988,37.448482,0.209083,frame_001081
0.946348,37.516895,0.208351,frame_001082
0.949813,37.584440,0.207635,frame_001083
0.953363,37.651192,0.206927,frame_001084
0.956980,37.717228,0.206223,frame_001085
0.960645,37.782622,0.205505,frame_001086
0.964338,37.847450,0.204763,frame_001087
0.968041,37.911788,0.203987,frame_001088
0.971734,37.975710,0.203158,frame_001089
0.975398,38.039293,0.202268,frame_001090
0.979015,38.102612,0.201311,frame_001091
0.982566,38.166728,0.200263,frame_001092
0.986030,38.231512,0.199119,frame_001093
0.989391,38.296841,0.197879,frame_001094
0.992627,38.361617,0.196578,frame_001095
0.995721,38.425941,0.195214,frame_001096
0.998652,38.489912,0.193787,frame_001097
1.001404,38.553631,0.192203,frame_001098
1.003955,38.617200,0.190478,frame_001099
1.006287,38.680718,0.188624,frame_001100
1.007636,38.745273,0.186721,frame_001101
1.008137,38.810760,0.184778,frame_001102
1.007921,38.877081,0.182801,frame_001103
1.007857,38.943164,0.180742,frame_001104
1.007907,39.009133,0.178614,frame_001105
1.008033,39.075115,0.176427,frame_001106
1.008197,39.140035,0.174235,frame_001107
1.008362,39.203798,0.172038,frame_001108
1.008488,39.266297,0.169832,frame_001109
1.008538,39.328621,0.167656,frame_001110
1.008474,39.390869,0.165508,frame_001111
1.008258,39.453142,0.163389,frame_001112
1.008759,39.516527,0.161288,frame_001113
1.010107,39.580919,0.159208,frame_001114
1.012440,39.646222,0.157151,frame_001115
1.014991,39.711361,0.155074,frame_001116
1.017742,39.776462,0.152986,frame_001117
1.020674,39.841652,0.150895,frame_001118
1.023768,39.905855,0.148822,frame_001119
1.027004,39.968976,0.146782,frame_001120
1.030364,40.030910,0.144789,frame_001121
1.033829,40.092743,0.142811,frame_001122
1.037379,40.154575,0.140862,frame_001123
1.040996,40.216509,0.138959,frame_001124
1.044661,40.278644,0.137142,frame_001125
1.048354,40.341080,0.135417,frame_001126
1.052057,40.403920,0.133791,frame_001127
1.055750,40.468248,0.132225,frame_001128
1.059414,40.533961,0.130717,frame_001129
1.063031,40.600961,0.129265,frame_001130
1.066582,40.666976,0.127912,frame_001131
1.070047,40.731908,0.126649,frame_001132
1.073407,40.795653,0.125467,frame_001133
1.076643,40.859297,0.124311,frame_001134
1.079737,40.922941,0.123178,frame_001135
1.082669,40.986686,0.122064,frame_001136
1.084674,41.050632,0.120962,frame_001137
1.085888,41.114880,0.119864,frame_001138
1.086443,41.179530,0.118762,frame_001139
1.087207,41.244683,0.117693,frame_001140
1.088142,41.310441,0.116641,frame_001141
1.089210,41.376902,0.115592,frame_001142
1.090373,41.443955,0.114508,frame_001143
1.091594,41.511272,0.113387,frame_001144
1.092833,41.578526,0.112228,frame_001145
1.094054,41.645604,0.110980,frame_001146
1.095217,41.712606,0.109641,frame_001147
1.096285,41.779634,0.108212,frame_001148
1.097220,41.846787,0.106813,frame_001149
1.097984,41.914167,0.105454,frame_001150
1.098538,41.981874,0.104146,frame_001151
1.099753,42.048808,0.102827,frame_001152
1.101758,42.114849,0.101501,frame_001153
1.104690,42.179865,0.100173,frame_001154
1.107784,42.244920,0.098926,frame_001155
1.111020,42.310088,0.097763,frame_001156
1.114380,42.375444,0.096690,frame_001157
1.117845,42.442051,0.095628,frame_001158
1.121395,42.509778,0.094576,frame_001159
1.125012,42.578503,0.093530,frame_001160
1.128677,42.647128,0.092448,frame_001161
1.132370,42.715753,0.091325,frame_001162
1.136073,42.784479,0.090157,frame_001163
1.139766,42.852206,0.088959,frame_001164
1.143430,42.918812,0.087727,frame_001165
1.147047,42.984169,0.086453,frame_001166
1.150598,43.049336,0.085123,frame_001167
1.154063,43.114391,0.083748,frame_001168
1.157423,43.179408,0.082342,frame_001169
1.160659,43.244462,0.080979,frame_001170
1.163753,43.309630,0.079663,frame_001171
1.166685,43.374986,0.078394,frame_001172
1.169436,43.440607,0.077225,frame_001173
1.171987,43.506567,0.076161,frame_001174
1.174320,43.572942,0.075206,frame_001175
1.176414,43.640794,0.074242,frame_001176
1.178252,43.709993,0.073284,frame_001177
1.179814,43.780416,0.072344,frame_001178
1.181080,43.849766,0.071507,frame_001179
1.182033,43.917919,0.070770,frame_001180
1.182653,43.984747,0.070131,frame_001181
1.182920,44.051311,0.069491,frame_001182
1.182817,44.117686,0.068850,frame_001183
1.182324,44.183948,0.068208,frame_001184
1.181421,44.250173,0.067661,frame_001185
1.180090,44.316435,0.067204,frame_001186
1.178312,44.382810,0.066832,frame_001187
1.176229,44.449374,0.066495,frame_001188
1.174147,44.516202,0.066192,frame_001189
1.172369,44.583369,0.065925,frame_001190
1.171038,44.650952,0.065693,frame_001191
1.170135,44.719025,0.065480,frame_001192
1.169642,44.787664,0.065268,frame_001193
1.169538,44.855745,0.065047,frame_001194
1.169806,44.923121,0.064818,frame_001195
1.170426,44.989636,0.064582,frame_001196
1.171378,45.056327,0.064425,frame_001197
1.172645,45.123245,0.064340,frame_001198
1.174207,45.190439,0.064323,frame_001199
1.176045,45.257961,0.064256,frame_001200
1.178139,45.325860,0.064147,frame_001201
1.180472,45.394186,0.064002,frame_001202
1.183023,45.463977,0.063908,frame_001203
1.185774,45.535076,0.063862,frame_001204
1.188706,45.607338,0.063861,frame_001205
1.191800,45.679637,0.063803,frame_001206
1.195036,45.752050,0.063688,frame_001207
1.198396,45.824651,0.063515,frame_001208
1.201861,45.896316,0.063322,frame_001209
1.205411,45.966899,0.063106,frame_001210
1.209028,46.036244,0.062864,frame_001211
1.212693,46.105388,0.062644,frame_001212
1.216386,46.174382,0.062439,frame_001213
1.220089,46.243274,0.062245,frame_001214
1.223782,46.312116,0.062048,frame_001215
1.227446,46.380958,0.061840,frame_001216
1.231063,46.449851,0.061616,frame_001217
1.234614,46.518844,0.061469,frame_001218
1.238078,46.587988,0.061398,frame_001219
1.241438,46.657333,0.061402,frame_001220
1.244675,46.726930,0.061362,frame_001221
1.247769,46.796829,0.061278,frame_001222
1.250700,46.867079,0.061150,frame_001223
1.253452,46.937733,0.060973,frame_001224
1.256003,47.008839,0.060738,frame_001225
1.258335,47.080448,0.060437,frame_001226
1.259684,47.151411,0.060149,frame_001227
1.260185,47.221555,0.059886,frame_001228
1.259969,47.290701,0.059658,frame_001229
1.259905,47.360845,0.059373,frame_001230
1.259955,47.431808,0.059031,frame_001231
1.260081,47.503417,0.058631,frame_001232
1.260245,47.574524,0.058177,frame_001233
1.260410,47.645177,0.057691,frame_001234
1.260536,47.715428,0.057197,frame_001235
1.260586,47.785326,0.056733,frame_001236
1.260522,47.854923,0.056294,frame_001237
1.260305,47.924269,0.055874,frame_001238
1.261553,47.993413,0.055492,frame_001239
1.264238,48.062406,0.055154,frame_001240
1.268348,48.131298,0.054864,frame_001241
1.271484,48.200140,0.054566,frame_001242
1.273802,48.268982,0.054256,frame_001243
1.275449,48.337875,0.053933,frame_001244
1.277315,48.407854,0.053654,frame_001245
1.279381,48.478765,0.053423,frame_001246
1.281628,48.550460,0.053246,frame_001247
1.284037,48.621816,0.053026,frame_001248
1.286588,48.692908,0.052762,frame_001249
1.289263,48.763812,0.052453,frame_001250
1.292043,48.834602,0.052256,frame_001251
1.294908,48.905354,0.052174,frame_001252
1.297840,48.976144,0.052208,frame_001253
1.300819,49.045847,0.052253,frame_001254
1.303827,49.114317,0.052303,frame_001255
1.306845,49.181398,0.052357,frame_001256
1.309853,49.248127,0.052439,frame_001257
1.312832,49.314554,0.052564,frame_001258
1.315764,49.380730,0.052749,frame_001259
1.318629,49.446704,0.052986,frame_001260
1.321409,49.512528,0.053285,frame_001261
1.324084,49.578251,0.053657,frame_001262
1.326635,49.643923,0.054062,frame_001263
1.329044,49.709596,0.054507,frame_001264
1.331291,49.775319,0.054998,frame_001265
1.333357,49.841142,0.055532,frame_001266
1.335223,49.907116,0.056116,frame_001267
1.336870,49.973292,0.056755,frame_001268
1.338280,50.039719,0.057474,frame_001269
1.339433,50.106448,0.058256,frame_001270
1.340309,50.173529,0.059084,frame_001271
1.340891,50.241999,0.059960,frame_001272
1.341159,50.311703,0.060887,frame_001273
1.341093,50.382493,0.061868,frame_001274
1.340676,50.453245,0.062873,frame_001275
1.339887,50.524035,0.063901,frame_001276
1.338709,50.594938,0.064951,frame_001277
1.338029,50.666030,0.066058,frame_001278
1.337996,50.737386,0.067215,frame_001279
1.338767,50.809082,0.068414,frame_001280
1.339595,50.879992,0.069679,frame_001281
1.340480,50.949972,0.071003,frame_001282
1.341422,51.018864,0.072380,frame_001283
1.342421,51.087706,0.073862,frame_001284
1.343477,51.156548,0.075460,frame_001285
1.344590,51.225441,0.077185,frame_001286
1.346506,51.294434,0.078985,frame_001287
1.349070,51.363578,0.080849,frame_001288
1.352133,51.432923,0.082761,frame_001289
1.353898,51.502520,0.084755,frame_001290
1.354216,51.572418,0.086815,frame_001291
1.352931,51.642669,0.088925,frame_001292
1.351698,51.713323,0.091044,frame_001293
1.350684,51.784429,0.093167,frame_001294
1.350064,51.856038,0.095286,frame_001295
1.349112,51.927001,0.097359,frame_001296
1.347845,51.997145,0.099381,frame_001297
1.346283,52.066291,0.101350,frame_001298
1.344445,52.135449,0.103314,frame_001299
1.342351,52.204645,0.105274,frame_001300
1.340018,52.273904,0.107234,frame_001301
1.337467,52.343251,0.109101,frame_001302
1.334716,52.412711,0.110868,frame_001303
1.331784,52.482309,0.112525,frame_001304
1.328690,52.553057,0.114133,frame_001305
1.325454,52.624775,0.115683,frame_001306
1.322094,52.697290,0.117168,frame_001307
1.317883,52.769452,0.118615,frame_001308
1.312996,52.841313,0.120023,frame_001309
1.307601,52.912922,0.121396,frame_001310
1.302605,52.984331,0.122726,frame_001311
1.298010,53.055588,0.124017,frame_001312
1.293813,53.126744,0.125271,frame_001313
1.290017,53.197850,0.126516,frame_001314
1.286620,53.268956,0.127757,frame_001315
1.283623,53.340113,0.129003,frame_001316
1.281025,53.411370,0.130290,frame_001317
1.278827,53.482778,0.131625,frame_001318
1.277029,53.554387,0.133015,frame_001319
1.275630,53.626248,0.134399,frame_001320
1.274631,53.698411,0.135770,frame_001321
1.274032,53.770925,0.137119,frame_001322
1.273832,53.843629,0.138474,frame_001323
1.274031,53.916144,0.139840,frame_001324
1.274631,53.988093,0.141223,frame_001325
1.275630,54.059312,0.142664,frame_001326
1.277029,54.129852,0.144166,frame_001327
1.278827,54.199763,0.145733,frame_001328
1.281025,54.269096,0.147324,frame_001329
1.283623,54.337901,0.148941,frame_001330
1.286620,54.406227,0.150581,frame_001331
1.290017,54.474126,0.152251,frame_001332
1.293813,54.541647,0.153947,frame_001333
1.298009,54.608842,0.155660,frame_001334
1.302605,54.676745,0.157382,frame_001335
1.307601,54.745203,0.159117,frame_001336
1.312996,54.814069,0.160868,frame_001337
1.317883,54.882218,0.162624,frame_001338
1.322093,54.949725,0.164375,frame_001339
1.325453,55.016666,0.166114,frame_001340
1.328690,55.083117,0.167790,frame_001341
1.331783,55.149152,0.169389,frame_001342
1.334715,55.214848,0.170900,frame_001343
1.337466,55.280280,0.172406,frame_001344
1.340018,55.345523,0.173889,frame_001345
1.342350,55.410653,0.175334,frame_001346
1.344445,55.475745,0.176776,frame_001347
1.346282,55.540875,0.178201,frame_001348
1.347844,55.606119,0.179599,frame_001349
1.349111,55.671550,0.180857,frame_001350
1.350064,55.737246,0.181984,frame_001351
1.350683,55.803282,0.182986,frame_001352
1.350951,55.869733,0.183988,frame_001353
1.350848,55.936674,0.184982,frame_001354
1.350354,56.004181,0.185958,frame_001355
1.348705,56.071130,0.186840,frame_001356
1.346038,56.137373,0.187626,frame_001357
1.342482,56.202757,0.188308,frame_001358
1.339815,56.268316,0.188869,frame_001359
1.338166,56.334102,0.189311,frame_001360
1.337672,56.400164,0.189640,frame_001361
1.337569,56.467540,0.189924,frame_001362
1.337837,56.536073,0.190160,frame_001363
1.338456,56.605618,0.190344,frame_001364
1.339409,56.675049,0.190475,frame_001365
1.340676,56.744443,0.190551,frame_001366
1.342238,56.813875,0.190572,frame_001367
1.344075,56.883420,0.190429,frame_001368
1.346170,56.953153,0.190137,frame_001369
1.348502,57.023151,0.189713,frame_001370
1.351054,57.093488,0.189197,frame_001371
1.353805,57.164240,0.188597,frame_001372
1.356737,57.235483,0.187918,frame_001373
1.359830,57.306092,0.187217,frame_001374
1.363067,57.375920,0.186499,frame_001375
1.366427,57.444813,0.185770,frame_001376
1.369891,57.514792,0.184988,frame_001377
1.373442,57.585703,0.184158,frame_001378
1.377059,57.657399,0.183285,frame_001379
1.380723,57.728755,0.182368,frame_001380
1.384416,57.799846,0.181419,frame_001381
1.388119,57.870750,0.180450,frame_001382
1.391812,57.941540,0.179504,frame_001383
1.395477,58.012292,0.178579,frame_001384
1.399094,58.083082,0.177671,frame_001385
1.402644,58.152785,0.176794,frame_001386
1.406109,58.221255,0.175956,frame_001387
1.409469,58.288337,0.175165,frame_001388
1.412705,58.355066,0.174363,frame_001389
1.415799,58.421493,0.173560,frame_001390
1.418731,58.487668,0.172768,frame_001391
1.421482,58.554629,0.172036,frame_001392
1.424033,58.622219,0.171370,frame_001393
1.426366,58.690292,0.170779,frame_001394
1.428460,58.757724,0.170206,frame_001395
1.430298,58.824590,0.169647,frame_001396
1.431860,58.890965,0.169099,frame_001397
1.433126,58.956925,0.168528,frame_001398
1.434079,59.022546,0.167927,frame_001399
1.434699,59.087902,0.167289,frame_001400
1.434967,59.153070,0.166717,frame_001401
1.434863,59.218124,0.166222,frame_001402
1.434370,59.283141,0.165818,frame_001403
1.433467,59.349182,0.165408,frame_001404
1.432136,59.416116,0.164983,frame_001405
1.430358,59.483823,0.164531,frame_001406
1.428276,59.551203,0.164076,frame_001407
1.426193,59.618356,0.163618,frame_001408
1.424415,59.685384,0.163155,frame_001409
1.423084,59.752386,0.162708,frame_001410
1.422181,59.819464,0.162283,frame_001411
1.421688,59.886718,0.161888,frame_001412
1.421584,59.953049,0.161454,frame_001413
1.421852,60.018335,0.160978,frame_001414
1.422472,60.082446,0.160453,frame_001415
1.423425,60.146444,0.159913,frame_001416
1.424691,60.210404,0.159342,frame_001417
1.426253,60.274402,0.158728,frame_001418
1.428091,60.339499,0.158147,frame_001419
1.430185,60.405566,0.157610,frame_001420
1.432518,60.472480,0.157128,frame_001421
1.435069,60.539143,0.156640,frame_001422
1.437820,60.605655,0.156156,frame_001423
1.440752,60.672116,0.155684,frame_001424
1.443846,60.738628,0.155218,frame_001425
1.447082,60.805291,0.154756,frame_001426
1.450442,60.872206,0.154297,frame_001427
1.453907,60.938272,0.153860,frame_001428
1.457457,61.003369,0.153447,frame_001429
1.461074,61.067367,0.153061,frame_001430
1.464739,61.132314,0.152733,frame_001431
1.468432,61.198078,0.152466,frame_001432
1.472135,61.264540,0.152266,frame_001433
1.475828,61.330599,0.152071,frame_001434
1.479492,61.396356,0.151873,frame_001435
1.483109,61.461912,0.151664,frame_001436
1.486660,61.527368,0.151422,frame_001437
1.490124,61.592823,0.151150,frame_001438
1.493484,61.658379,0.150851,frame_001439
1.496721,61.724136,0.150603,frame_001440
1.499815,61.790195,0.150410,frame_001441
1.502746,61.856657,0.150274,frame_001442
1.505498,61.923408,0.150137,frame_001443
1.508049,61.990121,0.150003,frame_001444
1.510381,62.056469,0.149871,frame_001445
1.512476,62.122339,0.149798,frame_001446
1.514314,62.187833,0.149773,frame_001447
1.515875,62.253049,0.149786,frame_001448
1.517142,62.318089,0.149803,frame_001449
1.518095,62.383054,0.149823,frame_001450
1.518714,62.448044,0.149846,frame_001451
1.518982,62.513160,0.149828,frame_001452
1.518879,62.578502,0.149777,frame_001453
1.518385,62.644171,0.149702,frame_001454
1.517483,62.710054,0.149609,frame_001455
1.516152,62.775824,0.149501,frame_001456
1.514374,62.841153,0.149382,frame_001457
1.513037,62.905929,0.149300,frame_001458
1.512291,62.970253,0.149252,frame_001459
1.512291,63.034224,0.149236,frame_001460
1.512291,63.097943,0.149241,frame_001461
1.512291,63.161512,0.149269,frame_001462
1.512291,63.225030,0.149322,frame_001463
1.512291,63.289585,0.149405,frame_001464
1.512291,63.355071,0.149524,frame_001465
1.512291,63.421393,0.149683,frame_001466
1.511545,63.487476,0.149845,frame_001467
1.510208,63.553445,0.150007,frame_001468
1.508430,63.619427,0.150166,frame_001469
1.507100,63.684347,0.150350,frame_001470
1.506197,63.748109,0.150555,frame_001471
1.505703,63.810609,0.150781,frame_001472
1.505600,63.873919,0.151047,frame_001473
1.505868,63.937933,0.151360,frame_001474
1.506487,64.002557,0.151724,frame_001475
1.507440,64.066715,0.152106,frame_001476
1.508707,64.130533,0.152509,frame_001477
1.510269,64.194138,0.152939,frame_001478
1.512106,64.257655,0.153416,frame_001479
1.514201,64.321209,0.153942,frame_001480
1.516533,64.384927,0.154515,frame_001481
1.519085,64.447734,0.155133,frame_001482
1.521836,64.509535,0.155792,frame_001483
1.524768,64.570223,0.156486,frame_001484
1.527861,64.631872,0.157219,frame_001485
1.531098,64.694377,0.157985,frame_001486
1.534458,64.757643,0.158775,frame_001487
1.537922,64.820593,0.159626,frame_001488
1.541473,64.883355,0.160538,frame_001489
1.545090,64.946054,0.161512,frame_001490
1.548754,65.008816,0.162477,frame_001491
1.552447,65.071767,0.163434,frame_001492
1.556150,65.135032,0.164379,frame_001493
1.559843,65.197537,0.165351,frame_001494
1.563508,65.259187,0.166353,frame_001495
1.567125,65.319875,0.167385,frame_001496
1.570675,65.380689,0.168392,frame_001497
1.574140,65.441729,0.169363,frame_001498
1.577500,65.503097,0.170283,frame_001499
1.580736,65.565878,0.171165,frame_001500
1.583830,65.629968,0.172006,frame_001501
1.586762,65.695271,0.172804,frame_001502
1.589513,65.760712,0.173654,frame_001503
1.592064,65.826417,0.174554,frame_001504
1.594397,65.892513,0.175501,frame_001505
1.596491,65.957923,0.176483,frame_001506
1.598329,66.022554,0.177498,frame_001507
1.599891,66.086298,0.178542,frame_001508
1.601903,66.150244,0.179578,frame_001509
1.604193,66.214492,0.180596,frame_001510
1.606590,66.279142,0.181582,frame_001511
1.608189,66.344296,0.182557,frame_001512
1.608988,66.410053,0.183510,frame_001513
1.608988,66.476515,0.184433,frame_001514
1.608189,66.543567,0.185337,frame_001515
1.606590,66.610884,0.186214,frame_001516
1.604193,66.678138,0.187057,frame_001517
1.601903,66.745216,0.187805,frame_001518
1.599890,66.812218,0.188464,frame_001519
1.598329,66.879246,0.189037,frame_001520
1.595745,66.946399,0.189537,frame_001521
1.592314,67.013779,0.189964,frame_001522
1.588203,67.081486,0.190316,frame_001523
1.584321,67.148420,0.190595,frame_001524
1.580667,67.214461,0.190804,frame_001525
1.577242,67.279478,0.190947,frame_001526
1.574045,67.344532,0.191032,frame_001527
1.571076,67.409700,0.191071,frame_001528
1.568336,67.475056,0.191076,frame_001529
1.565824,67.540677,0.191045,frame_001530
1.563540,67.606637,0.190985,frame_001531
1.561485,67.673012,0.190902,frame_001532
1.559658,67.739878,0.190775,frame_001533
1.558059,67.807310,0.190611,frame_001534
1.556689,67.875383,0.190419,frame_001535
1.555547,67.942973,0.190205,frame_001536
1.554634,68.009934,0.189972,frame_001537
1.553949,68.076109,0.189724,frame_001538
1.553492,68.142536,0.189456,frame_001539
1.553264,68.209265,0.189174,frame_001540
1.553264,68.276347,0.188882,frame_001541
1.553492,68.344817,0.188591,frame_001542
1.553949,68.414520,0.188318,frame_001543
1.554634,68.485310,0.188078,frame_001544
1.555547,68.556062,0.187911,frame_001545
1.556689,68.626852,0.187825,frame_001546
1.558059,68.697755,0.187824,frame_001547
1.559658,68.768847,0.187914,frame_001548
1.561485,68.840203,0.188096,frame_001549
1.563540,68.911899,0.188373,frame_001550
1.565823,68.982810,0.188750,frame_001551
1.568335,69.052789,0.189238,frame_001552
1.571076,69.121681,0.189847,frame_001553
1.574044,69.190523,0.190568,frame_001554
1.577241,69.259366,0.191394,frame_001555
1.580667,69.328258,0.192317,frame_001556
1.584321,69.397251,0.193357,frame_001557
1.588203,69.466395,0.194499,frame_001558
1.592313,69.535740,0.195732,frame_001559
1.595744,69.605337,0.197022,frame_001560
1.598328,69.675236,0.198356,frame_001561
1.599890,69.745487,0.199722,frame_001562
1.600411,69.816140,0.201096,frame_001563
1.600027,69.887246,0.202463,frame_001564
1.598868,69.958855,0.203808,frame_001565
1.597805,70.029818,0.205114,frame_001566
1.596799,70.099962,0.206362,frame_001567
1.595812,70.169108,0.207532,frame_001568
1.594806,70.238266,0.208672,frame_001569
1.593743,70.307462,0.209773,frame_001570
1.592585,70.376721,0.210828,frame_001571
1.592201,70.446068,0.211766,frame_001572
1.592722,70.515528,0.212585,frame_001573
1.594283,70.585127,0.213284,frame_001574
1.596121,70.654889,0.213909,frame_001575
1.598216,70.724839,0.214452,frame_001576
1.600548,70.795004,0.214908,frame_001577
1.603099,70.865407,0.215247,frame_001578
1.605850,70.936075,0.215477,frame_001579
1.608782,71.007032,0.215605,frame_001580
1.611876,71.078303,0.215662,frame_001581
1.615112,71.149914,0.215647,frame_001582
1.618472,71.221890,0.215558,frame_001583
1.621191,71.294256,0.215415,frame_001584
1.623405,71.367036,0.215220,frame_001585
1.625244,71.440257,0.214975,frame_001586
1.627578,71.513943,0.214648,frame_001587
1.630368,71.588120,0.214245,frame_001588
1.633577,71.662813,0.213773,frame_001589
1.637167,71.738046,0.213269,frame_001590
1.641099,71.813846,0.212738,frame_001591
1.645336,71.890236,0.212185,frame_001592
1.649839,71.966043,0.211633,frame_001593
1.654570,72.041069,0.211098,frame_001594
1.659492,72.115110,0.210595,frame_001595
1.664566,72.189150,0.210153,frame_001596
1.669754,72.263190,0.209770,frame_001597
1.675019,72.337230,0.209444,frame_001598
1.680321,72.411270,0.209165,frame_001599
1.685624,72.485310,0.208929,frame_001600
1.690888,72.559350,0.208737,frame_001601
1.696076,72.633391,0.208598,frame_001602
1.701150,72.707431,0.208519,frame_001603
1.706072,72.781471,0.208505,frame_001604
1.710804,72.856497,0.208528,frame_001605
1.715307,72.932304,0.208585,frame_001606
1.719543,73.008695,0.208673,frame_001607
1.723476,73.084494,0.208669,frame_001608
1.727065,73.159727,0.208582,frame_001609
1.730274,73.234420,0.208422,frame_001610
1.732319,73.308597,0.208299,frame_001611
1.733316,73.382283,0.208203,frame_001612
1.733377,73.455504,0.208126,frame_001613
1.734260,73.528285,0.208053,frame_001614
1.736076,73.600650,0.207976,frame_001615
1.738943,73.672626,0.207890,frame_001616
1.742076,73.744237,0.207779,frame_001617
1.745437,73.815508,0.207634,frame_001618
1.748989,73.886465,0.207448,frame_001619
1.752692,73.957133,0.207214,frame_001620
1.756510,74.027536,0.206923,frame_001621
1.760405,74.097701,0.206568,frame_001622
1.764337,74.167652,0.206204,frame_001623
1.768269,74.237414,0.205832,frame_001624
1.772163,74.307012,0.205452,frame_001625
1.775981,74.376472,0.204943,frame_001626
1.779685,74.445819,0.204315,frame_001627
1.783237,74.515078,0.203578,frame_001628
1.786598,74.584274,0.202867,frame_001629
1.789731,74.653432,0.202185,frame_001630
1.792598,74.722578,0.201537,frame_001631
1.795160,74.791736,0.200921,frame_001632
1.797379,74.860932,0.200326,frame_001633
1.799218,74.930191,0.199743,frame_001634
1.801546,74.999538,0.199074,frame_001635
1.804493,75.068998,0.198330,frame_001636
1.808196,75.138597,0.197518,frame_001637
1.811889,75.208359,0.196789,frame_001638
1.815554,75.278309,0.196134,frame_001639
1.819171,75.348474,0.195548,frame_001640
1.822721,75.418877,0.194958,frame_001641
1.826186,75.489545,0.194365,frame_001642
1.829546,75.560502,0.193770,frame_001643
1.832782,75.631773,0.193232,frame_001644
1.835876,75.703384,0.192748,frame_001645
1.838808,75.775360,0.192317,frame_001646
1.841559,75.847726,0.191830,frame_001647
1.844110,75.920506,0.191283,frame_001648
1.846442,75.993727,0.190675,frame_001649
1.848537,76.067413,0.190030,frame_001650
1.850375,76.141590,0.189338,frame_001651
1.851936,76.216283,0.188593,frame_001652
1.852457,76.292502,0.187726,frame_001653
1.852073,76.370069,0.186746,frame_001654
1.850915,76.448809,0.185662,frame_001655
1.849852,76.526376,0.184515,frame_001656
1.848846,76.602595,0.183303,frame_001657
1.847859,76.677288,0.182021,frame_001658
1.846853,76.751465,0.180730,frame_001659
1.845790,76.825151,0.179456,frame_001660
1.844631,76.898372,0.178224,frame_001661
1.844247,76.971153,0.177015,frame_001662
1.844768,77.043518,0.175823,frame_001663
1.846330,77.115494,0.174641,frame_001664
1.848168,77.187105,0.173456,frame_001665
1.850262,77.258376,0.172267,frame_001666
1.852595,77.329333,0.171075,frame_001667
1.855146,77.400001,0.169878,frame_001668
1.857897,77.470404,0.168677,frame_001669
1.860829,77.540569,0.167470,frame_001670
1.863922,77.610519,0.166311,frame_001671
1.867159,77.680281,0.165188,frame_001672
1.870519,77.749880,0.164090,frame_001673
1.873984,77.819340,0.162898,frame_001674
1.877534,77.888687,0.161620,frame_001675
1.881151,77.957946,0.160264,frame_001676
1.884816,78.027142,0.158995,frame_001677
1.888509,78.096300,0.157828,frame_001678
1.892211,78.165446,0.156772,frame_001679
1.895158,78.234604,0.155730,frame_001680
1.897486,78.303800,0.154705,frame_001681
1.899325,78.373059,0.153700,frame_001682
1.901545,78.443392,0.152649,frame_001683
1.904107,78.514619,0.151553,frame_001684
1.906973,78.586568,0.150413,frame_001685
1.910106,78.658089,0.149336,frame_001686
1.913468,78.729233,0.148341,frame_001687
1.917019,78.800050,0.147447,frame_001688
1.920723,78.870590,0.146528,frame_001689
1.924541,78.940904,0.145581,frame_001690
1.928435,79.011042,0.144606,frame_001691
1.932368,79.081053,0.143654,frame_001692
1.936300,79.150990,0.142731,frame_001693
1.940194,79.220901,0.141845,frame_001694
1.944012,79.290838,0.140920,frame_001695
1.947716,79.360849,0.139963,frame_001696
1.951268,79.430987,0.138976,frame_001697
1.954629,79.501301,0.138086,frame_001698
1.957762,79.571841,0.137290,frame_001699
1.960629,79.642658,0.136584,frame_001700
1.963191,79.713802,0.135976,frame_001701
1.965410,79.785323,0.135445,frame_001702
1.967249,79.857272,0.134973,frame_001703
1.969577,79.928499,0.134591,frame_001704
1.972524,79.998832,0.134304,frame_001705
1.976227,80.068091,0.134114,frame_001706
1.979920,80.137287,0.133982,frame_001707
1.983584,80.206445,0.133901,frame_001708
1.987201,80.275591,0.133864,frame_001709
1.990752,80.344749,0.133926,frame_001710
1.994216,80.413945,0.134088,frame_001711
1.997576,80.483204,0.134353,frame_001712
2.000813,80.553537,0.134646,frame_001713
2.003906,80.624764,0.134957,frame_001714
2.006838,80.696713,0.135272,frame_001715
2.009589,80.768234,0.135604,frame_001716
2.012141,80.839378,0.135943,frame_001717
2.014473,80.910195,0.136282,frame_001718
2.016568,80.980735,0.136605,frame_001719
2.018405,81.051049,0.136905,frame_001720
2.019967,81.121186,0.137178,frame_001721
2.021234,81.192184,0.137335,frame_001722
2.022187,81.263887,0.137362,frame_001723
2.022806,81.336149,0.137245,frame_001724
2.023074,81.407845,0.137042,frame_001725
2.022971,81.479050,0.136769,frame_001726
2.022477,81.549840,0.136442,frame_001727
2.021574,81.621276,0.136080,frame_001728
2.020244,81.693229,0.135667,frame_001729
2.018465,81.765577,0.135188,frame_001730
2.017129,81.838207,0.134633,frame_001731
2.016383,81.911014,0.133998,frame_001732
2.016383,81.983901,0.133279,frame_001733
2.016383,82.056567,0.132530,frame_001734
2.016383,82.128504,0.131748,frame_001735
2.016383,82.199214,0.130930,frame_001736
2.016383,82.268419,0.130003,frame_001737
2.016383,82.336065,0.128978,frame_001738
2.016383,82.402107,0.127868,frame_001739
2.016383,82.467492,0.126698,frame_001740
2.016383,82.531985,0.125486,frame_001741
2.016383,82.595369,0.124250,frame_001742
2.016383,82.657443,0.123052,frame_001743
2.016383,82.718021,0.121900,frame_001744
2.016383,82.776937,0.120804,frame_001745
2.016383,82.834039,0.119762,frame_001746
2.016383,82.889193,0.118802,frame_001747
2.016383,82.942282,0.117954,frame_001748
2.016383,82.993205,0.117212,frame_001749
2.016383,83.041878,0.116580,frame_001750
2.016383,83.088234,0.116057,frame_001751
2.016383,83.132223,0.115567,frame_001752
2.016383,83.173812,0.115105,frame_001753
2.016383,83.212982,0.114670,frame_001754
2.016383,83.249736,0.114281,frame_001755
2.016383,83.284089,0.113947,frame_001756
2.016383,83.316074,0.113675,frame_001757
2.016383,83.345743,0.113486,frame_001758
2.016383,83.373162,0.113379,frame_001759
2.016382,83.398415,0.113353,frame_001760
2.017128,83.421603,0.113410,frame_001761
2.018465,83.442843,0.113545,frame_001762
2.020243,83.462269,0.113747,frame_001763
2.021574,83.478832,0.114017,frame_001764
2.022477,83.492478,0.114344,frame_001765
2.022970,83.503161,0.114718,frame_001766
2.023073,83.512043,0.115127,frame_001767
2.022806,83.519316,0.115560,frame_001768
2.022186,83.525191,0.116006,frame_001769
2.021233,83.529893,0.116418,frame_001770
2.019966,83.533667,0.116798,frame_001771
2.018405,83.536771,0.117144,frame_001772
2.016567,83.538283,0.117477,frame_001773
2.014472,83.538273,0.117798,frame_001774
2.012140,83.536823,0.118109,frame_001775
2.009589,83.535219,0.118466,frame_001776
2.006838,83.533780,0.118881,frame_001777
2.003906,83.532841,0.119364,frame_001778
2.000812,83.531556,0.119848,frame_001779
1.997576,83.530070,0.120322,frame_001780
1.994216,83.528539,0.120776,frame_001781
1.990751,83.527126,0.121231,frame_001782
1.987200,83.526003,0.121682,frame_001783
1.983583,83.525351,0.122123,frame_001784
1.979919,83.524158,0.122550,frame_001785
1.976226,83.522398,0.122945,frame_001786
1.972523,83.520048,0.123287,frame_001787
1.968830,83.517952,0.123637,frame_001788
1.965166,83.516377,0.123993,frame_001789
1.961549,83.515594,0.124351,frame_001790
1.957998,83.514679,0.124721,frame_001791
1.954533,83.513692,0.125103,frame_001792
1.951173,83.512691,0.125497,frame_001793
1.947937,83.511731,0.125851,frame_001794
1.944843,83.510862,0.126158,frame_001795
1.941911,83.510134,0.126408,frame_001796
1.939160,83.509922,0.126611,frame_001797
1.936609,83.510200,0.126782,frame_001798
1.934277,83.510944,0.126933,frame_001799
1.932182,83.512128,0.127033,frame_001800
1.930344,83.513727,0.127081,frame_001801
1.928783,83.515716,0.127074,frame_001802
1.927516,83.517577,0.127057,frame_001803
1.926563,83.519387,0.127032,frame_001804
1.925943,83.521219,0.126999,frame_001805
1.925676,83.523144,0.126984,frame_001806
1.925779,83.525225,0.126991,frame_001807
1.926272,83.527524,0.127026,frame_001808
1.927175,83.530590,0.127026,frame_001809
1.928506,83.534373,0.126998,frame_001810
1.930284,83.538823,0.126952,frame_001811
1.931621,83.542902,0.126840,frame_001812
1.932367,83.546768,0.126673,frame_001813
1.932367,83.550565,0.126465,frame_001814
1.932367,83.555419,0.126222,frame_001815
1.932367,83.561254,0.125952,frame_001816
1.932367,83.567994,0.125659,frame_001817
1.932367,83.574579,0.125412,frame_001818
1.932367,83.581137,0.125201,frame_001819
1.932367,83.587791,0.125017,frame_001820
1.932367,83.595640,0.124888,frame_001821
1.932366,83.604584,0.124818,frame_001822
1.932366,83.614520,0.124811,frame_001823
1.932366,83.624364,0.124802,frame_001824
1.932366,83.634220,0.124809,frame_001825
1.932366,83.644184,0.124852,frame_001826
1.932366,83.655330,0.124940,frame_001827
1.932366,83.667532,0.125094,frame_001828
1.932366,83.680666,0.125331,frame_001829
1.932366,83.694604,0.125685,frame_001830
1.932366,83.709222,0.126163,frame_001831
1.932366,83.724393,0.126770,frame_001832
1.932366,83.739005,0.127521,frame_001833
1.932366,83.753139,0.128419,frame_001834
1.932366,83.766865,0.129468,frame_001835
1.932366,83.780247,0.130644,frame_001836
1.932366,83.793339,0.131938,frame_001837
1.932366,83.806186,0.133340,frame_001838
1.932366,83.820213,0.134802,frame_001839
1.932366,83.835318,0.136324,frame_001840
1.932366,83.851402,0.137904,frame_001841
1.932366,83.867382,0.139541,frame_001842
1.932366,83.883369,0.141230,frame_001843
1.932366,83.899470,0.142969,frame_001844
1.932366,83.915787,0.144806,frame_001845
1.932366,83.932412,0.146724,frame_001846
1.932366,83.949437,0.148706,frame_001847
1.932366,83.967532,0.150739,frame_001848
1.932366,83.986494,0.152826,frame_001849
1.932366,84.006122,0.154971,frame_001850
1.932366,84.025230,0.157209,frame_001851
1.932366,84.043821,0.159528,frame_001852
1.932366,84.061892,0.161913,frame_001853
1.932366,84.080029,0.164310,frame_001854
1.932366,84.098323,0.166708,frame_001855
1.932366,84.116860,0.169096,frame_001856
1.932366,84.135722,0.171560,frame_001857
1.932366,84.154985,0.174068,frame_001858
1.932366,84.174724,0.176588,frame_001859
1.932366,84.195393,0.178986,frame_001860
1.932366,84.216742,0.181271,frame_001861
1.932366,84.238519,0.183451,frame_001862
1.932366,84.260685,0.185667,frame_001863
1.932366,84.283418,0.187916,frame_001864
1.932366,84.306892,0.190194,frame_001865
1.932366,84.330085,0.192479,frame_001866
1.932366,84.352950,0.194770,frame_001867
1.932366,84.375432,0.197066,frame_001868
1.932366,84.398669,0.199377,frame_001869
1.932366,84.422812,0.201670,frame_001870
1.932366,84.448012,0.203913,frame_001871
1.931620,84.473219,0.206014,frame_001872
1.930284,84.498362,0.207962,frame_001873
1.928506,84.523361,0.209746,frame_001874
1.927921,84.549330,0.211459,frame_001875
1.928355,84.576392,0.213101,frame_001876
1.929639,84.604675,0.214675,frame_001877
1.930121,84.634090,0.216202,frame_001878
1.929954,84.664334,0.217686,frame_001879
1.929290,84.695107,0.219131,frame_001880
1.929015,84.725121,0.220536,frame_001881
1.929111,84.754278,0.221889,frame_001882
1.929560,84.782474,0.223184,frame_001883
1.930341,84.810796,0.224419,frame_001884
1.931437,84.839345,0.225583,frame_001885
1.932827,84.868220,0.226663,frame_001886
1.934494,84.897523,0.227549,frame_001887
1.936417,84.927355,0.228243,frame_001888
1.938578,84.957815,0.228750,frame_001889
1.940958,84.987805,0.229206,frame_001890
1.943538,85.017203,0.229608,frame_001891
1.946299,85.045879,0.229955,frame_001892
1.949221,85.074894,0.230168,frame_001893
1.952286,85.104325,0.230262,frame_001894
1.955475,85.134246,0.230256,frame_001895
1.958768,85.164733,0.230175,frame_001896
1.962147,85.195862,0.230010,frame_001897
1.965593,85.227707,0.229756,frame_001898
1.969086,85.259145,0.229451,frame_001899
1.972608,85.290029,0.229107,frame_001900
1.976140,85.320203,0.228734,frame_001901
1.979661,85.350705,0.228270,frame_001902
1.983155,85.381583,0.227719,frame_001903
1.986600,85.412890,0.227082,frame_001904
1.989980,85.443688,0.226477,frame_001905
1.993273,85.474234,0.225896,frame_001906
1.996462,85.504775,0.225335,frame_001907
1.999527,85.536535,0.224608,frame_001908
2.002449,85.569541,0.223705,frame_001909
2.005210,85.603818,0.222612,frame_001910
2.007790,85.638190,0.221512,frame_001911
2.010170,85.672460,0.220426,frame_001912
2.012331,85.706424,0.219374,frame_001913
2.014254,85.741067,0.218237,frame_001914
2.015921,85.776389,0.217027,frame_001915
2.017311,85.812390,0.215756,frame_001916
2.018407,85.849071,0.214448,frame_001917
2.019188,85.886431,0.213118,frame_001918
2.019637,85.924469,0.211780,frame_001919
2.019733,85.963188,0.210317,frame_001920
2.019458,86.002585,0.208730,frame_001921
2.018793,86.042661,0.207020,frame_001922
2.018627,86.083417,0.205275,frame_001923
2.019109,86.124852,0.203516,frame_001924
2.020393,86.166966,0.201762,frame_001925
2.020827,86.208774,0.200037,frame_001926
2.020242,86.250479,0.198353,frame_001927
2.018464,86.292281,0.196719,frame_001928
2.017128,86.334153,0.195099,frame_001929
2.016382,86.375847,0.193509,frame_001930
2.016382,86.417110,0.191964,frame_001931
2.016382,86.458875,0.190499,frame_001932
2.016382,86.501093,0.189108,frame_001933
2.016382,86.543714,0.187784,frame_001934
2.016382,86.586686,0.186455,frame_001935
2.016382,86.629961,0.185120,frame_001936
2.016382,86.673487,0.183777,frame_001937
2.016382,86.717215,0.182567,frame_001938
2.016382,86.761093,0.181493,frame_001939
2.016382,86.805072,0.180564,frame_001940
2.016382,86.848115,0.179715,frame_001941
2.016382,86.890378,0.178930,frame_001942
2.016382,86.932007,0.178193,frame_001943
2.016381,86.974126,0.177495,frame_001944
2.016381,87.016660,0.176857,frame_001945
2.016381,87.059534,0.176299,frame_001946
2.016381,87.102672,0.175844,frame_001947
2.016381,87.145998,0.175476,frame_001948
2.016381,87.189438,0.175182,frame_001949
2.016381,87.231930,0.174924,frame_001950
2.016381,87.273603,0.174702,frame_001951
2.016381,87.314579,0.174513,frame_001952
2.016381,87.355958,0.174376,frame_001953
2.016381,87.397638,0.174291,frame_001954
2.016381,87.439520,0.174255,frame_001955
2.016381,87.482703,0.174206,frame_001956
2.016381,87.527307,0.174117,frame_001957
2.016381,87.573464,0.173960,frame_001958
2.016381,87.620111,0.173677,frame_001959
2.016381,87.667173,0.173277,frame_001960
2.016381,87.714575,0.172767,frame_001961
2.016381,87.762241,0.172249,frame_001962
2.016381,87.810096,0.171706,frame_001963
2.016381,87.858064,0.171119,frame_001964
2.016381,87.905083,0.170488,frame_001965
2.016381,87.951284,0.169806,frame_001966
2.016381,87.996789,0.169071,frame_001967
2.016381,88.042696,0.168207,frame_001968
2.016381,88.088904,0.167225,frame_001969
2.016381,88.135314,0.166136,frame_001970
2.016381,88.181825,0.165070,frame_001971
2.016381,88.228335,0.164025,frame_001972
2.016381,88.274745,0.162998,frame_001973
2.016381,88.320954,0.161927,frame_001974
2.016381,88.366861,0.160828,frame_001975
2.016381,88.412365,0.159716,frame_001976
2.016381,88.457580,0.158617,frame_001977
2.016381,88.502833,0.157534,frame_001978
2.016381,88.548450,0.156464,frame_001979
2.016381,88.594546,0.155427,frame_001980
2.016381,88.641018,0.154436,frame_001981
2.016381,88.687768,0.153504,frame_001982
2.016381,88.734693,0.152564,frame_001983
2.016381,88.781694,0.151616,frame_001984
2.016381,88.828670,0.150663,frame_001985
2.015635,88.875521,0.149798,frame_001986
2.014298,88.922144,0.149023,frame_001987
2.012520,88.968441,0.148344,frame_001988
2.011190,89.014310,0.147640,frame_001989
2.010287,89.059651,0.146921,frame_001990
2.009793,89.104363,0.146196,frame_001991
2.009690,89.149545,0.145432,frame_001992
2.009958,89.195319,0.144633,frame_001993
2.010577,89.241816,0.143803,frame_001994
2.011530,89.286986,0.143147,frame_001995
2.012797,89.330961,0.142667,frame_001996
2.014359,89.373862,0.142363,frame_001997
2.016196,89.416787,0.142111,frame_001998
2.018291,89.459638,0.141898,frame_001999
2.020623,89.502312,0.141708,frame_002000
2.023175,89.545910,0.141510,frame_002001
2.025926,89.590552,0.141314,frame_002002
2.028858,89.636369,0.141129,frame_002003
2.031951,89.682299,0.141042,frame_002004
2.035188,89.728267,0.141040,frame_002005
2.038548,89.774197,0.141112,frame_002006
2.042012,89.820014,0.141157,frame_002007
2.045563,89.865643,0.141165,frame_002008
2.049180,89.911007,0.141125,frame_002009
2.052844,89.955046,0.141128,frame_002010
2.056537,89.997888,0.141192,frame_002011
2.060240,90.039657,0.141334,frame_002012
2.063933,90.081451,0.141522,frame_002013
2.067598,90.123169,0.141733,frame_002014
2.071215,90.164711,0.141944,frame_002015
2.074765,90.207177,0.142077,frame_002016
2.078230,90.250687,0.142131,frame_002017
2.081590,90.295372,0.142109,frame_002018
2.085572,90.340170,0.142150,frame_002019
2.090002,90.385006,0.142259,frame_002020
2.094712,90.429805,0.142441,frame_002021
2.098794,90.474490,0.142512,frame_002022
2.102248,90.518986,0.142476,frame_002023
2.105074,90.563218,0.142335,frame_002024
2.107272,90.607111,0.142263,frame_002025
2.108842,90.650589,0.142258,frame_002026
2.109784,90.693576,0.142318,frame_002027
2.110098,90.736210,0.142369,frame_002028
2.109784,90.778845,0.142402,frame_002029
2.108842,90.821832,0.142410,frame_002030
2.107272,90.865310,0.142415,frame_002031
2.105074,90.909203,0.142417,frame_002032
2.102248,90.953435,0.142412,frame_002033
2.098794,90.997931,0.142364,frame_002034
2.094712,91.042616,0.142283,frame_002035
2.090002,91.087414,0.142177,frame_002036
2.085572,91.132250,0.142082,frame_002037
2.081589,91.177049,0.141984,frame_002038
2.078229,91.221734,0.141868,frame_002039
2.074765,91.266230,0.141754,frame_002040
2.071214,91.310462,0.141654,frame_002041
2.067597,91.354355,0.141580,frame_002042
2.063933,91.397833,0.141575,frame_002043
2.060240,91.440820,0.141651,frame_002044
2.056537,91.483241,0.141820,frame_002045
2.052844,91.526220,0.142010,frame_002046
2.049179,91.569905,0.142207,frame_002047
2.045562,91.614450,0.142393,frame_002048
2.042012,91.658819,0.142539,frame_002049
2.038547,91.702961,0.142638,frame_002050
2.035187,91.746827,0.142686,frame_002051
2.031951,91.790366,0.142711,frame_002052
2.028857,91.833527,0.142734,frame_002053
2.025925,91.876261,0.142775,frame_002054
2.023174,91.918517,0.142819,frame_002055
2.020623,91.960244,0.142853,frame_002056
2.018290,92.001393,0.142863,frame_002057
2.016196,92.041914,0.142906,frame_002058
2.014358,92.081754,0.142973,frame_002059
2.012796,92.120866,0.143058,frame_002060
2.011529,92.159411,0.143132,frame_002061
2.010577,92.197768,0.143205,frame_002062
2.009957,92.236313,0.143286,frame_002063
2.009689,92.275211,0.143316,frame_002064
2.009792,92.314410,0.143281,frame_002065
2.010286,92.353861,0.143167,frame_002066
2.011189,92.393513,0.143095,frame_002067
2.012519,92.433316,0.143065,frame_002068
2.014297,92.473220,0.143076,frame_002069
2.015634,92.513174,0.143040,frame_002070
2.016380,92.553128,0.142950,frame_002071
2.016380,92.593032,0.142803,frame_002072
2.016380,92.632835,0.142664,frame_002073
2.016380,92.672488,0.142551,frame_002074
2.016380,92.711938,0.142485,frame_002075
2.016380,92.751138,0.142375,frame_002076
2.016380,92.790035,0.142222,frame_002077
2.016380,92.828581,0.142024,frame_002078
2.016380,92.867924,0.141813,frame_002079
2.016380,92.908236,0.141588,frame_002080
2.016380,92.949697,0.141349,frame_002081
2.016380,92.991298,0.141063,frame_002082
2.016380,93.033011,0.140736,frame_002083
2.016380,93.074812,0.140375,frame_002084
2.016380,93.116677,0.140131,frame_002085
2.016380,93.158579,0.140002,frame_002086
2.016380,93.200493,0.139985,frame_002087
2.016380,93.242395,0.139922,frame_002088
2.016380,93.284259,0.139813,frame_002089
2.016380,93.326061,0.139655,frame_002090
2.016380,93.367774,0.139485,frame_002091
2.016380,93.409374,0.139316,frame_002092
2.016380,93.450836,0.139163,frame_002093
2.016380,93.492134,0.139080,frame_002094
2.016380,93.533244,0.139066,frame_002095
2.016380,93.574139,0.139116,frame_002096
2.016380,93.614796,0.139201,frame_002097
2.016380,93.655189,0.139308,frame_002098
2.016380,93.695292,0.139421,frame_002099
2.016380,93.735081,0.139569,frame_002100
2.016380,93.774530,0.139745,frame_002101
2.016380,93.813615,0.139942,frame_002102
2.017126,93.852309,0.140209,frame_002103
2.018462,93.890589,0.140555,frame_002104
2.020240,93.928428,0.140988,frame_002105
2.021571,93.965802,0.141438,frame_002106
2.022474,94.002686,0.141898,frame_002107
2.022967,94.039053,0.142359,frame_002108
2.023071,94.074880,0.142791,frame_002109
2.022803,94.110141,0.143182,frame_002110
2.022183,94.144811,0.143520,frame_002111
2.021230,94.180064,0.143839,frame_002112
2.019963,94.216098,0.144143,frame_002113
2.018402,94.253118,0.144435,frame_002114
2.015818,94.290138,0.144651,frame_002115
2.012387,94.327158,0.144797,frame_002116
2.008276,94.364178,0.144877,frame_002117
2.004394,94.401198,0.144917,frame_002118
2.000741,94.438218,0.144905,frame_002119
1.997315,94.475239,0.144827,frame_002120
1.994864,94.512259,0.144659,frame_002121
1.993232,94.549279,0.144404,frame_002122
1.992270,94.586299,0.144063,frame_002123
1.990342,94.623319,0.143706,frame_002124
1.987625,94.660339,0.143334,frame_002125
1.984285,94.697359,0.142948,frame_002126
1.981231,94.734379,0.142529,frame_002127
1.978462,94.771399,0.142084,frame_002128
1.975979,94.808419,0.141618,frame_002129
1.973781,94.845439,0.141150,frame_002130
1.971868,94.882459,0.140680,frame_002131
1.970241,94.919480,0.140205,frame_002132
1.968899,94.956500,0.139732,frame_002133
1.967843,94.993520,0.139274,frame_002134
1.967072,95.030540,0.138846,frame_002135
1.966587,95.066574,0.138408,frame_002136
1.966387,95.101827,0.137944,frame_002137
1.966473,95.136497,0.137438,frame_002138
1.966844,95.171758,0.136906,frame_002139
1.967501,95.207585,0.136361,frame_002140
1.968443,95.243952,0.135812,frame_002141
1.969670,95.280836,0.135366,frame_002142
1.971183,95.318210,0.135028,frame_002143
1.972981,95.356049,0.134803,frame_002144
1.975065,95.394328,0.134585,frame_002145
1.977434,95.433023,0.134377,frame_002146
1.980089,95.472108,0.134178,frame_002147
1.983029,95.511557,0.133967,frame_002148
1.986255,95.551346,0.133742,frame_002149
1.989766,95.591449,0.133500,frame_002150
1.993562,95.631842,0.133183,frame_002151
1.997644,95.672499,0.132800,frame_002152
2.002011,95.713394,0.132357,frame_002153
2.005757,95.754504,0.131961,frame_002154
2.008711,95.795802,0.131602,frame_002155
2.010701,95.837264,0.131269,frame_002156
2.012453,95.878864,0.130880,frame_002157
2.013948,95.920577,0.130437,frame_002158
2.015167,95.962379,0.129940,frame_002159
2.016092,96.003257,0.129427,frame_002160
2.016702,96.043392,0.128889,frame_002161
2.016979,96.082956,0.128321,frame_002162
2.016904,96.123099,0.127719,frame_002163
2.016458,96.163770,0.127085,frame_002164
2.015622,96.204919,0.126419,frame_002165
2.015285,96.246496,0.125837,frame_002166
2.015595,96.288450,0.125332,frame_002167
2.016708,96.330731,0.124899,frame_002168
2.017878,96.373288,0.124435,frame_002169
2.019106,96.416072,0.123931,frame_002170
2.020390,96.459033,0.123380,frame_002171
2.020824,96.502119,0.122802,frame_002172
2.020239,96.545280,0.122204,frame_002173
2.018461,96.588467,0.121596,frame_002174
2.017125,96.630642,0.120952,frame_002175
2.016379,96.671961,0.120271,frame_002176
2.016379,96.712571,0.119552,frame_002177
2.016379,96.753596,0.118862,frame_002178
2.016379,96.794960,0.118194,frame_002179
2.016379,96.836589,0.117543,frame_002180
2.017125,96.878406,0.116810,frame_002181
2.018461,96.920337,0.115998,frame_002182
2.020239,96.962305,0.115110,frame_002183
2.021570,97.004236,0.114138,frame_002184
2.022473,97.046053,0.113105,frame_002185
2.022966,97.087682,0.112031,frame_002186
2.023070,97.130246,0.110989,frame_002187
2.022802,97.173893,0.109963,frame_002188
2.022182,97.218778,0.108937,frame_002189
2.021229,97.262877,0.107909,frame_002190
2.019963,97.306347,0.106888,frame_002191
2.018401,97.349334,0.105881,frame_002192
2.015817,97.392963,0.104787,frame_002193
2.012386,97.437158,0.103608,frame_002194
2.008276,97.481843,0.102346,frame_002195
2.004393,97.526943,0.101020,frame_002196
2.000740,97.572382,0.099643,frame_002197
1.997314,97.618086,0.098229,frame_002198
1.994117,97.663979,0.096862,frame_002199
1.991149,97.709985,0.095542,frame_002200
1.988408,97.756028,0.094264,frame_002201
1.985896,97.801048,0.093084,frame_002202
1.983613,97.845174,0.092013,frame_002203
1.981557,97.888527,0.091064,frame_002204
1.979730,97.932208,0.090142,frame_002205
1.978132,97.976114,0.089241,frame_002206
1.976762,98.020147,0.088352,frame_002207
1.975620,98.064205,0.087545,frame_002208
1.974706,98.108187,0.086826,frame_002209
1.974021,98.151994,0.086201,frame_002210
1.973565,98.195737,0.085591,frame_002211
1.973336,98.239745,0.085003,frame_002212
1.973336,98.284343,0.084445,frame_002213
1.973565,98.329153,0.083974,frame_002214
1.974021,98.374177,0.083593,frame_002215
1.974706,98.419411,0.083337,frame_002216
1.975620,98.464851,0.083117,frame_002217
1.976762,98.510485,0.082918,frame_002218
1.978132,98.556299,0.082723,frame_002219
1.979730,98.602768,0.082542,frame_002220
1.981557,98.649764,0.082367,frame_002221
1.983612,98.697163,0.082193,frame_002222
1.985896,98.744839,0.082019,frame_002223
1.988408,98.792665,0.081851,frame_002224
1.991148,98.840517,0.081692,frame_002225
1.994117,98.889468,0.081537,frame_002226
1.997314,98.939615,0.081388,frame_002227
2.000739,98.991062,0.081245,frame_002228
2.005139,99.041737,0.081101,frame_002229
2.010358,99.091745,0.080938,frame_002230
2.016246,99.141181,0.080736,frame_002231
2.021008,99.191121,0.080489,frame_002232
2.024494,99.241438,0.080206,frame_002233
2.026550,99.292007,0.079893,frame_002234
2.027920,99.341715,0.079649,frame_002235
2.028605,99.390642,0.079486,frame_002236
2.028605,99.438861,0.079417,frame_002237
2.027920,99.487418,0.079325,frame_002238
2.026550,99.536165,0.079194,frame_002239
2.024494,99.584949,0.079010,frame_002240
2.021008,99.634820,0.078805,frame_002241
2.016246,99.685849,0.078579,frame_002242
2.010358,99.738115,0.078330,frame_002243
2.005139,99.789522,0.078164,frame_002244
2.000739,99.840147,0.078074,frame_002245
1.997314,99.890063,0.078054,frame_002246
1.994863,99.940319,0.078097,frame_002247
1.993230,99.990764,0.078211,frame_002248
1.992268,100.041246,0.078405,frame_002249
1.991087,100.091615,0.078586,frame_002250
1.989706,100.141720,0.078750,frame_002251
1.988144,100.191410,0.078896,frame_002252
1.986421,100.240747,0.079049,frame_002253
1.984555,100.290009,0.079204,frame_002254
1.982565,100.339473,0.079358,frame_002255
1.980470,100.388707,0.079575,frame_002256
1.978290,100.437664,0.079837,frame_002257
1.976043,100.487032,0.080043,frame_002258
1.973749,100.536599,0.080193,frame_002259
1.971426,100.586156,0.080284,frame_002260
1.969093,100.635498,0.080313,frame_002261
1.966770,100.684387,0.080314,frame_002262
1.964476,100.733100,0.080299,frame_002263
1.962229,100.781913,0.080278,frame_002264
1.960049,100.831490,0.080267,frame_002265
1.957954,100.881791,0.080261,frame_002266
1.955964,100.932780,0.080229,frame_002267
1.954098,100.983439,0.080125,frame_002268
1.952375,101.033946,0.079949,frame_002269
1.950813,101.084477,0.079702,frame_002270
1.949432,101.135586,0.079411,frame_002271
1.948251,101.187123,0.079077,frame_002272
1.947288,101.238936,0.078702,frame_002273
1.946564,101.289889,0.078290,frame_002274
1.946096,101.340036,0.077853,frame_002275
1.945905,101.389424,0.077404,frame_002276
1.946008,101.439075,0.076970,frame_002277
1.946426,101.488815,0.076560,frame_002278
1.947176,101.538467,0.076181,frame_002279
1.947371,101.589054,0.075795,frame_002280
1.946861,101.640623,0.075398,frame_002281
1.945491,101.693229,0.074985,frame_002282
1.944006,101.744748,0.074600,frame_002283
1.942408,101.795235,0.074258,frame_002284
1.940695,101.844736,0.073972,frame_002285
1.938868,101.895474,0.073743,frame_002286
1.936927,101.947496,0.073575,frame_002287
1.934872,102.000857,0.073472,frame_002288
1.932702,102.053432,0.073446,frame_002289
1.930419,102.105278,0.073495,frame_002290
1.928021,102.156438,0.073619,frame_002291
1.926417,102.207939,0.073819,frame_002292
1.925774,102.259603,0.074102,frame_002293
1.926268,102.311255,0.074474,frame_002294
1.927170,102.362931,0.074848,frame_002295
1.928501,102.414885,0.075221,frame_002296
1.930279,102.467366,0.075587,frame_002297
1.931616,102.520414,0.076029,frame_002298
1.932362,102.573852,0.076540,frame_002299
1.932361,102.627503,0.077112,frame_002300
1.932361,102.681192,0.077742,frame_002301
1.932361,102.734743,0.078431,frame_002302
1.932361,102.787979,0.079178,frame_002303
1.932361,102.840939,0.079945,frame_002304
1.932361,102.893873,0.080733,frame_002305
1.932361,102.947034,0.081540,frame_002306
1.932361,103.001059,0.082317,frame_002307
1.932361,103.055883,0.083037,frame_002308
1.932361,103.110546,0.083775,frame_002309
1.932361,103.163837,0.084495,frame_002310
1.932361,103.215738,0.085197,frame_002311
1.932361,103.266217,0.085877,frame_002312
1.932361,103.317720,0.086584,frame_002313
1.932361,103.370268,0.087312,frame_002314
1.932361,103.423890,0.088058,frame_002315
1.932361,103.476438,0.088750,frame_002316
1.932361,103.527941,0.089381,frame_002317
1.932361,103.578420,0.089946,frame_002318
1.932361,103.629581,0.090473,frame_002319
1.932361,103.681547,0.090965,frame_002320
1.932361,103.735187,0.091440,frame_002321
1.932361,103.789277,0.091886,frame_002322
1.932361,103.843584,0.092303,frame_002323
1.932361,103.897877,0.092688,frame_002324
1.932361,103.951893,0.093078,frame_002325
1.932361,104.005884,0.093476,frame_002326
1.932361,104.060102,0.093885,frame_002327
1.932361,104.114583,0.094279,frame_002328
1.932361,104.169153,0.094660,frame_002329
1.932361,104.223634,0.095030,frame_002330
1.932361,104.276866,0.095407,frame_002331
1.932361,104.328876,0.095785,frame_002332
1.932361,104.379686,0.096159,frame_002333
1.932361,104.431003,0.096534,frame_002334
1.932361,104.482948,0.096916,frame_002335
1.932361,104.535651,0.097317,frame_002336
1.932361,104.588043,0.097720,frame_002337
1.932361,104.640038,0.098125,frame_002338
1.932361,104.691546,0.098535,frame_002339
1.932361,104.744167,0.098942,frame_002340
1.932361,104.797920,0.099343,frame_002341
1.932361,104.852836,0.099729,frame_002342
1.931615,104.906765,0.100100,frame_002343
1.930278,104.959738,0.100457,frame_002344
1.928500,105.011774,0.100801,frame_002345
1.927169,105.064581,0.101153,frame_002346
1.926267,105.118281,0.101518,frame_002347
1.925773,105.173002,0.101924,frame_002348
1.925670,105.227677,0.102320,frame_002349
1.925938,105.282220,0.102700,frame_002350
1.926557,105.336539,0.103057,frame_002351
1.927510,105.391035,0.103381,frame_002352
1.928777,105.445506,0.103676,frame_002353
1.930338,105.499750,0.103944,frame_002354
1.932176,105.554273,0.104199,frame_002355
1.934271,105.609200,0.104450,frame_002356
1.936603,105.664657,0.104712,frame_002357
1.939154,105.719577,0.104948,frame_002358
1.941905,105.773874,0.105157,frame_002359
1.944837,105.827458,0.105338,frame_002360
1.947931,105.881927,0.105559,frame_002361
1.951167,105.937303,0.105816,frame_002362
1.954527,105.993615,0.106107,frame_002363
1.957992,106.048714,0.106368,frame_002364
1.961542,106.102630,0.106596,frame_002365
1.965159,106.155384,0.106788,frame_002366
1.968824,106.209174,0.106982,frame_002367
1.972517,106.264021,0.107178,frame_002368
1.976220,106.319956,0.107376,frame_002369
1.979913,106.375428,0.107589,frame_002370
1.983577,106.430580,0.107818,frame_002371
1.987194,106.484647,0.108050,frame_002372
1.990745,106.538087,0.108247,frame_002373
1.994209,106.590753,0.108416,frame_002374
1.997569,106.642491,0.108620,frame_002375
2.000806,106.694640,0.108850,frame_002376
2.003899,106.747312,0.109102,frame_002377
2.006831,106.800621,0.109374,frame_002378
2.009582,106.852008,0.109633,frame_002379
2.012134,106.901683,0.109885,frame_002380
2.014466,106.952058,0.110193,frame_002381
2.016561,107.004045,0.110518,frame_002382
2.018398,107.057584,0.110852,frame_002383
2.019960,107.112623,0.111185,frame_002384
2.021227,107.166302,0.111482,frame_002385
2.022179,107.218942,0.111750,frame_002386
2.022799,107.272824,0.112022,frame_002387
2.023067,107.327831,0.112297,frame_002388
2.022963,107.383854,0.112573,frame_002389
2.022470,107.440785,0.112848,frame_002390
2.021567,107.497921,0.113100,frame_002391
2.020236,107.555054,0.113326,frame_002392
2.018458,107.610986,0.113493,frame_002393
2.017122,107.666914,0.113623,frame_002394
2.016376,107.723047,0.113721,frame_002395
2.016376,107.780828,0.113794,frame_002396
2.016376,107.839610,0.113852,frame_002397
2.016376,107.899245,0.113899,frame_002398
2.016376,107.959590,0.113914,frame_002399
2.016376,108.019280,0.113874,frame_002400
2.016376,108.078440,0.113785,frame_002401
2.016376,108.137196,0.113648,frame_002402
2.016376,108.195559,0.113521,frame_002403
2.016376,108.253431,0.113405,frame_002404
2.016376,108.310216,0.113293,frame_002405
2.016376,108.366511,0.113202,frame_002406
2.016376,108.422413,0.113139,frame_002407
2.015630,108.479003,0.113097,frame_002408
2.014293,108.536165,0.113085,frame_002409
2.012515,108.593790,0.113111,frame_002410
2.011184,108.651276,0.113207,frame_002411
2.010281,108.708023,0.113330,frame_002412
2.009788,108.763922,0.113476,frame_002413
2.009685,108.818855,0.113641,frame_002414
2.009952,108.873904,0.113877,frame_002415
2.010572,108.929168,0.114180,frame_002416
2.011525,108.984255,0.114516,frame_002417
2.012791,109.038176,0.114874,frame_002418
2.014353,109.090918,0.115254,frame_002419
2.016191,109.143446,0.115693,frame_002420
2.018285,109.196726,0.116181,frame_002421
2.020618,109.250744,0.116713,frame_002422
2.023169,109.304511,0.117243,frame_002423
2.025920,109.357636,0.117823,frame_002424
2.028852,109.410217,0.118459,frame_002425
2.031946,109.463336,0.119132,frame_002426
2.035182,109.516876,0.119832,frame_002427
2.038542,109.570727,0.120549,frame_002428
2.042007,109.623795,0.121264,frame_002429
2.045557,109.677984,0.122018,frame_002430
2.049174,109.733725,0.122811,frame_002431
2.052839,109.789745,0.123561,frame_002432
2.056532,109.845786,0.124263,frame_002433
2.060234,109.901591,0.124908,frame_002434
2.063927,109.957143,0.125478,frame_002435
2.067592,110.014830,0.126033,frame_002436
2.071209,110.074836,0.126579,frame_002437
2.074759,110.134966,0.127078,frame_002438
2.078224,110.192780,0.127589,frame_002439
2.081584,110.248521,0.128098,frame_002440
2.084820,110.304634,0.128556,frame_002441
2.087914,110.360867,0.128958,frame_002442
2.090846,110.416969,0.129295,frame_002443
2.093597,110.473892,0.129593,frame_002444
2.096148,110.529393,0.129871,frame_002445
2.098481,110.583920,0.130125,frame_002446
2.100575,110.638386,0.130308,frame_002447
2.102413,110.692535,0.130423,frame_002448
2.103975,110.746106,0.130471,frame_002449
2.105241,110.797854,0.130482,frame_002450
2.106194,110.849221,0.130480,frame_002451
2.106814,110.900415,0.130465,frame_002452
2.107081,110.952634,0.130415,frame_002453
2.106978,111.005280,0.130311,frame_002454
2.106485,111.058256,0.130156,frame_002455
2.104836,111.111081,0.129934,frame_002456
2.102169,111.163982,0.129660,frame_002457
2.098612,111.217184,0.129347,frame_002458
2.095945,111.270701,0.129074,frame_002459
2.094296,111.324331,0.128845,frame_002460
2.093803,111.377873,0.128666,frame_002461
2.093699,111.430739,0.128495,frame_002462
2.093967,111.483046,0.128339,frame_002463
2.094587,111.534903,0.128201,frame_002464
2.095540,111.587405,0.128095,frame_002465
2.096806,111.640447,0.127991,frame_002466
2.098368,111.693933,0.127886,frame_002467
2.100952,111.747380,0.127796,frame_002468
2.104383,111.801017,0.127729,frame_002469
2.108493,111.855068,0.127692,frame_002470
2.111629,111.909547,0.127650,frame_002471
2.113947,111.964252,0.127600,frame_002472
2.115594,112.018983,0.127543,frame_002473
2.117460,112.073751,0.127537,frame_002474
2.119526,112.128784,0.127586,frame_002475
2.121773,112.184307,0.127693,frame_002476
2.124181,112.240333,0.127816,frame_002477
2.126733,112.296661,0.127951,frame_002478
2.129408,112.353089,0.128094,frame_002479
2.132187,112.410124,0.128242,frame_002480
2.135053,112.467889,0.128395,frame_002481
2.137984,112.526512,0.128549,frame_002482
2.140964,112.584924,0.128725,frame_002483
2.143972,112.643041,0.128903,frame_002484
2.146989,112.700771,0.129091,frame_002485
2.149997,112.758461,0.129326,frame_002486
2.152977,112.815801,0.129613,frame_002487
2.155909,112.872485,0.129956,frame_002488
2.158774,112.928203,0.130358,frame_002489
2.161554,112.983128,0.130732,frame_002490
2.164229,113.037915,0.131071,frame_002491
2.166780,113.091504,0.131420,frame_002492
2.169188,113.143844,0.131779,frame_002493
2.171435,113.194873,0.132146,frame_002494
2.173501,113.245504,0.132530,frame_002495
2.175367,113.298149,0.132902,frame_002496
2.177015,113.353018,0.133257,frame_002497
2.178424,113.408184,0.133624,frame_002498
2.179577,113.463394,0.134004,frame_002499
2.180453,113.518397,0.134398,frame_002500
2.181035,113.574146,0.134774,frame_002501
2.181303,113.628398,0.135086,frame_002502
2.181237,113.681600,0.135338,frame_002503
2.180820,113.734966,0.135608,frame_002504
2.180032,113.788294,0.135894,frame_002505
2.178853,113.841383,0.136195,frame_002506
2.178173,113.894246,0.136542,frame_002507
2.178141,113.947109,0.136945,frame_002508
2.178911,114.000198,0.137411,frame_002509
2.179739,114.053526,0.137893,frame_002510
2.180624,114.106892,0.138386,frame_002511
2.181566,114.160094,0.138884,frame_002512
2.182565,114.213146,0.139404,frame_002513
2.183621,114.266273,0.139943,frame_002514
2.184734,114.319701,0.140502,frame_002515
2.185159,114.373445,0.141057,frame_002516
2.185050,114.427301,0.141608,frame_002517
2.184556,114.481069,0.142153,frame_002518
2.183659,114.534762,0.142719,frame_002519
2.182172,114.588606,0.143308,frame_002520
2.179900,114.642827,0.143918,frame_002521
2.179206,114.697438,0.144542,frame_002522
2.180064,114.752238,0.145181,frame_002523
2.182462,114.807025,0.145838,frame_002524
2.184000,114.861812,0.146510,frame_002525
2.184832,114.916826,0.147191,frame_002526
2.185110,114.972292,0.147877,frame_002527
2.186466,115.028224,0.148535,frame_002528
2.188727,115.084420,0.149165,frame_002529
2.191724,115.140679,0.149766,frame_002530
2.194550,115.197399,0.150355,frame_002531
2.197204,115.254491,0.150931,frame_002532
2.199688,115.311869,0.151492,frame_002533
2.201254,115.368464,0.152046,frame_002534
2.202058,115.424404,0.152614,frame_002535
2.202250,115.479814,0.153198,frame_002536
2.202717,115.534899,0.153782,frame_002537
2.203442,115.589401,0.154364,frame_002538
2.204404,115.643063,0.154936,frame_002539
2.205585,115.694637,0.155469,frame_002540
2.206966,115.746765,0.155987,frame_002541
2.208528,115.799880,0.156496,frame_002542
2.210251,115.854206,0.157007,frame_002543
2.212117,115.909767,0.157521,frame_002544
2.214107,115.966590,0.158037,frame_002545
2.216202,116.022528,0.158534,frame_002546
2.218382,116.077609,0.159013,frame_002547
2.220629,116.131855,0.159473,frame_002548
2.222923,116.185965,0.159937,frame_002549
2.225246,116.239682,0.160400,frame_002550
2.227579,116.292746,0.160861,frame_002551
2.229901,116.343911,0.161297,frame_002552
2.232196,116.395820,0.161759,frame_002553
2.234443,116.448902,0.162256,frame_002554
2.236623,116.502433,0.162755,frame_002555
2.238717,116.556159,0.163255,frame_002556
2.240707,116.609829,0.163752,frame_002557
2.242573,116.664396,0.164256,frame_002558
2.244297,116.719095,0.164734,frame_002559
2.245859,116.774067,0.165192,frame_002560
2.247240,116.827764,0.165658,frame_002561
2.248421,116.880214,0.166129,frame_002562
2.249383,116.931440,0.166605,frame_002563
2.250107,116.982653,0.167083,frame_002564
2.250575,117.034080,0.167562,frame_002565
2.250766,117.085947,0.168039,frame_002566
2.251571,117.138267,0.168524,frame_002567
2.253137,117.190838,0.169016,frame_002568
2.255620,117.243460,0.169517,frame_002569
2.258275,117.296144,0.170016,frame_002570
2.261101,117.349118,0.170510,frame_002571
2.264098,117.402608,0.170999,frame_002572
2.266359,117.456626,0.171500,frame_002573
2.267715,117.510970,0.172013,frame_002574
2.267992,117.565441,0.172535,frame_002575
2.268825,117.621036,0.173036,frame_002576
2.270363,117.677777,0.173512,frame_002577
2.272760,117.735692,0.173959,frame_002578
2.274365,117.792634,0.174408,frame_002579
2.275007,117.848631,0.174860,frame_002580
2.274514,117.903706,0.175318,frame_002581
2.272865,117.958856,0.175785,frame_002582
2.270198,118.013880,0.176257,frame_002583
2.266642,118.068577,0.176736,frame_002584
2.263974,118.122959,0.177201,frame_002585
2.262325,118.177254,0.177651,frame_002586
2.261832,118.231687,0.178087,frame_002587
2.261729,118.286270,0.178496,frame_002588
2.261996,118.340804,0.178876,frame_002589
2.262616,118.395086,0.179226,frame_002590
2.263569,118.449129,0.179582,frame_002591
2.264835,118.503159,0.179948,frame_002592
2.266397,118.557404,0.180325,frame_002593
2.268235,118.611874,0.180683,frame_002594
2.270329,118.666370,0.181024,frame_002595
2.272662,118.720690,0.181347,frame_002596
2.275213,118.775832,0.181671,frame_002597
2.277964,118.831818,0.181998,frame_002598
2.280896,118.888677,0.182326,frame_002599
2.283990,118.944260,0.182654,frame_002600
2.287226,118.998597,0.182973,frame_002601
2.290586,119.051710,0.183277,frame_002602
2.294051,119.105795,0.183572,frame_002603
2.297601,119.160876,0.183857,frame_002604
2.301218,119.216980,0.184131,frame_002605
2.304883,119.272645,0.184381,frame_002606
2.308576,119.327641,0.184604,frame_002607
2.312278,119.381733,0.184797,frame_002608
2.315971,119.433700,0.184958,frame_002609
2.319636,119.484408,0.185125,frame_002610
2.323253,119.533981,0.185305,frame_002611
2.326803,119.584126,0.185473,frame_002612
2.330268,119.634863,0.185627,frame_002613
2.333628,119.686221,0.185764,frame_002614
2.336864,119.738238,0.185875,frame_002615
2.339958,119.790960,0.185958,frame_002616
2.342890,119.844442,0.186014,frame_002617
2.345641,119.897547,0.186043,frame_002618
2.348192,119.950123,0.186045,frame_002619
2.350524,120.002021,0.186020,frame_002620
2.352619,120.053302,0.185979,frame_002621
2.354457,120.104243,0.185921,frame_002622
2.356018,120.155121,0.185844,frame_002623
2.357285,120.206000,0.185746,frame_002624
2.358238,120.256727,0.185623,frame_002625
2.358858,120.307153,0.185471,frame_002626
2.359125,120.357125,0.185279,frame_002627
2.359022,120.406495,0.185050,frame_002628
2.358528,120.455109,0.184785,frame_002629
2.357626,120.504018,0.184505,frame_002630
2.356295,120.553292,0.184210,frame_002631
2.354517,120.603012,0.183897,frame_002632
2.353180,120.652064,0.183539,frame_002633
2.352434,120.700325,0.183136,frame_002634
2.352434,120.747667,0.182691,frame_002635
2.352434,120.795166,0.182224,frame_002636
2.352434,120.842916,0.181738,frame_002637
2.352434,120.891024,0.181235,frame_002638
2.352434,120.938403,0.180735,frame_002639
2.352434,120.984951,0.180237,frame_002640
2.352434,121.030568,0.179739,frame_002641
2.352434,121.076354,0.179250,frame_002642
2.352434,121.122431,0.178762,frame_002643
2.352434,121.168927,0.178272,frame_002644
2.352434,121.214782,0.177749,frame_002645
2.352434,121.259920,0.177198,frame_002646
2.352434,121.304265,0.176625,frame_002647
2.352434,121.346756,0.176061,frame_002648
2.352434,121.387524,0.175500,frame_002649
2.352434,121.426689,0.174941,frame_002650
2.352434,121.466551,0.174350,frame_002651
2.352434,121.507231,0.173723,frame_002652
2.352434,121.548860,0.173055,frame_002653
2.351688,121.590375,0.172327,frame_002654
2.350351,121.631702,0.171542,frame_002655
2.348573,121.672765,0.170705,frame_002656
2.347243,121.713488,0.169801,frame_002657
2.346340,121.753796,0.168839,frame_002658
2.345846,121.793613,0.167826,frame_002659
2.345743,121.834064,0.166804,frame_002660
2.346011,121.875296,0.165775,frame_002661
2.346630,121.917464,0.164739,frame_002662
2.347583,121.959531,0.163694,frame_002663
2.348850,122.001448,0.162636,frame_002664
2.350412,122.043163,0.161565,frame_002665
2.352249,122.085612,0.160477,frame_002666
2.354344,122.128541,0.159376,frame_002667
2.356676,122.171700,0.158263,frame_002668
2.359227,122.213866,0.157139,frame_002669
2.361979,122.255014,0.156007,frame_002670
2.364910,122.295117,0.154870,frame_002671
2.368004,122.335351,0.153718,frame_002672
2.371240,122.375913,0.152554,frame_002673
2.374600,122.417009,0.151377,frame_002674
2.378065,122.457651,0.150170,frame_002675
2.381616,122.497841,0.148933,frame_002676
2.385232,122.537578,0.147667,frame_002677
2.388897,122.576862,0.146405,frame_002678
2.392590,122.615693,0.145149,frame_002679
2.396293,122.654072,0.143903,frame_002680
2.399986,122.691998,0.142641,frame_002681
2.403650,122.729471,0.141363,frame_002682
2.407267,122.766491,0.140072,frame_002683
2.410818,122.803058,0.138810,frame_002684
2.414282,122.839172,0.137577,frame_002685
2.417642,122.874834,0.136377,frame_002686
2.420879,122.911029,0.135175,frame_002687
2.423972,122.947552,0.133977,frame_002688
2.426904,122.984206,0.132791,frame_002689
2.429655,123.019815,0.131573,frame_002690
2.432207,123.054406,0.130333,frame_002691
2.434539,123.088004,0.129079,frame_002692
2.436634,123.120632,0.127777,frame_002693
2.438471,123.152318,0.126435,frame_002694
2.440033,123.183085,0.125059,frame_002695
2.441300,123.212959,0.123697,frame_002696
2.442252,123.241965,0.122363,frame_002697
2.442872,123.270129,0.121067,frame_002698
2.443140,123.299661,0.119798,frame_002699
2.443036,123.330604,0.118554,frame_002700
2.442543,123.363015,0.117334,frame_002701
2.441640,123.394785,0.116167,frame_002702
2.440309,123.425989,0.115049,frame_002703
2.438531,123.456703,0.113975,frame_002704
2.437195,123.487001,0.112939,frame_002705
2.436449,123.516960,0.111950,frame_002706
2.436449,123.546655,0.111017,frame_002707
2.436449,123.577147,0.110213,frame_002708
2.436449,123.608307,0.109541,frame_002709
2.436449,123.640012,0.109004,frame_002710
2.436449,123.671164,0.108571,frame_002711
2.436449,123.701864,0.108235,frame_002712
2.436449,123.732211,0.107989,frame_002713
2.436449,123.763292,0.107718,frame_002714
2.436449,123.795004,0.107433,frame_002715
2.436449,123.827248,0.107144,frame_002716
2.436449,123.858738,0.106881,frame_002717
2.436449,123.889172,0.106652,frame_002718
2.436449,123.918247,0.106465,frame_002719
2.436449,123.946862,0.106344,frame_002720
2.436449,123.974936,0.106293,frame_002721
2.436449,124.002400,0.106311,frame_002722
2.436449,124.029189,0.106437,frame_002723
2.436449,124.055250,0.106663,frame_002724
2.436449,124.080535,0.106982,frame_002725
2.436449,124.105008,0.107370,frame_002726
2.436449,124.128640,0.107826,frame_002727
2.436449,124.151408,0.108349,frame_002728
2.436449,124.173301,0.108909,frame_002729
2.436449,124.194315,0.109505,frame_002730
2.436449,124.214453,0.110137,frame_002731
2.436449,124.232742,0.110847,frame_002732
2.436449,124.249408,0.111629,frame_002733
2.436449,124.264679,0.112474,frame_002734
2.436449,124.279766,0.113315,frame_002735
2.436449,124.294690,0.114147,frame_002736
2.436449,124.309480,0.114963,frame_002737
2.436449,124.322976,0.115849,frame_002738
2.436449,124.334999,0.116791,frame_002739
2.436449,124.345375,0.117773,frame_002740
2.436449,124.355127,0.118741,frame_002741
2.436449,124.364301,0.119700,frame_002742
2.436449,124.372952,0.120655,frame_002743
2.436449,124.381143,0.121676,frame_002744
2.436449,124.388945,0.122762,frame_002745
2.436449,124.396437,0.123911,frame_002746
2.436449,124.403708,0.125122,frame_002747
2.436449,124.410854,0.126395,frame_002748
2.436449,124.417979,0.127727,frame_002749
2.435703,124.423998,0.129097,frame_002750
2.434366,124.428810,0.130499,frame_002751
2.432588,124.432313,0.131929,frame_002752
2.431257,124.435608,0.133341,frame_002753
2.430354,124.438815,0.134731,frame_002754
2.429861,124.442065,0.136092,frame_002755
2.429758,124.445496,0.137444,frame_002756
2.430025,124.449255,0.138792,frame_002757
2.430645,124.453498,0.140141,frame_002758
2.430852,124.457186,0.141459,frame_002759
2.430782,124.460271,0.142737,frame_002760
2.430566,124.462702,0.143965,frame_002761
2.431073,124.465628,0.145104,frame_002762
2.432264,124.469222,0.146146,frame_002763
2.434103,124.473664,0.147081,frame_002764
2.435805,124.477942,0.148035,frame_002765
2.437488,124.482032,0.149015,frame_002766
2.439261,124.485907,0.150029,frame_002767
2.441977,124.488558,0.151065,frame_002768
2.445577,124.490164,0.152132,frame_002769
2.450005,124.490896,0.153237,frame_002770
2.454458,124.491906,0.154377,frame_002771
2.459035,124.493142,0.155553,frame_002772
2.463826,124.494554,0.156770,frame_002773
2.468917,124.496092,0.157967,frame_002774
2.474389,124.497705,0.159145,frame_002775
2.480314,124.499344,0.160301,frame_002776
2.487504,124.500957,0.161457,frame_002777
2.495865,124.502495,0.162618,frame_002778
2.505300,124.503907,0.163790,frame_002779
2.514970,124.505143,0.165042,frame_002780
2.524934,124.506152,0.166375,frame_002781
2.535246,124.506885,0.167788,frame_002782
2.545955,124.508491,0.169255,frame_002783
2.557100,124.511141,0.170766,frame_002784
2.568717,124.515017,0.172309,frame_002785
2.580089,124.519107,0.173872,frame_002786
2.591392,124.523385,0.175460,frame_002787
2.602793,124.527826,0.177081,frame_002788
2.615189,124.533392,0.178648,frame_002789
2.628565,124.539852,0.180157,frame_002790
2.642898,124.546984,0.181602,frame_002791
2.658159,124.552601,0.183138,frame_002792
2.674314,124.556910,0.184759,frame_002793
2.691322,124.560106,0.186462,frame_002794
2.709135,124.563365,0.188162,frame_002795
2.727699,124.566662,0.189853,frame_002796
2.746953,124.569972,0.191529,frame_002797
2.766832,124.573269,0.193198,frame_002798
2.787262,124.576528,0.194852,frame_002799
2.808164,124.579725,0.196479,frame_002800
2.829614,124.582833,0.198015,frame_002801
2.851843,124.585828,0.199462,frame_002802
2.875077,124.588685,0.200819,frame_002803
2.899374,124.591379,0.202172,frame_002804
2.924621,124.593883,0.203510,frame_002805
2.950701,124.596174,0.204826,frame_002806
2.976746,124.598226,0.206088,frame_002807
3.002779,124.600014,0.207301,frame_002808
3.028815,124.601512,0.208471,frame_002809
3.055760,124.602696,0.209592,frame_002810
3.083770,124.603541,0.210662,frame_002811
3.112995,124.604020,0.211682,frame_002812
3.143414,124.605096,0.212692,frame_002813
3.174842,124.606537,0.213692,frame_002814
3.207083,124.608122,0.214683,frame_002815
3.240102,124.608650,0.215635,frame_002816
3.274014,124.608122,0.216548,frame_002817
3.308931,124.606537,0.217422,frame_002818
3.344049,124.605096,0.218267,frame_002819
3.379300,124.604020,0.219085,frame_002820
3.414600,124.603541,0.219879,frame_002821
3.450762,124.602696,0.220657,frame_002822
3.487846,124.601512,0.221417,frame_002823
3.525907,124.600014,0.222155,frame_002824
3.564991,124.598226,0.222883,frame_002825
3.605140,124.596174,0.223603,frame_002826
3.646390,124.593883,0.224320,frame_002827
3.688606,124.591379,0.225049,frame_002828
3.731487,124.588685,0.225797,frame_002829
3.774727,124.585828,0.226571,frame_002830
3.818172,124.582833,0.227306,frame_002831
3.861825,124.579725,0.228006,frame_002832
3.905684,124.576528,0.228670,frame_002833
3.949739,124.573269,0.229316,frame_002834
3.993974,124.569972,0.229934,frame_002835
4.038368,124.566662,0.230513,frame_002836
4.083798,124.563365,0.231071,frame_002837
4.130398,124.560106,0.231615,frame_002838
4.178303,124.556909,0.232150,frame_002839
4.225990,124.552601,0.232688,frame_002840
4.273581,124.546984,0.233241,frame_002841
4.321183,124.539852,0.233826,frame_002842
4.369638,124.533392,0.234414,frame_002843
4.418872,124.527826,0.234996,frame_002844
4.468807,124.523384,0.235561,frame_002845
4.519356,124.519106,0.236106,frame_002846
4.570428,124.515017,0.236630,frame_002847
4.621924,124.511141,0.237136,frame_002848
4.673741,124.507504,0.237604,frame_002849
4.725765,124.504132,0.238030,frame_002850
4.777881,124.501049,0.238413,frame_002851
4.830873,124.498280,0.238813,frame_002852
4.884778,124.495851,0.239240,frame_002853
4.939634,124.493786,0.239703,frame_002854
4.994386,124.492112,0.240160,frame_002855
5.048942,124.490852,0.240602,frame_002856
5.103203,124.490033,0.241020,frame_002857
5.157970,124.489679,0.241458,frame_002858
5.212736,124.489816,0.241911,frame_002859
5.267669,124.490468,0.242381,frame_002860
5.323678,124.491662,0.242823,frame_002861
5.380762,124.493421,0.243248,frame_002862
5.438921,124.495771,0.243662,frame_002863
5.497248,124.497538,0.244089,frame_002864
5.555574,124.498524,0.244525,frame_002865
5.613725,124.498524,0.244966,frame_002866
5.672800,124.498524,0.245414,frame_002867
5.732704,124.498524,0.245870,frame_002868
5.793343,124.498525,0.246333,frame_002869
5.854625,124.498525,0.246805,frame_002870
5.914227,124.498525,0.247306,frame_002871
5.972529,124.498525,0.247832,frame_002872
6.031765,124.498525,0.248356,frame_002873
6.091894,124.498525,0.248869,frame_002874
6.152880,124.498525,0.249368,frame_002875
6.214685,124.498525,0.249830,frame_002876
6.277269,124.498525,0.250256,frame_002877
6.340596,124.498525,0.250650,frame_002878
6.402973,124.498525,0.251029,frame_002879
6.464350,124.498525,0.251393,frame_002880
6.524663,124.498525,0.251739,frame_002881
6.585490,124.498525,0.252087,frame_002882
6.646754,124.498525,0.252439,frame_002883
6.708380,124.498525,0.252797,frame_002884
6.769546,124.498525,0.253138,frame_002885
6.830330,124.498525,0.253455,frame_002886
6.890806,124.498525,0.253737,frame_002887
6.951786,124.499511,0.253991,frame_002888
7.013176,124.501278,0.254217,frame_002889
7.074879,124.503629,0.254418,frame_002890
7.136963,124.505388,0.254607,frame_002891
7.199656,124.506581,0.254792,frame_002892
7.263187,124.507234,0.254979,frame_002893
7.327621,124.506384,0.255123,frame_002894
7.392864,124.504264,0.255223,frame_002895
7.458820,124.501094,0.255275,frame_002896
7.524650,124.499062,0.255310,frame_002897
7.590412,124.497961,0.255331,frame_002898
7.656160,124.497594,0.255343,frame_002899
7.722689,124.496788,0.255349,frame_002900
7.789884,124.495566,0.255352,frame_002901
7.857631,124.493955,0.255357,frame_002902
7.925069,124.491978,0.255412,frame_002903
7.992240,124.489662,0.255512,frame_002904
8.059180,124.487032,0.255652,frame_002905
8.126888,124.484112,0.255744,frame_002906
8.195275,124.480928,0.255791,frame_002907
8.264250,124.477506,0.255794,frame_002908
8.332979,124.473869,0.255763,frame_002909
8.402213,124.470044,0.255706,frame_002910
8.472142,124.466055,0.255623,frame_002911
8.542794,124.461928,0.255532,frame_002912
8.614035,124.457688,0.255446,frame_002913
8.685734,124.453359,0.255379,frame_002914
8.757009,124.448968,0.255330,frame_002915
8.827885,124.444539,0.255297,frame_002916
8.898376,124.440097,0.255283,frame_002917
8.968785,124.435668,0.255286,frame_002918
9.038874,124.431277,0.255310,frame_002919
9.108405,124.426949,0.255359,frame_002920
9.176388,124.422708,0.255426,frame_002921
9.245458,124.418581,0.255494,frame_002922
9.316017,124.414592,0.255562,frame_002923
9.386211,124.410767,0.255663,frame_002924
9.456043,124.407130,0.255792,frame_002925
9.525509,124.403708,0.255944,frame_002926
9.595347,124.400524,0.256120,frame_002927
9.665384,124.397604,0.256327,frame_002928
9.735450,124.394974,0.256571,frame_002929
9.805535,124.392658,0.256863,frame_002930
9.875791,124.390682,0.257202,frame_002931
9.946371,124.389070,0.257582,frame_002932
10.016518,124.387848,0.257984,frame_002933
10.086218,124.387042,0.258408,frame_002934
10.155448,124.386676,0.258855,frame_002935
10.225833,124.386775,0.259328,frame_002936
10.297351,124.387364,0.259821,frame_002937
10.369986,124.388469,0.260321,frame_002938
10.442074,124.388916,0.260833,frame_002939
10.513601,124.388506,0.261354,frame_002940
10.584544,124.387034,0.261878,frame_002941
10.655781,124.385487,0.262404,frame_002942
10.727447,124.383865,0.262932,frame_002943
10.799674,124.382167,0.263462,frame_002944
10.872434,124.381593,0.263994,frame_002945
10.945536,124.382367,0.264528,frame_002946
11.018791,124.384717,0.265065,frame_002947
11.092169,124.386484,0.265621,frame_002948
11.165804,124.387470,0.266193,frame_002949
11.239830,124.387470,0.266778,frame_002950
11.314216,124.387470,0.267354,frame_002951
11.388775,124.387470,0.267922,frame_002952
11.463314,124.387471,0.268482,frame_002953
11.537805,124.387471,0.268990,frame_002954
11.612383,124.387471,0.269434,frame_002955
11.687179,124.387471,0.269803,frame_002956
11.761419,124.387471,0.270140,frame_002957
11.835069,124.387471,0.270447,frame_002958
11.908087,124.387471,0.270726,frame_002959
11.981333,124.387471,0.270958,frame_002960
12.054922,124.387471,0.271145,frame_002961
12.128968,124.387472,0.271290,frame_002962
12.202677,124.387472,0.271434,frame_002963
12.275995,124.387472,0.271583,frame_002964
12.348862,124.387472,0.271743,frame_002965
12.422865,124.387472,0.271887,frame_002966
12.497944,124.387472,0.272016,frame_002967
12.574045,124.387472,0.272130,frame_002968
12.649467,124.387472,0.272223,frame_002969
12.724155,124.387473,0.272299,frame_002970
12.798049,124.387473,0.272366,frame_002971
12.871992,124.387473,0.272465,frame_002972
12.946077,124.387473,0.272600,frame_002973
13.020400,124.387473,0.272773,frame_002974
13.095055,124.387473,0.272936,frame_002975
13.170139,124.387473,0.273089,frame_002976
13.245747,124.387473,0.273234,frame_002977
13.321811,124.387474,0.273456,frame_002978
13.398103,124.387474,0.273749,frame_002979
13.474396,124.387474,0.274111,frame_002980
13.550622,124.387474,0.274476,frame_002981
13.626876,124.387474,0.274842,frame_002982
13.703254,124.387474,0.275205,frame_002983
13.779851,124.387474,0.275565,frame_002984
13.856762,124.387474,0.275926,frame_002985
13.934082,124.387475,0.276291,frame_002986
14.010999,124.387475,0.276634,frame_002987
14.087439,124.387475,0.276952,frame_002988
14.163324,124.387475,0.277242,frame_002989
14.239475,124.387475,0.277506,frame_002990
14.315968,124.387475,0.277745,frame_002991
14.392880,124.387475,0.277960,frame_002992
14.470287,124.387476,0.278163,frame_002993
14.548265,124.387476,0.278358,frame_002994
14.626890,124.387476,0.278547,frame_002995
14.705331,124.388462,0.278735,frame_002996
14.783494,124.390229,0.278923,frame_002997
14.861283,124.392580,0.279115,frame_002998
14.939500,124.394339,0.279265,frame_002999
15.018202,124.395532,0.279378,frame_003000
15.097447,124.396185,0.279457,frame_003001
15.176383,124.396322,0.279554,frame_003002
15.254901,124.395968,0.279671,frame_003003
15.332881,124.395149,0.279809,frame_003004
15.411855,124.393890,0.279993,frame_003005
15.491705,124.392215,0.280216,frame_003006
15.572319,124.390151,0.280469,frame_003007
15.652849,124.387722,0.280738,frame_003008
15.733349,124.384953,0.281020,frame_003009
15.813878,124.381870,0.281314,frame_003010
15.894493,124.378498,0.281610,frame_003011
15.975251,124.374861,0.281913,frame_003012
16.056208,124.370986,0.282226,frame_003013
16.137422,124.366897,0.282569,frame_003014
16.218951,124.362619,0.282938,frame_003015
16.300850,124.358177,0.283330,frame_003016
16.382270,124.353597,0.283751,frame_003017
16.463099,124.348904,0.284194,frame_003018
16.543220,124.344123,0.284656,frame_003019
16.623418,124.339279,0.285126,frame_003020
16.703729,124.334397,0.285610,frame_003021
16.784193,124.329503,0.286113,frame_003022
16.864847,124.324621,0.286590,frame_003023
16.945730,124.319777,0.287045,frame_003024
17.026879,124.314996,0.287481,frame_003025
17.108332,124.310303,0.287921,frame_003026
17.190128,124.305723,0.288373,frame_003027
17.272305,124.301282,0.288844,frame_003028
17.353992,124.297004,0.289274,frame_003029
17.435060,124.292915,0.289658,frame_003030
17.515373,124.289039,0.289990,frame_003031
17.595696,124.285403,0.290323,frame_003032
17.676047,124.282030,0.290650,frame_003033
17.756445,124.278947,0.290963,frame_003034
17.836910,124.276179,0.291234,frame_003035
17.917461,124.273750,0.291467,frame_003036
17.998116,124.271685,0.291671,frame_003037
18.079641,124.270011,0.291875,frame_003038
18.161900,124.268752,0.292082,frame_003039
18.244761,124.267933,0.292289,frame_003040
18.327357,124.267579,0.292508,frame_003041
18.409724,124.267716,0.292741,frame_003042
18.491900,124.268368,0.292988,frame_003043
18.573924,124.270548,0.293252,frame_003044
18.655834,124.274074,0.293534,frame_003045
18.737668,124.278775,0.293835,frame_003046
18.819464,124.282301,0.294158,frame_003047
18.901260,124.284481,0.294503,frame_003048
18.983094,124.285133,0.294873,frame_003049
19.065004,124.285270,0.295310,frame_003050
19.147029,124.284917,0.295819,frame_003051
19.229205,124.284098,0.296408,frame_003052
19.311572,124.282838,0.297050,frame_003053
19.394167,124.281164,0.297745,frame_003054
19.477029,124.279100,0.298495,frame_003055
19.559287,124.276671,0.299265,frame_003056
19.640812,124.273902,0.300047,frame_003057
19.721468,124.270819,0.300832,frame_003058
19.802018,124.267447,0.301623,frame_003059
19.882484,124.263810,0.302416,frame_003060
19.962882,124.259935,0.303208,frame_003061
20.043233,124.255846,0.303999,frame_003062
20.123555,124.251568,0.304793,frame_003063
20.203868,124.247126,0.305594,frame_003064
20.284191,124.242546,0.306399,frame_003065
20.364542,124.237853,0.307200,frame_003066
20.444940,124.233072,0.307991,frame_003067
20.525405,124.228228,0.308760,frame_003068
20.605956,124.223347,0.309496,frame_003069
20.686611,124.218452,0.310187,frame_003070
20.768137,124.213571,0.310835,frame_003071
20.850395,124.208727,0.311438,frame_003072
20.933257,124.203946,0.311994,frame_003073
21.015852,124.199253,0.312503,frame_003074
21.098219,124.194673,0.312970,frame_003075
21.180395,124.190231,0.313402,frame_003076
21.262419,124.185953,0.313813,frame_003077
21.344330,124.181864,0.314204,frame_003078
21.426164,124.177989,0.314581,frame_003079
21.507960,124.174352,0.314946,frame_003080
21.589755,124.170980,0.315304,frame_003081
21.671589,124.167897,0.315657,frame_003082
21.753500,124.165128,0.315986,frame_003083
21.835524,124.162699,0.316287,frame_003084
21.917700,124.160635,0.316555,frame_003085
22.000067,124.158961,0.316868,frame_003086
22.082662,124.157702,0.317226,frame_003087
22.165524,124.156883,0.317628,frame_003088
22.247782,124.156529,0.318036,frame_003089
22.329308,124.156666,0.318447,frame_003090
22.409963,124.157319,0.318858,frame_003091
22.490514,124.158512,0.319232,frame_003092
22.570979,124.160272,0.319575,frame_003093
22.651377,124.162622,0.319893,frame_003094
22.731728,124.164389,0.320235,frame_003095
22.812051,124.165376,0.320597,frame_003096
22.892363,124.165376,0.320977,frame_003097
22.972686,124.165376,0.321389,frame_003098
23.053037,124.165376,0.321825,frame_003099
23.133435,124.165377,0.322281,frame_003100
23.213900,124.165377,0.322722,frame_003101
23.294451,124.165377,0.323144,frame_003102
23.375106,124.165377,0.323544,frame_003103
23.455886,124.165378,0.323919,frame_003104
23.536807,124.165378,0.324266,frame_003105
23.617891,124.165378,0.324583,frame_003106
23.699155,124.165378,0.324856,frame_003107
23.780620,124.165379,0.325081,frame_003108
23.862303,124.165379,0.325255,frame_003109
23.944223,124.165379,0.325393,frame_003110
24.026401,124.165379,0.325491,frame_003111
24.108855,124.165380,0.325546,frame_003112
24.191604,124.165380,0.325551,frame_003113
24.274666,124.165380,0.325512,frame_003114
24.358062,124.165380,0.325436,frame_003115
24.441810,124.165381,0.325316,frame_003116
24.525929,124.165381,0.325150,frame_003117
24.610438,124.165381,0.324936,frame_003118
24.695356,124.165382,0.324671,frame_003119
24.780702,124.165382,0.324348,frame_003120
24.866496,124.165382,0.323962,frame_003121
24.951848,124.165382,0.323522,frame_003122
25.036609,124.165383,0.323027,frame_003123
25.120625,124.165383,0.322478,frame_003124
25.204640,124.165383,0.321882,frame_003125
25.288656,124.165384,0.321246,frame_003126
25.372671,124.165384,0.320581,frame_003127
25.456686,124.166370,0.319885,frame_003128
25.540702,124.168137,0.319166,frame_003129
25.624717,124.170488,0.318432,frame_003130
25.708733,124.172248,0.317691,frame_003131
25.792748,124.173441,0.316951,frame_003132
25.876764,124.174094,0.316222,frame_003133
25.960779,124.174231,0.315518,frame_003134
26.044795,124.173877,0.314843,frame_003135
26.128810,124.173058,0.314199,frame_003136
26.212826,124.171799,0.313558,frame_003137
26.296841,124.170125,0.312919,frame_003138
26.380857,124.168061,0.312277,frame_003139
26.464872,124.165632,0.311625,frame_003140
26.548888,124.162864,0.310965,frame_003141
26.632903,124.159781,0.310301,frame_003142
26.716919,124.156408,0.309689,frame_003143
26.800934,124.152772,0.309137,frame_003144
26.884949,124.148897,0.308656,frame_003145
26.968965,124.144807,0.308166,frame_003146
27.052980,124.140530,0.307674,frame_003147
27.136996,124.136088,0.307188,frame_003148
27.221011,124.131509,0.306710,frame_003149
27.305027,124.126816,0.306241,frame_003150
27.389042,124.122035,0.305777,frame_003151
27.473058,124.117191,0.305348,frame_003152
27.557073,124.112309,0.304954,frame_003153
27.641089,124.107415,0.304594,frame_003154
27.725104,124.102534,0.304259,frame_003155
27.809120,124.097690,0.303950,frame_003156
27.893135,124.092909,0.303668,frame_003157
27.977151,124.088216,0.303431,frame_003158
28.061166,124.083636,0.303238,frame_003159
28.145182,124.079195,0.303084,frame_003160
28.229197,124.074917,0.302946,frame_003161
28.313213,124.070828,0.302821,frame_003162
28.397228,124.066952,0.302705,frame_003163
28.481244,124.063316,0.302609,frame_003164
28.565259,124.059944,0.302538,frame_003165
28.649275,124.056861,0.302499,frame_003166
28.733290,124.054092,0.302482,frame_003167
28.817306,124.051664,0.302488,frame_003168
28.901321,124.049599,0.302515,frame_003169
28.985337,124.047925,0.302569,frame_003170
29.069352,124.046666,0.302643,frame_003171
29.153368,124.045847,0.302730,frame_003172
29.237383,124.045494,0.302806,frame_003173
29.321398,124.045631,0.302871,frame_003174
29.405414,124.046283,0.302925,frame_003175
29.489429,124.047477,0.303007,frame_003176
29.573445,124.049237,0.303116,frame_003177
29.657460,124.051587,0.303250,frame_003178
29.741476,124.053354,0.303419,frame_003179
29.825491,124.054341,0.303620,frame_003180
29.909507,124.054341,0.303850,frame_003181
29.993522,124.054342,0.304090,frame_003182
30.077538,124.054342,0.304340,frame_003183
30.161553,124.054342,0.304602,frame_003184
30.245569,124.054343,0.304856,frame_003185
30.329584,124.054343,0.305098,frame_003186
30.413600,124.054343,0.305326,frame_003187
30.498361,124.055330,0.305546,frame_003188
30.583713,124.057097,0.305751,frame_003189
30.669506,124.059448,0.305937,frame_003190
30.754853,124.061207,0.306119,frame_003191
30.839771,124.062401,0.306296,frame_003192
30.924280,124.063053,0.306465,frame_003193
31.008399,124.063190,0.306597,frame_003194
31.092146,124.062837,0.306691,frame_003195
31.175542,124.062018,0.306747,frame_003196
31.258605,124.060759,0.306808,frame_003197
31.341354,124.059085,0.306880,frame_003198
31.423807,124.057021,0.306972,frame_003199
31.505985,124.054592,0.307086,frame_003200
31.587906,124.051823,0.307222,frame_003201
31.669589,124.048740,0.307381,frame_003202
31.751053,124.045368,0.307550,frame_003203
31.832318,124.041732,0.307729,frame_003204
31.913401,124.037857,0.307915,frame_003205
31.994323,124.033767,0.308126,frame_003206
32.075102,124.029490,0.308360,frame_003207
32.155758,124.025048,0.308614,frame_003208
32.236308,124.020469,0.308858,frame_003209
32.316774,124.015776,0.309088,frame_003210
32.397172,124.010995,0.309299,frame_003211
32.477523,124.006151,0.309499,frame_003212
32.557845,124.001269,0.309686,frame_003213
32.638158,123.996375,0.309859,frame_003214
32.718481,123.991494,0.310045,frame_003215
32.798832,123.986650,0.310246,frame_003216
32.879230,123.981869,0.310461,frame_003217
32.959695,123.977176,0.310664,frame_003218
33.040246,123.972597,0.310857,frame_003219
33.120902,123.968155,0.311042,frame_003220
33.201681,123.963877,0.311200,frame_003221
33.282603,123.959788,0.311331,frame_003222
33.363686,123.955913,0.311433,frame_003223
33.445696,123.952277,0.311546,frame_003224
33.528497,123.948905,0.311671,frame_003225
33.611958,123.945822,0.311813,frame_003226
33.695210,123.943053,0.311942,frame_003227
33.778291,123.940624,0.312059,frame_003228
33.861238,123.938560,0.312166,frame_003229
33.944090,123.936886,0.312270,frame_003230
34.026885,123.935627,0.312365,frame_003231
34.109661,123.934808,0.312446,frame_003232
34.192456,123.934455,0.312530,frame_003233
34.275308,123.934592,0.312616,frame_003234
34.358255,123.935245,0.312702,frame_003235
34.441336,123.936438,0.312778,frame_003236
34.524587,123.938198,0.312847,frame_003237
34.608049,123.940549,0.312908,frame_003238
34.690849,123.942316,0.312971,frame_003239
34.772860,123.943302,0.313030,frame_003240
34.853943,123.943303,0.313081,frame_003241
34.934865,123.943303,0.313095,frame_003242
35.015644,123.943303,0.313072,frame_003243
35.096299,123.943304,0.313014,frame_003244
35.176850,123.943304,0.312952,frame_003245
35.257315,123.943305,0.312892,frame_003246
35.337714,123.943305,0.312835,frame_003247
35.418065,123.943305,0.312777,frame_003248
35.498387,123.943306,0.312725,frame_003249
35.578700,123.943306,0.312683,frame_003250
35.659022,123.943307,0.312610,frame_003251
35.739373,123.943307,0.312514,frame_003252
35.819772,123.943307,0.312401,frame_003253
35.900237,123.943308,0.312323,frame_003254
35.980788,123.943308,0.312277,frame_003255
36.061443,123.943308,0.312262,frame_003256
36.142222,123.943309,0.312255,frame_003257
36.223144,123.943309,0.312253,frame_003258
36.304228,123.943310,0.312254,frame_003259
36.385492,123.943310,0.312258,frame_003260
36.466956,123.943310,0.312265,frame_003261
36.548639,123.943311,0.312276,frame_003262
36.630560,123.943311,0.312293,frame_003263
36.712738,123.943312,0.312317,frame_003264
36.795192,123.943312,0.312348,frame_003265
36.877940,123.943313,0.312386,frame_003266
36.961003,123.943313,0.312427,frame_003267
37.044399,123.943313,0.312467,frame_003268
37.128147,123.943314,0.312535,frame_003269
37.212265,123.943314,0.312629,frame_003270
37.296774,123.943315,0.312748,frame_003271
37.381693,123.943315,0.312899,frame_003272
37.467039,123.943316,0.313081,frame_003273
37.552832,123.943316,0.313291,frame_003274
37.638184,123.943316,0.313489,frame_003275
37.722946,123.943317,0.313677,frame_003276
37.806961,123.943317,0.313856,frame_003277
37.890977,123.943318,0.314030,frame_003278
37.974992,123.943318,0.314205,frame_003279
38.059008,123.943319,0.314384,frame_003280
38.143023,123.943319,0.314579,frame_003281
38.227039,123.943319,0.314785,frame_003282
38.311054,123.943320,0.314997,frame_003283
38.395070,123.943320,0.315229,frame_003284
38.479085,123.943321,0.315472,frame_003285
38.563100,123.943321,0.315719,frame_003286
38.647116,123.943322,0.315944,frame_003287
38.731131,123.943322,0.316150,frame_003288
38.815147,123.943322,0.316334,frame_003289
38.899908,123.943323,0.316404,frame_003290
38.985260,123.943323,0.316371,frame_003291
39.071054,123.943324,0.316245,frame_003292
39.155654,123.943324,0.316120,frame_003293
39.239236,123.943325,0.316000,frame_003294
39.321967,123.943325,0.315887,frame_003295
39.404755,123.943326,0.315703,frame_003296
39.487600,123.943326,0.315464,frame_003297
39.570502,123.943327,0.315184,frame_003298
39.653461,123.943327,0.314960,frame_003299
39.736478,123.943327,0.314793,frame_003300
39.819551,123.943328,0.314683,frame_003301
39.902682,123.944314,0.314610,frame_003302
39.985869,123.946082,0.314591,frame_003303
40.069114,123.948433,0.314644,frame_003304
40.152416,123.950192,0.314767,frame_003305
40.235775,123.951386,0.314960,frame_003306
40.319191,123.952039,0.315221,frame_003307
40.402664,123.952176,0.315542,frame_003308
40.486194,123.951822,0.315927,frame_003309
40.569782,123.951004,0.316379,frame_003310
40.653426,123.949745,0.316938,frame_003311
40.737127,123.948071,0.317605,frame_003312
40.820886,123.946007,0.318376,frame_003313
40.904702,123.943578,0.319261,frame_003314
40.988574,123.940809,0.320255,frame_003315
41.072504,123.937727,0.321355,frame_003316
41.156491,123.934355,0.322537,frame_003317
41.240535,123.930718,0.323799,frame_003318
41.324636,123.926843,0.325137,frame_003319
41.408795,123.922754,0.326525,frame_003320
41.493010,123.918476,0.327960,frame_003321
41.577282,123.914035,0.329437,frame_003322
41.661612,123.909456,0.330967,frame_003323
41.745998,123.904763,0.332535,frame_003324
41.830442,123.899982,0.334129,frame_003325
41.914943,123.895138,0.335758,frame_003326
41.999501,123.890257,0.337417,frame_003327
42.084116,123.885363,0.339099,frame_003328
42.168788,123.880481,0.340808,frame_003329
42.253517,123.875638,0.342541,frame_003330
42.338303,123.870857,0.344293,frame_003331
42.423146,123.866164,0.346037,frame_003332
42.508047,123.861584,0.347759,frame_003333
42.593004,123.857143,0.349449,frame_003334
42.678019,123.852866,0.351080,frame_003335
42.763090,123.848776,0.352634,frame_003336
42.848219,123.844901,0.354093,frame_003337
42.933405,123.841265,0.355461,frame_003338
43.018648,123.837893,0.356727,frame_003339
43.103948,123.834810,0.357879,frame_003340
43.188397,123.832042,0.358966,frame_003341
43.271828,123.829613,0.359998,frame_003342
43.354065,123.827549,0.360985,frame_003343
43.436744,123.825875,0.361891,frame_003344
43.520014,123.824616,0.362712,frame_003345
43.604029,123.823797,0.363441,frame_003346
43.688044,123.823444,0.364170,frame_003347
43.772060,123.823581,0.364909,frame_003348
43.856075,123.824234,0.365666,frame_003349
43.940091,123.825428,0.366377,frame_003350
44.024106,123.827187,0.367033,frame_003351
44.108122,123.829538,0.367630,frame_003352
44.192137,123.831306,0.368198,frame_003353
44.276153,123.832292,0.368750,frame_003354
44.360168,123.832293,0.369297,frame_003355
44.444184,123.832293,0.369817,frame_003356
44.528199,123.832294,0.370314,frame_003357
44.612215,123.832294,0.370791,frame_003358
44.696230,123.832295,0.371289,frame_003359
44.780245,123.832295,0.371813,frame_003360
44.864261,123.832296,0.372366,frame_003361
44.948276,123.832296,0.372912,frame_003362
45.032292,123.832297,0.373452,frame_003363
45.116307,123.832297,0.373987,frame_003364
45.200323,123.832298,0.374515,frame_003365
45.284338,123.832298,0.375035,frame_003366
45.368354,123.832299,0.375544,frame_003367
45.452369,123.832299,0.376058,frame_003368
45.536385,123.832300,0.376578,frame_003369
45.620400,123.832300,0.377100,frame_003370
45.704416,123.832301,0.377634,frame_003371
45.788431,123.832301,0.378181,frame_003372
45.872447,123.832302,0.378742,frame_003373
45.956462,123.832302,0.379287,frame_003374
46.040477,123.832303,0.379812,frame_003375
46.124493,123.832303,0.380313,frame_003376
46.208508,123.832304,0.380806,frame_003377
46.292524,123.832304,0.381288,frame_003378
46.376539,123.832305,0.381755,frame_003379
46.460555,123.832305,0.382187,frame_003380
46.544570,123.832306,0.382586,frame_003381
46.628586,123.832307,0.382953,frame_003382
46.712601,123.832307,0.383323,frame_003383
46.796617,123.832308,0.383687,frame_003384
46.880632,123.832308,0.384035,frame_003385
46.964648,123.832309,0.384348,frame_003386
47.048663,123.832309,0.384616,frame_003387
47.132679,123.832310,0.384830,frame_003388
47.216694,123.832310,0.384963,frame_003389
47.300709,123.832311,0.385015,frame_003390
47.384725,123.832311,0.384984,frame_003391
47.468740,123.832312,0.384920,frame_003392
47.552756,123.832312,0.384823,frame_003393
47.636771,123.832313,0.384696,frame_003394
47.720787,123.832314,0.384476,frame_003395
47.804802,123.832314,0.384172,frame_003396
47.888818,123.832315,0.383791,frame_003397
47.972833,123.832315,0.383368,frame_003398
48.056849,123.832316,0.382901,frame_003399
48.140864,123.832316,0.382391,frame_003400
48.224880,123.832317,0.381783,frame_003401
48.308895,123.832317,0.381083,frame_003402
48.392911,123.832318,0.380299,frame_003403
48.477672,123.832319,0.379542,frame_003404
48.563024,123.832319,0.378810,frame_003405
48.648818,123.832320,0.378103,frame_003406
48.734164,123.832320,0.377346,frame_003407
48.819082,123.832321,0.376552,frame_003408
48.903591,123.832322,0.375731,frame_003409
48.987710,123.833308,0.374847,frame_003410
49.071458,123.835076,0.373913,frame_003411
49.154853,123.837427,0.372941,frame_003412
49.237916,123.839186,0.371955,frame_003413
49.320665,123.840380,0.370969,frame_003414
49.403119,123.841033,0.369997,frame_003415
49.485296,123.841170,0.369051,frame_003416
49.567217,123.840817,0.368140,frame_003417
49.648900,123.839998,0.367274,frame_003418
49.730365,123.838739,0.366477,frame_003419
49.811629,123.837065,0.365752,frame_003420
49.892713,123.835002,0.365099,frame_003421
49.973634,123.832573,0.364510,frame_003422
50.054413,123.829805,0.363990,frame_003423
50.135069,123.826722,0.363540,frame_003424
50.215620,123.823350,0.363190,frame_003425
50.296085,123.819714,0.362938,frame_003426
50.376483,123.815839,0.362779,frame_003427
50.457580,123.811750,0.362674,frame_003428
50.539239,123.807472,0.362624,frame_003429
50.621330,123.803031,0.362630,frame_003430
50.702983,123.798452,0.362694,frame_003431
50.784237,123.793759,0.362826,frame_003432
50.865129,123.788978,0.363033,frame_003433
50.945698,123.784135,0.363295,frame_003434
51.025981,123.779253,0.363603,frame_003435
51.106016,123.774359,0.363948,frame_003436
51.185843,123.769478,0.364305,frame_003437
51.265498,123.764634,0.364666,frame_003438
51.345020,123.759854,0.365025,frame_003439
51.424447,123.755161,0.365418,frame_003440
51.503816,123.750582,0.365839,frame_003441
51.583167,123.746140,0.366287,frame_003442
51.663282,123.741863,0.366780,frame_003443
51.744046,123.737774,0.367301,frame_003444
51.825346,123.733899,0.367833,frame_003445
51.905586,123.730263,0.368358,frame_003446
51.984978,123.726891,0.368882,frame_003447
52.063729,123.723808,0.369408,frame_003448
52.143531,123.721040,0.369914,frame_003449
52.224265,123.718611,0.370392,frame_003450
52.305822,123.716547,0.370833,frame_003451
52.387351,123.714873,0.371276,frame_003452
52.468907,123.713614,0.371722,frame_003453
52.550550,123.712796,0.372175,frame_003454
52.631427,123.712442,0.372551,frame_003455
52.711429,123.712580,0.372839,frame_003456
52.790437,123.713233,0.373024,frame_003457
52.869981,123.714426,0.373134,frame_003458
52.949945,123.716186,0.373175,frame_003459
53.030218,123.718537,0.373154,frame_003460
53.109947,123.720305,0.373138,frame_003461
53.189192,123.721291,0.373132,frame_003462
53.268009,123.721292,0.373144,frame_003463
53.346454,123.721292,0.373198,frame_003464
53.424585,123.721293,0.373297,frame_003465
53.502460,123.721293,0.373446,frame_003466
53.580881,123.721294,0.373612,frame_003467
53.659749,123.721295,0.373802,frame_003468
53.738973,123.721295,0.374023,frame_003469
53.817722,123.721296,0.374252,frame_003470
53.896071,123.721296,0.374491,frame_003471
53.974096,123.721297,0.374741,frame_003472
54.052621,123.721297,0.375041,frame_003473
54.131564,123.721298,0.375389,frame_003474
54.210854,123.721299,0.375782,frame_003475
54.289677,123.721299,0.376195,frame_003476
54.368129,123.721300,0.376619,frame_003477
54.446306,123.721300,0.377042,frame_003478
54.523394,123.721301,0.377469,frame_003479
54.599320,123.721301,0.377901,frame_003480
54.674006,123.721302,0.378336,frame_003481
54.749019,123.721303,0.378805,frame_003482
54.824280,123.721303,0.379310,frame_003483
54.899716,123.721304,0.379852,frame_003484
54.974515,123.721304,0.380391,frame_003485
55.048771,123.721305,0.380928,frame_003486
55.122580,123.721305,0.381458,frame_003487
55.196783,123.721306,0.382030,frame_003488
55.271320,123.721306,0.382639,frame_003489
55.346136,123.721307,0.383281,frame_003490
55.421184,123.721308,0.383945,frame_003491
55.496424,123.721308,0.384623,frame_003492
55.571819,123.721309,0.385314,frame_003493
55.645689,123.721309,0.385930,frame_003494
55.717997,123.721310,0.386464,frame_003495
55.788703,123.721310,0.386908,frame_003496
55.860320,123.721311,0.387325,frame_003497
55.932976,123.721311,0.387717,frame_003498
56.006810,123.721312,0.388083,frame_003499
56.080158,123.721312,0.388413,frame_003500
56.152850,123.721313,0.388702,frame_003501
56.224715,123.721314,0.388944,frame_003502
56.295742,123.721314,0.389163,frame_003503
56.366083,123.721315,0.389354,frame_003504
56.435892,123.721315,0.389511,frame_003505
56.506067,123.721316,0.389600,frame_003506
56.576603,123.721316,0.389623,frame_003507
56.647505,123.721317,0.389580,frame_003508
56.717874,123.721317,0.389504,frame_003509
56.787558,123.721318,0.389408,frame_003510
56.856405,123.721318,0.389300,frame_003511
56.925170,123.721319,0.389160,frame_003512
56.993869,123.721320,0.388992,frame_003513
57.062524,123.721320,0.388803,frame_003514
57.130418,123.721321,0.388575,frame_003515
57.197741,123.721321,0.388310,frame_003516
57.264683,123.721322,0.388010,frame_003517
57.331273,123.721322,0.387707,frame_003518
57.397378,123.721323,0.387410,frame_003519
57.462865,123.721323,0.387126,frame_003520
57.528508,123.721324,0.386870,frame_003521
57.594341,123.721324,0.386649,frame_003522
57.660407,123.721325,0.386469,frame_003523
57.725845,123.721325,0.386338,frame_003524
57.790540,123.721326,0.386251,frame_003525
57.854380,123.721326,0.386200,frame_003526
57.918156,123.721327,0.386142,frame_003527
57.981924,123.721327,0.386074,frame_003528
58.045743,123.721328,0.385994,frame_003529
58.109680,123.721328,0.385911,frame_003530
58.173807,123.721329,0.385830,frame_003531
58.238206,123.721329,0.385754,frame_003532
58.302052,123.721330,0.385692,frame_003533
58.365270,123.721330,0.385644,frame_003534
58.427784,123.721331,0.385607,frame_003535
58.490426,123.721331,0.385581,frame_003536
58.553287,123.721332,0.385568,frame_003537
58.616466,123.721332,0.385571,frame_003538
58.678413,123.721333,0.385586,frame_003539
58.739228,123.721333,0.385605,frame_003540
58.799002,123.721334,0.385619,frame_003541
58.858566,123.721334,0.385574,frame_003542
58.917845,123.721335,0.385472,frame_003543
58.976763,123.721335,0.385314,frame_003544
59.036150,123.721336,0.385157,frame_003545
59.096100,123.721336,0.385004,frame_003546
59.156710,123.721337,0.384855,frame_003547
59.217177,123.721337,0.384682,frame_003548
59.277444,123.721338,0.384488,frame_003549
59.337455,123.721338,0.384276,frame_003550
59.397151,123.721339,0.384048,frame_003551
59.456476,123.721339,0.383802,frame_003552
59.515374,123.721340,0.383538,frame_003553
59.574693,123.721340,0.383241,frame_003554
59.634546,123.721341,0.382905,frame_003555
59.695050,123.721341,0.382524,frame_003556
59.755421,123.721342,0.382095,frame_003557
59.815620,123.721342,0.381624,frame_003558
59.875611,123.721343,0.381116,frame_003559
59.935353,123.722329,0.380602,frame_003560
59.994811,123.724097,0.380086,frame_003561
60.053944,123.726447,0.379571,frame_003562
60.111971,123.728207,0.379064,frame_003563
60.169007,123.729401,0.378567,frame_003564
60.226282,123.730054,0.378088,frame_003565
60.284577,123.730191,0.377631,frame_003566
60.343934,123.729837,0.377194,frame_003567
60.404405,123.729019,0.376782,frame_003568
60.464771,123.727760,0.376365,frame_003569
60.525014,123.726086,0.375953,frame_003570
60.585114,123.724022,0.375554,frame_003571
60.645052,123.721593,0.375191,frame_003572
60.704809,123.718825,0.374866,frame_003573
60.764367,123.715742,0.374579,frame_003574
60.823705,123.712370,0.374251,frame_003575
60.882806,123.708734,0.373885,frame_003576
60.941650,123.704859,0.373479,frame_003577
61.000218,123.700770,0.373110,frame_003578
61.058491,123.696492,0.372774,frame_003579
61.116450,123.692051,0.372467,frame_003580
61.174076,123.687471,0.372178,frame_003581
61.231350,123.682778,0.371909,frame_003582
61.288253,123.677998,0.371662,frame_003583
61.345512,123.673154,0.371427,frame_003584
61.402952,123.668273,0.371199,frame_003585
61.460405,123.663379,0.370976,frame_003586
61.516964,123.658497,0.370756,frame_003587
61.572629,123.653654,0.370538,frame_003588
61.627399,123.648873,0.370324,frame_003589
61.681437,123.644180,0.370111,frame_003590
61.735065,123.639600,0.369888,frame_003591
61.789727,123.635159,0.369596,frame_003592
61.844605,123.630881,0.369286,frame_003593
61.899630,123.626792,0.368966,frame_003594
61.954739,123.622917,0.368643,frame_003595
62.009495,123.619281,0.368316,frame_003596
62.063918,123.615909,0.367980,frame_003597
62.118027,123.612826,0.367634,frame_003598
62.172215,123.610058,0.367289,frame_003599
62.226421,123.607629,0.366946,frame_003600
62.280219,123.605565,0.366595,frame_003601
62.333632,123.603891,0.366227,frame_003602
62.386688,123.602632,0.365845,frame_003603
62.440343,123.601813,0.365445,frame_003604
62.494428,123.601460,0.365018,frame_003605
62.548783,123.601597,0.364566,frame_003606
62.603254,123.602250,0.364090,frame_003607
62.657510,123.603444,0.363648,frame_003608
62.711453,123.605203,0.363241,frame_003609
62.764991,123.607554,0.362870,frame_003610
62.817665,123.609321,0.362486,frame_003611
62.869473,123.610308,0.362092,frame_003612
62.921536,123.610308,0.361740,frame_003613
62.974534,123.610309,0.361418,frame_003614
63.028418,123.610309,0.361121,frame_003615
63.081799,123.610310,0.360834,frame_003616
63.134415,123.610310,0.360597,frame_003617
63.186014,123.610311,0.360392,frame_003618
63.236353,123.610311,0.360157,frame_003619
63.285653,123.610312,0.359920,frame_003620
63.333775,123.610312,0.359681,frame_003621
63.380590,123.610312,0.359441,frame_003622
63.425987,123.610313,0.359176,frame_003623
63.469862,123.610313,0.358880,frame_003624
63.512127,123.610313,0.358533,frame_003625
63.552707,123.610314,0.358176,frame_003626
63.591536,123.610314,0.357813,frame_003627
63.628566,123.610315,0.357452,frame_003628
63.663757,123.610315,0.357021,frame_003629
63.697085,123.610315,0.356521,frame_003630
63.728536,123.610315,0.355954,frame_003631
63.758111,123.610316,0.355341,frame_003632
63.785822,123.610316,0.354687,frame_003633
63.811695,123.610316,0.353996,frame_003634
63.834859,123.610316,0.353276,frame_003635
63.855199,123.610317,0.352525,frame_003636
63.872602,123.610317,0.351743,frame_003637
63.887872,123.610317,0.350942,frame_003638
63.901079,123.610317,0.350121,frame_003639
63.912304,123.610317,0.349283,frame_003640
63.922552,123.609824,0.348361,frame_003641
63.932097,123.608941,0.347356,frame_003642
63.939873,123.607766,0.346325,frame_003643
63.945942,123.606393,0.345279,frame_003644
63.950376,123.604913,0.344229,frame_003645
63.953255,123.603412,0.343186,frame_003646
63.955123,123.602464,0.342155,frame_003647
63.956165,123.602044,0.341135,frame_003648
63.956577,123.602128,0.340128,frame_003649
63.956115,123.602689,0.339137,frame_003650
63.954916,123.603703,0.338165,frame_003651
63.953582,123.605638,0.337209,frame_003652
63.952354,123.608366,0.336277,frame_003653
63.951485,123.611763,0.335376,frame_003654
63.950108,123.615709,0.334523,frame_003655
63.948292,123.620090,0.333726,frame_003656
63.946109,123.624794,0.332996,frame_003657
63.943640,123.629222,0.332332,frame_003658
63.941193,123.633373,0.331716,frame_003659
63.938899,123.637247,0.331153,frame_003660
63.936894,123.640844,0.330648,frame_003661
63.935775,123.644164,0.330244,frame_003662
63.935775,123.647208,0.329952,frame_003663
63.935775,123.649975,0.329749,frame_003664
63.935775,123.652466,0.329632,frame_003665
63.935775,123.654680,0.329596,frame_003666
63.935775,123.656617,0.329637,frame_003667
63.935775,123.658277,0.329694,frame_003668
63.935775,123.659660,0.329753,frame_003669
63.935775,123.660767,0.329855,frame_003670
63.934656,123.661597,0.329976,frame_003671
63.932651,123.662151,0.330113,frame_003672
63.931103,123.662427,0.330269,frame_003673
63.929992,123.662427,0.330431,frame_003674
63.929301,123.662151,0.330593,frame_003675
63.928449,123.661597,0.330767,frame_003676
63.927535,123.660767,0.330949,frame_003677
63.926652,123.659660,0.331133,frame_003678
63.925887,123.658277,0.331315,frame_003679
63.925883,123.656616,0.331511,frame_003680
63.926602,123.654679,0.331720,frame_003681
63.928007,123.652466,0.331939,frame_003682
63.930058,123.649975,0.332170,frame_003683
63.932718,123.647208,0.332413,frame_003684
63.935204,123.644164,0.332680,frame_003685
63.937631,123.640844,0.332952,frame_003686
63.940112,123.637247,0.333226,frame_003687
63.943497,123.633373,0.333514,frame_003688
63.947729,123.629222,0.333806,frame_003689
63.952750,123.624795,0.334096,frame_003690
63.958504,123.620090,0.334376,frame_003691
63.963815,123.615710,0.334668,frame_003692
63.968858,123.611763,0.334973,frame_003693
63.974360,123.608366,0.335278,frame_003694
63.980361,123.605639,0.335587,frame_003695
63.986897,123.603704,0.335902,frame_003696
63.993998,123.602690,0.336228,frame_003697
64.001132,123.602128,0.336550,frame_003698
64.008436,123.602045,0.336865,frame_003699
64.017158,123.602465,0.337185,frame_003700
64.027183,123.603413,0.337502,frame_003701
64.038398,123.604914,0.337807,frame_003702
64.049942,123.606394,0.338087,frame_003703
64.061856,123.607767,0.338346,frame_003704
64.074176,123.608942,0.338583,frame_003705
64.086929,123.609826,0.338783,frame_003706
64.100139,123.610319,0.338950,frame_003707
64.113820,123.610319,0.339090,frame_003708
64.127983,123.610319,0.339253,frame_003709
64.142631,123.610319,0.339440,frame_003710
64.157760,123.610319,0.339648,frame_003711
64.173361,123.610320,0.339852,frame_003712
64.189419,123.610320,0.340056,frame_003713
64.205910,123.610320,0.340267,frame_003714
64.223552,123.610320,0.340462,frame_003715
64.242155,123.610320,0.340644,frame_003716
64.261530,123.610320,0.340812,frame_003717
64.280925,123.610321,0.340971,frame_003718
64.300267,123.610321,0.341120,frame_003719
64.319478,123.610321,0.341258,frame_003720
64.338474,123.610321,0.341384,frame_003721
64.357597,123.610321,0.341513,frame_003722
64.377200,123.610321,0.341647,frame_003723
64.396272,123.610322,0.341786,frame_003724
64.415282,123.610322,0.341936,frame_003725
64.434233,123.610322,0.342097,frame_003726
64.454362,123.610322,0.342276,frame_003727
64.475663,123.610322,0.342471,frame_003728
64.498133,123.610322,0.342681,frame_003729
64.521765,123.610323,0.342907,frame_003730
64.545316,123.610323,0.343108,frame_003731
64.568771,123.610323,0.343295,frame_003732
64.592479,123.610323,0.343528,frame_003733
64.616329,123.610323,0.343809,frame_003734
64.640204,123.610324,0.344139,frame_003735
64.664887,123.610324,0.344500,frame_003736
64.690417,123.610324,0.344894,frame_003737
64.716833,123.610324,0.345322,frame_003738
64.743450,123.610325,0.345799,frame_003739
64.770099,123.610325,0.346314,frame_003740
64.796608,123.610325,0.346861,frame_003741
64.822798,123.610325,0.347430,frame_003742
64.849287,123.610325,0.347968,frame_003743
64.876257,123.610326,0.348480,frame_003744
64.903208,123.610326,0.349011,frame_003745
64.930193,123.610326,0.349563,frame_003746
64.957264,123.610326,0.350137,frame_003747
64.984465,123.610327,0.350734,frame_003748
65.012518,123.610327,0.351338,frame_003749
65.041584,123.610327,0.351949,frame_003750
65.071023,123.610327,0.352528,frame_003751
65.100628,123.610328,0.353072,frame_003752
65.130188,123.610328,0.353578,frame_003753
65.160393,123.610328,0.354074,frame_003754
65.189512,123.610328,0.354560,frame_003755
65.217843,123.610329,0.355040,frame_003756
65.247350,123.610329,0.355547,frame_003757
65.277956,123.610329,0.356086,frame_003758
65.309587,123.610329,0.356657,frame_003759
65.342167,123.610330,0.357221,frame_003760
65.375439,123.610330,0.357767,frame_003761
65.409370,123.610330,0.358291,frame_003762
65.443929,123.610330,0.358820,frame_003763
65.479085,123.610331,0.359354,frame_003764
65.514805,123.610331,0.359896,frame_003765
65.550151,123.610331,0.360445,frame_003766
65.584175,123.610332,0.361003,frame_003767
65.616829,123.610332,0.361569,frame_003768
65.648728,123.610332,0.362141,frame_003769
65.680669,123.610333,0.362708,frame_003770
65.712538,123.610333,0.363272,frame_003771
65.744221,123.610333,0.363835,frame_003772
65.775244,123.610333,0.364431,frame_003773
65.806009,123.610334,0.365055,frame_003774
65.838405,123.610334,0.365696,frame_003775
65.872057,123.610334,0.366348,frame_003776
65.906968,123.610334,0.367009,frame_003777
65.942646,123.610335,0.367670,frame_003778
65.978936,123.610335,0.368328,frame_003779
66.015680,123.610335,0.368979,frame_003780
66.052722,123.610336,0.369618,frame_003781
66.089652,123.610336,0.370324,frame_003782
66.126634,123.610336,0.371098,frame_003783
66.163375,123.610337,0.371887,frame_003784
66.200319,123.610337,0.372667,frame_003785
66.237457,123.610337,0.373434,frame_003786
66.275334,123.610338,0.374190,frame_003787
66.313814,123.610338,0.374934,frame_003788
66.352767,123.610338,0.375666,frame_003789
66.391834,123.610339,0.376350,frame_003790
66.429911,123.610339,0.376986,frame_003791
66.467022,123.610339,0.377564,frame_003792
66.503181,123.610340,0.378078,frame_003793
66.539823,123.610340,0.378565,frame_003794
66.576916,123.610340,0.379033,frame_003795
66.614436,123.610341,0.379458,frame_003796
66.651610,123.610341,0.379849,frame_003797
66.688575,123.610341,0.380206,frame_003798
66.725463,123.610342,0.380530,frame_003799
66.763146,123.610342,0.380828,frame_003800
66.801596,123.610342,0.381100,frame_003801
66.840104,123.610343,0.381358,frame_003802
66.877029,123.610343,0.381592,frame_003803
66.912530,123.610343,0.381805,frame_003804
66.947498,123.610344,0.382006,frame_003805
66.983952,123.610344,0.382199,frame_003806
67.022235,123.610344,0.382388,frame_003807
67.061592,123.610345,0.382562,frame_003808
67.101808,123.610345,0.382721,frame_003809
67.142668,123.610345,0.382868,frame_003810
67.183958,123.610346,0.383001,frame_003811
67.224760,123.610346,0.383116,frame_003812
67.265094,123.610347,0.383218,frame_003813
67.304978,123.610347,0.383310,frame_003814
67.345166,123.610347,0.383405,frame_003815
67.385507,123.610348,0.383505,frame_003816
67.425847,123.610348,0.383613,frame_003817
67.466197,123.610348,0.383714,frame_003818
67.506728,123.610349,0.383813,frame_003819
67.547610,123.610349,0.383917,frame_003820
67.588109,123.610349,0.384059,frame_003821
67.628226,123.610350,0.384246,frame_003822
67.667959,123.610350,0.384480,frame_003823
67.709113,123.610351,0.384742,frame_003824
67.752009,123.610351,0.385031,frame_003825
67.795158,123.610351,0.385353,frame_003826
67.838930,123.610352,0.385666,frame_003827
67.883238,123.610352,0.385979,frame_003828
67.927391,123.611339,0.386345,frame_003829
67.971332,123.613106,0.386759,frame_003830
68.014994,123.615457,0.387217,frame_003831
68.058678,123.617216,0.387721,frame_003832
68.103357,123.618410,0.388237,frame_003833
68.149079,123.619063,0.388753,frame_003834
68.195892,123.619200,0.389261,frame_003835
68.242276,123.618846,0.389785,frame_003836
68.288435,123.618028,0.390317,frame_003837
68.335004,123.616768,0.390836,frame_003838
68.381807,123.615094,0.391340,frame_003839
68.428666,123.613030,0.391827,frame_003840
68.475400,123.610602,0.392293,frame_003841
68.521834,123.606354,0.392762,frame_003842
68.568220,123.600621,0.393223,frame_003843
68.615922,123.595942,0.393620,frame_003844
68.664035,123.592163,0.393973,frame_003845
68.712400,123.589136,0.394287,frame_003846
68.760853,123.586720,0.394565,frame_003847
68.809764,123.583054,0.394816,frame_003848
68.859207,123.578368,0.395039,frame_003849
68.909259,123.572884,0.395233,frame_003850
68.958342,123.567803,0.395324,frame_003851
69.006521,123.563125,0.395321,frame_003852
69.055523,123.558849,0.395283,frame_003853
69.106853,123.554975,0.395223,frame_003854
69.160537,123.551504,0.395145,frame_003855
69.215708,123.548436,0.395047,frame_003856
69.271319,123.545770,0.394899,frame_003857
69.327461,123.543506,0.394712,frame_003858
69.383086,123.541645,0.394488,frame_003859
69.438074,123.540187,0.394253,frame_003860
69.492294,123.539131,0.394009,frame_003861
69.545611,123.538477,0.393759,frame_003862
69.599014,123.538226,0.393502,frame_003863
69.652559,123.538377,0.393246,frame_003864
69.706304,123.538931,0.392999,frame_003865
69.759399,123.539888,0.392768,frame_003866
69.811731,123.541247,0.392557,frame_003867
69.863184,123.543008,0.392372,frame_003868
69.914542,123.546158,0.392254,frame_003869
69.965843,123.550491,0.392208,frame_003870
70.017125,123.555811,0.392239,frame_003871
70.067680,123.560941,0.392352,frame_003872
70.117702,123.565908,0.392543,frame_003873
70.169056,123.570737,0.392761,frame_003874
70.221572,123.575452,0.393002,frame_003875
70.275091,123.580080,0.393270,frame_003876
70.329460,123.584645,0.393568,frame_003877
70.383146,123.588185,0.393955,frame_003878
70.436123,123.590933,0.394442,frame_003879
70.488814,123.591909,0.394980,frame_003880
70.542763,123.592586,0.395609,frame_003881
70.597709,123.592629,0.396320,frame_003882
70.652951,123.592900,0.397099,frame_003883
70.708170,123.593282,0.397937,frame_003884
70.763057,123.593657,0.398824,frame_003885
70.817312,123.593915,0.399751,frame_003886
70.870887,123.593457,0.400731,frame_003887
70.923988,123.592281,0.401743,frame_003888
70.976586,123.589649,0.402751,frame_003889
71.028419,123.585715,0.403748,frame_003890
71.079234,123.580625,0.404726,frame_003891
71.128790,123.574523,0.405677,frame_003892
71.178214,123.570082,0.406549,frame_003893
71.227536,123.567611,0.407328,frame_003894
71.275441,123.564731,0.408056,frame_003895
71.321743,123.561274,0.408729,frame_003896
71.366267,123.557068,0.409343,frame_003897
71.408847,123.551935,0.409895,frame_003898
71.449778,123.547787,0.410362,frame_003899
71.488998,123.544822,0.410737,frame_003900
71.526455,123.543246,0.411013,frame_003901
71.563021,123.542072,0.411240,frame_003902
71.598836,123.541301,0.411430,frame_003903
71.632021,123.540933,0.411537,frame_003904
71.662005,123.540967,0.411565,frame_003905
71.688673,123.541403,0.411516,frame_003906
71.711912,123.542242,0.411389,frame_003907
71.732745,123.543483,0.411219,frame_003908
71.751272,123.545127,0.411014,frame_003909
71.767601,123.547173,0.410778,frame_003910
71.782225,123.549621,0.410464,frame_003911
71.795195,123.552472,0.410080,frame_003912
71.806574,123.555726,0.409688,frame_003913
71.816438,123.559382,0.409308,frame_003914
71.824876,123.563441,0.408944,frame_003915
71.831990,123.567902,0.408581,frame_003916
71.837893,123.572765,0.408216,frame_003917
71.842713,123.578031,0.407857,frame_003918
71.846589,123.583700,0.407513,frame_003919
71.849674,123.588571,0.407166,frame_003920
71.852131,123.592422,0.406821,frame_003921
71.854140,123.595023,0.406483,frame_003922
71.856797,123.597335,0.406142,frame_003923
71.860475,123.599333,0.405796,frame_003924
71.863520,123.600990,0.405498,frame_003925
71.865964,123.602283,0.405258,frame_003926
71.867842,123.603186,0.405081,frame_003927
71.869195,123.603674,0.404977,frame_003928
71.871203,123.604922,0.404947,frame_003929
71.874125,123.607127,0.404996,frame_003930
71.878235,123.610493,0.405133,frame_003931
71.882002,123.613436,0.405305,frame_003932
71.885389,123.615844,0.405512,frame_003933
71.888357,123.617602,0.405756,frame_003934
71.891614,123.618590,0.406045,frame_003935
71.894968,123.618684,0.406380,frame_003936
71.898229,123.617757,0.406757,frame_003937
71.901834,123.616277,0.407083,frame_003938
71.906016,123.614218,0.407354,frame_003939
71.909656,123.612455,0.407618,frame_003940
71.912753,123.611130,0.407915,frame_003941
71.915308,123.610390,0.408242,frame_003942
71.917320,123.610390,0.408597,frame_003943
71.918790,123.610390,0.408990,frame_003944
71.919718,123.610390,0.409418,frame_003945
71.920103,123.610390,0.409877,frame_003946
71.919573,123.610390,0.410360,frame_003947
71.918206,123.610390,0.410865,frame_003948
71.916075,123.610390,0.411386,frame_003949
71.913252,123.610390,0.411918,frame_003950
71.909806,123.610390,0.412456,frame_003951
71.905802,123.610390,0.412995,frame_003952
71.901674,123.610390,0.413541,frame_003953
71.897403,123.610390,0.414096,frame_003954
71.892970,123.610390,0.414660,frame_003955
71.889556,123.610390,0.415226,frame_003956
71.887071,123.610390,0.415795,frame_003957
71.885434,123.610390,0.416365,frame_003958
71.883827,123.610390,0.416961,frame_003959
71.882345,123.610390,0.417577,frame_003960
71.881083,123.610390,0.418206,frame_003961
71.879687,123.610390,0.418858,frame_003962
71.878178,123.610390,0.419540,frame_003963
71.876573,123.610390,0.420200,frame_003964
71.874893,123.610390,0.420849,frame_003965
71.873155,123.610390,0.421480,frame_003966
71.871379,123.610390,0.422113,frame_003967
71.869584,123.610389,0.422746,frame_003968
71.867789,123.610389,0.423377,frame_003969
71.866014,123.610389,0.424004,frame_003970
71.864276,123.610389,0.424631,frame_003971
71.862595,123.610389,0.425257,frame_003972
71.860991,123.610389,0.425881,frame_003973
71.859481,123.610389,0.426489,frame_003974
71.858086,123.610389,0.427078,frame_003975
71.856824,123.610389,0.427645,frame_003976
71.855714,123.610389,0.428186,frame_003977
71.854776,123.610389,0.428699,frame_003978
71.854028,123.610389,0.429181,frame_003979
71.853489,123.610389,0.429628,frame_003980
71.853178,123.610389,0.430038,frame_003981
71.853115,123.610389,0.430407,frame_003982
71.853318,123.610389,0.430748,frame_003983
71.853807,123.610389,0.431059,frame_003984
71.854600,123.610389,0.431340,frame_003985
71.854809,123.610389,0.431577,frame_003986
71.854285,123.610389,0.431769,frame_003987
71.852872,123.610389,0.431914,frame_003988
71.851316,123.610389,0.432066,frame_003989
71.849618,123.610389,0.432234,frame_003990
71.847777,123.610389,0.432428,frame_003991
71.845793,123.610389,0.432613,frame_003992
71.843666,123.610389,0.432793,frame_003993
71.841397,123.610389,0.432970,frame_003994
71.838985,123.610389,0.433136,frame_003995
71.836430,123.610389,0.433291,frame_003996
71.833733,123.610389,0.433436,frame_003997
71.831346,123.610389,0.433567,frame_003998
71.829355,123.610389,0.433687,frame_003999
71.827846,123.610389,0.433796,frame_004000
71.826910,123.610389,0.433896,frame_004001
71.826641,123.610389,0.433989,frame_004002
71.827134,123.610389,0.434073,frame_004003
71.828037,123.610389,0.434161,frame_004004
71.829368,123.610389,0.434256,frame_004005
71.831146,123.610389,0.434364,frame_004006
71.832482,123.610389,0.434497,frame_004007
71.833228,123.610389,0.434657,frame_004008
71.833228,123.610389,0.434846,frame_004009
71.833228,123.610389,0.435035,frame_004010
71.833228,123.610389,0.435219,frame_004011
71.833228,123.610389,0.435396,frame_004012
71.833228,123.610882,0.435603,frame_004013
71.833228,123.611765,0.435841,frame_004014
71.833228,123.612941,0.436109,frame_004015
71.833228,123.614313,0.436391,frame_004016
71.833228,123.615793,0.436684,frame_004017
71.833228,123.617295,0.436986,frame_004018
71.833228,123.618242,0.437282,frame_004019
71.833228,123.618662,0.437571,frame_004020
71.833228,123.618579,0.437854,frame_004021
71.833228,123.618017,0.438139,frame_004022
71.833228,123.617003,0.438423,frame_004023
71.833228,123.615561,0.438706,frame_004024
71.833228,123.613717,0.438986,frame_004025
71.833228,123.611495,0.439263,frame_004026
71.833228,123.608921,0.439535,frame_004027
71.833228,123.606020,0.439802,frame_004028
71.833228,123.602818,0.440061,frame_004029
71.833228,123.599338,0.440313,frame_004030
71.833228,123.596593,0.440568,frame_004031
71.833228,123.594403,0.440823,frame_004032
71.833228,123.592594,0.441074,frame_004033
71.833228,123.590019,0.441300,frame_004034
71.833228,123.586726,0.441502,frame_004035
71.833228,123.582767,0.441679,frame_004036
71.833229,123.578192,0.441865,frame_004037
71.833229,123.573050,0.442055,frame_004038
71.833229,123.567393,0.442245,frame_004039
71.833229,123.561271,0.442441,frame_004040
71.833229,123.554733,0.442636,frame_004041
71.833229,123.547831,0.442826,frame_004042
71.833229,123.540614,0.442988,frame_004043
71.833229,123.533133,0.443120,frame_004044
71.833229,123.525439,0.443223,frame_004045
71.833229,123.518566,0.443269,frame_004046
71.833229,123.512362,0.443263,frame_004047
71.833229,123.506678,0.443209,frame_004048
71.833229,123.500390,0.443118,frame_004049
71.833229,123.493574,0.442996,frame_004050
71.833229,123.486305,0.442847,frame_004051
71.833230,123.478659,0.442704,frame_004052
71.833230,123.470711,0.442568,frame_004053
71.833230,123.462537,0.442440,frame_004054
71.833230,123.455198,0.442331,frame_004055
71.833230,123.448564,0.442241,frame_004056
71.833230,123.442513,0.442168,frame_004057
71.833976,123.435947,0.442093,frame_004058
71.835313,123.428966,0.442015,frame_004059
71.837091,123.421671,0.441935,frame_004060
71.838422,123.414161,0.441852,frame_004061
71.839324,123.406539,0.441766,frame_004062
71.839818,123.398903,0.441679,frame_004063
71.839921,123.391742,0.441606,frame_004064
71.839654,123.384840,0.441540,frame_004065
71.839034,123.377983,0.441474,frame_004066
71.838081,123.370309,0.441372,frame_004067
71.836815,123.361749,0.441235,frame_004068
71.835253,123.352237,0.441061,frame_004069
71.833415,123.342304,0.440868,frame_004070
71.831321,123.331989,0.440658,frame_004071
71.828989,123.321336,0.440434,frame_004072
71.826437,123.310391,0.440193,frame_004073
71.823686,123.299203,0.439935,frame_004074
71.820755,123.287825,0.439664,frame_004075
71.817661,123.275980,0.439358,frame_004076
71.814425,123.263797,0.439024,frame_004077
71.811065,123.251399,0.438669,frame_004078
71.807600,123.238913,0.438353,frame_004079
71.804050,123.226465,0.438072,frame_004080
71.800433,123.214181,0.437822,frame_004081
71.796769,123.202465,0.437589,frame_004082
71.793076,123.190913,0.437366,frame_004083
71.789373,123.177645,0.437151,frame_004084
71.785681,123.163774,0.436959,frame_004085
71.782016,123.149425,0.436786,frame_004086
71.778399,123.135709,0.436595,frame_004087
71.774849,123.122548,0.436358,frame_004088
71.771384,123.109870,0.436074,frame_004089
71.768025,123.096626,0.435752,frame_004090
71.764788,123.082967,0.435379,frame_004091
71.761695,123.069043,0.434949,frame_004092
71.758763,123.055746,0.434434,frame_004093
71.756012,123.043073,0.433857,frame_004094
71.753461,123.031025,0.433220,frame_004095
71.751129,123.019614,0.432527,frame_004096
71.749034,123.006914,0.431863,frame_004097
71.747197,122.992881,0.431226,frame_004098
71.745635,122.978198,0.430624,frame_004099
71.744368,122.963850,0.430057,frame_004100
71.743416,122.949838,0.429524,frame_004101
71.742796,122.936173,0.429026,frame_004102
71.742529,122.922131,0.428539,frame_004103
71.742632,122.907887,0.428057,frame_004104
71.743126,122.894358,0.427541,frame_004105
71.744029,122.880365,0.426983,frame_004106
71.745360,122.865715,0.426383,frame_004107
71.747138,122.850212,0.425741,frame_004108
71.748475,122.834117,0.425008,frame_004109
71.749221,122.817607,0.424199,frame_004110
71.749221,122.801845,0.423386,frame_004111
71.749221,122.786800,0.422570,frame_004112
71.749221,122.772452,0.421755,frame_004113
71.749221,122.757802,0.420941,frame_004114
71.749222,122.741852,0.420098,frame_004115
71.749222,122.724580,0.419222,frame_004116
71.749222,122.706943,0.418283,frame_004117
71.749222,122.689498,0.417319,frame_004118
71.749222,122.672151,0.416336,frame_004119
71.749222,122.653824,0.415372,frame_004120
71.749223,122.634641,0.414428,frame_004121
71.749223,122.614720,0.413504,frame_004122
71.749223,122.594176,0.412604,frame_004123
71.749223,122.574110,0.411726,frame_004124
71.749223,122.554425,0.410874,frame_004125
71.749224,122.535034,0.410048,frame_004126
71.749224,122.516744,0.409264,frame_004127
71.749224,122.499449,0.408532,frame_004128
71.749224,122.481575,0.407871,frame_004129
71.749224,122.463349,0.407227,frame_004130
71.749225,122.444998,0.406600,frame_004131
71.749225,122.426747,0.405986,frame_004132
71.749225,122.408502,0.405373,frame_004133
71.749225,122.389849,0.404760,frame_004134
71.749225,122.371432,0.404144,frame_004135
71.749225,122.353324,0.403523,frame_004136
71.749226,122.335603,0.402891,frame_004137
71.749226,122.317155,0.402285,frame_004138
71.749674,122.297700,0.401687,frame_004139
71.750476,122.277136,0.401102,frame_004140
71.751543,122.256557,0.400528,frame_004141
71.752789,122.236078,0.399968,frame_004142
71.754133,122.215815,0.399427,frame_004143
71.755048,122.195386,0.398955,frame_004144
71.755555,122.174672,0.398559,frame_004145
71.755671,122.153553,0.398243,frame_004146
71.755416,122.131914,0.398024,frame_004147
71.754809,122.110539,0.397849,frame_004148
71.753870,122.089484,0.397711,frame_004149
71.752616,122.066926,0.397597,frame_004150
71.751067,122.042973,0.397498,frame_004151
71.749242,122.017731,0.397405,frame_004152
71.747161,121.992283,0.397312,frame_004153
71.744841,121.967414,0.397199,frame_004154
71.742303,121.943179,0.397057,frame_004155
71.739564,121.918740,0.396914,frame_004156
71.736646,121.894004,0.396767,frame_004157
71.733565,121.868875,0.396611,frame_004158
71.730341,121.843264,0.396425,frame_004159
71.726994,121.817980,0.396280,frame_004160
71.723542,121.793104,0.396189,frame_004161
71.720005,121.766537,0.396095,frame_004162
71.716401,121.738360,0.395998,frame_004163
71.712750,121.708643,0.395898,frame_004164
71.709069,121.679635,0.395821,frame_004165
71.705380,121.651408,0.395761,frame_004166
71.701700,121.624042,0.395711,frame_004167
71.698048,121.596423,0.395690,frame_004168
71.694444,121.568428,0.395700,frame_004169
71.690907,121.539929,0.395741,frame_004170
71.687455,121.512002,0.395771,frame_004171
71.684108,121.484742,0.395790,frame_004172
71.680884,121.458254,0.395793,frame_004173
71.677804,121.432652,0.395805,frame_004174
71.674885,121.406856,0.395820,frame_004175
71.672147,121.380776,0.395830,frame_004176
71.669608,121.354319,0.395809,frame_004177
71.667289,121.326791,0.395775,frame_004178
71.665207,121.297991,0.395727,frame_004179
71.663382,121.268525,0.395658,frame_004180
71.661834,121.238718,0.395566,frame_004181
71.660580,121.208900,0.395449,frame_004182
71.659640,121.180381,0.395296,frame_004183
71.659033,121.151485,0.395117,frame_004184
71.658779,121.122008,0.394914,frame_004185
71.658895,121.092642,0.394661,frame_004186
71.659401,121.063343,0.394364,frame_004187
71.660317,121.034067,0.394026,frame_004188
71.661661,121.004773,0.393685,frame_004189
71.662907,120.975602,0.393367,frame_004190
71.663974,120.946552,0.393071,frame_004191
71.664777,120.917623,0.392781,frame_004192
71.665224,120.888816,0.392504,frame_004193
71.665225,120.860140,0.392244,frame_004194
71.665225,120.830139,0.391979,frame_004195
71.665225,120.798942,0.391714,frame_004196
71.665226,120.766670,0.391451,frame_004197
71.665226,120.734424,0.391202,frame_004198
71.665226,120.702102,0.390966,frame_004199
71.665227,120.669604,0.390740,frame_004200
71.665227,120.638029,0.390522,frame_004201
71.665227,120.607499,0.390312,frame_004202
71.665228,120.578144,0.390106,frame_004203
71.665228,120.548902,0.389868,frame_004204
71.665228,120.519698,0.389604,frame_004205
71.665228,120.490456,0.389317,frame_004206
71.665229,120.461101,0.389068,frame_004207
71.665229,120.431557,0.388849,frame_004208
71.665229,120.401749,0.388654,frame_004209
71.665230,120.371602,0.388481,frame_004210
71.665230,120.341039,0.388332,frame_004211
71.665230,120.309986,0.388208,frame_004212
71.665230,120.279567,0.388120,frame_004213
71.665231,120.249928,0.388069,frame_004214
71.665231,120.221226,0.388055,frame_004215
71.665231,120.191436,0.388021,frame_004216
71.665232,120.160715,0.387966,frame_004217
71.665232,120.129209,0.387891,frame_004218
71.665232,120.098043,0.387824,frame_004219
71.665233,120.067141,0.387764,frame_004220
71.665233,120.036427,0.387710,frame_004221
71.665233,120.005827,0.387669,frame_004222
71.665233,119.975264,0.387642,frame_004223
71.665234,119.944664,0.387630,frame_004224
71.665980,119.913950,0.387618,frame_004225
71.667317,119.883048,0.387597,frame_004226
71.669095,119.851882,0.387557,frame_004227
71.670426,119.820376,0.387502,frame_004228
71.671329,119.788455,0.387429,frame_004229
71.671823,119.756043,0.387334,frame_004230
71.671927,119.725252,0.387196,frame_004231
71.671659,119.696022,0.387016,frame_004232
71.671040,119.668311,0.386794,frame_004233
71.670087,119.639908,0.386559,frame_004234
71.668821,119.610789,0.386309,frame_004235
71.667260,119.580927,0.386044,frame_004236
71.665422,119.550299,0.385765,frame_004237
71.663328,119.518877,0.385481,frame_004238
71.660996,119.486638,0.385196,frame_004239
71.658445,119.453557,0.384912,frame_004240
71.655694,119.419608,0.384619,frame_004241
71.652763,119.384765,0.384310,frame_004242
71.649669,119.349004,0.383980,frame_004243
71.646433,119.312300,0.383629,frame_004244
71.643074,119.274628,0.383258,frame_004245
71.639609,119.237162,0.382878,frame_004246
71.636059,119.200099,0.382490,frame_004247
71.632443,119.163645,0.382098,frame_004248
71.628778,119.126813,0.381674,frame_004249
71.625086,119.089605,0.381218,frame_004250
71.621384,119.052018,0.380732,frame_004251
71.617691,119.014055,0.380208,frame_004252
71.614027,118.975714,0.379648,frame_004253
71.610410,118.936996,0.379056,frame_004254
71.606860,118.898887,0.378494,frame_004255
71.603396,118.861181,0.377969,frame_004256
71.600036,118.823681,0.377489,frame_004257
71.596800,118.785213,0.376979,frame_004258
71.593707,118.745801,0.376439,frame_004259
71.590775,118.705471,0.375867,frame_004260
71.588025,118.664249,0.375267,frame_004261
71.585474,118.622158,0.374646,frame_004262
71.583142,118.579225,0.374009,frame_004263
71.581048,118.536460,0.373362,frame_004264
71.579210,118.493683,0.372707,frame_004265
71.577649,118.450723,0.372045,frame_004266
71.576383,118.407629,0.371446,frame_004267
71.575430,118.364675,0.370910,frame_004268
71.574811,118.322141,0.370437,frame_004269
71.574544,118.280102,0.369981,frame_004270
71.574648,118.238429,0.369543,frame_004271
71.575141,118.197000,0.369126,frame_004272
71.576045,118.154716,0.368714,frame_004273
71.577376,118.111677,0.368314,frame_004274
71.579154,118.067984,0.367931,frame_004275
71.580491,118.023737,0.367541,frame_004276
71.581238,117.979038,0.367146,frame_004277
71.581238,117.933987,0.366749,frame_004278
71.581239,117.889670,0.366417,frame_004279
71.581239,117.845982,0.366142,frame_004280
71.581239,117.802829,0.365917,frame_004281
71.581240,117.757934,0.365722,frame_004282
71.581240,117.711202,0.365560,frame_004283
71.581241,117.662528,0.365435,frame_004284
71.581241,117.613985,0.365357,frame_004285
71.581242,117.565468,0.365321,frame_004286
71.581242,117.516880,0.365321,frame_004287
71.581243,117.468134,0.365390,frame_004288
71.581243,117.419150,0.365525,frame_004289
71.581244,117.369857,0.365719,frame_004290
71.581244,117.319205,0.365873,frame_004291
71.581245,117.267345,0.365984,frame_004292
71.581245,117.214429,0.366051,frame_004293
71.581246,117.161594,0.366139,frame_004294
71.581246,117.108784,0.366239,frame_004295
71.581247,117.055954,0.366344,frame_004296
71.581247,117.002081,0.366464,frame_004297
71.581248,116.947339,0.366587,frame_004298
71.581248,116.891906,0.366704,frame_004299
71.581249,116.836943,0.366804,frame_004300
71.581249,116.782421,0.366882,frame_004301
71.581250,116.728320,0.366930,frame_004302
71.581996,116.673639,0.366945,frame_004303
71.583334,116.618582,0.366924,frame_004304
71.585112,116.563348,0.366866,frame_004305
71.586443,116.507926,0.366738,frame_004306
71.587347,116.452088,0.366536,frame_004307
71.587841,116.395609,0.366258,frame_004308
71.587945,116.339463,0.365956,frame_004309
71.587678,116.283644,0.365623,frame_004310
71.587058,116.228157,0.365253,frame_004311
71.586106,116.172028,0.364835,frame_004312
71.584840,116.115485,0.364373,frame_004313
71.583279,116.058753,0.363871,frame_004314
71.581442,116.001844,0.363304,frame_004315
71.579348,115.944559,0.362681,frame_004316
71.577016,115.886695,0.362006,frame_004317
71.574465,115.829251,0.361237,frame_004318
71.571715,115.772247,0.360373,frame_004319
71.568783,115.715715,0.359415,frame_004320
71.565690,115.658491,0.358423,frame_004321
71.562454,115.600398,0.357398,frame_004322
71.559095,115.541262,0.356340,frame_004323
71.555631,115.481120,0.355291,frame_004324
71.552081,115.420223,0.354252,frame_004325
71.548465,115.358822,0.353226,frame_004326
71.544801,115.298157,0.352208,frame_004327
71.541108,115.238272,0.351207,frame_004328
71.537406,115.179222,0.350233,frame_004329
71.533714,115.119870,0.349231,frame_004330
71.530050,115.060065,0.348199,frame_004331
71.526433,114.999657,0.347137,frame_004332
71.522884,114.938708,0.346076,frame_004333
71.519419,114.877495,0.345025,frame_004334
71.516060,114.816294,0.343992,frame_004335
71.512824,114.755169,0.342962,frame_004336
71.509731,114.693968,0.341938,frame_004337
71.506800,114.632541,0.340919,frame_004338
71.504795,114.570737,0.339886,frame_004339
71.503581,114.508404,0.338835,frame_004340
71.503028,114.445392,0.337765,frame_004341
71.502264,114.382750,0.336701,frame_004342
71.501330,114.320549,0.335660,frame_004343
71.500262,114.258869,0.334658,frame_004344
71.499100,114.195611,0.333677,frame_004345
71.497880,114.130856,0.332718,frame_004346
71.496641,114.064675,0.331786,frame_004347
71.495421,113.999316,0.330842,frame_004348
71.494258,113.934851,0.329890,frame_004349
71.493191,113.871359,0.328931,frame_004350
71.492257,113.807730,0.327996,frame_004351
71.491493,113.743836,0.327083,frame_004352
71.490940,113.679552,0.326191,frame_004353
71.489726,113.615952,0.325348,frame_004354
71.487721,113.553133,0.324550,frame_004355
71.484790,113.491199,0.323795,frame_004356
71.481697,113.428079,0.323090,frame_004357
71.478461,113.363875,0.322434,frame_004358
71.475102,113.298686,0.321825,frame_004359
71.471637,113.233584,0.321229,frame_004360
71.468088,113.168445,0.320634,frame_004361
71.464471,113.103142,0.320030,frame_004362
71.460808,113.038750,0.319420,frame_004363
71.457115,112.975365,0.318802,frame_004364
71.453413,112.913092,0.318176,frame_004365
71.449721,112.850844,0.317543,frame_004366
71.446057,112.788520,0.316909,frame_004367
71.442440,112.726021,0.316280,frame_004368
71.438891,112.662258,0.315735,frame_004369
71.435426,112.597338,0.315268,frame_004370
71.432067,112.531356,0.314874,frame_004371
71.428831,112.465387,0.314456,frame_004372
71.425738,112.399304,0.314016,frame_004373
71.422807,112.332983,0.313557,frame_004374
71.420057,112.267496,0.313087,frame_004375
71.417506,112.202941,0.312600,frame_004376
71.415174,112.139423,0.312087,frame_004377
71.413080,112.075854,0.311538,frame_004378
71.411243,112.012135,0.310953,frame_004379
71.409682,111.948164,0.310336,frame_004380
71.408416,111.883840,0.309633,frame_004381
71.407464,111.819064,0.308859,frame_004382
71.406845,111.753735,0.308024,frame_004383
71.406578,111.688951,0.307160,frame_004384
71.406682,111.624835,0.306278,frame_004385
71.407176,111.561516,0.305387,frame_004386
71.408825,111.496947,0.304540,frame_004387
71.411493,111.431258,0.303732,frame_004388
71.415050,111.364570,0.302960,frame_004389
71.417718,111.297983,0.302183,frame_004390
71.419367,111.231395,0.301405,frame_004391
71.419861,111.164707,0.300628,frame_004392
71.419965,111.097818,0.299897,frame_004393
71.419698,111.030627,0.299223,frame_004394
71.419079,110.963034,0.298613,frame_004395
71.418127,110.896137,0.298066,frame_004396
71.416861,110.830058,0.297584,frame_004397
71.415300,110.764928,0.297170,frame_004398
71.413463,110.699685,0.296849,frame_004399
71.411369,110.634253,0.296627,frame_004400
71.409037,110.568557,0.296511,frame_004401
71.406487,110.502522,0.296494,frame_004402
71.403736,110.436071,0.296578,frame_004403
71.400805,110.369130,0.296762,frame_004404
71.397712,110.301623,0.297034,frame_004405
71.394476,110.233474,0.297388,frame_004406
71.391117,110.164608,0.297818,frame_004407
71.387653,110.096150,0.298328,frame_004408
71.384103,110.028246,0.298908,frame_004409
71.380487,109.961052,0.299549,frame_004410
71.376823,109.893530,0.300234,frame_004411
71.373130,109.825631,0.300950,frame_004412
71.369428,109.757305,0.301688,frame_004413
71.365736,109.688500,0.302448,frame_004414
71.362072,109.619168,0.303224,frame_004415
71.358456,109.549256,0.304012,frame_004416
71.354906,109.478716,0.304854,frame_004417
71.351442,109.407497,0.305741,frame_004418
71.348083,109.335548,0.306666,frame_004419
71.344847,109.264019,0.307530,frame_004420
71.341754,109.193082,0.308315,frame_004421
71.338823,109.122918,0.309002,frame_004422
71.336818,109.052514,0.309677,frame_004423
71.335604,108.981846,0.310329,frame_004424
71.335051,108.910890,0.310949,frame_004425
71.334288,108.838632,0.311458,frame_004426
71.333353,108.765254,0.311849,frame_004427
71.332286,108.690928,0.312115,frame_004428
71.331123,108.617789,0.312287,frame_004429
71.329903,108.545582,0.312362,frame_004430
71.328665,108.474059,0.312336,frame_004431
71.327445,108.401010,0.312260,frame_004432
71.326282,108.326613,0.312144,frame_004433
71.325215,108.251042,0.311997,frame_004434
71.324280,108.176431,0.311786,frame_004435
71.323517,108.102526,0.311525,frame_004436
71.322964,108.029079,0.311232,frame_004437
71.321750,107.956064,0.310903,frame_004438
71.319745,107.883679,0.310533,frame_004439
71.316814,107.812130,0.310117,frame_004440
71.313721,107.740429,0.309704,frame_004441
71.310485,107.668577,0.309295,frame_004442
71.307126,107.596575,0.308892,frame_004443
71.303662,107.524421,0.308523,frame_004444
71.300112,107.452117,0.308187,frame_004445
71.296496,107.379661,0.307881,frame_004446
71.292832,107.306069,0.307583,frame_004447
71.289140,107.231545,0.307293,frame_004448
71.285438,107.156286,0.307009,frame_004449
71.282492,107.081468,0.306715,frame_004450
71.280164,107.007065,0.306413,frame_004451
71.278326,106.933051,0.306108,frame_004452
71.276107,106.859403,0.305785,frame_004453
71.273546,106.786094,0.305449,frame_004454
71.270680,106.713099,0.305104,frame_004455
71.267548,106.640394,0.304727,frame_004456
71.264187,106.567953,0.304324,frame_004457
71.260636,106.495751,0.303903,frame_004458
71.256933,106.423762,0.303477,frame_004459
71.253116,106.351963,0.303047,frame_004460
71.249222,106.280327,0.302613,frame_004461
71.245291,106.208829,0.302160,frame_004462
71.241359,106.137444,0.301691,frame_004463
71.237466,106.066148,0.301211,frame_004464
71.233648,105.994914,0.300753,frame_004465
71.229945,105.923718,0.300320,frame_004466
71.226394,105.852535,0.299913,frame_004467
71.223034,105.781339,0.299512,frame_004468
71.219901,105.710105,0.299113,frame_004469
71.217035,105.638809,0.298708,frame_004470
71.214474,105.567424,0.298325,frame_004471
71.212255,105.495926,0.297958,frame_004472
71.210417,105.424290,0.297607,frame_004473
71.208090,105.352491,0.297207,frame_004474
71.205143,105.280502,0.296757,frame_004475
71.201441,105.208300,0.296252,frame_004476
71.197749,105.137059,0.295732,frame_004477
71.194085,105.066976,0.295201,frame_004478
71.190469,104.998256,0.294663,frame_004479
71.186919,104.928714,0.294075,frame_004480
71.183455,104.858127,0.293446,frame_004481
71.180096,104.786264,0.292785,frame_004482
71.176860,104.715287,0.292210,frame_004483
71.173767,104.645393,0.291710,frame_004484
71.170836,104.576786,0.291275,frame_004485
71.168831,104.507281,0.290904,frame_004486
71.167617,104.436657,0.290603,frame_004487
71.167064,104.364681,0.290381,frame_004488
71.166301,104.292315,0.290226,frame_004489
71.165366,104.219535,0.290128,frame_004490
71.164299,104.146314,0.290081,frame_004491
71.163136,104.072627,0.290046,frame_004492
71.161916,103.998450,0.290018,frame_004493
71.160678,103.923758,0.289991,frame_004494
71.159458,103.848525,0.289954,frame_004495
71.158295,103.772725,0.289889,frame_004496
71.157228,103.696335,0.289781,frame_004497
71.156294,103.620528,0.289588,frame_004498
71.155531,103.545501,0.289303,frame_004499
71.154977,103.471461,0.288919,frame_004500
71.153017,103.397421,0.288461,frame_004501
71.149676,103.323381,0.287923,frame_004502
71.144967,103.249341,0.287301,frame_004503
71.140543,103.175300,0.286620,frame_004504
71.136405,103.101260,0.285874,frame_004505
71.132552,103.027220,0.285057,frame_004506
71.128984,102.953180,0.284142,frame_004507
71.125702,102.879140,0.283138,frame_004508
71.122706,102.805100,0.282055,frame_004509
71.119995,102.731059,0.280888,frame_004510
71.117569,102.657019,0.279642,frame_004511
71.115429,102.582979,0.278321,frame_004512
71.113574,102.508939,0.276976,frame_004513
71.112005,102.434899,0.275611,frame_004514
71.110721,102.360859,0.274229,frame_004515
71.109723,102.286818,0.272793,frame_004516
71.109010,102.212778,0.271309,frame_004517
71.108583,102.138738,0.269781,frame_004518
71.108441,102.064698,0.268174,frame_004519
71.108584,101.990658,0.266498,frame_004520
71.109013,101.916618,0.264761,frame_004521
71.109728,101.841592,0.262977,frame_004522
71.110727,101.765785,0.261148,frame_004523
71.112013,101.689394,0.259278,frame_004524
71.113583,101.614581,0.257375,frame_004525
71.115440,101.541114,0.255451,frame_004526
71.117581,101.468772,0.253521,frame_004527
71.120008,101.396355,0.251625,frame_004528
71.122721,101.323862,0.249772,frame_004529
71.125719,101.251293,0.247969,frame_004530
71.129002,101.178649,0.246270,frame_004531
71.132571,101.105930,0.244690,frame_004532
71.136425,101.033135,0.243248,frame_004533
71.140565,100.960265,0.241833,frame_004534
71.144990,100.887319,0.240445,frame_004535
71.149701,100.814297,0.239080,frame_004536
71.153789,100.741201,0.237790,frame_004537
71.157087,100.668028,0.236576,frame_004538
71.159420,100.594781,0.235443,frame_004539
71.161516,100.521458,0.234359,frame_004540
71.163354,100.448059,0.233319,frame_004541
71.164917,100.374585,0.232315,frame_004542
71.166930,100.301035,0.231362,frame_004543
71.169220,100.227410,0.230457,frame_004544
71.171619,100.153710,0.229597,frame_004545
71.173218,100.079934,0.228772,frame_004546
71.174018,100.006082,0.227969,frame_004547
71.174019,99.932155,0.227171,frame_004548
71.173220,99.857167,0.226363,frame_004549
71.171622,99.781322,0.225547,frame_004550
71.169225,99.704818,0.224724,frame_004551
71.166937,99.628830,0.223868,frame_004552
71.164925,99.553333,0.222983,frame_004553
71.163364,99.478301,0.222070,frame_004554
71.161527,99.404695,0.221112,frame_004555
71.159433,99.332285,0.220107,frame_004556
71.157101,99.260848,0.219052,frame_004557
71.154551,99.189185,0.218007,frame_004558
71.151800,99.117296,0.216977,frame_004559
71.148869,99.045180,0.215967,frame_004560
71.145776,98.972838,0.214979,frame_004561
71.142540,98.900269,0.214015,frame_004562
71.139181,98.827474,0.213074,frame_004563
71.135717,98.754453,0.212125,frame_004564
71.132167,98.681205,0.211163,frame_004565
71.128551,98.607731,0.210182,frame_004566
71.124887,98.534030,0.209214,frame_004567
71.121195,98.460103,0.208255,frame_004568
71.117493,98.385950,0.207297,frame_004569
71.114547,98.311570,0.206358,frame_004570
71.112219,98.236964,0.205440,frame_004571
71.110381,98.162132,0.204545,frame_004572
71.108162,98.088273,0.203661,frame_004573
71.105601,98.015609,0.202787,frame_004574
71.102735,97.944372,0.201917,frame_004575
71.099603,97.872401,0.201054,frame_004576
71.096242,97.799498,0.200206,frame_004577
71.092691,97.725457,0.199381,frame_004578
71.088988,97.651266,0.198538,frame_004579
71.085171,97.576924,0.197683,frame_004580
71.081277,97.502431,0.196821,frame_004581
71.077346,97.427787,0.195984,frame_004582
71.073414,97.352992,0.195172,frame_004583
71.069521,97.278047,0.194384,frame_004584
71.065704,97.202950,0.193623,frame_004585
71.062000,97.127702,0.192890,frame_004586
71.058450,97.052304,0.192189,frame_004587
71.055835,96.976754,0.191522,frame_004588
71.054039,96.901054,0.190887,frame_004589
71.052951,96.825202,0.190283,frame_004590
71.051721,96.749200,0.189699,frame_004591
71.050405,96.673047,0.189132,frame_004592
71.049060,96.596743,0.188578,frame_004593
71.046836,96.520287,0.188025,frame_004594
71.043622,96.443681,0.187471,frame_004595
71.039301,96.366924,0.186914,frame_004596
71.034655,96.290016,0.186347,frame_004597
71.029725,96.212957,0.185755,frame_004598
71.024547,96.135748,0.185125,frame_004599
71.019160,96.059587,0.184487,frame_004600
71.013601,95.984697,0.183838,frame_004601
71.007909,95.911309,0.183176,frame_004602
71.002122,95.838462,0.182493,frame_004603
70.996278,95.766181,0.181797,frame_004604
70.990415,95.694492,0.181093,frame_004605
70.984571,95.622218,0.180398,frame_004606
70.978784,95.549164,0.179717,frame_004607
70.973092,95.475124,0.179056,frame_004608
70.967534,95.401084,0.178382,frame_004609
70.962146,95.327043,0.177704,frame_004610
70.956968,95.253003,0.177032,frame_004611
70.952038,95.179949,0.176371,frame_004612
70.947393,95.107676,0.175725,frame_004613
70.943071,95.035986,0.175100,frame_004614
70.939857,94.963705,0.174526,frame_004615
70.937633,94.890858,0.174000,frame_004616
70.936288,94.817470,0.173522,frame_004617
70.934972,94.743567,0.172988,frame_004618
70.933742,94.669173,0.172408,frame_004619
70.932654,94.594313,0.171792,frame_004620
70.930112,94.519014,0.171197,frame_004621
70.926161,94.443299,0.170625,frame_004622
70.920832,94.367194,0.170078,frame_004623
70.915798,94.290725,0.169584,frame_004624
70.911078,94.213916,0.169134,frame_004625
70.906691,94.136792,0.168721,frame_004626
70.902656,94.059380,0.168315,frame_004627
70.898992,93.981703,0.167925,frame_004628
70.895719,93.903787,0.167558,frame_004629
70.892854,93.825657,0.167246,frame_004630
70.890418,93.747339,0.166998,frame_004631
70.888429,93.668857,0.166825,frame_004632
70.886906,93.590237,0.166769,frame_004633
70.885868,93.511503,0.166820,frame_004634
70.885335,93.432682,0.166969,frame_004635
70.886071,93.353798,0.167229,frame_004636
70.887940,93.274876,0.167590,frame_004637
70.890811,93.195941,0.168044,frame_004638
70.892909,93.117019,0.168581,frame_004639
70.894101,93.038135,0.169189,frame_004640
70.894253,92.959313,0.169856,frame_004641
70.894129,92.880580,0.170509,frame_004642
70.893748,92.801960,0.171150,frame_004643
70.893129,92.723478,0.171779,frame_004644
70.892291,92.645159,0.172434,frame_004645
70.891253,92.567030,0.173114,frame_004646
70.890035,92.489114,0.173813,frame_004647
70.888655,92.411437,0.174506,frame_004648
70.887132,92.334024,0.175182,frame_004649
70.885485,92.256901,0.175828,frame_004650
70.883734,92.180092,0.176417,frame_004651
70.881897,92.103622,0.176946,frame_004652
70.879993,92.027518,0.177409,frame_004653
70.878042,91.951803,0.177798,frame_004654
70.876062,91.876503,0.178121,frame_004655
70.874073,91.801644,0.178386,frame_004656
70.872840,91.728236,0.178588,frame_004657
70.872225,91.656099,0.178733,frame_004658
70.872099,91.585062,0.178824,frame_004659
70.871593,91.513974,0.178898,frame_004660
70.870745,91.442887,0.178962,frame_004661
70.869591,91.371849,0.179027,frame_004662
70.868172,91.299712,0.179098,frame_004663
70.866524,91.226304,0.179179,frame_004664
70.864686,91.151445,0.179275,frame_004665
70.861787,91.076145,0.179393,frame_004666
70.857699,91.000431,0.179521,frame_004667
70.852285,90.924326,0.179650,frame_004668
70.846309,90.847857,0.179849,frame_004669
70.839790,90.771048,0.180129,frame_004670
70.832749,90.693924,0.180501,frame_004671
70.826111,90.616511,0.180925,frame_004672
70.820063,90.538834,0.181405,frame_004673
70.814799,90.460918,0.181949,frame_004674
70.809612,90.382789,0.182535,frame_004675
70.804538,90.304470,0.183158,frame_004676
70.799617,90.225988,0.183811,frame_004677
70.794887,90.147368,0.184580,frame_004678
70.790384,90.068635,0.185462,frame_004679
70.786148,89.989813,0.186460,frame_004680
70.782217,89.910929,0.187554,frame_004681
70.778628,89.832007,0.188751,frame_004682
70.775419,89.753072,0.190054,frame_004683
70.772630,89.674150,0.191402,frame_004684
70.770297,89.595266,0.192785,frame_004685
70.768459,89.516444,0.194193,frame_004686
70.766246,89.437711,0.195595,frame_004687
70.763528,89.359091,0.196979,frame_004688
70.760168,89.280609,0.198336,frame_004689
70.756933,89.202290,0.199624,frame_004690
70.753840,89.124161,0.200834,frame_004691
70.750908,89.046245,0.201955,frame_004692
70.748904,88.967582,0.203060,frame_004693
70.747690,88.888402,0.204150,frame_004694
70.747136,88.808928,0.205224,frame_004695
70.746373,88.730360,0.206243,frame_004696
70.745439,88.652698,0.207203,frame_004697
70.744372,88.575941,0.208100,frame_004698
70.743209,88.500089,0.208920,frame_004699
70.741989,88.425143,0.209656,frame_004700
70.740751,88.351103,0.210301,frame_004701
70.739531,88.277969,0.210926,frame_004702
70.738368,88.205740,0.211520,frame_004703
70.737301,88.134416,0.212074,frame_004704
70.736366,88.063999,0.212629,frame_004705
70.735603,87.994486,0.213183,frame_004706
70.735049,87.925880,0.213733,frame_004707
70.733835,87.856979,0.214249,frame_004708
70.731831,87.787562,0.214737,frame_004709
70.728900,87.717397,0.215202,frame_004710
70.725807,87.647446,0.215621,frame_004711
70.722571,87.577684,0.216007,frame_004712
70.719211,87.508086,0.216369,frame_004713
70.715747,87.438626,0.216728,frame_004714
70.712198,87.369279,0.217089,frame_004715
70.708581,87.300020,0.217459,frame_004716
70.704917,87.230824,0.217793,frame_004717
70.701225,87.161665,0.218091,frame_004718
70.697523,87.092520,0.218354,frame_004719
70.693831,87.023361,0.218596,frame_004720
70.690167,86.954165,0.218824,frame_004721
70.686550,86.884906,0.219043,frame_004722
70.683001,86.814573,0.219272,frame_004723
70.679537,86.743346,0.219518,frame_004724
70.676177,86.671398,0.219791,frame_004725
70.672942,86.599876,0.220069,frame_004726
70.669849,86.528732,0.220359,frame_004727
70.666917,86.457915,0.220666,frame_004728
70.664167,86.387375,0.220974,frame_004729
70.661616,86.317062,0.221281,frame_004730
70.659285,86.246924,0.221585,frame_004731
70.657191,86.176912,0.221933,frame_004732
70.655354,86.106975,0.222319,frame_004733
70.653793,86.037064,0.222740,frame_004734
70.653272,85.967128,0.223146,frame_004735
70.653657,85.897116,0.223538,frame_004736
70.654816,85.826978,0.223917,frame_004737
70.655880,85.756664,0.224331,frame_004738
70.656886,85.686124,0.224775,frame_004739
70.657874,85.615307,0.225244,frame_004740
70.658881,85.544164,0.225710,frame_004741
70.659945,85.472642,0.226183,frame_004742
70.661104,85.400694,0.226671,frame_004743
70.661488,85.329467,0.227188,frame_004744
70.660968,85.259134,0.227739,frame_004745
70.659407,85.189875,0.228325,frame_004746
70.657570,85.119693,0.228968,frame_004747
70.655476,85.048767,0.229670,frame_004748
70.653144,84.977271,0.230435,frame_004749
70.650594,84.906354,0.231256,frame_004750
70.647843,84.835965,0.232137,frame_004751
70.644912,84.766053,0.233084,frame_004752
70.641819,84.696570,0.234045,frame_004753
70.638583,84.627463,0.235017,frame_004754
70.635224,84.558684,0.235993,frame_004755
70.631760,84.490181,0.236974,frame_004756
70.628210,84.421905,0.237948,frame_004757
70.624594,84.353805,0.238902,frame_004758
70.620930,84.285831,0.239837,frame_004759
70.617237,84.217932,0.240750,frame_004760
70.613535,84.150058,0.241638,frame_004761
70.609843,84.082159,0.242574,frame_004762
70.606179,84.014185,0.243549,frame_004763
70.602563,83.946085,0.244557,frame_004764
70.599013,83.877809,0.245561,frame_004765
70.595549,83.809306,0.246552,frame_004766
70.592189,83.740527,0.247522,frame_004767
70.588954,83.671421,0.248474,frame_004768
70.585861,83.601937,0.249401,frame_004769
70.582929,83.532026,0.250298,frame_004770
70.580179,83.461637,0.251152,frame_004771
70.577628,83.390719,0.251963,frame_004772
70.575296,83.319223,0.252733,frame_004773
70.573203,83.248298,0.253471,frame_004774
70.571366,83.178116,0.254176,frame_004775
70.569805,83.108857,0.254846,frame_004776
70.568538,83.039510,0.255484,frame_004777
70.567586,82.970050,0.256092,frame_004778
70.566967,82.900451,0.256675,frame_004779
70.566700,82.829703,0.257270,frame_004780
70.566804,82.757986,0.257871,frame_004781
70.567298,82.685471,0.258469,frame_004782
70.568202,82.613308,0.259001,frame_004783
70.569533,82.541447,0.259461,frame_004784
70.571312,82.469838,0.259842,frame_004785
70.572649,82.398430,0.260210,frame_004786
70.573396,82.327173,0.260559,frame_004787
70.573397,82.256016,0.260889,frame_004788
70.574143,82.184910,0.261144,frame_004789
70.575481,82.113804,0.261317,frame_004790
70.577259,82.042648,0.261401,frame_004791
70.578591,81.971391,0.261452,frame_004792
70.579494,81.899983,0.261470,frame_004793
70.579988,81.828373,0.261459,frame_004794
70.580092,81.756512,0.261335,frame_004795
70.579825,81.684350,0.261113,frame_004796
70.579206,81.611835,0.260803,frame_004797
70.578254,81.540117,0.260479,frame_004798
70.576988,81.469369,0.260136,frame_004799
70.575427,81.399771,0.259770,frame_004800
70.573590,81.330311,0.259344,frame_004801
70.571496,81.260964,0.258865,frame_004802
70.569165,81.191705,0.258343,frame_004803
70.566614,81.122509,0.257822,frame_004804
70.563863,81.053351,0.257304,frame_004805
70.560932,80.984205,0.256789,frame_004806
70.557839,80.915047,0.256180,frame_004807
70.554604,80.845851,0.255493,frame_004808
70.551244,80.776592,0.254742,frame_004809
70.547780,80.707245,0.254018,frame_004810
70.544230,80.637785,0.253328,frame_004811
70.540614,80.568186,0.252681,frame_004812
70.536950,80.497438,0.252005,frame_004813
70.533258,80.425720,0.251303,frame_004814
70.529556,80.353205,0.250579,frame_004815
70.525863,80.281043,0.249822,frame_004816
70.522200,80.209182,0.249043,frame_004817
70.518583,80.137573,0.248250,frame_004818
70.515034,80.066165,0.247473,frame_004819
70.511570,79.994907,0.246718,frame_004820
70.508210,79.923751,0.245988,frame_004821
70.504974,79.852645,0.245357,frame_004822
70.501881,79.781539,0.244823,frame_004823
70.498950,79.710382,0.244387,frame_004824
70.496200,79.639125,0.244020,frame_004825
70.493649,79.567717,0.243724,frame_004826
70.491317,79.496108,0.243500,frame_004827
70.489224,79.424247,0.243345,frame_004828
70.487387,79.352084,0.243266,frame_004829
70.485826,79.279569,0.243270,frame_004830
70.484559,79.207852,0.243347,frame_004831
70.483607,79.137104,0.243487,frame_004832
70.482988,79.067505,0.243679,frame_004833
70.482721,78.998045,0.243937,frame_004834
70.482825,78.928698,0.244259,frame_004835
70.483320,78.859439,0.244642,frame_004836
70.483477,78.790243,0.245043,frame_004837
70.483472,78.721085,0.245453,frame_004838
70.483472,78.651939,0.245868,frame_004839
70.483479,78.582781,0.246299,frame_004840
70.483323,78.513585,0.246738,frame_004841
70.482830,78.444326,0.247178,frame_004842
70.483473,78.374979,0.247655,frame_004843
70.485078,78.305519,0.248146,frame_004844
70.487477,78.235921,0.248632,frame_004845
70.489761,78.165172,0.249114,frame_004846
70.491931,78.093455,0.249596,frame_004847
70.493987,78.020940,0.250085,frame_004848
70.495929,77.948778,0.250455,frame_004849
70.497756,77.876917,0.250704,frame_004850
70.499470,77.805307,0.250831,frame_004851
70.501069,77.733899,0.250923,frame_004852
70.502554,77.662642,0.250980,frame_004853
70.503925,77.591486,0.251001,frame_004854
70.505181,77.520380,0.250924,frame_004855
70.506324,77.449274,0.250746,frame_004856
70.507352,77.378117,0.250461,frame_004857
70.508266,77.306860,0.250196,frame_004858
70.509066,77.235452,0.249955,frame_004859
70.509752,77.163843,0.249743,frame_004860
70.510324,77.091982,0.249484,frame_004861
70.510781,77.019819,0.249175,frame_004862
70.511124,76.947304,0.248813,frame_004863
70.511353,76.875587,0.248439,frame_004864
70.511468,76.804839,0.248053,frame_004865
70.511469,76.735240,0.247657,frame_004866
70.511355,76.665780,0.247278,frame_004867
70.511128,76.596433,0.246925,frame_004868
70.510786,76.527174,0.246609,frame_004869
70.510330,76.457978,0.246319,frame_004870
70.509760,76.388820,0.246062,frame_004871
70.509075,76.319675,0.245847,frame_004872
70.508277,76.250516,0.245627,frame_004873
70.507364,76.181320,0.245401,frame_004874
70.506337,76.112061,0.245165,frame_004875
70.505196,76.041728,0.244921,frame_004876
70.503940,75.970501,0.244676,frame_004877
70.502571,75.898553,0.244433,frame_004878
70.501087,75.828017,0.244220,frame_004879
70.499489,75.758640,0.244045,frame_004880
70.497777,75.690174,0.243918,frame_004881
70.495951,75.620407,0.243830,frame_004882
70.494011,75.549519,0.243777,frame_004883
70.491956,75.477684,0.243753,frame_004884
70.489787,75.406049,0.243739,frame_004885
70.487505,75.334566,0.243737,frame_004886
70.485107,75.263183,0.243749,frame_004887
70.483504,75.191850,0.243762,frame_004888
70.482862,75.120518,0.243785,frame_004889
70.483356,75.049135,0.243827,frame_004890
70.484260,74.977651,0.243895,frame_004891
70.485591,74.906017,0.243993,frame_004892
70.487370,74.834181,0.244126,frame_004893
70.489453,74.762094,0.244232,frame_004894
70.491536,74.689705,0.244303,frame_004895
70.493315,74.616964,0.244330,frame_004896
70.494647,74.545020,0.244348,frame_004897
70.495550,74.474045,0.244363,frame_004898
70.496044,74.404221,0.244379,frame_004899
70.496148,74.334534,0.244453,frame_004900
70.495881,74.264961,0.244599,frame_004901
70.495262,74.195475,0.244828,frame_004902
70.494310,74.126053,0.245138,frame_004903
70.493044,74.056668,0.245526,frame_004904
70.491483,73.987296,0.245993,frame_004905
70.489646,73.917912,0.246584,frame_004906
70.487552,73.848489,0.247297,frame_004907
70.485220,73.779004,0.248128,frame_004908
70.482669,73.709430,0.248987,frame_004909
70.479919,73.639744,0.249872,frame_004910
70.476988,73.569919,0.250781,frame_004911
70.473895,73.498944,0.251769,frame_004912
70.470659,73.427000,0.252829,frame_004913
70.467300,73.354259,0.253954,frame_004914
70.463835,73.282856,0.255101,frame_004915
70.460286,73.212536,0.256266,frame_004916
70.456669,73.143050,0.257446,frame_004917
70.453006,73.073175,0.258665,frame_004918
70.449313,73.002885,0.259917,frame_004919
70.445611,72.932154,0.261196,frame_004920
70.441919,72.859972,0.262486,frame_004921
70.438255,72.786519,0.263784,frame_004922
70.434639,72.711966,0.265084,frame_004923
70.431089,72.637464,0.266408,frame_004924
70.427625,72.562962,0.267745,frame_004925
70.424265,72.488409,0.269084,frame_004926
70.421030,72.414956,0.270382,frame_004927
70.417937,72.342774,0.271644,frame_004928
70.415005,72.272044,0.272874,frame_004929
70.412255,72.200553,0.274111,frame_004930
70.409704,72.128056,0.275350,frame_004931
70.407373,72.054296,0.276588,frame_004932
70.405279,71.981409,0.277814,frame_004933
70.403442,71.909566,0.279014,frame_004934
70.401881,71.838949,0.280172,frame_004935
70.400615,71.768545,0.281286,frame_004936
70.399662,71.698331,0.282350,frame_004937
70.399043,71.628279,0.283360,frame_004938
70.398776,71.558366,0.284314,frame_004939
70.398880,71.488567,0.285219,frame_004940
70.399375,71.418855,0.286080,frame_004941
70.400278,71.349206,0.286946,frame_004942
70.401609,71.279595,0.287811,frame_004943
70.403388,71.209997,0.288667,frame_004944
70.404725,71.140386,0.289508,frame_004945
70.405472,71.070737,0.290329,frame_004946
70.405473,71.001025,0.291124,frame_004947
70.405473,70.931225,0.291911,frame_004948
70.405474,70.861312,0.292688,frame_004949
70.405475,70.791261,0.293457,frame_004950
70.405475,70.721046,0.294209,frame_004951
70.405476,70.650643,0.294948,frame_004952
70.405477,70.580025,0.295678,frame_004953
70.405477,70.509169,0.296361,frame_004954
70.405478,70.438049,0.296999,frame_004955
70.405479,70.366639,0.297592,frame_004956
70.405479,70.294915,0.298145,frame_004957
70.405480,70.222851,0.298646,frame_004958
70.405481,70.150423,0.299083,frame_004959
70.405481,70.076618,0.299473,frame_004960
70.405482,70.001618,0.299819,frame_004961
70.405483,69.925594,0.300128,frame_004962
70.405484,69.850895,0.300360,frame_004963
70.405484,69.777695,0.300515,frame_004964
70.405485,69.706172,0.300589,frame_004965
70.405486,69.634115,0.300650,frame_004966
70.405486,69.561279,0.300694,frame_004967
70.405487,69.487405,0.300718,frame_004968
70.406234,69.413431,0.300664,frame_004969
70.407571,69.339306,0.300535,frame_004970
70.409350,69.264980,0.300332,frame_004971
70.410681,69.191603,0.300061,frame_004972
70.411585,69.119345,0.299729,frame_004973
70.412079,69.048388,0.299342,frame_004974
70.412183,68.977721,0.298885,frame_004975
70.411916,68.907317,0.298357,frame_004976
70.411297,68.837153,0.297758,frame_004977
70.410345,68.767202,0.297144,frame_004978
70.409079,68.697440,0.296529,frame_004979
70.407518,68.627842,0.295926,frame_004980
70.405681,68.558382,0.295299,frame_004981
70.403587,68.489035,0.294657,frame_004982
70.401255,68.419776,0.294008,frame_004983
70.398704,68.350580,0.293348,frame_004984
70.395954,68.281421,0.292675,frame_004985
70.393023,68.212276,0.291990,frame_004986
70.389930,68.143117,0.291340,frame_004987
70.386694,68.073921,0.290723,frame_004988
70.383335,68.004663,0.290137,frame_004989
70.379870,67.935316,0.289588,frame_004990
70.376321,67.865855,0.289085,frame_004991
70.372704,67.796257,0.288640,frame_004992
70.369041,67.725509,0.288226,frame_004993
70.365348,67.653791,0.287837,frame_004994
70.361646,67.581276,0.287468,frame_004995
70.357954,67.509114,0.287095,frame_004996
70.354290,67.437253,0.286717,frame_004997
70.350674,67.365643,0.286333,frame_004998
70.347124,67.294235,0.285958,frame_004999
70.343660,67.222978,0.285587,frame_005000
70.340300,67.151822,0.285215,frame_005001
70.337065,67.080716,0.284831,frame_005002
70.333972,67.009609,0.284434,frame_005003
70.331041,66.938453,0.284027,frame_005004
70.328290,66.867196,0.283584,frame_005005
70.325739,66.795788,0.283118,frame_005006
70.323408,66.724179,0.282637,frame_005007
70.321314,66.652318,0.282136,frame_005008
70.319477,66.580155,0.281612,frame_005009
70.317916,66.507640,0.281060,frame_005010
70.316650,66.435923,0.280491,frame_005011
70.315698,66.365175,0.279910,frame_005012
70.315079,66.295576,0.279324,frame_005013
70.314812,66.226116,0.278764,frame_005014
70.314916,66.156769,0.278229,frame_005015
70.315410,66.087510,0.277719,frame_005016
70.316313,66.018314,0.277217,frame_005017
70.317645,65.949156,0.276709,frame_005018
70.319423,65.880010,0.276182,frame_005019
70.320761,65.810852,0.275593,frame_005020
70.321507,65.741656,0.274952,frame_005021
70.321508,65.672397,0.274268,frame_005022
70.321509,65.603050,0.273577,frame_005023
70.321509,65.533590,0.272886,frame_005024
70.321510,65.463992,0.272201,frame_005025
70.321511,65.394230,0.271508,frame_005026
70.321511,65.324279,0.270814,frame_005027
70.321512,65.254115,0.270125,frame_005028
70.321513,65.183711,0.269447,frame_005029
70.321513,65.113043,0.268790,frame_005030
70.321514,65.042087,0.268164,frame_005031
70.321515,64.970815,0.267613,frame_005032
70.321515,64.899204,0.267144,frame_005033
70.321516,64.827229,0.266760,frame_005034
70.321517,64.754863,0.266464,frame_005035
70.321518,64.682082,0.266253,frame_005036
70.321518,64.608861,0.266125,frame_005037
70.321519,64.535175,0.266008,frame_005038
70.321520,64.460998,0.265903,frame_005039
70.321520,64.386306,0.265807,frame_005040
70.321521,64.311072,0.265805,frame_005041
70.321522,64.235273,0.265889,frame_005042
70.321523,64.158882,0.266053,frame_005043
70.321523,64.083075,0.266212,frame_005044
70.321524,64.008049,0.266363,frame_005045
70.321525,63.934009,0.266502,frame_005046
70.321525,63.859969,0.266656,frame_005047
70.321526,63.785929,0.266821,frame_005048
70.321527,63.711889,0.266997,frame_005049
70.321528,63.637848,0.267149,frame_005050
70.321528,63.563808,0.267272,frame_005051
70.321529,63.489768,0.267361,frame_005052
70.321530,63.415728,0.267440,frame_005053
70.321530,63.341688,0.267506,frame_005054
70.321531,63.267648,0.267555,frame_005055
70.321532,63.193607,0.267581,frame_005056
70.321533,63.119567,0.267596,frame_005057
70.321533,63.045527,0.267614,frame_005058
70.321534,62.971487,0.267623,frame_005059
70.321535,62.897447,0.267627,frame_005060
70.321535,62.823407,0.267631,frame_005061
70.321536,62.749367,0.267668,frame_005062
70.321537,62.675326,0.267744,frame_005063
70.321537,62.601286,0.267863,frame_005064
70.321538,62.527246,0.267972,frame_005065
70.321539,62.453206,0.268075,frame_005066
70.321540,62.379166,0.268176,frame_005067
70.321540,62.305126,0.268264,frame_005068
70.321541,62.231085,0.268330,frame_005069
70.321542,62.157045,0.268368,frame_005070
70.321542,62.083991,0.268473,frame_005071
70.321543,62.011718,0.268648,frame_005072
70.321544,61.940028,0.268897,frame_005073
70.321545,61.867747,0.269209,frame_005074
70.321545,61.794900,0.269584,frame_005075
70.321546,61.721512,0.270017,frame_005076
70.322293,61.647609,0.270482,frame_005077
70.323630,61.573215,0.270985,frame_005078
70.325409,61.498356,0.271534,frame_005079
70.326740,61.423056,0.272164,frame_005080
70.327644,61.347341,0.272878,frame_005081
70.328138,61.271237,0.273682,frame_005082
70.328242,61.194767,0.274583,frame_005083
70.327975,61.117958,0.275572,frame_005084
70.327356,61.040835,0.276641,frame_005085
70.326404,60.963422,0.277758,frame_005086
70.325138,60.885745,0.278912,frame_005087
70.323577,60.807829,0.280090,frame_005088
70.321740,60.729700,0.281305,frame_005089
70.319646,60.651381,0.282554,frame_005090
70.317314,60.572900,0.283838,frame_005091
70.314764,60.495265,0.285107,frame_005092
70.312013,60.418299,0.286346,frame_005093
70.309082,60.341828,0.287538,frame_005094
70.305989,60.264703,0.288701,frame_005095
70.302754,60.186974,0.289833,frame_005096
70.299394,60.108691,0.290929,frame_005097
70.295930,60.029906,0.291957,frame_005098
70.292381,59.950668,0.292915,frame_005099
70.288764,59.871027,0.293801,frame_005100
70.285100,59.791034,0.294607,frame_005101
70.281408,59.710739,0.295334,frame_005102
70.277706,59.630193,0.295986,frame_005103
70.274014,59.550432,0.296590,frame_005104
70.270350,59.471300,0.297139,frame_005105
70.266734,59.392651,0.297625,frame_005106
70.263184,59.313361,0.298077,frame_005107
70.259720,59.233505,0.298503,frame_005108
70.256361,59.153158,0.298907,frame_005109
70.253125,59.072396,0.299303,frame_005110
70.250032,58.991295,0.299694,frame_005111
70.247101,58.909929,0.300079,frame_005112
70.244351,58.828375,0.300449,frame_005113
70.241800,58.746708,0.300805,frame_005114
70.239469,58.665002,0.301146,frame_005115
70.237375,58.583335,0.301521,frame_005116
70.235538,58.501781,0.301935,frame_005117
70.233977,58.420415,0.302389,frame_005118
70.232711,58.340300,0.302893,frame_005119
70.231759,58.261305,0.303440,frame_005120
70.231140,58.183309,0.304026,frame_005121
70.230873,58.104012,0.304589,frame_005122
70.230977,58.023293,0.305129,frame_005123
70.231471,57.941022,0.305646,frame_005124
70.232375,57.858260,0.306165,frame_005125
70.233707,57.775083,0.306676,frame_005126
70.235485,57.691567,0.307170,frame_005127
70.236823,57.608773,0.307683,frame_005128
70.237570,57.526570,0.308214,frame_005129
70.237570,57.444838,0.308763,frame_005130
70.237571,57.362477,0.309302,frame_005131
70.237572,57.279588,0.309830,frame_005132
70.237573,57.196272,0.310347,frame_005133
70.237573,57.112628,0.310811,frame_005134
70.237574,57.028758,0.311216,frame_005135
70.237575,56.944762,0.311553,frame_005136
70.237576,56.861727,0.311799,frame_005137
70.237577,56.779548,0.311952,frame_005138
70.237577,56.698128,0.312008,frame_005139
70.238324,56.616395,0.312013,frame_005140
70.239662,56.534473,0.311963,frame_005141
70.241440,56.452487,0.311854,frame_005142
70.242026,56.369365,0.311634,frame_005143
70.241593,56.285009,0.311302,frame_005144
70.240309,56.199315,0.310855,frame_005145
70.239829,56.113370,0.310324,frame_005146
70.239996,56.027273,0.309707,frame_005147
70.240661,55.941127,0.309007,frame_005148
70.240191,55.856016,0.308237,frame_005149
70.238759,55.771838,0.307404,frame_005150
70.236533,55.688494,0.306515,frame_005151
70.234421,55.604911,0.305556,frame_005152
70.232424,55.521216,0.304548,frame_005153
70.230541,55.437532,0.303511,frame_005154
70.229518,55.353774,0.302487,frame_005155
70.229200,55.269638,0.301475,frame_005156
70.229437,55.184822,0.300478,frame_005157
70.229341,55.099240,0.299516,frame_005158
70.228932,55.013016,0.298597,frame_005159
70.228227,54.926276,0.297725,frame_005160
70.227247,54.839147,0.296930,frame_005161
70.226009,54.751753,0.296205,frame_005162
70.224534,54.664221,0.295545,frame_005163
70.222840,54.577663,0.294909,frame_005164
70.220946,54.491998,0.294300,frame_005165
70.218871,54.407156,0.293721,frame_005166
70.216635,54.322087,0.293164,frame_005167
70.214256,54.236944,0.292626,frame_005168
70.211753,54.151875,0.292107,frame_005169
70.209145,54.066819,0.291546,frame_005170
70.206452,53.981499,0.290941,frame_005171
70.203692,53.895638,0.290291,frame_005172
70.200885,53.809174,0.289648,frame_005173
70.198049,53.722256,0.289014,frame_005174
70.195203,53.635037,0.288396,frame_005175
70.192368,53.547667,0.287789,frame_005176
70.189560,53.460297,0.287184,frame_005177
70.186800,53.373077,0.286571,frame_005178
70.183361,53.284960,0.285895,frame_005179
70.179417,53.195873,0.285156,frame_005180
70.175136,53.105737,0.284354,frame_005181
70.171426,53.016651,0.283472,frame_005182
70.168287,52.928533,0.282516,frame_005183
70.165719,52.841314,0.281494,frame_005184
70.163721,52.754930,0.280410,frame_005185
70.162295,52.669327,0.279272,frame_005186
70.161439,52.584458,0.278085,frame_005187
70.161155,52.498100,0.276856,frame_005188
70.161441,52.410206,0.275601,frame_005189
70.162298,52.320723,0.274329,frame_005190
70.162819,52.231773,0.273067,frame_005191
70.162834,52.143302,0.271809,frame_005192
70.162170,52.055263,0.270552,frame_005193
70.162462,51.966634,0.269326,frame_005194
70.163858,51.877589,0.268131,frame_005195
70.166513,51.788305,0.266970,frame_005196
70.168775,51.698959,0.265816,frame_005197
70.170474,51.609725,0.264674,frame_005198
70.171438,51.520781,0.263547,frame_005199
70.174045,51.432089,0.262459,frame_005200
70.178290,51.343396,0.261413,frame_005201
70.184180,51.254452,0.260413,frame_005202
70.190078,51.165219,0.259498,frame_005203
70.196006,51.075872,0.258686,frame_005204
70.201981,50.986589,0.257995,frame_005205
70.207115,50.896344,0.257366,frame_005206
70.211259,50.805092,0.256804,frame_005207
70.214257,50.712779,0.256313,frame_005208
70.216855,50.621527,0.255913,frame_005209
70.219054,50.531283,0.255604,frame_005210
70.220853,50.441999,0.255385,frame_005211
70.222253,50.352652,0.255166,frame_005212
70.223253,50.263419,0.254942,frame_005213
70.223853,50.174475,0.254711,frame_005214
70.224054,50.085782,0.254562,frame_005215
70.223855,49.997090,0.254487,frame_005216
70.223256,49.908146,0.254476,frame_005217
70.222258,49.819898,0.254508,frame_005218
70.220860,49.732319,0.254574,frame_005219
70.219063,49.645385,0.254660,frame_005220
70.216866,49.556900,0.254805,frame_005221
70.214269,49.466841,0.255000,frame_005222
70.211272,49.375180,0.255235,frame_005223
70.207876,49.283079,0.255429,frame_005224
70.204081,49.190714,0.255582,frame_005225
70.199886,49.098260,0.255697,frame_005226
70.195291,49.006881,0.255803,frame_005227
70.190296,48.916547,0.255878,frame_005228
70.184902,48.827236,0.255899,frame_005229
70.180016,48.737951,0.255864,frame_005230
70.175806,48.648892,0.255768,frame_005231
70.172447,48.560260,0.255605,frame_005232
70.169211,48.472044,0.255403,frame_005233
70.166118,48.384016,0.255165,frame_005234
70.163187,48.295951,0.254890,frame_005235
70.160437,48.206635,0.254563,frame_005236
70.157887,48.116048,0.254190,frame_005237
70.155555,48.024161,0.253777,frame_005238
70.153461,47.933122,0.253377,frame_005239
70.151624,47.842900,0.252994,frame_005240
70.150064,47.753477,0.252634,frame_005241
70.149544,47.662652,0.252221,frame_005242
70.149928,47.570405,0.251757,frame_005243
70.151087,47.476706,0.251241,frame_005244
70.152152,47.383704,0.250685,frame_005245
70.153158,47.291370,0.250087,frame_005246
70.154146,47.199682,0.249445,frame_005247
70.155153,47.107642,0.248798,frame_005248
70.156217,47.015451,0.248146,frame_005249
70.157377,46.923311,0.247486,frame_005250
70.157761,46.831208,0.246773,frame_005251
70.157241,46.738917,0.246011,frame_005252
70.155680,46.646210,0.245205,frame_005253
70.153844,46.553076,0.244435,frame_005254
70.151750,46.459715,0.243698,frame_005255
70.149418,46.366329,0.242993,frame_005256
70.146868,46.274106,0.242299,frame_005257
70.144118,46.183040,0.241620,frame_005258
70.141187,46.093137,0.240959,frame_005259
70.138094,46.002222,0.240261,frame_005260
70.134858,45.910300,0.239533,frame_005261
70.131499,45.817367,0.238782,frame_005262
70.128035,45.724610,0.238129,frame_005263
70.124486,45.632231,0.237574,frame_005264
70.120870,45.540430,0.237116,frame_005265
70.117206,45.449195,0.236657,frame_005266
70.113514,45.358299,0.236194,frame_005267
70.109812,45.267517,0.235724,frame_005268
70.106120,45.175636,0.235201,frame_005269
70.102456,45.082634,0.234630,frame_005270
70.098840,44.988483,0.234017,frame_005271
70.095291,44.895330,0.233348,frame_005272
70.091827,44.803146,0.232623,frame_005273
70.088467,44.711911,0.231843,frame_005274
70.085232,44.620626,0.231084,frame_005275
70.082139,44.529492,0.230361,frame_005276
70.079208,44.438710,0.229686,frame_005277
70.076458,44.348267,0.229005,frame_005278
70.073907,44.257938,0.228312,frame_005279
70.071576,44.167495,0.227601,frame_005280
70.069482,44.076927,0.226917,frame_005281
70.067645,43.986434,0.226259,frame_005282
70.066084,43.896218,0.225626,frame_005283
70.064818,43.806266,0.224998,frame_005284
70.063867,43.716351,0.224379,frame_005285
70.063248,43.626248,0.223769,frame_005286
70.062981,43.535944,0.223168,frame_005287
70.063085,43.445640,0.222584,frame_005288
70.063580,43.355537,0.222030,frame_005289
70.065229,43.265623,0.221563,frame_005290
70.067897,43.175671,0.221172,frame_005291
70.071454,43.085455,0.220843,frame_005292
70.074123,42.994962,0.220545,frame_005293
70.075772,42.904394,0.220283,frame_005294
70.076266,42.813951,0.220060,frame_005295
70.076371,42.722636,0.219882,frame_005296
70.076104,42.630426,0.219749,frame_005297
70.075485,42.537294,0.219661,frame_005298
70.074533,42.445386,0.219555,frame_005299
70.073267,42.354674,0.219436,frame_005300
70.071706,42.265137,0.219310,frame_005301
70.069870,42.174577,0.219243,frame_005302
70.067776,42.082971,0.219243,frame_005303
70.065444,41.990291,0.219319,frame_005304
70.062894,41.898686,0.219414,frame_005305
70.060144,41.808125,0.219526,frame_005306
70.057212,41.718588,0.219649,frame_005307
70.054120,41.628862,0.219809,frame_005308
70.050884,41.538722,0.220002,frame_005309
70.047525,41.447939,0.220225,frame_005310
70.044061,41.356503,0.220517,frame_005311
70.040511,41.264614,0.220880,frame_005312
70.036895,41.172473,0.221320,frame_005313
70.033232,41.081269,0.221787,frame_005314
70.029539,40.990995,0.222262,frame_005315
70.025838,40.901658,0.222724,frame_005316
70.022145,40.811083,0.223142,frame_005317
70.018482,40.719274,0.223513,frame_005318
70.014865,40.626228,0.223836,frame_005319
70.011316,40.533132,0.224214,frame_005320
70.007852,40.440186,0.224643,frame_005321
70.004493,40.347593,0.225117,frame_005322
70.001257,40.255339,0.225649,frame_005323
69.998165,40.163198,0.226234,frame_005324
69.995233,40.070944,0.226862,frame_005325
69.992483,39.978565,0.227492,frame_005326
69.989933,39.886261,0.228125,frame_005327
69.987601,39.794233,0.228762,frame_005328
69.984761,39.702470,0.229401,frame_005329
69.981588,39.610744,0.230035,frame_005330
69.978249,39.518830,0.230658,frame_005331
69.975652,39.426715,0.231316,frame_005332
69.973798,39.334599,0.231989,frame_005333
69.972685,39.242685,0.232655,frame_005334
69.972315,39.150960,0.233273,frame_005335
69.972687,39.059196,0.233837,frame_005336
69.973801,38.967169,0.234342,frame_005337
69.975658,38.874865,0.234816,frame_005338
69.978256,38.782485,0.235259,frame_005339
69.981597,38.690232,0.235675,frame_005340
69.984772,38.598091,0.235914,frame_005341
69.987613,38.505837,0.235975,frame_005342
69.989947,38.413244,0.235852,frame_005343
69.992499,38.320299,0.235605,frame_005344
69.995251,38.227202,0.235243,frame_005345
69.998184,38.134156,0.234770,frame_005346
70.001278,38.042347,0.234220,frame_005347
70.004516,37.951772,0.233588,frame_005348
70.007877,37.862435,0.232872,frame_005349
70.011342,37.773148,0.232063,frame_005350
70.014893,37.683710,0.231179,frame_005351
70.018511,37.593920,0.230242,frame_005352
70.022177,37.503790,0.229385,frame_005353
70.025871,37.413547,0.228595,frame_005354
70.029574,37.323418,0.227864,frame_005355
70.034014,37.232427,0.227012,frame_005356
70.039016,37.140581,0.226067,frame_005357
70.044412,37.047875,0.225055,frame_005358
70.049294,36.955281,0.223992,frame_005359
70.053663,36.862575,0.222901,frame_005360
70.057517,36.769529,0.221805,frame_005361
70.060858,36.676130,0.220745,frame_005362
70.063685,36.582581,0.219739,frame_005363
70.065998,36.489082,0.218805,frame_005364
70.067797,36.395621,0.217925,frame_005365
70.069083,36.301971,0.217108,frame_005366
70.069854,36.207906,0.216360,frame_005367
70.070112,36.114400,0.215743,frame_005368
70.069856,36.021447,0.215277,frame_005369
70.069086,35.929054,0.214980,frame_005370
70.067803,35.836245,0.214825,frame_005371
70.066005,35.743247,0.214814,frame_005372
70.063694,35.650287,0.214950,frame_005373
70.060869,35.557378,0.215275,frame_005374
70.057530,35.464317,0.215775,frame_005375
70.053677,35.370905,0.216432,frame_005376
70.049311,35.277152,0.217293,frame_005377
70.044430,35.183287,0.218345,frame_005378
70.039036,35.089535,0.219577,frame_005379
70.034036,34.995908,0.220877,frame_005380
70.029598,34.902206,0.222246,frame_005381
70.025896,34.808227,0.223686,frame_005382
70.022204,34.713985,0.225122,frame_005383
70.018540,34.619704,0.226540,frame_005384
70.014924,34.525612,0.227925,frame_005385
70.012120,34.430736,0.229333,frame_005386
70.009993,34.335078,0.230754,frame_005387
70.008412,34.238636,0.232177,frame_005388
70.006507,34.143582,0.233589,frame_005389
70.004317,34.049913,0.234979,frame_005390
70.001879,33.957632,0.236334,frame_005391
69.999233,33.864567,0.237750,frame_005392
69.996414,33.770721,0.239216,frame_005393
69.993463,33.676090,0.240721,frame_005394
69.990417,33.581861,0.242237,frame_005395
69.987313,33.488236,0.243757,frame_005396
69.984190,33.395417,0.245276,frame_005397
69.981087,33.303389,0.246725,frame_005398
69.978040,33.211928,0.248096,frame_005399
69.975089,33.120806,0.249377,frame_005400
69.972271,33.028811,0.250651,frame_005401
69.969624,32.935923,0.251917,frame_005402
69.967186,32.842111,0.253175,frame_005403
69.964996,32.748538,0.254199,frame_005404
69.963092,32.655380,0.254974,frame_005405
69.961510,32.562814,0.255482,frame_005406
69.960129,32.472001,0.255943,frame_005407
69.958662,32.382911,0.256368,frame_005408
69.956824,32.295525,0.256766,frame_005409
69.954491,32.207644,0.257088,frame_005410
69.951701,32.119245,0.257357,frame_005411
69.948493,32.030301,0.257597,frame_005412
69.944904,31.941973,0.257900,frame_005413
69.940973,31.854438,0.258267,frame_005414
69.936737,31.767871,0.258700,frame_005415
69.932234,31.681249,0.259164,frame_005416
69.927504,31.594525,0.259667,frame_005417
69.922583,31.507645,0.260214,frame_005418
69.917509,31.421533,0.260780,frame_005419
69.912322,31.335911,0.261384,frame_005420
69.907058,31.250503,0.262043,frame_005421
69.901757,31.165246,0.262834,frame_005422
69.896455,31.080290,0.263755,frame_005423
69.891191,30.995788,0.264805,frame_005424
69.886004,30.911675,0.265924,frame_005425
69.880931,30.827676,0.267094,frame_005426
69.876010,30.743513,0.268295,frame_005427
69.871279,30.659124,0.269471,frame_005428
69.866776,30.574659,0.270602,frame_005429
69.862541,30.490270,0.271670,frame_005430
69.858609,30.404907,0.272797,frame_005431
69.855020,30.318499,0.273972,frame_005432
69.851812,30.230967,0.275186,frame_005433
69.849022,30.143423,0.276438,frame_005434
69.846689,30.055991,0.277719,frame_005435
69.844851,29.968799,0.279020,frame_005436
69.842638,29.882957,0.280293,frame_005437
69.839920,29.798387,0.281530,frame_005438
69.836561,29.715016,0.282725,frame_005439
69.834071,29.630597,0.283862,frame_005440
69.832315,29.545057,0.284937,frame_005441
69.831162,29.458317,0.285948,frame_005442
69.829742,29.371490,0.286810,frame_005443
69.828094,29.284700,0.287517,frame_005444
69.826256,29.198073,0.288062,frame_005445
69.824266,29.111736,0.288487,frame_005446
69.822161,29.025814,0.288782,frame_005447
69.819981,28.940433,0.288940,frame_005448
69.817762,28.854518,0.288992,frame_005449
69.815543,28.767974,0.288930,frame_005450
69.813363,28.680695,0.288749,frame_005451
69.811258,28.594755,0.288402,frame_005452
69.809268,28.510048,0.287883,frame_005453
69.807429,28.426478,0.287188,frame_005454
69.805782,28.342970,0.286422,frame_005455
69.804362,28.259652,0.285587,frame_005456
69.803209,28.176648,0.284685,frame_005457
69.801453,28.092884,0.283652,frame_005458
69.798963,28.008264,0.282488,frame_005459
69.795604,27.922684,0.281198,frame_005460
69.792140,27.837229,0.279861,frame_005461
69.788590,27.752000,0.278496,frame_005462
69.784974,27.667098,0.277122,frame_005463
69.781310,27.583611,0.275661,frame_005464
69.777618,27.501432,0.274113,frame_005465
69.773916,27.420465,0.272477,frame_005466
69.770224,27.339637,0.270797,frame_005467
69.766560,27.259073,0.269078,frame_005468
69.762944,27.178899,0.267326,frame_005469
69.759394,27.098041,0.265620,frame_005470
69.755930,27.016402,0.263974,frame_005471
69.752571,26.933878,0.262404,frame_005472
69.749335,26.851555,0.260819,frame_005473
69.746242,26.769533,0.259222,frame_005474
69.743311,26.687915,0.257616,frame_005475
69.740561,26.606585,0.255989,frame_005476
69.738010,26.525218,0.254340,frame_005477
69.735679,26.442746,0.252626,frame_005478
69.733585,26.360197,0.250877,frame_005479
69.731748,26.277614,0.249102,frame_005480
69.730187,26.195042,0.247313,frame_005481
69.728921,26.112280,0.245463,frame_005482
69.727969,26.029431,0.243555,frame_005483
69.727350,25.946594,0.241590,frame_005484
69.727083,25.864857,0.239526,frame_005485
69.727188,25.784114,0.237368,frame_005486
69.727682,25.704269,0.235125,frame_005487
69.728585,25.623048,0.232824,frame_005488
69.729917,25.540355,0.230476,frame_005489
69.731696,25.456085,0.228089,frame_005490
69.733033,25.371323,0.225675,frame_005491
69.733780,25.286172,0.223247,frame_005492
69.733781,25.200732,0.220817,frame_005493
69.733782,25.115103,0.218473,frame_005494
69.733783,25.029386,0.216224,frame_005495
69.733783,24.943682,0.214078,frame_005496
69.733784,24.858090,0.211950,frame_005497
69.733785,24.772713,0.209855,frame_005498
69.733786,24.687650,0.207809,frame_005499
69.733787,24.603988,0.205832,frame_005500
69.733788,24.521623,0.203928,frame_005501
69.733788,24.437499,0.202074,frame_005502
69.733789,24.352917,0.200303,frame_005503
69.733790,24.267756,0.198627,frame_005504
69.733791,24.181886,0.197057,frame_005505
69.733792,24.097353,0.195523,frame_005506
69.733792,24.014030,0.194036,frame_005507
69.733793,23.931053,0.192633,frame_005508
69.733794,23.848464,0.191349,frame_005509
69.733795,23.766306,0.190194,frame_005510
69.733796,23.684625,0.189175,frame_005511
69.733796,23.603220,0.188304,frame_005512
69.733797,23.522192,0.187587,frame_005513
69.733798,23.441643,0.187028,frame_005514
69.734545,23.360472,0.186639,frame_005515
69.735882,23.278558,0.186416,frame_005516
69.737661,23.195771,0.186359,frame_005517
69.738993,23.114159,0.186443,frame_005518
69.739896,23.033592,0.186664,frame_005519
69.740390,22.953948,0.187017,frame_005520
69.740494,22.874128,0.187503,frame_005521
69.740228,22.794232,0.188104,frame_005522
69.739609,22.714362,0.188804,frame_005523
69.738656,22.634617,0.189553,frame_005524
69.737390,22.555099,0.190342,frame_005525
69.735829,22.475907,0.191166,frame_005526
69.733993,22.395944,0.192039,frame_005527
69.731899,22.315087,0.192943,frame_005528
69.729567,22.234105,0.193907,frame_005529
69.727016,22.153028,0.194909,frame_005530
69.724266,22.071882,0.195940,frame_005531
69.721335,21.990691,0.196989,frame_005532
69.718242,21.909776,0.198050,frame_005533
69.715006,21.829213,0.199113,frame_005534
69.711647,21.749078,0.200167,frame_005535
69.708183,21.668246,0.201251,frame_005536
69.704633,21.586571,0.202361,frame_005537
69.701017,21.503897,0.203490,frame_005538
69.697353,21.421260,0.204615,frame_005539
69.693661,21.338712,0.205733,frame_005540
69.689959,21.256302,0.206841,frame_005541
69.686267,21.174081,0.207966,frame_005542
69.682603,21.092099,0.209103,frame_005543
69.678987,21.010406,0.210246,frame_005544
69.676183,20.929052,0.211372,frame_005545
69.674055,20.848089,0.212461,frame_005546
69.672474,20.767566,0.213488,frame_005547
69.670569,20.686547,0.214490,frame_005548
69.668379,20.605288,0.215462,frame_005549
69.665941,20.524037,0.216399,frame_005550
69.663294,20.442819,0.217222,frame_005551
69.660476,20.361436,0.217928,frame_005552
69.657525,20.283283,0.218550,frame_005553
69.654478,20.204441,0.219076,frame_005554
69.651374,20.125346,0.219512,frame_005555
69.648252,20.046417,0.219869,frame_005556
69.645148,19.966856,0.220193,frame_005557
69.642101,19.886828,0.220503,frame_005558
69.639150,19.807370,0.220785,frame_005559
69.636331,19.730241,0.221035,frame_005560
69.633684,19.655394,0.221268,frame_005561
69.631247,19.581298,0.221541,frame_005562
69.629056,19.508499,0.221856,frame_005563
69.627152,19.437283,0.222218,frame_005564
69.625570,19.367919,0.222634,frame_005565
69.623443,19.300658,0.223092,frame_005566
69.620639,19.235735,0.223595,frame_005567
69.617022,19.173367,0.224143,frame_005568
69.613358,19.112557,0.224774,frame_005569
69.609666,19.053266,0.225486,frame_005570
69.605964,18.995432,0.226276,frame_005571
69.602271,18.940166,0.227112,frame_005572
69.598607,18.887577,0.227985,frame_005573
69.594990,18.837758,0.228887,frame_005574
69.591440,18.790784,0.229861,frame_005575
69.587976,18.746714,0.230909,frame_005576
69.584616,18.705590,0.232033,frame_005577
69.581380,18.667436,0.233190,frame_005578
69.578287,18.632262,0.234374,frame_005579
69.575355,18.600059,0.235579,frame_005580
69.572604,18.571295,0.236799,frame_005581
69.570053,18.545825,0.238032,frame_005582
69.567721,18.523491,0.239275,frame_005583
69.565627,18.504125,0.240528,frame_005584
69.563789,18.487544,0.241788,frame_005585
69.562227,18.473552,0.243055,frame_005586
69.560961,18.461449,0.244378,frame_005587
69.560008,18.451119,0.245740,frame_005588
69.559388,18.442426,0.247126,frame_005589
69.559121,18.435220,0.248479,frame_005590
69.559224,18.429332,0.249801,frame_005591
69.559718,18.424579,0.251094,frame_005592
69.559874,18.420760,0.252266,frame_005593
69.559869,18.417656,0.253332,frame_005594
69.559869,18.415032,0.254303,frame_005595
69.559874,18.412637,0.255222,frame_005596
69.559718,18.410203,0.256078,frame_005597
69.558904,18.407444,0.256850,frame_005598
69.558228,18.405259,0.257547,frame_005599
69.557734,18.403551,0.258162,frame_005600
69.557464,18.402215,0.258685,frame_005601
69.557457,18.399938,0.259161,frame_005602
69.557750,18.396377,0.259589,frame_005603
69.558377,18.391171,0.259972,frame_005604
69.559690,18.386342,0.260322,frame_005605
69.561649,18.381940,0.260648,frame_005606
69.564218,18.378017,0.260955,frame_005607
69.566611,18.374622,0.261315,frame_005608
69.568947,18.371805,0.261725,frame_005609
69.571336,18.369618,0.262185,frame_005610
69.573883,18.366309,0.262600,frame_005611
69.576686,18.361597,0.262998,frame_005612
69.579838,18.356986,0.263360,frame_005613
69.583050,18.352500,0.263686,frame_005614
69.586480,18.348165,0.263999,frame_005615
69.590649,18.344007,0.264410,frame_005616
69.595616,18.340049,0.264916,frame_005617
69.601436,18.336318,0.265519,frame_005618
69.608156,18.332839,0.266150,frame_005619
69.615817,18.329636,0.266795,frame_005620
69.624455,18.326735,0.267464,frame_005621
69.633724,18.324162,0.268228,frame_005622
69.643725,18.321940,0.269081,frame_005623
69.654548,18.320096,0.270019,frame_005624
69.666274,18.318654,0.271036,frame_005625
69.679348,18.317640,0.272083,frame_005626
69.693753,18.317079,0.273166,frame_005627
69.709467,18.316995,0.274287,frame_005628
69.726089,18.317415,0.275507,frame_005629
69.743661,18.318363,0.276817,frame_005630
69.762218,18.319865,0.278168,frame_005631
69.781782,18.321345,0.279573,frame_005632
69.802368,18.322718,0.281032,frame_005633
69.823980,18.323893,0.282547,frame_005634
69.846242,18.324777,0.284144,frame_005635
69.869216,18.325270,0.285819,frame_005636
69.892953,18.325270,0.287565,frame_005637
69.918237,18.325271,0.289303,frame_005638
69.944938,18.325271,0.291011,frame_005639
69.972920,18.325271,0.292669,frame_005640
70.000549,18.325271,0.294307,frame_005641
70.027984,18.325272,0.295922,frame_005642
70.056490,18.325272,0.297544,frame_005643
70.086863,18.325272,0.299252,frame_005644
70.119153,18.325273,0.301052,frame_005645
70.153407,18.325273,0.302950,frame_005646
70.187639,18.325273,0.304843,frame_005647
70.221955,18.325274,0.306726,frame_005648
70.257948,18.325274,0.308609,frame_005649
70.295524,18.325274,0.310485,frame_005650
70.334582,18.325275,0.312350,frame_005651
70.375014,18.325275,0.314198,frame_005652
70.416331,18.325275,0.316022,frame_005653
70.458490,18.325276,0.317817,frame_005654
70.501437,18.325276,0.319577,frame_005655
70.544718,18.325277,0.321316,frame_005656
70.588189,18.325277,0.323027,frame_005657
70.631691,18.325277,0.324704,frame_005658
70.675213,18.325278,0.326278,frame_005659
70.718895,18.325278,0.327731,frame_005660
70.762865,18.325279,0.329044,frame_005661
70.807983,18.325279,0.330340,frame_005662
70.854194,18.325280,0.331625,frame_005663
70.901439,18.325280,0.332907,frame_005664
70.949358,18.325280,0.334215,frame_005665
70.998118,18.325281,0.335563,frame_005666
71.047423,18.325281,0.336855,frame_005667
71.098081,18.325282,0.338068,frame_005668
71.149988,18.325282,0.339198,frame_005669
71.203033,18.325283,0.340331,frame_005670
71.256353,18.325283,0.341496,frame_005671
71.309979,18.325284,0.342703,frame_005672
71.364385,18.325284,0.343888,frame_005673
71.419660,18.325285,0.345007,frame_005674
71.475886,18.325286,0.346065,frame_005675
71.533134,18.325286,0.347098,frame_005676
71.591012,18.325287,0.348158,frame_005677
71.649487,18.325287,0.349253,frame_005678
71.708517,18.325288,0.350400,frame_005679
71.768497,18.325288,0.351536,frame_005680
71.829442,18.325289,0.352654,frame_005681
71.891916,18.325290,0.353797,frame_005682
71.955798,18.325290,0.354969,frame_005683
72.020962,18.325291,0.356172,frame_005684
72.087276,18.325292,0.357408,frame_005685
72.155246,18.325292,0.358660,frame_005686
72.224777,18.325293,0.359921,frame_005687
72.295773,18.325294,0.361189,frame_005688
72.366485,18.325294,0.362468,frame_005689
72.436806,18.325295,0.363752,frame_005690
72.506615,18.325296,0.365035,frame_005691
72.576475,18.325296,0.366315,frame_005692
72.646810,18.325297,0.367597,frame_005693
72.717792,18.325298,0.368876,frame_005694
72.789338,18.325298,0.370145,frame_005695
72.861359,18.325299,0.371399,frame_005696
72.933755,18.325300,0.372633,frame_005697
73.007779,18.325301,0.373852,frame_005698
73.083562,18.325301,0.375058,frame_005699
73.159878,18.325302,0.376245,frame_005700
73.236606,18.325303,0.377404,frame_005701
73.313619,18.325304,0.378538,frame_005702
73.390778,18.325304,0.379650,frame_005703
73.467272,18.325305,0.380740,frame_005704
73.543259,18.325306,0.381812,frame_005705
73.619258,18.325307,0.382883,frame_005706
73.695319,18.325307,0.383944,frame_005707
73.771481,18.325308,0.384993,frame_005708
73.848513,18.325309,0.386057,frame_005709
73.927183,18.325310,0.387128,frame_005710
74.007508,18.325311,0.388202,frame_005711
74.090067,18.325311,0.389250,frame_005712
74.173855,18.325312,0.390273,frame_005713
74.258612,18.325313,0.391268,frame_005714
74.344073,18.325314,0.392235,frame_005715
74.429206,18.325315,0.393164,frame_005716
74.514261,18.325316,0.394056,frame_005717
74.600601,18.325317,0.394917,frame_005718
74.687318,18.325317,0.395769,frame_005719
74.774243,18.325318,0.396612,frame_005720
74.861203,18.325319,0.397451,frame_005721
74.947805,18.325320,0.398273,frame_005722
75.034263,18.325321,0.399077,frame_005723
75.121155,18.325322,0.399865,frame_005724
75.208599,18.325323,0.400682,frame_005725
75.296704,18.325324,0.401535,frame_005726
75.385577,18.325325,0.402384,frame_005727
75.475315,18.325326,0.403231,frame_005728
75.566010,18.325326,0.404080,frame_005729
75.658494,18.325327,0.404920,frame_005730
75.752690,18.325328,0.405754,frame_005731
75.848523,18.325329,0.406581,frame_005732
75.944490,18.325330,0.407403,frame_005733
76.040544,18.325331,0.408220,frame_005734
76.136627,18.325332,0.409033,frame_005735
76.232670,18.325333,0.409844,frame_005736
76.328366,18.325334,0.410643,frame_005737
76.423581,18.325335,0.411428,frame_005738
76.518171,18.325336,0.412199,frame_005739
76.612883,18.325337,0.412944,frame_005740
76.707716,18.325338,0.413661,frame_005741
76.803405,18.325339,0.414338,frame_005742
76.901140,18.325340,0.415011,frame_005743
77.001003,18.325341,0.415686,frame_005744
77.101723,18.325342,0.416350,frame_005745
77.203147,18.325344,0.417000,frame_005746
77.305122,18.325345,0.417634,frame_005747
77.407497,18.325346,0.418247,frame_005748
77.509374,18.325347,0.418850,frame_005749
77.610755,18.325348,0.419444,frame_005750
77.711638,18.325349,0.420028,frame_005751
77.812758,18.325350,0.420617,frame_005752
77.913945,18.325351,0.421212,frame_005753
78.015027,18.325352,0.421818,frame_005754
78.115704,18.325353,0.422434,frame_005755
78.216365,18.325354,0.423068,frame_005756
78.316947,18.325355,0.423709,frame_005757
78.418496,18.325356,0.424380,frame_005758
78.521151,18.325358,0.425080,frame_005759
78.624146,18.325359,0.425777,frame_005760
78.727078,18.325360,0.426475,frame_005761
78.829990,18.325361,0.427166,frame_005762
78.933353,18.325362,0.427847,frame_005763
79.036832,18.325363,0.428520,frame_005764
79.140088,18.325364,0.429185,frame_005765
79.242774,18.325365,0.429844,frame_005766
79.344346,18.325366,0.430525,frame_005767
79.445294,18.325367,0.431228,frame_005768
79.546228,18.325369,0.431908,frame_005769
79.647058,18.325370,0.432568,frame_005770
79.747683,18.325371,0.433216,frame_005771
79.848001,18.325372,0.433871,frame_005772
79.949260,18.325373,0.434528,frame_005773
80.051597,18.325374,0.435186,frame_005774
80.154695,18.325375,0.435855,frame_005775
80.258611,18.325376,0.436532,frame_005776
80.363403,18.325377,0.437209,frame_005777
80.469127,18.325379,0.437885,frame_005778
80.575841,18.325380,0.438557,frame_005779
80.683601,18.325381,0.439224,frame_005780
80.791558,18.325382,0.439868,frame_005781
80.899599,18.325383,0.440490,frame_005782
81.007608,18.325385,0.441093,frame_005783
81.116369,18.325386,0.441680,frame_005784
81.225920,18.325387,0.442253,frame_005785
81.336298,18.325388,0.442814,frame_005786
81.447542,18.325389,0.443382,frame_005787
81.559690,18.325391,0.443958,frame_005788
81.672780,18.325392,0.444538,frame_005789
81.786105,18.325393,0.445103,frame_005790
81.899856,18.325394,0.445657,frame_005791
82.014223,18.325396,0.446200,frame_005792
82.129223,18.326383,0.446764,frame_005793
82.244708,18.328151,0.447350,frame_005794
82.360522,18.330503,0.447957,frame_005795
82.476503,18.331277,0.448562,frame_005796
82.592484,18.330705,0.449163,frame_005797
82.708290,18.329008,0.449762,frame_005798
82.823740,18.327387,0.450374,frame_005799
82.939554,18.325841,0.451001,frame_005800
83.055708,18.324371,0.451641,frame_005801
83.172177,18.322976,0.452281,frame_005802
83.288025,18.321657,0.452921,frame_005803
83.403062,18.320413,0.453560,frame_005804
83.517086,18.319244,0.454197,frame_005805
83.631706,18.318152,0.454842,frame_005806
83.747048,18.317134,0.455497,frame_005807
83.863240,18.317178,0.456154,frame_005808
83.979511,18.318078,0.456796,frame_005809
84.095837,18.319638,0.457421,frame_005810
84.212936,18.320681,0.458042,frame_005811
84.331084,18.321234,0.458644,frame_005812
84.450189,18.321322,0.459222,frame_005813
84.568808,18.320970,0.459795,frame_005814
84.683262,18.320202,0.460358,frame_005815
84.793925,18.319044,0.460910,frame_005816
84.903758,18.317522,0.461458,frame_005817
85.015256,18.315660,0.461978,frame_005818
85.128694,18.313484,0.462464,frame_005819
85.241795,18.311018,0.462957,frame_005820
85.354676,18.308289,0.463460,frame_005821
85.467449,18.305320,0.463978,frame_005822
85.581711,18.302137,0.464500,frame_005823
85.697247,18.298766,0.465027,frame_005824
85.813854,18.295231,0.465557,frame_005825
85.931330,18.291558,0.466067,frame_005826
86.047244,18.287772,0.466551,frame_005827
86.161876,18.283898,0.467006,frame_005828
86.276237,18.279960,0.467437,frame_005829
86.390427,18.275986,0.467841,frame_005830
86.504536,18.271998,0.468215,frame_005831
86.619398,18.268023,0.468577,frame_005832
86.734934,18.264086,0.468930,frame_005833
86.851071,18.260212,0.469274,frame_005834
86.967730,18.256425,0.469612,frame_005835
87.084837,18.252752,0.469944,frame_005836
87.202315,18.249218,0.470274,frame_005837
87.320834,18.245847,0.470576,frame_005838
87.440162,18.242664,0.470849,frame_005839
87.560075,18.239695,0.471093,frame_005840
87.681261,18.236966,0.471330,frame_005841
87.800318,18.234500,0.471571,frame_005842
87.917915,18.232324,0.471819,frame_005843
88.037152,18.229262,0.472048,frame_005844
88.157798,18.225118,0.472259,frame_005845
88.279628,18.219686,0.472453,frame_005846
88.402423,18.215152,0.472641,frame_005847
88.522613,18.211738,0.472833,frame_005848
88.640691,18.209675,0.473029,frame_005849
88.760487,18.208002,0.473211,frame_005850
88.881748,18.206744,0.473376,frame_005851
89.004231,18.205926,0.473521,frame_005852
89.127697,18.205574,0.473655,frame_005853
89.249678,18.205712,0.473805,frame_005854
89.370415,18.206366,0.473964,frame_005855
89.490881,18.207560,0.474110,frame_005856
89.611138,18.209321,0.474241,frame_005857
89.731238,18.211673,0.474356,frame_005858
89.851976,18.213441,0.474446,frame_005859
89.973237,18.214429,0.474517,frame_005860
90.094907,18.214430,0.474573,frame_005861
90.215964,18.214432,0.474632,frame_005862
90.336127,18.214433,0.474692,frame_005863
90.455106,18.214435,0.474748,frame_005864
90.572606,18.214436,0.474782,frame_005865
90.692411,18.214438,0.474801,frame_005866
90.814969,18.214439,0.474809,frame_005867
90.937576,18.214441,0.474804,frame_005868
91.060134,18.214442,0.474787,frame_005869
91.182550,18.214444,0.474760,frame_005870
91.304890,18.214445,0.474744,frame_005871
91.427382,18.214447,0.474737,frame_005872
91.550255,18.214448,0.474737,frame_005873
91.672667,18.214450,0.474733,frame_005874
91.794355,18.214451,0.474722,frame_005875
91.915050,18.214453,0.474701,frame_005876
92.034476,18.214455,0.474651,frame_005877
92.155073,18.214456,0.474572,frame_005878
92.277058,18.214458,0.474465,frame_005879
92.399750,18.214459,0.474333,frame_005880
92.523223,18.214461,0.474177,frame_005881
92.647557,18.214462,0.473997,frame_005882
92.771929,18.214464,0.473814,frame_005883
92.896262,18.214465,0.473624,frame_005884
93.020482,18.214467,0.473425,frame_005885
93.144511,18.214469,0.473207,frame_005886
93.268273,18.214470,0.472970,frame_005887
93.391693,18.214472,0.472713,frame_005888
93.513787,18.214473,0.472436,frame_005889
93.634310,18.214475,0.472143,frame_005890
93.753012,18.214476,0.471836,frame_005891
93.869636,18.214478,0.471530,frame_005892
93.988003,18.214479,0.471216,frame_005893
94.108601,18.214481,0.470896,frame_005894
94.227853,18.214482,0.470561,frame_005895
94.345534,18.214484,0.470217,frame_005896
94.461414,18.214485,0.469869,frame_005897
94.575253,18.214487,0.469550,frame_005898
94.690893,18.214488,0.469251,frame_005899
94.808839,18.214490,0.468973,frame_005900
94.925535,18.214491,0.468705,frame_005901
95.040775,18.214493,0.468448,frame_005902
95.154346,18.214494,0.468203,frame_005903
95.266028,18.214496,0.467981,frame_005904
95.378322,18.214497,0.467748,frame_005905
95.491498,18.214499,0.467499,frame_005906
95.604934,18.214500,0.467239,frame_005907
95.718762,18.214502,0.466968,frame_005908
95.833117,18.214503,0.466685,frame_005909
95.947234,18.214505,0.466429,frame_005910
96.061094,18.214506,0.466199,frame_005911
96.174678,18.214508,0.465995,frame_005912
96.287967,18.214509,0.465768,frame_005913
96.400942,18.214511,0.465516,frame_005914
96.513584,18.214512,0.465236,frame_005915
96.625874,18.214514,0.464949,frame_005916
96.737792,18.214515,0.464656,frame_005917
96.849321,18.214517,0.464360,frame_005918
96.960441,18.214518,0.464045,frame_005919
97.071132,18.214520,0.463716,frame_005920
97.181376,18.214521,0.463381,frame_005921
97.292808,18.215509,0.463022,frame_005922
97.405421,18.217277,0.462642,frame_005923
97.519221,18.219629,0.462241,frame_005924
97.632574,18.221390,0.461840,frame_005925
97.745499,18.222584,0.461436,frame_005926
97.858015,18.223238,0.461024,frame_005927
97.970140,18.223376,0.460608,frame_005928
98.081895,18.223024,0.460191,frame_005929
98.193297,18.222206,0.459778,frame_005930
98.304367,18.220948,0.459374,frame_005931
98.415122,18.219275,0.458983,frame_005932
98.525583,18.217212,0.458610,frame_005933
98.635768,18.214784,0.458246,frame_005934
98.745695,18.212017,0.457891,frame_005935
98.855385,18.208935,0.457542,frame_005936
98.965602,18.205564,0.457208,frame_005937
99.076210,18.201929,0.456890,frame_005938
99.187078,18.198055,0.456587,frame_005939
99.298084,18.193967,0.456310,frame_005940
99.409109,18.189690,0.456061,frame_005941
99.520042,18.185250,0.455842,frame_005942
99.630780,18.180672,0.455643,frame_005943
99.738986,18.175980,0.455478,frame_005944
99.845033,18.171200,0.455344,frame_005945
99.950776,18.166357,0.455255,frame_005946
100.056253,18.161477,0.455212,frame_005947
100.161501,18.156584,0.455219,frame_005948
100.267305,18.151703,0.455236,frame_005949
100.373547,18.146861,0.455260,frame_005950
100.480116,18.142081,0.455292,frame_005951
100.586163,18.137389,0.455338,frame_005952
100.691742,18.132811,0.455400,frame_005953
100.796913,18.128370,0.455476,frame_005954
100.901732,18.124094,0.455546,frame_005955
101.006256,18.120006,0.455611,frame_005956
101.110542,18.116131,0.455669,frame_005957
101.215393,18.112496,0.455739,frame_005958
101.320711,18.109125,0.455820,frame_005959
101.426403,18.106043,0.455911,frame_005960
101.531639,18.103276,0.455988,frame_005961
101.636495,18.100848,0.456047,frame_005962
101.741046,18.098785,0.456082,frame_005963
101.845369,18.097112,0.456118,frame_005964
101.949539,18.095854,0.456150,frame_005965
102.053633,18.095036,0.456176,frame_005966
102.157727,18.094684,0.456190,frame_005967
102.261898,18.094822,0.456190,frame_005968
102.366220,18.095476,0.456171,frame_005969
102.471517,18.096670,0.456143,frame_005970
102.577709,18.098431,0.456107,frame_005971
102.684723,18.100783,0.456065,frame_005972
102.790839,18.102551,0.456029,frame_005973
102.895984,18.103539,0.455998,frame_005974
103.000078,18.103540,0.455974,frame_005975
103.103944,18.103542,0.455909,frame_005976
103.207658,18.103543,0.455804,frame_005977
103.311295,18.103545,0.455663,frame_005978
103.415679,18.103546,0.455536,frame_005979
103.520729,18.103548,0.455422,frame_005980
103.626373,18.103549,0.455322,frame_005981
103.731798,18.103551,0.455227,frame_005982
103.837099,18.103552,0.455140,frame_005983
103.942372,18.103554,0.455064,frame_005984
104.048458,18.103555,0.454999,frame_005985
104.155295,18.103557,0.454944,frame_005986
104.262832,18.103558,0.454898,frame_005987
104.369365,18.103560,0.454842,frame_005988
104.474841,18.103561,0.454779,frame_005989
104.579201,18.103563,0.454711,frame_005990
104.682376,18.104550,0.454651,frame_005991
104.784295,18.106319,0.454598,frame_005992
104.884879,18.108670,0.454553,frame_005993
104.984040,18.109445,0.454535,frame_005994
105.084411,18.108873,0.454525,frame_005995
105.186398,18.107176,0.454517,frame_005996
105.289350,18.105555,0.454483,frame_005997
105.393207,18.104010,0.454424,frame_005998
105.497914,18.102539,0.454342,frame_005999
105.601770,18.102131,0.454256,frame_006000
105.704722,18.102579,0.454166,frame_006001
105.806709,18.103685,0.454074,frame_006002
105.908572,18.104276,0.453979,frame_006003
106.010407,18.104377,0.453882,frame_006004
106.112308,18.104012,0.453783,frame_006005
106.214371,18.103206,0.453676,frame_006006
106.316691,18.101986,0.453567,frame_006007
106.419363,18.100376,0.453463,frame_006008
106.521575,18.098401,0.453349,frame_006009
106.623253,18.096087,0.453231,frame_006010
106.724318,18.093458,0.453115,frame_006011
106.826339,18.090539,0.453041,frame_006012
106.929235,18.087357,0.453008,frame_006013
107.032935,18.083936,0.453013,frame_006014
107.136625,18.080300,0.453026,frame_006015
107.240401,18.076477,0.453045,frame_006016
107.344358,18.072489,0.453071,frame_006017
107.448590,18.068364,0.453121,frame_006018
107.553194,18.064125,0.453189,frame_006019
107.658264,18.059798,0.453272,frame_006020
107.763733,18.055408,0.453376,frame_006021
107.869374,18.050980,0.453498,frame_006022
107.974958,18.046540,0.453636,frame_006023
108.080418,18.042113,0.453776,frame_006024
108.185850,18.037723,0.453915,frame_006025
108.291348,18.033396,0.454048,frame_006026
108.397008,18.029157,0.454194,frame_006027
108.502924,18.025032,0.454356,frame_006028
108.609193,18.021044,0.454540,frame_006029
108.715001,18.017220,0.454706,frame_006030
108.820276,18.013585,0.454855,frame_006031
108.924938,18.010164,0.454987,frame_006032
109.029810,18.006982,0.455111,frame_006033
109.134966,18.004063,0.455230,frame_006034
109.240485,18.001435,0.455345,frame_006035
109.346279,17.999120,0.455454,frame_006036
109.452102,17.997145,0.455556,frame_006037
109.557706,17.995535,0.455648,frame_006038
109.663005,17.994315,0.455748,frame_006039
109.768077,17.993510,0.455857,frame_006040
109.872995,17.993145,0.455977,frame_006041
109.977838,17.992046,0.456106,frame_006042
110.082681,17.990015,0.456243,frame_006043
110.187600,17.986847,0.456385,frame_006044
110.292671,17.984728,0.456499,frame_006045
110.397971,17.983880,0.456581,frame_006046
110.503575,17.984534,0.456625,frame_006047
110.609397,17.985729,0.456678,frame_006048
110.715192,17.987489,0.456737,frame_006049
110.820710,17.989841,0.456799,frame_006050
110.925867,17.992596,0.456825,frame_006051
111.030738,17.995350,0.456817,frame_006052
111.135400,17.997702,0.456775,frame_006053
111.239929,17.999463,0.456702,frame_006054
111.344400,18.000658,0.456599,frame_006055
111.448891,18.001312,0.456467,frame_006056
111.553477,18.001450,0.456338,frame_006057
111.658234,18.001098,0.456215,frame_006058
111.763238,18.000280,0.456102,frame_006059
111.868566,17.999022,0.456004,frame_006060
111.974294,17.997350,0.455929,frame_006061
112.080498,17.995287,0.455885,frame_006062
112.186345,17.992859,0.455845,frame_006063
112.291745,17.990092,0.455807,frame_006064
112.396599,17.987010,0.455771,frame_006065
112.501709,17.983639,0.455736,frame_006066
112.607134,17.980004,0.455710,frame_006067
112.712929,17.976130,0.455698,frame_006068
112.819899,17.972042,0.455701,frame_006069
112.927945,17.967766,0.455718,frame_006070
113.036974,17.963326,0.455746,frame_006071
113.145248,17.958748,0.455783,frame_006072
113.252675,17.954056,0.455825,frame_006073
113.359155,17.949276,0.455872,frame_006074
113.465493,17.944434,0.455919,frame_006075
113.571746,17.939554,0.455965,frame_006076
113.677969,17.934661,0.456007,frame_006077
113.784222,17.929780,0.456043,frame_006078
113.890560,17.924938,0.456075,frame_006079
113.997040,17.920158,0.456104,frame_006080
114.104467,17.915467,0.456149,frame_006081
114.212741,17.910888,0.456213,frame_006082
114.321770,17.906448,0.456295,frame_006083
114.430724,17.902172,0.456389,frame_006084
114.539677,17.898084,0.456496,frame_006085
114.648707,17.894210,0.456620,frame_006086
114.756981,17.890575,0.456771,frame_006087
114.864407,17.887204,0.456946,frame_006088
114.970888,17.884123,0.457143,frame_006089
115.077226,17.881356,0.457313,frame_006090
115.183478,17.878928,0.457465,frame_006091
115.289702,17.876865,0.457604,frame_006092
115.395954,17.875193,0.457735,frame_006093
115.502292,17.873935,0.457859,frame_006094
115.608773,17.873117,0.457979,frame_006095
115.715453,17.872765,0.458124,frame_006096
115.822390,17.872903,0.458294,frame_006097
115.929642,17.873557,0.458487,frame_006098
116.036357,17.874752,0.458691,frame_006099
116.142424,17.876513,0.458898,frame_006100
116.247726,17.878865,0.459102,frame_006101
116.353793,17.880634,0.459311,frame_006102
116.460507,17.881622,0.459526,frame_006103
116.567759,17.881623,0.459751,frame_006104
116.674696,17.882611,0.459996,frame_006105
116.781376,17.884380,0.460262,frame_006106
116.887857,17.886732,0.460550,frame_006107
116.994195,17.888493,0.460841,frame_006108
117.100447,17.889687,0.461133,frame_006109
117.206671,17.890342,0.461429,frame_006110
117.312923,17.890480,0.461756,frame_006111
117.419261,17.890128,0.462112,frame_006112
117.525742,17.889310,0.462496,frame_006113
117.632422,17.888053,0.462886,frame_006114
117.739359,17.886380,0.463281,frame_006115
117.846611,17.884317,0.463679,frame_006116
117.954233,17.881889,0.464116,frame_006117
118.062284,17.879122,0.464592,frame_006118
118.170820,17.876041,0.465105,frame_006119
118.279736,17.872670,0.465606,frame_006120
118.388767,17.869035,0.466094,frame_006121
118.497646,17.865161,0.466571,frame_006122
118.606267,17.861074,0.467054,frame_006123
118.714689,17.856797,0.467540,frame_006124
118.822968,17.852357,0.468025,frame_006125
118.931162,17.847779,0.468496,frame_006126
119.039326,17.843087,0.468953,frame_006127
119.147520,17.838308,0.469392,frame_006128
119.255799,17.833466,0.469823,frame_006129
119.364221,17.828585,0.470246,frame_006130
119.472842,17.823693,0.470661,frame_006131
119.581559,17.818813,0.471048,frame_006132
119.690105,17.813970,0.471407,frame_006133
119.798212,17.809191,0.471738,frame_006134
119.905778,17.804499,0.472059,frame_006135
120.012858,17.799921,0.472371,frame_006136
120.119510,17.795481,0.472674,frame_006137
120.225791,17.791205,0.472953,frame_006138
120.331758,17.787117,0.473202,frame_006139
120.437468,17.783243,0.473416,frame_006140
120.542978,17.780594,0.473624,frame_006141
120.648345,17.778990,0.473832,frame_006142
120.753627,17.778259,0.474050,frame_006143
120.858880,17.776265,0.474290,frame_006144
120.964162,17.773264,0.474555,frame_006145
121.069529,17.769503,0.474847,frame_006146
121.175039,17.767194,0.475156,frame_006147
121.280749,17.766156,0.475478,frame_006148
121.386716,17.766217,0.475810,frame_006149
121.492997,17.766228,0.476121,frame_006150
121.599649,17.766239,0.476410,frame_006151
121.706729,17.766301,0.476675,frame_006152
121.813387,17.766462,0.476946,frame_006153
121.919511,17.766775,0.477224,frame_006154
122.024984,17.767289,0.477509,frame_006155
122.131337,17.766855,0.477784,frame_006156
122.238451,17.765301,0.478048,frame_006157
122.346216,17.762446,0.478304,frame_006158
122.453782,17.759301,0.478571,frame_006159
122.561204,17.755893,0.478853,frame_006160
122.668541,17.752245,0.479149,frame_006161
122.775850,17.748384,0.479333,frame_006162
122.883187,17.744334,0.479425,frame_006163
122.990610,17.740121,0.479445,frame_006164
123.098921,17.735769,0.479456,frame_006165
123.208023,17.731304,0.479471,frame_006166
123.317823,17.726751,0.479500,frame_006167
123.427490,17.722135,0.479525,frame_006168
123.537100,17.717481,0.479552,frame_006169
123.646729,17.712815,0.479591,frame_006170
123.755545,17.708161,0.479687,frame_006171
123.863457,17.703545,0.479851,frame_006172
123.970366,17.698992,0.480094,frame_006173
124.077075,17.694527,0.480410,frame_006174
124.183641,17.690175,0.480803,frame_006175
124.290122,17.685962,0.481275,frame_006176
124.397320,17.681912,0.481830,frame_006177
124.505137,17.678051,0.482473,frame_006178
124.613482,17.674403,0.483208,frame_006179
124.721522,17.670995,0.484066,frame_006180
124.829333,17.667851,0.485044,frame_006181
124.936992,17.664996,0.486141,frame_006182
125.044414,17.662455,0.487382,frame_006183
125.151350,17.660254,0.488762,frame_006184
125.257553,17.658418,0.490277,frame_006185
125.363684,17.656971,0.491893,frame_006186
125.469664,17.655940,0.493607,frame_006187
125.575419,17.655349,0.495415,frame_006188
125.680137,17.655224,0.497295,frame_006189
125.783912,17.655588,0.499240,frame_006190
125.886841,17.656469,0.501248,frame_006191
125.990511,17.656690,0.503351,frame_006192
126.094704,17.656056,0.505545,frame_006193
126.199220,17.654360,0.507824,frame_006194
126.303120,17.653788,0.510144,frame_006195
126.406384,17.654563,0.512497,frame_006196
126.508995,17.656915,0.514877,frame_006197
126.611690,17.658683,0.517258,frame_006198
126.714310,17.659671,0.519632,frame_006199
126.816709,17.659673,0.521991,frame_006200
126.918755,17.659675,0.524392,frame_006201
127.020325,17.659676,0.526820,frame_006202
127.121314,17.659678,0.529261,frame_006203
127.222371,17.659680,0.531769,frame_006204
127.323258,17.659682,0.534309,frame_006205
127.423758,17.659683,0.536850,frame_006206
127.522761,17.659685,0.539405,frame_006207
127.619920,17.659687,0.541937,frame_006208
127.714898,17.659689,0.544408,frame_006209
127.809026,17.659690,0.546712,frame_006210
127.902004,17.659692,0.548823,frame_006211
127.993562,17.659693,0.550719,frame_006212
128.082704,17.659695,0.552541,frame_006213
128.169364,17.659696,0.554284,frame_006214
128.253496,17.659698,0.555942,frame_006215
128.334908,17.660685,0.557452,frame_006216
128.413267,17.662454,0.558808,frame_006217
128.488260,17.664805,0.560004,frame_006218
128.560500,17.666566,0.561030,frame_006219
128.629878,17.667760,0.561889,frame_006220
128.696312,17.668414,0.562584,frame_006221
128.759745,17.668552,0.563155,frame_006222
128.820145,17.668199,0.563595,frame_006223
128.877506,17.667380,0.563901,frame_006224
128.931847,17.666122,0.564076,frame_006225
128.983212,17.664448,0.564114,frame_006226
129.031671,17.662385,0.564009,frame_006227
129.075666,17.659956,0.563669,frame_006228
129.115304,17.657188,0.563113,frame_006229
129.150706,17.654106,0.562361,frame_006230
129.183659,17.650734,0.561437,frame_006231
129.214322,17.647097,0.560348,frame_006232
129.242877,17.643222,0.559103,frame_006233
129.268628,17.639133,0.557697,frame_006234
129.291640,17.634856,0.556135,frame_006235
129.311999,17.630414,0.554421,frame_006236
129.329810,17.625835,0.552572,frame_006237
129.345197,17.621142,0.550601,frame_006238
129.358302,17.616361,0.548518,frame_006239
129.370195,17.611517,0.546322,frame_006240
129.381224,17.606635,0.544032,frame_006241
129.391765,17.601741,0.541672,frame_006242
129.400400,17.596859,0.539250,frame_006243
129.407219,17.592015,0.536782,frame_006244
129.412324,17.587234,0.534286,frame_006245
129.416736,17.582541,0.531802,frame_006246
129.420750,17.577961,0.529351,frame_006247
129.424681,17.573519,0.526957,frame_006248
129.427953,17.569241,0.524661,frame_006249
129.430750,17.565151,0.522489,frame_006250
129.433270,17.561276,0.520465,frame_006251
129.434975,17.557639,0.518570,frame_006252
129.436244,17.554267,0.516818,frame_006253
129.437458,17.551183,0.515223,frame_006254
129.438848,17.548415,0.513599,frame_006255
129.440486,17.545985,0.511964,frame_006256
129.442451,17.543921,0.510338,frame_006257
129.444084,17.542247,0.508792,frame_006258
129.445630,17.540987,0.507316,frame_006259
129.447339,17.540168,0.505896,frame_006260
129.449294,17.539814,0.504596,frame_006261
129.451421,17.539951,0.503416,frame_006262
129.453643,17.540603,0.502357,frame_006263
129.456046,17.541796,0.501331,frame_006264
129.458877,17.543556,0.500339,frame_006265
129.462384,17.545906,0.499383,frame_006266
129.465906,17.547673,0.498422,frame_006267
129.469522,17.548659,0.497472,frame_006268
129.473306,17.548659,0.496548,frame_006269
129.478070,17.548659,0.495774,frame_006270
129.483719,17.548659,0.495150,frame_006271
129.490157,17.548660,0.494672,frame_006272
129.496545,17.548660,0.494258,frame_006273
129.502941,17.548660,0.493902,frame_006274
129.509400,17.548660,0.493595,frame_006275
129.515969,17.548660,0.493334,frame_006276
129.522690,17.548660,0.493101,frame_006277
129.529597,17.548660,0.492875,frame_006278
129.537627,17.548660,0.492728,frame_006279
129.546970,17.548661,0.492667,frame_006280
129.557817,17.548661,0.492699,frame_006281
129.569450,17.548661,0.492839,frame_006282
129.581890,17.548661,0.493073,frame_006283
129.595155,17.548661,0.493390,frame_006284
129.609253,17.548662,0.493694,frame_006285
129.624188,17.548662,0.493985,frame_006286
129.639957,17.548662,0.494261,frame_006287
129.656549,17.548663,0.494603,frame_006288
129.673950,17.548663,0.494996,frame_006289
129.692136,17.548663,0.495424,frame_006290
129.711080,17.548664,0.495852,frame_006291
129.730747,17.548664,0.496281,frame_006292
129.751095,17.548664,0.496713,frame_006293
129.771330,17.548665,0.497139,frame_006294
129.791555,17.548665,0.497557,frame_006295
129.811858,17.548665,0.497968,frame_006296
129.833060,17.548666,0.498387,frame_006297
129.855071,17.548666,0.498809,frame_006298
129.877792,17.548666,0.499228,frame_006299
129.901118,17.548667,0.499646,frame_006300
129.924938,17.548667,0.500051,frame_006301
129.949135,17.548668,0.500432,frame_006302
129.973747,17.548668,0.500713,frame_006303
129.998967,17.548669,0.500891,frame_006304
130.024983,17.548669,0.500963,frame_006305
130.051813,17.548670,0.501108,frame_006306
130.079309,17.548670,0.501334,frame_006307
130.107314,17.548671,0.501651,frame_006308
130.135830,17.548671,0.501897,frame_006309
130.165011,17.548672,0.502071,frame_006310
130.195006,17.548672,0.502173,frame_006311
130.225797,17.548673,0.502210,frame_006312
130.257197,17.548673,0.502179,frame_006313
130.289011,17.548674,0.502075,frame_006314
130.321202,17.548674,0.501949,frame_006315
130.353887,17.548675,0.501805,frame_006316
130.387177,17.548676,0.501647,frame_006317
130.421923,17.548676,0.501531,frame_006318
130.458068,17.548677,0.501480,frame_006319
130.495554,17.548677,0.501519,frame_006320
130.532672,17.548678,0.501582,frame_006321
130.569350,17.548679,0.501670,frame_006322
130.605507,17.548679,0.501786,frame_006323
130.641955,17.549666,0.501996,frame_006324
130.678754,17.551434,0.502301,frame_006325
130.715959,17.553785,0.502698,frame_006326
130.753617,17.555545,0.503146,frame_006327
130.791768,17.556738,0.503639,frame_006328
130.830449,17.557391,0.504174,frame_006329
130.869688,17.557529,0.504758,frame_006330
130.909506,17.557176,0.505397,frame_006331
130.949920,17.556357,0.506095,frame_006332
130.990939,17.555098,0.506791,frame_006333
131.032566,17.553425,0.507477,frame_006334
131.074799,17.551361,0.508144,frame_006335
131.117627,17.548933,0.508880,frame_006336
131.161035,17.546164,0.509689,frame_006337
131.205001,17.543082,0.510576,frame_006338
131.248750,17.539710,0.511450,frame_006339
131.292402,17.536074,0.512302,frame_006340
131.336066,17.532199,0.513123,frame_006341
131.380582,17.528111,0.513958,frame_006342
131.425878,17.523833,0.514812,frame_006343
131.471874,17.519393,0.515686,frame_006344
131.519393,17.514813,0.516611,frame_006345
131.568510,17.510121,0.517584,frame_006346
131.619302,17.505341,0.518602,frame_006347
131.670191,17.501484,0.519641,frame_006348
131.721240,17.498369,0.520695,frame_006349
131.772500,17.495826,0.521756,frame_006350
131.824756,17.492704,0.522796,frame_006351
131.877877,17.489054,0.523806,frame_006352
131.931727,17.484927,0.524773,frame_006353
131.986325,17.480371,0.525733,frame_006354
132.041845,17.475438,0.526692,frame_006355
132.098456,17.470178,0.527653,frame_006356
132.156157,17.464642,0.528564,frame_006357
132.214781,17.458879,0.529417,frame_006358
132.274152,17.452940,0.530201,frame_006359
132.334252,17.446875,0.530963,frame_006360
132.395218,17.440734,0.531707,frame_006361
132.457178,17.434569,0.532435,frame_006362
132.520096,17.428429,0.533159,frame_006363
132.583765,17.422364,0.533876,frame_006364
132.647973,17.416425,0.534586,frame_006365
132.712662,17.410662,0.535286,frame_006366
132.777931,17.405126,0.535974,frame_006367
132.843871,17.399866,0.536651,frame_006368
132.909661,17.394933,0.537328,frame_006369
132.975212,17.390378,0.538015,frame_006370
133.040423,17.386250,0.538722,frame_006371
133.106086,17.382601,0.539461,frame_006372
133.172244,17.379479,0.540233,frame_006373
133.238930,17.376936,0.541038,frame_006374
133.306920,17.373822,0.541825,frame_006375
133.376081,17.369966,0.542587,frame_006376
133.446278,17.365186,0.543321,frame_006377
133.516634,17.360494,0.544038,frame_006378
133.587170,17.355915,0.544735,frame_006379
133.657901,17.351475,0.545406,frame_006380
133.728839,17.347198,0.546049,frame_006381
133.799985,17.343109,0.546667,frame_006382
133.871336,17.339235,0.547262,frame_006383
133.942884,17.335600,0.547863,frame_006384
134.014611,17.332228,0.548469,frame_006385
134.086497,17.329147,0.549075,frame_006386
134.158512,17.326379,0.549660,frame_006387
134.230621,17.323951,0.550223,frame_006388
134.302784,17.321888,0.550761,frame_006389
134.375860,17.321201,0.551309,frame_006390
134.449964,17.321710,0.551863,frame_006391
134.525210,17.323242,0.552417,frame_006392
134.600803,17.324649,0.552943,frame_006393
134.676692,17.325980,0.553447,frame_006394
134.752814,17.327286,0.553934,frame_006395
134.829104,17.328618,0.554403,frame_006396
134.905488,17.330024,0.554851,frame_006397
134.981887,17.331557,0.555272,frame_006398
135.059124,17.332066,0.555634,frame_006399
135.137274,17.331379,0.555938,frame_006400
135.216414,17.329316,0.556185,frame_006401
135.295712,17.326888,0.556368,frame_006402
135.375076,17.324121,0.556488,frame_006403
135.454408,17.321039,0.556550,frame_006404
135.534510,17.317668,0.556593,frame_006405
135.615440,17.314033,0.556622,frame_006406
135.697255,17.310158,0.556640,frame_006407
135.779104,17.306070,0.556630,frame_006408
135.860877,17.301794,0.556595,frame_006409
135.942455,17.297354,0.556539,frame_006410
136.024623,17.292775,0.556485,frame_006411
136.107419,17.288083,0.556437,frame_006412
136.190882,17.283304,0.556399,frame_006413
136.274141,17.278461,0.556361,frame_006414
136.357066,17.273581,0.556324,frame_006415
136.439521,17.268688,0.556285,frame_006416
136.522271,17.263807,0.556226,frame_006417
136.605335,17.258965,0.556149,frame_006418
136.688732,17.254185,0.556057,frame_006419
136.772481,17.249493,0.555993,frame_006420
136.856601,17.244915,0.555958,frame_006421
136.941111,17.240475,0.555957,frame_006422
137.026031,17.236198,0.555961,frame_006423
137.111378,17.232110,0.555967,frame_006424
137.197173,17.228236,0.555974,frame_006425
137.282526,17.224601,0.556008,frame_006426
137.367289,17.221230,0.556066,frame_006427
137.451306,17.218149,0.556144,frame_006428
137.535323,17.215381,0.556265,frame_006429
137.619339,17.212954,0.556416,frame_006430
137.703356,17.210891,0.556585,frame_006431
137.787373,17.209218,0.556775,frame_006432
137.871390,17.207960,0.556980,frame_006433
137.955406,17.207142,0.557198,frame_006434
138.039423,17.206790,0.557338,frame_006435
138.123440,17.206928,0.557403,frame_006436
138.207456,17.207582,0.557395,frame_006437
138.291473,17.208777,0.557337,frame_006438
138.375490,17.210538,0.557230,frame_006439
138.459506,17.212890,0.557076,frame_006440
138.543523,17.214658,0.556837,frame_006441
138.627540,17.215646,0.556511,frame_006442
138.711556,17.215648,0.556096,frame_006443
138.795573,17.215649,0.555634,frame_006444
138.879590,17.215651,0.555129,frame_006445
138.963606,17.215652,0.554587,frame_006446
139.047623,17.215654,0.553974,frame_006447
139.131640,17.215656,0.553290,frame_006448
139.215657,17.215657,0.552537,frame_006449
139.299673,17.215659,0.551749,frame_006450
139.383690,17.215660,0.550933,frame_006451
139.467707,17.215662,0.550095,frame_006452
139.551723,17.215664,0.549264,frame_006453
139.635740,17.215665,0.548445,frame_006454
139.719757,17.215667,0.547645,frame_006455
139.803774,17.215668,0.546826,frame_006456
139.887790,17.215670,0.545994,frame_006457
139.971807,17.215672,0.545160,frame_006458
140.055824,17.215673,0.544352,frame_006459
140.139840,17.215675,0.543578,frame_006460
140.223857,17.215676,0.542847,frame_006461
140.308620,17.216664,0.542157,frame_006462
140.393973,17.218433,0.541514,frame_006463
140.479768,17.220785,0.540924,frame_006464
140.565115,17.222546,0.540392,frame_006465
140.650035,17.223740,0.539920,frame_006466
140.734545,17.224394,0.539509,frame_006467
140.818665,17.224533,0.539165,frame_006468
140.902414,17.224180,0.538898,frame_006469
140.985811,17.223363,0.538717,frame_006470
141.068875,17.222105,0.538627,frame_006471
141.151625,17.220432,0.538630,frame_006472
141.234080,17.218369,0.538725,frame_006473
141.316259,17.215941,0.538906,frame_006474
141.398181,17.213174,0.539175,frame_006475
141.479865,17.210093,0.539535,frame_006476
141.561331,17.206722,0.539983,frame_006477
141.642596,17.203086,0.540513,frame_006478
141.723681,17.199212,0.541121,frame_006479
141.804604,17.195124,0.541774,frame_006480
141.885384,17.190848,0.542454,frame_006481
141.966041,17.186408,0.543142,frame_006482
142.046593,17.181829,0.543805,frame_006483
142.127059,17.177138,0.544429,frame_006484
142.207459,17.172358,0.545003,frame_006485
142.288557,17.167515,0.545587,frame_006486
142.370218,17.162635,0.546179,frame_006487
142.452310,17.157742,0.546776,frame_006488
142.533964,17.152862,0.547371,frame_006489
142.615219,17.148019,0.547959,frame_006490
142.696112,17.143240,0.548532,frame_006491
142.776682,17.138548,0.549094,frame_006492
142.856966,17.133969,0.549640,frame_006493
142.937003,17.129529,0.550164,frame_006494
143.016831,17.125253,0.550654,frame_006495
143.096487,17.121165,0.551107,frame_006496
143.176010,17.117291,0.551518,frame_006497
143.256184,17.113656,0.551897,frame_006498
143.336892,17.110285,0.552242,frame_006499
143.418021,17.107203,0.552553,frame_006500
143.498723,17.104436,0.552845,frame_006501
143.579054,17.102008,0.553116,frame_006502
143.659070,17.099945,0.553361,frame_006503
143.738830,17.099258,0.553538,frame_006504
143.818390,17.099767,0.553647,frame_006505
143.897807,17.101300,0.553687,frame_006506
143.977138,17.102707,0.553719,frame_006507
144.056441,17.104038,0.553741,frame_006508
144.135772,17.105345,0.553754,frame_006509
144.215935,17.106676,0.553722,frame_006510
144.296832,17.108083,0.553649,frame_006511
144.378369,17.109616,0.553539,frame_006512
144.458809,17.110125,0.553399,frame_006513
144.538059,17.109438,0.553232,frame_006514
144.616020,17.107375,0.553044,frame_006515
144.693496,17.104947,0.552838,frame_006516
144.770544,17.102180,0.552615,frame_006517
144.847221,17.099098,0.552376,frame_006518
144.924329,17.095727,0.552155,frame_006519
145.001772,17.092092,0.551953,frame_006520
145.079456,17.088218,0.551776,frame_006521
145.156550,17.084130,0.551624,frame_006522
145.233131,17.079853,0.551493,frame_006523
145.309273,17.075413,0.551381,frame_006524
145.385800,17.070835,0.551314,frame_006525
145.462633,17.066143,0.551288,frame_006526
145.539697,17.061363,0.551300,frame_006527
145.616927,17.056520,0.551246,frame_006528
145.694262,17.051640,0.551134,frame_006529
145.771649,17.046747,0.550977,frame_006530
145.849785,17.041867,0.550806,frame_006531
145.928475,17.037024,0.550617,frame_006532
146.007534,17.032245,0.550407,frame_006533
146.086044,17.027553,0.550240,frame_006534
146.164004,17.022974,0.550109,frame_006535
146.241415,17.018534,0.550011,frame_006536
146.318126,17.014258,0.549947,frame_006537
146.393829,17.010170,0.549907,frame_006538
146.468223,17.006296,0.549884,frame_006539
146.542667,17.002660,0.549847,frame_006540
146.616883,16.999289,0.549789,frame_006541
146.690617,16.996207,0.549702,frame_006542
146.763629,16.993440,0.549569,frame_006543
146.835701,16.991012,0.549385,frame_006544
146.906633,16.988949,0.549145,frame_006545
146.975499,16.987276,0.548864,frame_006546
147.042291,16.986018,0.548537,frame_006547
147.107017,16.985200,0.548161,frame_006548
147.169533,16.984848,0.547741,frame_006549
147.229548,16.984985,0.547272,frame_006550
147.286783,16.985639,0.546750,frame_006551
147.341879,16.986833,0.546150,frame_006552
147.394750,16.988594,0.545464,frame_006553
147.445330,16.990945,0.544686,frame_006554
147.493571,16.992713,0.543842,frame_006555
147.539445,16.993700,0.542931,frame_006556
147.582941,16.993701,0.541955,frame_006557
147.624071,16.993701,0.540863,frame_006558
147.662862,16.993702,0.539656,frame_006559
147.699361,16.993703,0.538332,frame_006560
147.732728,16.993704,0.536890,frame_006561
147.762880,16.993704,0.535342,frame_006562
147.789748,16.993705,0.533702,frame_006563
147.814182,16.993705,0.532055,frame_006564
147.836305,16.993706,0.530400,frame_006565
147.856261,16.993706,0.528738,frame_006566
147.874211,16.993707,0.526986,frame_006567
147.890336,16.993707,0.525159,frame_006568
147.904836,16.993707,0.523271,frame_006569
147.916275,16.993707,0.521354,frame_006570
147.924880,16.993708,0.519412,frame_006571
147.930882,16.993708,0.517455,frame_006572
147.936172,16.993708,0.515440,frame_006573
147.941007,16.993708,0.513377,frame_006574
147.945663,16.993708,0.511275,frame_006575
147.949527,16.993708,0.509126,frame_006576
147.952746,16.993708,0.506933,frame_006577
147.955477,16.993708,0.504699,frame_006578
147.957893,16.993708,0.502527,frame_006579
147.960177,16.993708,0.500435,frame_006580
147.962525,16.993708,0.498446,frame_006581
147.964240,16.993708,0.496523,frame_006582
147.965375,16.993708,0.494680,frame_006583
147.965990,16.993708,0.492928,frame_006584
147.967433,16.993709,0.491239,frame_006585
147.969867,16.993709,0.489617,frame_006586
147.973472,16.993709,0.488068,frame_006587
147.977535,16.993709,0.486573,frame_006588
147.982097,16.993709,0.485134,frame_006589
147.987213,16.993709,0.483750,frame_006590
147.991663,16.993709,0.482458,frame_006591
147.995427,16.993709,0.481253,frame_006592
147.998488,16.993709,0.480131,frame_006593
148.000825,16.993709,0.479052,frame_006594
148.002420,16.993709,0.478023,frame_006595
148.003254,16.993709,0.477050,frame_006596
148.004961,16.993709,0.476179,frame_006597
148.007536,16.993709,0.475404,frame_006598
148.010984,16.993709,0.474716,frame_006599
148.013670,16.993710,0.474094,frame_006600
148.015615,16.993710,0.473529,frame_006601
148.016836,16.993710,0.473010,frame_006602
148.017354,16.993710,0.472473,frame_006603
148.017186,16.993710,0.471917,frame_006604
148.016352,16.993710,0.471343,frame_006605
148.015617,16.993710,0.470757,frame_006606
148.014845,16.993710,0.470158,frame_006607
148.013905,16.993710,0.469539,frame_006608
148.012674,16.993709,0.468919,frame_006609
148.011035,16.993709,0.468296,frame_006610
148.008876,16.993709,0.467669,frame_006611
148.006093,16.993709,0.467078,frame_006612
148.002587,16.993709,0.466530,frame_006613
147.998267,16.993709,0.466030,frame_006614
147.992301,16.993709,0.465489,frame_006615
147.984764,16.993709,0.464897,frame_006616
147.975734,16.993709,0.464245,frame_006617
147.966032,16.993709,0.463601,frame_006618
147.955579,16.993708,0.462972,frame_006619
147.944302,16.993708,0.462364,frame_006620
147.933042,16.993708,0.461778,frame_006621
147.921907,16.993708,0.461209,frame_006622
147.911018,16.993707,0.460650,frame_006623
147.899600,16.993707,0.460139,frame_006624
147.887630,16.993707,0.459672,frame_006625
147.875093,16.993707,0.459248,frame_006626
147.861980,16.993706,0.458815,frame_006627
147.848286,16.993706,0.458380,frame_006628
147.834017,16.993706,0.457950,frame_006629
147.819180,16.993706,0.457593,frame_006630
147.803791,16.993705,0.457300,frame_006631
147.787874,16.993705,0.457065,frame_006632
147.771457,16.993705,0.456914,frame_006633
147.754573,16.993704,0.456834,frame_006634
147.737265,16.993704,0.456815,frame_006635
147.719127,16.993704,0.456820,frame_006636
147.700128,16.993703,0.456844,frame_006637
147.680241,16.993703,0.456883,frame_006638
147.659443,16.993702,0.456970,frame_006639
147.637712,16.993702,0.457091,frame_006640
147.615032,16.993702,0.457238,frame_006641
147.592587,16.993701,0.457332,frame_006642
147.570297,16.993701,0.457364,frame_006643
147.548089,16.993700,0.457327,frame_006644
147.525163,16.993700,0.457276,frame_006645
147.501628,16.993699,0.457210,frame_006646
147.477603,16.993699,0.457130,frame_006647
147.453048,16.993698,0.456972,frame_006648
147.427771,16.993698,0.456725,frame_006649
147.401584,16.993697,0.456379,frame_006650
147.374468,16.993697,0.455878,frame_006651
147.346573,16.993696,0.455222,frame_006652
147.318054,16.993696,0.454408,frame_006653
147.289818,16.993695,0.453526,frame_006654
147.261878,16.993694,0.452580,frame_006655
147.234260,16.993694,0.451573,frame_006656
147.205348,16.993693,0.450483,frame_006657
147.175180,16.993693,0.449315,frame_006658
147.143794,16.993692,0.448075,frame_006659
147.111975,16.993691,0.446772,frame_006660
147.079603,16.993691,0.445411,frame_006661
147.046570,16.993690,0.443999,frame_006662
147.012770,16.993689,0.442508,frame_006663
146.978104,16.993689,0.440952,frame_006664
146.942482,16.993688,0.439346,frame_006665
146.906724,16.993687,0.437731,frame_006666
146.870920,16.993687,0.436119,frame_006667
146.835171,16.993686,0.434524,frame_006668
146.798683,16.993685,0.432976,frame_006669
146.761417,16.993684,0.431487,frame_006670
146.723335,16.993684,0.430071,frame_006671
146.684411,16.993683,0.428697,frame_006672
146.644621,16.993682,0.427375,frame_006673
146.603950,16.993681,0.426113,frame_006674
146.562389,16.993680,0.424899,frame_006675
146.519934,16.993680,0.423741,frame_006676
146.476588,16.993679,0.422646,frame_006677
146.432361,16.993678,0.421721,frame_006678
146.387269,16.993677,0.420974,frame_006679
146.341333,16.993676,0.420411,frame_006680
146.295330,16.993675,0.419931,frame_006681
146.249137,16.993674,0.419536,frame_006682
146.202647,16.993673,0.419228,frame_006683
146.155020,16.993672,0.419013,frame_006684
146.106327,16.993671,0.418877,frame_006685
146.056648,16.993670,0.418809,frame_006686
146.006816,16.993669,0.418810,frame_006687
145.956765,16.993668,0.418877,frame_006688
145.906447,16.993667,0.419007,frame_006689
145.855076,16.993666,0.419144,frame_006690
145.802783,16.993665,0.419278,frame_006691
145.749704,16.993664,0.419398,frame_006692
145.695819,16.993663,0.419571,frame_006693
145.640956,16.993662,0.419787,frame_006694
145.584945,16.993661,0.420033,frame_006695
145.527786,16.993660,0.420279,frame_006696
145.469648,16.993659,0.420513,frame_006697
145.410705,16.993658,0.420724,frame_006698
145.350976,16.993656,0.420917,frame_006699
145.290324,16.993655,0.421078,frame_006700
145.228621,16.993654,0.421190,frame_006701
145.165903,16.993653,0.421265,frame_006702
145.102376,16.993651,0.421303,frame_006703
145.038255,16.993650,0.421304,frame_006704
144.973594,16.993649,0.421219,frame_006705
144.908297,16.993648,0.421045,frame_006706
144.842271,16.993646,0.420780,frame_006707
144.776338,16.993645,0.420470,frame_006708
144.710587,16.993644,0.420111,frame_006709
144.645120,16.993642,0.419698,frame_006710
144.578397,16.993641,0.419211,frame_006711
144.510532,16.993640,0.418649,frame_006712
144.441639,16.993638,0.418013,frame_006713
144.372579,16.993637,0.417433,frame_006714
144.303310,16.993636,0.416901,frame_006715
144.233797,16.993634,0.416406,frame_006716
144.164013,16.993633,0.415838,frame_006717
144.093934,16.993631,0.415203,frame_006718
144.023545,16.993630,0.414506,frame_006719
143.952836,16.993629,0.413716,frame_006720
143.881804,16.993627,0.412842,frame_006721
143.810453,16.993626,0.411893,frame_006722
143.738791,16.993625,0.410909,frame_006723
143.666835,16.993623,0.409895,frame_006724
143.594607,16.993622,0.408861,frame_006725
143.522136,16.993620,0.407860,frame_006726
143.449455,16.993619,0.406894,frame_006727
143.376608,16.993617,0.405968,frame_006728
143.303640,16.993616,0.404996,frame_006729
143.230606,16.993615,0.403978,frame_006730
143.157567,16.993613,0.402917,frame_006731
143.083681,16.993612,0.401857,frame_006732
143.008852,16.993610,0.400807,frame_006733
142.932987,16.993609,0.399777,frame_006734
142.856897,16.993607,0.398697,frame_006735
142.780655,16.993606,0.397577,frame_006736
142.704342,16.993604,0.396425,frame_006737
142.627133,16.992617,0.395306,frame_006738
142.548955,16.990848,0.394226,frame_006739
142.469729,16.988497,0.393187,frame_006740
142.390289,16.986736,0.392187,frame_006741
142.310725,16.985541,0.391237,frame_006742
142.231137,16.984887,0.390346,frame_006743
142.151467,16.984749,0.389481,frame_006744
142.071502,16.985101,0.388644,frame_006745
141.991037,16.985919,0.387836,frame_006746
141.910033,16.987177,0.387068,frame_006747
141.828621,16.988850,0.386345,frame_006748
141.746937,16.990913,0.385667,frame_006749
141.664216,16.993340,0.385007,frame_006750
141.580438,16.996107,0.384363,frame_006751
141.495585,16.999189,0.383736,frame_006752
141.410546,17.002560,0.383174,frame_006753
141.325469,17.006195,0.382677,frame_006754
141.240511,17.010069,0.382244,frame_006755
141.155670,17.014157,0.381953,frame_006756
141.070792,17.018433,0.381794,frame_006757
140.985727,17.022873,0.381761,frame_006758
140.899587,17.027452,0.381824,frame_006759
140.812391,17.032143,0.381970,frame_006760
140.724158,17.036923,0.382184,frame_006761
140.635814,17.041765,0.382512,frame_006762
140.547547,17.046646,0.382937,frame_006763
140.459550,17.051538,0.383443,frame_006764
140.371116,17.056419,0.383898,frame_006765
140.282282,17.061261,0.384271,frame_006766
140.193086,17.066041,0.384530,frame_006767
140.104313,17.070732,0.384703,frame_006768
140.015845,17.075310,0.384784,frame_006769
139.927572,17.079750,0.384767,frame_006770
139.838641,17.084027,0.384712,frame_006771
139.749111,17.088115,0.384612,frame_006772
139.659039,17.091989,0.384461,frame_006773
139.568482,17.095624,0.384196,frame_006774
139.477496,17.098994,0.383815,frame_006775
139.386139,17.102076,0.383318,frame_006776
139.295215,17.104843,0.382721,frame_006777
139.204624,17.107270,0.382005,frame_006778
139.114274,17.109333,0.381148,frame_006779
139.023335,17.111006,0.380128,frame_006780
138.931882,17.112264,0.378944,frame_006781
138.839991,17.113081,0.377594,frame_006782
138.747739,17.113433,0.376156,frame_006783
138.655201,17.113295,0.374613,frame_006784
138.562454,17.112641,0.372949,frame_006785
138.470320,17.110460,0.371103,frame_006786
138.378719,17.106932,0.369088,frame_006787
138.287579,17.102230,0.366919,frame_006788
138.196086,17.098702,0.364609,frame_006789
138.104337,17.096521,0.362157,frame_006790
138.012426,17.095867,0.359561,frame_006791
137.920448,17.095728,0.356807,frame_006792
137.828499,17.096080,0.353907,frame_006793
137.736674,17.096898,0.350873,frame_006794
137.644906,17.098156,0.347665,frame_006795
137.552966,17.099828,0.344307,frame_006796
137.460627,17.101891,0.340825,frame_006797
137.367821,17.104319,0.337234,frame_006798
137.274645,17.107086,0.333563,frame_006799
137.181192,17.110167,0.329839,frame_006800
137.088305,17.113538,0.326135,frame_006801
136.995923,17.117173,0.322475,frame_006802
136.903991,17.121047,0.318881,frame_006803
136.811717,17.125135,0.315336,frame_006804
136.719215,17.129411,0.311865,frame_006805
136.626598,17.133851,0.308492,frame_006806
136.533820,17.138429,0.305150,frame_006807
136.440671,17.143121,0.301855,frame_006808
136.346941,17.147901,0.298626,frame_006809
136.253329,17.152743,0.295709,frame_006810
136.159794,17.157623,0.293068,frame_006811
136.066301,17.162516,0.290669,frame_006812
135.972075,17.167396,0.288321,frame_006813
135.877250,17.172238,0.286010,frame_006814
135.781959,17.177018,0.283720,frame_006815
135.687080,17.181709,0.281502,frame_006816
135.592592,17.186288,0.279332,frame_006817
135.498479,17.190728,0.277188,frame_006818
135.403824,17.195004,0.275038,frame_006819
135.308455,17.199092,0.272880,frame_006820
135.212201,17.202966,0.270712,frame_006821
135.115053,17.206601,0.268527,frame_006822
135.017163,17.209971,0.266308,frame_006823
134.918682,17.213053,0.264042,frame_006824
134.820510,17.215820,0.261650,frame_006825
134.722643,17.218247,0.259149,frame_006826
134.625085,17.220310,0.256555,frame_006827
134.526936,17.221983,0.253864,frame_006828
134.428045,17.223240,0.251065,frame_006829
134.328260,17.224058,0.248150,frame_006830
134.228336,17.224410,0.245077,frame_006831
134.128289,17.224271,0.241864,frame_006832
134.028141,17.223617,0.238531,frame_006833
133.927921,17.222422,0.235044,frame_006834
133.827663,17.220661,0.231394,frame_006835
133.727410,17.218309,0.227571,frame_006836
133.626299,17.216540,0.223655,frame_006837
133.524219,17.215552,0.219659,frame_006838
133.421053,17.215550,0.215596,frame_006839
133.316851,17.215548,0.211377,frame_006840
133.211820,17.215546,0.207017,frame_006841
133.106171,17.215545,0.202523,frame_006842
133.000859,17.215543,0.198021,frame_006843
132.895938,17.215541,0.193513,frame_006844
132.791467,17.215539,0.188999,frame_006845
132.686607,17.214551,0.184574,frame_006846
132.581261,17.212782,0.180245,frame_006847
132.475335,17.210430,0.176022,frame_006848
132.369641,17.208669,0.171889,frame_006849
132.264252,17.207474,0.167866,frame_006850
132.159248,17.206819,0.163974,frame_006851
132.053806,17.206681,0.160180,frame_006852
131.947850,17.207033,0.156500,frame_006853
131.841304,17.207850,0.152949,frame_006854
131.735000,17.209108,0.149599,frame_006855
131.629029,17.210780,0.146461,frame_006856
131.523490,17.212843,0.143548,frame_006857
131.417581,17.215270,0.140879,frame_006858
131.311243,17.218037,0.138478,frame_006859
131.204419,17.221118,0.136370,frame_006860
131.097054,17.224489,0.134220,frame_006861
130.989089,17.228124,0.132014,frame_006862
130.880467,17.231998,0.129737,frame_006863
130.772040,17.236085,0.127637,frame_006864
130.663917,17.240361,0.125696,frame_006865
130.556218,17.244801,0.123893,frame_006866
130.448156,17.249379,0.122075,frame_006867
130.339695,17.254071,0.120224,frame_006868
130.230796,17.258850,0.118323,frame_006869
130.121422,17.263692,0.116427,frame_006870
130.011533,17.268572,0.114526,frame_006871
129.901093,17.273465,0.112611,frame_006872
129.790971,17.278345,0.110609,frame_006873
129.681296,17.283187,0.108505,frame_006874
129.572206,17.287966,0.106281,frame_006875
129.462934,17.292657,0.104067,frame_006876
129.353463,17.297236,0.101865,frame_006877
129.243774,17.301675,0.099676,frame_006878
129.133846,17.305951,0.097418,frame_006879
129.023661,17.310039,0.095086,frame_006880
128.913201,17.313913,0.092670,frame_006881
128.802445,17.317548,0.090263,frame_006882
128.691376,17.320918,0.087877,frame_006883
128.579973,17.323999,0.085525,frame_006884
128.468219,17.326766,0.083096,frame_006885
128.356093,17.329194,0.080608,frame_006886
128.243577,17.331256,0.078078,frame_006887
128.130652,17.331942,0.075659,frame_006888
128.017299,17.331433,0.073347,frame_006889
127.903499,17.329900,0.071137,frame_006890
127.790140,17.328493,0.068999,frame_006891
127.677372,17.327161,0.066957,frame_006892
127.565350,17.325854,0.065031,frame_006893
127.453328,17.324522,0.063160,frame_006894
127.341306,17.323115,0.061348,frame_006895
127.229283,17.321582,0.059603,frame_006896
127.117261,17.321073,0.057922,frame_006897
127.005239,17.321759,0.056300,frame_006898
126.893217,17.323822,0.054728,frame_006899
126.781194,17.326249,0.053178,frame_006900
126.669172,17.329016,0.051663,frame_006901
126.557150,17.332097,0.050194,frame_006902
126.445127,17.335468,0.048800,frame_006903
126.333105,17.339103,0.047490,frame_006904
126.221083,17.342976,0.046272,frame_006905
126.109061,17.347064,0.045148,frame_006906
125.997038,17.351340,0.044108,frame_006907
125.885016,17.355780,0.043142,frame_006908
125.772994,17.360358,0.042257,frame_006909
125.660971,17.365049,0.041451,frame_006910
125.548949,17.369829,0.040721,frame_006911
125.436927,17.374671,0.040197,frame_006912
125.324904,17.379551,0.039882,frame_006913
125.212882,17.384443,0.039781,frame_006914
125.100860,17.389323,0.039648,frame_006915
124.988837,17.394166,0.039480,frame_006916
124.876815,17.398945,0.039273,frame_006917
124.764793,17.403636,0.039250,frame_006918
124.652770,17.408214,0.039388,frame_006919
124.540748,17.412654,0.039667,frame_006920
124.428726,17.416930,0.039975,frame_006921
124.316703,17.421018,0.040306,frame_006922
124.204681,17.424892,0.040652,frame_006923
124.092659,17.428527,0.041039,frame_006924
123.980636,17.431897,0.041459,frame_006925
123.868614,17.434979,0.041908,frame_006926
123.756592,17.437745,0.042402,frame_006927
123.644569,17.440173,0.042920,frame_006928
123.532547,17.442235,0.043445,frame_006929
123.420525,17.443908,0.044012,frame_006930
123.308502,17.445166,0.044599,frame_006931
123.196480,17.445983,0.045182,frame_006932
123.084458,17.446335,0.045653,frame_006933
122.972436,17.446196,0.046010,frame_006934
122.860413,17.445542,0.046256,frame_006935
122.747645,17.444347,0.046527,frame_006936
122.634286,17.442586,0.046829,frame_006937
122.520486,17.440234,0.047165,frame_006938
122.407133,17.437479,0.047402,frame_006939
122.294208,17.434724,0.047518,frame_006940
122.181692,17.432372,0.047494,frame_006941
122.069567,17.431597,0.047370,frame_006942
121.957812,17.432168,0.047152,frame_006943
121.846410,17.433865,0.046843,frame_006944
121.735340,17.435485,0.046475,frame_006945
121.624585,17.437031,0.046048,frame_006946
121.514124,17.438500,0.045560,frame_006947
121.403939,17.439895,0.044881,frame_006948
121.294012,17.441214,0.044026,frame_006949
121.184322,17.442457,0.043008,frame_006950
121.074105,17.443625,0.041996,frame_006951
120.963497,17.444717,0.041000,frame_006952
120.852629,17.445734,0.040028,frame_006953
120.743116,17.445690,0.039029,frame_006954
120.634764,17.444789,0.038021,frame_006955
120.527386,17.443229,0.037024,frame_006956
120.419310,17.442185,0.035972,frame_006957
120.310672,17.441632,0.034883,frame_006958
120.201602,17.441544,0.033780,frame_006959
120.092970,17.441896,0.032757,frame_006960
119.984737,17.442663,0.031824,frame_006961
119.876866,17.443820,0.030993,frame_006962
119.769318,17.445342,0.030276,frame_006963
119.662056,17.447203,0.029661,frame_006964
119.555041,17.449379,0.029140,frame_006965
119.448236,17.451844,0.028723,frame_006966
119.341602,17.454574,0.028442,frame_006967
119.235101,17.457542,0.028330,frame_006968
119.128695,17.460724,0.028378,frame_006969
119.022346,17.464095,0.028560,frame_006970
118.916016,17.467629,0.028846,frame_006971
118.808922,17.471302,0.029219,frame_006972
118.701179,17.475088,0.029684,frame_006973
118.592900,17.478962,0.030252,frame_006974
118.484935,17.482898,0.030998,frame_006975
118.377227,17.486873,0.031913,frame_006976
118.269718,17.490860,0.032984,frame_006977
118.161607,17.494835,0.034005,frame_006978
118.052990,17.498772,0.034987,frame_006979
117.943961,17.502645,0.035937,frame_006980
117.835350,17.506431,0.036972,frame_006981
117.727082,17.510104,0.038056,frame_006982
117.619080,17.513638,0.039157,frame_006983
117.511268,17.517009,0.040324,frame_006984
117.403571,17.520191,0.041553,frame_006985
117.295911,17.523160,0.042839,frame_006986
117.189122,17.525889,0.044050,frame_006987
117.083294,17.528354,0.045185,frame_006988
116.978526,17.530530,0.046240,frame_006989
116.873269,17.533592,0.047236,frame_006990
116.767621,17.537736,0.048164,frame_006991
116.661674,17.543168,0.049013,frame_006992
116.556261,17.547701,0.049886,frame_006993
116.451304,17.551115,0.050764,frame_006994
116.346727,17.553178,0.051629,frame_006995
116.241709,17.554851,0.052351,frame_006996
116.136329,17.556109,0.052923,frame_006997
116.030660,17.556926,0.053339,frame_006998
115.925514,17.557278,0.053736,frame_006999
115.820796,17.557140,0.054123,frame_007000
115.716411,17.556486,0.054510,frame_007001
115.612426,17.555291,0.054781,frame_007002
115.509069,17.553530,0.054935,frame_007003
115.406568,17.551178,0.054970,frame_007004
115.303337,17.549410,0.054974,frame_007005
115.199267,17.548422,0.054950,frame_007006
115.094237,17.548420,0.054903,frame_007007
114.990677,17.548419,0.054873,frame_007008
114.888621,17.548417,0.054878,frame_007009
114.788110,17.548416,0.054937,frame_007010
114.688284,17.548414,0.055041,frame_007011
114.589030,17.548412,0.055189,frame_007012
114.490231,17.548411,0.055383,frame_007013
114.391030,17.548409,0.055552,frame_007014
114.291466,17.548408,0.055686,frame_007015
114.191575,17.548406,0.055777,frame_007016
114.092131,17.548405,0.056017,frame_007017
113.993001,17.548403,0.056402,frame_007018
113.894052,17.548402,0.056930,frame_007019
113.794405,17.548400,0.057262,frame_007020
113.694081,17.548399,0.057406,frame_007021
113.593097,17.548397,0.057370,frame_007022
113.492370,17.548395,0.057302,frame_007023
113.392071,17.548394,0.057220,frame_007024
113.292371,17.548392,0.057141,frame_007025
113.193281,17.548391,0.057012,frame_007026
113.094647,17.548389,0.056825,frame_007027
112.996317,17.548388,0.056574,frame_007028
112.898302,17.548386,0.056459,frame_007029
112.800772,17.548385,0.056495,frame_007030
112.703898,17.548383,0.056701,frame_007031
112.606945,17.548382,0.056865,frame_007032
112.509915,17.548380,0.056983,frame_007033
112.412805,17.548379,0.057046,frame_007034
112.315605,17.548377,0.057180,frame_007035
112.218300,17.548376,0.057366,frame_007036
112.120868,17.548374,0.057585,frame_007037
112.024025,17.547387,0.057807,frame_007038
111.927582,17.545618,0.058045,frame_007039
111.831349,17.543267,0.058315,frame_007040
111.735296,17.541506,0.058670,frame_007041
111.639558,17.540311,0.059105,frame_007042
111.544266,17.539657,0.059613,frame_007043
111.449393,17.539519,0.060094,frame_007044
111.354749,17.539872,0.060531,frame_007045
111.260142,17.540689,0.060903,frame_007046
111.165545,17.541948,0.061281,frame_007047
111.071091,17.543621,0.061664,frame_007048
110.976913,17.545684,0.062053,frame_007049
110.882236,17.548111,0.062409,frame_007050
110.787026,17.550879,0.062729,frame_007051
110.691241,17.553961,0.063010,frame_007052
110.595741,17.557332,0.063256,frame_007053
110.500641,17.560967,0.063476,frame_007054
110.406055,17.564841,0.063679,frame_007055
110.312097,17.568929,0.063905,frame_007056
110.218881,17.573206,0.064145,frame_007057
110.126521,17.577646,0.064388,frame_007058
110.034970,17.582225,0.064532,frame_007059
109.944019,17.586917,0.064598,frame_007060
109.853458,17.591697,0.064604,frame_007061
109.762331,17.596540,0.064624,frame_007062
109.670586,17.601420,0.064647,frame_007063
109.578161,17.606313,0.064664,frame_007064
109.485898,17.611194,0.064667,frame_007065
109.393891,17.616036,0.064649,frame_007066
109.302237,17.620816,0.064606,frame_007067
109.210122,17.625508,0.064407,frame_007068
109.117474,17.630087,0.064034,frame_007069
109.024213,17.634527,0.063469,frame_007070
108.931161,17.638804,0.062880,frame_007071
108.838395,17.642892,0.062293,frame_007072
108.745990,17.646766,0.061733,frame_007073
108.654769,17.650402,0.061174,frame_007074
108.564653,17.653773,0.060636,frame_007075
108.475568,17.656855,0.060139,frame_007076
108.385794,17.659622,0.059689,frame_007077
108.295258,17.662050,0.059296,frame_007078
108.203881,17.664113,0.058971,frame_007079
108.112485,17.665786,0.058709,frame_007080
108.021146,17.667045,0.058505,frame_007081
107.929940,17.667862,0.058358,frame_007082
107.838944,17.668215,0.058265,frame_007083
107.748233,17.668077,0.058244,frame_007084
107.657884,17.667423,0.058312,frame_007085
107.568718,17.666229,0.058451,frame_007086
107.480657,17.664468,0.058643,frame_007087
107.393627,17.662117,0.058870,frame_007088
107.305908,17.660348,0.059170,frame_007089
107.217428,17.659361,0.059555,frame_007090
107.128106,17.659360,0.060039,frame_007091
107.038765,17.659358,0.060493,frame_007092
106.949482,17.659357,0.060927,frame_007093
106.860331,17.659356,0.061348,frame_007094
106.770482,17.659355,0.061904,frame_007095
106.679843,17.659353,0.062576,frame_007096
106.588315,17.659352,0.063343,frame_007097
106.496702,17.659351,0.064052,frame_007098
106.405060,17.659349,0.064715,frame_007099
106.313446,17.659348,0.065342,frame_007100
106.221918,17.659347,0.065988,frame_007101
106.130533,17.659345,0.066657,frame_007102
106.039347,17.659344,0.067350,frame_007103
105.948419,17.659343,0.068172,frame_007104
105.857804,17.659341,0.069116,frame_007105
105.767561,17.659340,0.070175,frame_007106
105.678492,17.659339,0.071273,frame_007107
105.590498,17.659337,0.072388,frame_007108
105.503489,17.659336,0.073497,frame_007109
105.415724,17.659335,0.074699,frame_007110
105.327111,17.659334,0.076000,frame_007111
105.237553,17.659332,0.077407,frame_007112
105.147852,17.659331,0.078790,frame_007113
105.058065,17.659330,0.080139,frame_007114
104.968250,17.659328,0.081443,frame_007115
104.878463,17.659327,0.082781,frame_007116
104.788762,17.659326,0.084128,frame_007117
104.699204,17.659325,0.085457,frame_007118
104.609845,17.659323,0.086678,frame_007119
104.520744,17.659322,0.087792,frame_007120
104.431956,17.659321,0.088800,frame_007121
104.343540,17.659319,0.089859,frame_007122
104.255551,17.659318,0.090951,frame_007123
104.168048,17.659317,0.092056,frame_007124
104.080180,17.659316,0.093142,frame_007125
103.991835,17.659314,0.094201,frame_007126
103.902896,17.659313,0.095224,frame_007127
103.814148,17.659312,0.096112,frame_007128
103.725628,17.659311,0.096870,frame_007129
103.637375,17.659309,0.097503,frame_007130
103.549426,17.659308,0.097975,frame_007131
103.461819,17.659307,0.098288,frame_007132
103.374594,17.659306,0.098441,frame_007133
103.287786,17.659304,0.098502,frame_007134
103.201436,17.659303,0.098482,frame_007135
103.115580,17.659302,0.098395,frame_007136
103.029350,17.659301,0.098195,frame_007137
102.942614,17.659300,0.097873,frame_007138
102.855238,17.659298,0.097421,frame_007139
102.768730,17.659297,0.096941,frame_007140
102.682957,17.659296,0.096428,frame_007141
102.597786,17.659295,0.095876,frame_007142
102.512349,17.659294,0.095232,frame_007143
102.426684,17.659292,0.094527,frame_007144
102.340828,17.659291,0.093797,frame_007145
102.254820,17.659290,0.092981,frame_007146
102.168698,17.659289,0.092071,frame_007147
102.082500,17.659288,0.091054,frame_007148
101.996264,17.659286,0.090108,frame_007149
101.910028,17.659285,0.089251,frame_007150
101.823829,17.659284,0.088499,frame_007151
101.736961,17.659283,0.087802,frame_007152
101.649617,17.659282,0.087175,frame_007153
101.561983,17.659280,0.086637,frame_007154
101.474987,17.659279,0.086127,frame_007155
101.388647,17.659278,0.085648,frame_007156
101.302983,17.659277,0.085198,frame_007157
101.217106,17.660262,0.084813,frame_007158
101.130867,17.662027,0.084482,frame_007159
101.044110,17.664377,0.084194,frame_007160
100.957581,17.666135,0.083918,frame_007161
100.871280,17.667327,0.083656,frame_007162
100.785209,17.667978,0.083412,frame_007163
100.699365,17.668113,0.083291,frame_007164
100.613750,17.667758,0.083286,frame_007165
100.528363,17.666938,0.083386,frame_007166
100.443204,17.665677,0.083410,frame_007167
100.358274,17.664001,0.083348,frame_007168
100.273572,17.661936,0.083193,frame_007169
100.189099,17.659506,0.083039,frame_007170
100.104854,17.656736,0.082901,frame_007171
100.020837,17.653651,0.082796,frame_007172
99.937049,17.650277,0.082556,frame_007173
99.853489,17.646640,0.082177,frame_007174
99.770158,17.642763,0.081656,frame_007175
99.687055,17.638672,0.081018,frame_007176
99.604180,17.634393,0.080265,frame_007177
99.521533,17.629950,0.079393,frame_007178
99.439115,17.625369,0.078497,frame_007179
99.356925,17.620675,0.077587,frame_007180
99.274964,17.615892,0.076675,frame_007181
99.193231,17.611047,0.075763,frame_007182
99.111727,17.606164,0.074868,frame_007183
99.030450,17.601268,0.074006,frame_007184
98.948656,17.596385,0.073244,frame_007185
98.866500,17.591540,0.072588,frame_007186
98.784131,17.586758,0.072041,frame_007187
98.703183,17.582063,0.071486,frame_007188
98.623483,17.577482,0.070941,frame_007189
98.544861,17.573040,0.070421,frame_007190
98.464757,17.567774,0.069932,frame_007191
98.383158,17.561917,0.069470,frame_007192
98.300039,17.555690,0.069028,frame_007193
98.217760,17.551279,0.068705,frame_007194
98.136129,17.548479,0.068528,frame_007195
98.054959,17.547092,0.068521,frame_007196
97.972576,17.544959,0.068697,frame_007197
97.889118,17.542309,0.069049,frame_007198
97.804713,17.539365,0.069572,frame_007199
97.720233,17.538312,0.070195,frame_007200
97.635638,17.538946,0.070918,frame_007201
97.550892,17.541068,0.071739,frame_007202
97.466862,17.543506,0.072752,frame_007203
97.383680,17.546283,0.073946,frame_007204
97.301482,17.549424,0.075313,frame_007205
97.219503,17.552956,0.076780,frame_007206
97.137723,17.556903,0.078346,frame_007207
97.056125,17.561290,0.080012,frame_007208
96.974688,17.564942,0.081774,frame_007209
96.893394,17.567663,0.083612,frame_007210
96.812223,17.569246,0.085502,frame_007211
96.731157,17.570679,0.087421,frame_007212
96.650177,17.571961,0.089367,frame_007213
96.569264,17.573092,0.091338,frame_007214
96.488398,17.574072,0.093268,frame_007215
96.407560,17.574901,0.095127,frame_007216
96.326733,17.575579,0.096887,frame_007217
96.245895,17.576106,0.098577,frame_007218
96.165029,17.576483,0.100191,frame_007219
96.084116,17.576708,0.101722,frame_007220
96.003136,17.576782,0.103132,frame_007221
95.922070,17.576706,0.104428,frame_007222
95.840899,17.576478,0.105616,frame_007223
95.759605,17.576100,0.106879,frame_007224
95.678168,17.575571,0.108202,frame_007225
95.596570,17.574890,0.109572,frame_007226
95.514790,17.574059,0.110921,frame_007227
95.432811,17.573077,0.112249,frame_007228
95.350613,17.571944,0.113553,frame_007229
95.267431,17.570660,0.114868,frame_007230
95.183402,17.569225,0.116179,frame_007231
95.098655,17.567639,0.117477,frame_007232
95.014061,17.565902,0.118647,frame_007233
94.929580,17.564014,0.119709,frame_007234
94.845176,17.561976,0.120682,frame_007235
94.761717,17.559786,0.121609,frame_007236
94.679335,17.557446,0.122476,frame_007237
94.598164,17.554954,0.123273,frame_007238
94.516534,17.552312,0.124033,frame_007239
94.434255,17.549518,0.124775,frame_007240
94.351135,17.546574,0.125522,frame_007241
94.268044,17.544679,0.126221,frame_007242
94.185267,17.544055,0.126888,frame_007243
94.103089,17.544932,0.127536,frame_007244
94.020727,17.545151,0.128277,frame_007245
93.937974,17.544513,0.129121,frame_007246
93.854617,17.542814,0.130079,frame_007247
93.772254,17.542240,0.131074,frame_007248
93.690996,17.543012,0.132104,frame_007249
93.610959,17.545361,0.133163,frame_007250
93.531360,17.547127,0.134336,frame_007251
93.452160,17.548112,0.135621,frame_007252
93.373322,17.548111,0.137015,frame_007253
93.294808,17.548110,0.138450,frame_007254
93.216579,17.548109,0.139909,frame_007255
93.138597,17.548108,0.141375,frame_007256
93.060825,17.548107,0.142906,frame_007257
92.983224,17.548106,0.144493,frame_007258
92.905756,17.548105,0.146131,frame_007259
92.827638,17.548104,0.147633,frame_007260
92.748986,17.548103,0.149007,frame_007261
92.669911,17.548102,0.150259,frame_007262
92.591265,17.548101,0.151573,frame_007263
92.512989,17.548100,0.152942,frame_007264
92.435028,17.548099,0.154358,frame_007265
92.357324,17.548098,0.155762,frame_007266
92.279819,17.548097,0.157142,frame_007267
92.202457,17.548096,0.158485,frame_007268
92.125181,17.548095,0.159804,frame_007269
92.047933,17.548094,0.161100,frame_007270
91.970657,17.548093,0.162372,frame_007271
91.892549,17.548092,0.163756,frame_007272
91.813708,17.548091,0.165250,frame_007273
91.734226,17.548090,0.166852,frame_007274
91.654934,17.548089,0.168412,frame_007275
91.575756,17.548088,0.169897,frame_007276
91.496616,17.548087,0.171278,frame_007277
91.417438,17.548086,0.172601,frame_007278
91.338146,17.548085,0.173845,frame_007279
91.258663,17.548084,0.174992,frame_007280
91.179822,17.548083,0.175981,frame_007281
91.101715,17.548082,0.176783,frame_007282
91.024438,17.548081,0.177369,frame_007283
90.947191,17.548080,0.177767,frame_007284
90.869915,17.548079,0.177997,frame_007285
90.792553,17.548078,0.178082,frame_007286
90.714302,17.548078,0.178071,frame_007287
90.635261,17.548077,0.177940,frame_007288
90.555522,17.548076,0.177665,frame_007289
90.475916,17.548075,0.177194,frame_007290
90.396367,17.548074,0.176543,frame_007291
90.316799,17.548073,0.175729,frame_007292
90.238043,17.548072,0.174790,frame_007293
90.160192,17.548071,0.173748,frame_007294
90.083344,17.548070,0.172626,frame_007295
90.005950,17.548069,0.171409,frame_007296
89.928108,17.548068,0.170106,frame_007297
89.849911,17.548067,0.168722,frame_007298
89.772188,17.548066,0.167233,frame_007299
89.694866,17.548065,0.165653,frame_007300
89.617867,17.548064,0.164001,frame_007301
89.540369,17.547077,0.162214,frame_007302
89.462453,17.545309,0.160310,frame_007303
89.384190,17.542958,0.158306,frame_007304
89.306393,17.541198,0.156207,frame_007305
89.228967,17.540004,0.154028,frame_007306
89.151817,17.539350,0.151783,frame_007307
89.074102,17.539213,0.149555,frame_007308
88.995882,17.539566,0.147339,frame_007309
88.917211,17.540384,0.145130,frame_007310
88.839790,17.541642,0.142992,frame_007311
88.763673,17.543316,0.140963,frame_007312
88.688921,17.545380,0.139080,frame_007313
88.614692,17.547808,0.137240,frame_007314
88.540892,17.550576,0.135456,frame_007315
88.467424,17.553658,0.133740,frame_007316
88.393448,17.557030,0.132071,frame_007317
88.319025,17.560666,0.130471,frame_007318
88.244207,17.564540,0.128962,frame_007319
88.169789,17.568629,0.127589,frame_007320
88.095657,17.572906,0.126377,frame_007321
88.021696,17.577347,0.125349,frame_007322
87.948700,17.581926,0.124471,frame_007323
87.876722,17.586619,0.123744,frame_007324
87.805824,17.591399,0.123171,frame_007325
87.734417,17.596242,0.122740,frame_007326
87.662562,17.601123,0.122450,frame_007327
87.590314,17.606017,0.122298,frame_007328
87.518465,17.610898,0.122312,frame_007329
87.446902,17.615741,0.122477,frame_007330
87.375510,17.620522,0.122776,frame_007331
87.303429,17.625214,0.123136,frame_007332
87.230700,17.629793,0.123546,frame_007333
87.157359,17.634234,0.123995,frame_007334
87.083433,17.638511,0.124562,frame_007335
87.008945,17.642600,0.125260,frame_007336
86.933912,17.646475,0.126103,frame_007337
86.859995,17.650111,0.127003,frame_007338
86.787211,17.653482,0.127930,frame_007339
86.715582,17.656565,0.128852,frame_007340
86.644230,17.659333,0.129856,frame_007341
86.573020,17.661761,0.130935,frame_007342
86.501819,17.663825,0.132081,frame_007343
86.429749,17.665498,0.133231,frame_007344
86.356831,17.666757,0.134388,frame_007345
86.283082,17.667575,0.135554,frame_007346
86.210164,17.667928,0.136733,frame_007347
86.138094,17.667791,0.137912,frame_007348
86.066894,17.667137,0.139077,frame_007349
85.994938,17.665943,0.140284,frame_007350
85.922249,17.664183,0.141520,frame_007351
85.848842,17.661832,0.142773,frame_007352
85.776381,17.660064,0.144073,frame_007353
85.704882,17.659077,0.145416,frame_007354
85.634366,17.659077,0.146798,frame_007355
85.563956,17.659076,0.148280,frame_007356
85.493516,17.659075,0.149846,frame_007357
85.422356,17.659074,0.151417,frame_007358
85.351365,17.659073,0.152894,frame_007359
85.280691,17.659073,0.154254,frame_007360
85.210482,17.659072,0.155475,frame_007361
85.139793,17.659071,0.156651,frame_007362
85.068647,17.659070,0.157770,frame_007363
84.997059,17.659069,0.158817,frame_007364
84.925039,17.659068,0.159881,frame_007365
84.852591,17.659068,0.160928,frame_007366
84.779710,17.659067,0.161929,frame_007367
84.708042,17.659066,0.162900,frame_007368
84.637583,17.659065,0.163824,frame_007369
84.568336,17.659064,0.164687,frame_007370
84.498657,17.659063,0.165397,frame_007371
84.428549,17.659063,0.165959,frame_007372
84.358009,17.659062,0.166379,frame_007373
84.287028,17.659061,0.166579,frame_007374
84.215589,17.659060,0.166572,frame_007375
84.143671,17.659059,0.166372,frame_007376
84.072899,17.659059,0.165992,frame_007377
84.003249,17.659058,0.165446,frame_007378
83.934708,17.659057,0.164749,frame_007379
83.865610,17.659056,0.163860,frame_007380
83.795942,17.659055,0.162785,frame_007381
83.725679,17.659055,0.161527,frame_007382
83.655702,17.659054,0.160155,frame_007383
83.586144,17.659053,0.158679,frame_007384
83.517137,17.659052,0.157114,frame_007385
83.449562,17.659051,0.155531,frame_007386
83.383395,17.659051,0.153943,frame_007387
83.318621,17.659050,0.152365,frame_007388
83.253578,17.659049,0.150710,frame_007389
83.188248,17.659048,0.148986,frame_007390
83.122609,17.659048,0.147199,frame_007391
83.057380,17.659047,0.145395,frame_007392
82.992370,17.659046,0.143577,frame_007393
82.926643,17.659046,0.141742,frame_007394
82.861070,17.659045,0.139960,frame_007395
82.795780,17.659044,0.138250,frame_007396
82.731646,17.659043,0.136666,frame_007397
82.667730,17.659043,0.135178,frame_007398
82.603842,17.659042,0.133792,frame_007399
82.539047,17.659041,0.132532,frame_007400
82.474217,17.659040,0.131367,frame_007401
82.409479,17.659040,0.130297,frame_007402
82.344587,17.659039,0.129296,frame_007403
82.278837,17.659038,0.128368,frame_007404
82.212264,17.659037,0.127517,frame_007405
82.144890,17.659037,0.126749,frame_007406
82.077849,17.659036,0.126013,frame_007407
82.010913,17.659035,0.125294,frame_007408
81.944534,17.659035,0.124651,frame_007409
81.877864,17.659034,0.124022,frame_007410
81.810961,17.659033,0.123420,frame_007411
81.743880,17.659032,0.122857,frame_007412
81.676904,17.659032,0.122293,frame_007413
81.610129,17.659031,0.121739,frame_007414
81.543648,17.659030,0.121204,frame_007415
81.477557,17.659029,0.120588,frame_007416
81.411951,17.659029,0.119876,frame_007417
81.346926,17.659028,0.119052,frame_007418
81.281669,17.659027,0.118110,frame_007419
81.216106,17.659026,0.117033,frame_007420
81.150160,17.659026,0.115804,frame_007421
81.084651,17.659025,0.114494,frame_007422
81.019655,17.659024,0.113102,frame_007423
80.955250,17.659024,0.111629,frame_007424
80.891511,17.659023,0.110138,frame_007425
80.828513,17.659022,0.108642,frame_007426
80.766335,17.659021,0.107152,frame_007427
80.704889,17.659021,0.105668,frame_007428
80.643928,17.659020,0.104205,frame_007429
80.583205,17.659019,0.102775,frame_007430
80.522634,17.659019,0.101383,frame_007431
80.462291,17.659018,0.100042,frame_007432
80.402254,17.659017,0.098767,frame_007433
80.342596,17.659017,0.097616,frame_007434
80.283396,17.659016,0.096588,frame_007435
80.224728,17.659016,0.095685,frame_007436
80.165761,17.659015,0.094806,frame_007437
80.106404,17.659014,0.093960,frame_007438
80.046558,17.659014,0.093158,frame_007439
79.987025,17.659013,0.092459,frame_007440
79.927864,17.659012,0.091873,frame_007441
79.869131,17.659012,0.091413,frame_007442
79.810722,17.659011,0.091029,frame_007443
79.752369,17.659010,0.090731,frame_007444
79.694155,17.659010,0.090592,frame_007445
79.636099,17.659009,0.090613,frame_007446
79.578220,17.659009,0.090791,frame_007447
79.519631,17.659008,0.091083,frame_007448
79.460747,17.659007,0.091466,frame_007449
79.401302,17.659007,0.091935,frame_007450
79.340258,17.659006,0.092452,frame_007451
79.277867,17.659005,0.093008,frame_007452
79.214373,17.659005,0.093592,frame_007453
79.150464,17.659004,0.094221,frame_007454
79.087384,17.659003,0.094863,frame_007455
79.025248,17.659003,0.095516,frame_007456
78.964169,17.659002,0.096176,frame_007457
78.902905,17.659001,0.096844,frame_007458
78.841327,17.659001,0.097503,frame_007459
78.779298,17.659000,0.098134,frame_007460
78.717583,17.658999,0.098784,frame_007461
78.656201,17.658999,0.099449,frame_007462
78.595171,17.658998,0.100125,frame_007463
78.535258,17.658997,0.100837,frame_007464
78.476325,17.658997,0.101583,frame_007465
78.418244,17.658996,0.102360,frame_007466
78.360143,17.658995,0.103164,frame_007467
78.302061,17.658995,0.103987,frame_007468
78.244037,17.658994,0.104823,frame_007469
78.186107,17.658993,0.105666,frame_007470
78.128311,17.658993,0.106510,frame_007471
78.070686,17.658992,0.107347,frame_007472
78.014017,17.658992,0.108155,frame_007473
77.958185,17.658991,0.108935,frame_007474
77.902335,17.658990,0.109714,frame_007475
77.846516,17.658990,0.110489,frame_007476
77.790779,17.658989,0.111253,frame_007477
77.734803,17.658989,0.111996,frame_007478
77.677808,17.658988,0.112725,frame_007479
77.619750,17.658987,0.113439,frame_007480
77.560579,17.658987,0.114136,frame_007481
77.501512,17.658986,0.114843,frame_007482
77.442569,17.658986,0.115556,frame_007483
77.383769,17.658985,0.116275,frame_007484
77.325130,17.658984,0.116914,frame_007485
77.266672,17.658984,0.117464,frame_007486
77.208414,17.658983,0.117916,frame_007487
77.150375,17.658982,0.118354,frame_007488
77.092574,17.658982,0.118782,frame_007489
77.035030,17.658981,0.119204,frame_007490
76.977761,17.658981,0.119594,frame_007491
76.920788,17.658980,0.119955,frame_007492
76.864128,17.658979,0.120289,frame_007493
76.806894,17.658979,0.120642,frame_007494
76.748936,17.658978,0.121019,frame_007495
76.690780,17.658978,0.121364,frame_007496
76.633136,17.657498,0.121699,frame_007497
76.575811,17.654847,0.122016,frame_007498
76.517871,17.653786,0.122278,frame_007499
76.458608,17.654084,0.122498,frame_007500
76.397866,17.655520,0.122676,frame_007501
76.337526,17.655906,0.122794,frame_007502
76.277799,17.655449,0.122857,frame_007503
76.218901,17.654345,0.122872,frame_007504
76.161246,17.654509,0.122874,frame_007505
76.103895,17.655762,0.122893,frame_007506
76.046841,17.657931,0.122936,frame_007507
75.990080,17.660848,0.123010,frame_007508
75.934170,17.662136,0.123079,frame_007509
75.878993,17.662101,0.123144,frame_007510
75.823693,17.663505,0.123168,frame_007511
75.768320,17.666118,0.123171,frame_007512
75.712924,17.669717,0.123161,frame_007513
75.657557,17.672116,0.123156,frame_007514
75.601362,17.673520,0.123154,frame_007515
75.544221,17.674127,0.123158,frame_007516
75.485637,17.675851,0.123208,frame_007517
75.426466,17.678512,0.123289,frame_007518
75.366814,17.681939,0.123399,frame_007519
75.306785,17.685963,0.123533,frame_007520
75.246851,17.689685,0.123653,frame_007521
75.187031,17.693106,0.123763,frame_007522
75.127344,17.696225,0.123867,frame_007523
75.067647,17.699041,0.124064,frame_007524
75.007637,17.701556,0.124350,frame_007525
74.947170,17.703770,0.124648,frame_007526
74.886265,17.705681,0.124956,frame_007527
74.824942,17.707290,0.125271,frame_007528
74.764419,17.707611,0.125581,frame_007529
74.704643,17.706850,0.125891,frame_007530
74.645573,17.705204,0.126202,frame_007531
74.586429,17.703846,0.126546,frame_007532
74.526888,17.702753,0.126899,frame_007533
74.467001,17.701899,0.127256,frame_007534
74.406819,17.701258,0.127611,frame_007535
74.346394,17.700807,0.127980,frame_007536
74.285774,17.700519,0.128360,frame_007537
74.224639,17.700369,0.128728,frame_007538
74.163117,17.700332,0.129075,frame_007539
74.101333,17.700383,0.129403,frame_007540
74.039409,17.700498,0.129711,frame_007541
73.978582,17.700650,0.130025,frame_007542
73.918737,17.700814,0.130345,frame_007543
73.859015,17.700966,0.130617,frame_007544
73.799468,17.701080,0.130842,frame_007545
73.740146,17.701132,0.131027,frame_007546
73.681286,17.701095,0.131234,frame_007547
73.621993,17.702745,0.131428,frame_007548
73.562112,17.706390,0.131600,frame_007549
73.502391,17.709351,0.131771,frame_007550
73.442648,17.711405,0.131955,frame_007551
73.382928,17.712322,0.132146,frame_007552
73.323273,17.714263,0.132369,frame_007553
73.264476,17.717425,0.132563,frame_007554
73.206425,17.722013,0.132741,frame_007555
73.148229,17.726142,0.132928,frame_007556
73.089863,17.729644,0.133119,frame_007557
73.031306,17.732347,0.133309,frame_007558
72.972531,17.734071,0.133493,frame_007559
72.913395,17.737331,0.133621,frame_007560
72.853631,17.742435,0.133697,frame_007561
72.793135,17.746704,0.133792,frame_007562
72.731963,17.749915,0.133913,frame_007563
72.670172,17.751839,0.134069,frame_007564
72.607820,17.754635,0.134256,frame_007565
72.544964,17.758501,0.134482,frame_007566
72.481660,17.763643,0.134752,frame_007567
72.418607,17.768174,0.135071,frame_007568
72.355906,17.771927,0.135429,frame_007569
72.293665,17.774731,0.135818,frame_007570
72.231995,17.776405,0.136228,frame_007571
72.171119,17.777664,0.136620,frame_007572
72.110957,17.778482,0.137007,frame_007573
72.050690,17.778835,0.137438,frame_007574
71.989500,17.778698,0.137840,frame_007575
71.927307,17.778045,0.138205,frame_007576
71.865679,17.776851,0.138615,frame_007577
71.804537,17.775092,0.139061,frame_007578
71.743808,17.772741,0.139535,frame_007579
71.681771,17.770973,0.140022,frame_007580
71.618355,17.769986,0.140522,frame_007581
71.553478,17.769986,0.141036,frame_007582
71.488710,17.769985,0.141533,frame_007583
71.423972,17.769985,0.142008,frame_007584
71.359189,17.769984,0.142456,frame_007585
71.293550,17.769983,0.142845,frame_007586
71.227150,17.769983,0.143175,frame_007587
71.160084,17.769982,0.143446,frame_007588
71.092901,17.769981,0.143686,frame_007589
71.025780,17.769981,0.143899,frame_007590
70.958904,17.769980,0.144089,frame_007591
70.893203,17.769979,0.144286,frame_007592
70.827351,17.769979,0.144474,frame_007593
70.761136,17.769978,0.144649,frame_007594
70.694513,17.769977,0.144887,frame_007595
70.627595,17.769977,0.145194,frame_007596
70.560496,17.769976,0.145574,frame_007597
70.493849,17.769975,0.145940,frame_007598
70.427571,17.769975,0.146293,frame_007599
70.361585,17.769974,0.146631,frame_007600
70.295069,17.769974,0.146954,frame_007601
70.228337,17.769973,0.147238,frame_007602
70.161517,17.769972,0.147480,frame_007603
70.095481,17.769972,0.147691,frame_007604
70.029292,17.769971,0.147934,frame_007605
69.962761,17.769970,0.148211,frame_007606
69.895259,17.769970,0.148441,frame_007607
69.826955,17.769969,0.148625,frame_007608
69.758013,17.769968,0.148762,frame_007609
69.688592,17.769968,0.148852,frame_007610
69.619285,17.769967,0.149008,frame_007611
69.549883,17.769966,0.149226,frame_007612
69.481085,17.769966,0.149479,frame_007613
69.413967,17.769965,0.149660,frame_007614
69.348263,17.769965,0.149784,frame_007615
69.281854,17.769964,0.149952,frame_007616
69.214894,17.769963,0.150161,frame_007617
69.147534,17.769963,0.150410,frame_007618
69.080445,17.769962,0.150598,frame_007619
69.013583,17.769961,0.150726,frame_007620
68.946907,17.769961,0.150795,frame_007621
68.880381,17.769960,0.150823,frame_007622
68.813294,17.769959,0.150895,frame_007623
68.745494,17.769959,0.151024,frame_007624
68.677735,17.769958,0.151206,frame_007625
68.610034,17.769958,0.151441,frame_007626
68.542413,17.769957,0.151727,frame_007627
68.473246,17.769956,0.151958,frame_007628
68.402557,17.769956,0.152135,frame_007629
68.330360,17.769955,0.152258,frame_007630
68.258319,17.769954,0.152378,frame_007631
68.186451,17.769954,0.152496,frame_007632
68.114776,17.769953,0.152614,frame_007633
68.042416,17.769952,0.152742,frame_007634
67.969238,17.769952,0.152878,frame_007635
67.895109,17.769951,0.153023,frame_007636
67.820802,17.769950,0.153234,frame_007637
67.746354,17.769950,0.153510,frame_007638
67.671804,17.769949,0.153850,frame_007639
67.597202,17.769948,0.154229,frame_007640
67.522599,17.769947,0.154650,frame_007641
67.448058,17.769947,0.155121,frame_007642
67.372737,17.769946,0.155614,frame_007643
67.296540,17.769945,0.156130,frame_007644
67.219373,17.769945,0.156667,frame_007645
67.142047,17.769944,0.157276,frame_007646
67.064637,17.769943,0.157936,frame_007647
66.987221,17.769943,0.158628,frame_007648
66.908977,17.768956,0.159340,frame_007649
66.829829,17.767188,0.160064,frame_007650
66.749701,17.764837,0.160794,frame_007651
66.668866,17.763077,0.161524,frame_007652
66.587530,17.761883,0.162247,frame_007653
66.505906,17.761230,0.162958,frame_007654
66.423296,17.761093,0.163630,frame_007655
66.341425,17.761446,0.164226,frame_007656
66.259983,17.762264,0.164744,frame_007657
66.178912,17.763523,0.165268,frame_007658
66.098409,17.765197,0.165791,frame_007659
66.018678,17.767261,0.166304,frame_007660
65.939932,17.769689,0.166729,frame_007661
65.861034,17.772457,0.167009,frame_007662
65.781965,17.775540,0.167138,frame_007663
65.702706,17.778911,0.167138,frame_007664
65.621875,17.782547,0.167125,frame_007665
65.539203,17.786422,0.167109,frame_007666
65.456677,17.790511,0.166983,frame_007667
65.374427,17.794789,0.166747,frame_007668
65.292591,17.799230,0.166397,frame_007669
65.210402,17.803809,0.166032,frame_007670
65.127843,17.808501,0.165654,frame_007671
65.044893,17.813282,0.165267,frame_007672
64.962280,17.818125,0.164931,frame_007673
64.879829,17.823006,0.164630,frame_007674
64.797373,17.827900,0.164348,frame_007675
64.714003,17.832781,0.163975,frame_007676
64.629720,17.837625,0.163506,frame_007677
64.544524,17.842405,0.162933,frame_007678
64.459321,17.847098,0.162333,frame_007679
64.374281,17.851677,0.161708,frame_007680
64.289578,17.856118,0.161063,frame_007681
64.205231,17.859409,0.160299,frame_007682
64.121103,17.861731,0.159435,frame_007683
64.037065,17.863256,0.158488,frame_007684
63.952247,17.865133,0.157483,frame_007685
63.866686,17.867311,0.156434,frame_007686
63.780421,17.869741,0.155352,frame_007687
63.693490,17.872373,0.154217,frame_007688
63.605931,17.875155,0.153037,frame_007689
63.517783,17.878038,0.151818,frame_007690
63.429082,17.880971,0.150609,frame_007691
63.339867,17.883904,0.149419,frame_007692
63.250177,17.886787,0.148260,frame_007693
63.160795,17.889570,0.147081,frame_007694
63.071604,17.892201,0.145907,frame_007695
62.982493,17.894631,0.144761,frame_007696
62.892611,17.896810,0.143643,frame_007697
62.802016,17.898686,0.142547,frame_007698
62.710764,17.900211,0.141469,frame_007699
62.618912,17.902533,0.140388,frame_007700
62.526519,17.905824,0.139315,frame_007701
62.433639,17.910265,0.138257,frame_007702
62.341013,17.914844,0.137284,frame_007703
62.248822,17.919537,0.136390,frame_007704
62.157255,17.924317,0.135569,frame_007705
62.066505,17.929160,0.134815,frame_007706
61.976964,17.934042,0.134049,frame_007707
61.887989,17.938935,0.133292,frame_007708
61.798073,17.943816,0.132599,frame_007709
61.707310,17.948660,0.131959,frame_007710
61.615796,17.953440,0.131359,frame_007711
61.524371,17.958133,0.130849,frame_007712
61.432975,17.962712,0.130436,frame_007713
61.341554,17.967153,0.130131,frame_007714
61.249315,17.971430,0.129928,frame_007715
61.156372,17.975519,0.129826,frame_007716
61.062838,17.979394,0.129827,frame_007717
60.969576,17.983030,0.129932,frame_007718
60.876542,17.986402,0.130150,frame_007719
60.783702,17.989484,0.130488,frame_007720
60.690282,17.992252,0.130946,frame_007721
60.596414,17.994681,0.131517,frame_007722
60.502233,17.996744,0.132191,frame_007723
60.406963,17.998418,0.132775,frame_007724
60.310570,17.999677,0.133262,frame_007725
60.213012,18.000495,0.133643,frame_007726
60.115895,18.000848,0.134010,frame_007727
60.019179,18.000711,0.134359,frame_007728
59.922828,18.000058,0.134686,frame_007729
59.826068,17.998864,0.134993,frame_007730
59.729032,17.997104,0.135263,frame_007731
59.631854,17.994752,0.135483,frame_007732
59.534504,17.992985,0.135696,frame_007733
59.436792,17.991998,0.135912,frame_007734
59.338529,17.991997,0.136140,frame_007735
59.240431,17.991996,0.136437,frame_007736
59.142476,17.991996,0.136792,frame_007737
59.044650,17.991995,0.137195,frame_007738
58.946195,17.991008,0.137617,frame_007739
58.847264,17.989240,0.138053,frame_007740
58.748010,17.986889,0.138497,frame_007741
58.649330,17.985129,0.138965,frame_007742
58.551222,17.983935,0.139444,frame_007743
58.453689,17.983282,0.139917,frame_007744
58.355086,17.983144,0.140358,frame_007745
58.255417,17.983497,0.140782,frame_007746
58.154679,17.984316,0.141209,frame_007747
58.054515,17.985575,0.141670,frame_007748
57.954922,17.987248,0.142149,frame_007749
57.855905,17.989312,0.142634,frame_007750
57.756725,17.991740,0.143129,frame_007751
57.657555,17.994508,0.143637,frame_007752
57.558566,17.997591,0.144163,frame_007753
57.460675,18.000963,0.144663,frame_007754
57.363898,18.004599,0.145121,frame_007755
57.268257,18.008474,0.145525,frame_007756
57.173035,18.012562,0.145805,frame_007757
57.075698,18.016840,0.146088,frame_007758
56.975933,18.021281,0.146395,frame_007759
56.876876,18.025860,0.146637,frame_007760
56.778524,18.030552,0.146812,frame_007761
56.680880,18.035333,0.146916,frame_007762
56.583045,18.040176,0.146952,frame_007763
56.484868,18.045057,0.146930,frame_007764
56.386196,18.049951,0.146858,frame_007765
56.287785,18.054832,0.146766,frame_007766
56.189650,18.059676,0.146648,frame_007767
56.091814,18.064456,0.146500,frame_007768
55.992652,18.069149,0.146347,frame_007769
55.892186,18.073728,0.146184,frame_007770
55.790431,18.078169,0.146010,frame_007771
55.689051,18.082446,0.145725,frame_007772
55.588062,18.086535,0.145329,frame_007773
55.487486,18.090410,0.144822,frame_007774
55.386605,18.093060,0.144383,frame_007775
55.285610,18.094665,0.144016,frame_007776
55.184691,18.095397,0.143725,frame_007777
55.083877,18.096406,0.143467,frame_007778
54.983035,18.097641,0.143246,frame_007779
54.882030,18.099052,0.143067,frame_007780
54.780893,18.100589,0.142830,frame_007781
54.679812,18.102202,0.142551,frame_007782
54.578979,18.103840,0.142245,frame_007783
54.478422,18.105452,0.141993,frame_007784
54.378007,18.106989,0.141813,frame_007785
54.277603,18.108401,0.141719,frame_007786
54.176328,18.109636,0.141643,frame_007787
54.074206,18.110645,0.141583,frame_007788
53.971252,18.111377,0.141540,frame_007789
53.869130,18.112982,0.141544,frame_007790
53.767855,18.115632,0.141595,frame_007791
53.667451,18.119507,0.141694,frame_007792
53.566290,18.123595,0.141897,frame_007793
53.464396,18.127873,0.142175,frame_007794
53.361785,18.132314,0.142501,frame_007795
53.260120,18.136893,0.142920,frame_007796
53.159416,18.141585,0.143431,frame_007797
53.059696,18.146366,0.144037,frame_007798
52.959335,18.151209,0.144684,frame_007799
52.858355,18.156091,0.145344,frame_007800
52.756771,18.160984,0.145988,frame_007801
52.656248,18.165865,0.146516,frame_007802
52.556800,18.170709,0.146935,frame_007803
52.458450,18.175489,0.147247,frame_007804
52.359573,18.180182,0.147364,frame_007805
52.260192,18.184761,0.147296,frame_007806
52.160321,18.189202,0.147053,frame_007807
52.061624,18.193480,0.146798,frame_007808
51.964118,18.197569,0.146533,frame_007809
51.867823,18.201444,0.146260,frame_007810
51.771116,18.205080,0.145899,frame_007811
51.674018,18.208451,0.145465,frame_007812
51.576545,18.211534,0.144973,frame_007813
51.478706,18.214302,0.144505,frame_007814
51.380506,18.216731,0.144074,frame_007815
51.281940,18.218794,0.143692,frame_007816
51.183745,18.220468,0.143327,frame_007817
51.085750,18.221727,0.142978,frame_007818
50.987783,18.222546,0.142648,frame_007819
50.889836,18.221913,0.142360,frame_007820
50.792060,18.220008,0.142107,frame_007821
50.694607,18.217005,0.141877,frame_007822
50.597468,18.214052,0.141737,frame_007823
50.500472,18.211099,0.141686,frame_007824
50.403448,18.208095,0.141726,frame_007825
50.306385,18.206191,0.141772,frame_007826
50.209437,18.205558,0.141812,frame_007827
50.112755,18.206377,0.141830,frame_007828
50.016330,18.207636,0.141845,frame_007829
49.919991,18.209310,0.141845,frame_007830
49.823566,18.211373,0.141817,frame_007831
49.727045,18.213802,0.141820,frame_007832
49.630582,18.216570,0.141862,frame_007833
49.534328,18.219653,0.141952,frame_007834
49.437528,18.223025,0.142183,frame_007835
49.340166,18.226661,0.142534,frame_007836
49.242220,18.230536,0.142989,frame_007837
49.145315,18.234624,0.143538,frame_007838
49.049428,18.238902,0.144164,frame_007839
48.954545,18.243343,0.144852,frame_007840
48.859001,18.247922,0.145583,frame_007841
48.762781,18.252615,0.146343,frame_007842
48.665862,18.257396,0.147114,frame_007843
48.569124,18.262239,0.147694,frame_007844
48.472700,18.267120,0.148061,frame_007845
48.376724,18.272014,0.148197,frame_007846
48.280420,18.276896,0.148026,frame_007847
48.183754,18.281739,0.147557,frame_007848
48.086684,18.286520,0.146798,frame_007849
47.990817,18.291212,0.145639,frame_007850
47.896112,18.295792,0.144084,frame_007851
47.802533,18.300233,0.142140,frame_007852
47.709145,18.303524,0.140028,frame_007853
47.615756,18.305846,0.137760,frame_007854
47.522178,18.307371,0.135348,frame_007855
47.428380,18.309248,0.132914,frame_007856
47.334497,18.311427,0.130476,frame_007857
47.240661,18.313857,0.128053,frame_007858
47.146098,18.316488,0.125540,frame_007859
47.050774,18.319271,0.122943,frame_007860
46.954646,18.322154,0.120266,frame_007861
46.859322,18.325087,0.117521,frame_007862
46.764759,18.328021,0.114747,frame_007863
46.670924,18.330904,0.111982,frame_007864
46.577040,18.333686,0.109239,frame_007865
46.483243,18.336318,0.106545,frame_007866
46.389664,18.338748,0.103926,frame_007867
46.295530,18.340927,0.101416,frame_007868
46.200805,18.342804,0.099036,frame_007869
46.105448,18.344328,0.096806,frame_007870
46.010319,18.346651,0.094722,frame_007871
45.915533,18.349942,0.092794,frame_007872
45.821204,18.354383,0.091030,frame_007873
45.727284,18.358963,0.089481,frame_007874
45.633564,18.363655,0.088143,frame_007875
45.539834,18.368436,0.087012,frame_007876
45.446047,18.373280,0.085977,frame_007877
45.352318,18.378161,0.085057,frame_007878
45.258759,18.383055,0.084270,frame_007879
45.164578,18.387936,0.083701,frame_007880
45.069721,18.392780,0.083349,frame_007881
44.974128,18.397560,0.083211,frame_007882
44.879385,18.402253,0.083271,frame_007883
44.785433,18.406832,0.083538,frame_007884
44.692217,18.411274,0.084021,frame_007885
44.598944,18.415551,0.084747,frame_007886
44.505728,18.419640,0.085666,frame_007887
44.412683,18.423515,0.086726,frame_007888
44.319016,18.427151,0.087839,frame_007889
44.224673,18.430523,0.088959,frame_007890
44.129593,18.433606,0.090038,frame_007891
44.035364,18.436374,0.090964,frame_007892
43.941926,18.438803,0.091700,frame_007893
43.849224,18.440867,0.092206,frame_007894
43.756465,18.442541,0.092485,frame_007895
43.663762,18.443800,0.092521,frame_007896
43.571232,18.444618,0.092299,frame_007897
43.478986,18.444972,0.091886,frame_007898
43.387141,18.444834,0.091295,frame_007899
43.295809,18.444181,0.090538,frame_007900
43.204197,18.442988,0.089659,frame_007901
43.112252,18.441228,0.088689,frame_007902
43.019912,18.438877,0.087662,frame_007903
42.927859,18.437110,0.086468,frame_007904
42.835862,18.436123,0.085132,frame_007905
42.743694,18.436123,0.083679,frame_007906
42.651288,18.436122,0.082051,frame_007907
42.558740,18.436121,0.080270,frame_007908
42.466144,18.436121,0.078356,frame_007909
42.373595,18.435134,0.076526,frame_007910
42.281189,18.433367,0.074766,frame_007911
42.189021,18.431016,0.073058,frame_007912
42.096278,18.429256,0.071405,frame_007913
42.002888,18.428063,0.069826,frame_007914
41.908771,18.427410,0.068340,frame_007915
41.815495,18.427272,0.066956,frame_007916
41.722980,18.427626,0.065686,frame_007917
41.631155,18.428444,0.064546,frame_007918
41.539206,18.429703,0.063555,frame_007919
41.447228,18.431377,0.062717,frame_007920
41.355317,18.433441,0.062039,frame_007921
41.263568,18.435870,0.061504,frame_007922
41.172075,18.438638,0.061114,frame_007923
41.080935,18.441721,0.060871,frame_007924
40.989334,18.445093,0.060703,frame_007925
40.897200,18.448729,0.060601,frame_007926
40.804453,18.452604,0.060558,frame_007927
40.711915,18.456693,0.060668,frame_007928
40.619662,18.460971,0.060949,frame_007929
40.527772,18.465412,0.061423,frame_007930
40.436318,18.469992,0.061987,frame_007931
40.345379,18.474685,0.062647,frame_007932
40.255030,18.479465,0.063413,frame_007933
40.164439,18.484309,0.064343,frame_007934
40.073514,18.489190,0.065449,frame_007935
39.982157,18.494084,0.066744,frame_007936
39.891172,18.498966,0.068133,frame_007937
39.800614,18.503809,0.069574,frame_007938
39.710542,18.508590,0.071022,frame_007939
39.621012,18.512297,0.072448,frame_007940
39.532082,18.515110,0.073815,frame_007941
39.443808,18.517200,0.075087,frame_007942
39.355340,18.519719,0.076237,frame_007943
39.266567,18.522615,0.077250,frame_007944
39.177372,18.525837,0.078110,frame_007945
39.089284,18.529337,0.078826,frame_007946
39.002186,18.533063,0.079397,frame_007947
38.915968,18.536965,0.079820,frame_007948
38.829778,18.540993,0.080169,frame_007949
38.743674,18.545096,0.080440,frame_007950
38.657712,18.549224,0.080630,frame_007951
38.571950,18.553328,0.080725,frame_007952
38.486445,18.557356,0.080740,frame_007953
38.401254,18.561258,0.080690,frame_007954
38.315527,18.564984,0.080642,frame_007955
38.229152,18.568483,0.080623,frame_007956
38.142012,18.571706,0.080655,frame_007957
38.054890,18.574602,0.080817,frame_007958
37.967826,18.577120,0.081138,frame_007959
37.880857,18.579211,0.081651,frame_007960
37.794022,18.582024,0.082136,frame_007961
37.707357,18.585731,0.082593,frame_007962
37.620902,18.590511,0.083020,frame_007963
37.534694,18.595355,0.083584,frame_007964
37.448772,18.600237,0.084283,frame_007965
37.363173,18.605131,0.085117,frame_007966
37.277028,18.610012,0.085986,frame_007967
37.190207,18.614856,0.086905,frame_007968
37.102574,18.619637,0.087890,frame_007969
37.014892,18.624329,0.089090,frame_007970
36.927182,18.628909,0.090479,frame_007971
36.839463,18.633350,0.092028,frame_007972
36.751753,18.637628,0.093675,frame_007973
36.664072,18.641717,0.095400,frame_007974
36.576438,18.645592,0.097186,frame_007975
36.488871,18.649228,0.098995,frame_007976
36.401390,18.652601,0.100818,frame_007977
36.314013,18.655683,0.102642,frame_007978
36.226760,18.658452,0.104471,frame_007979
36.139649,18.660881,0.106302,frame_007980
36.052701,18.662945,0.108134,frame_007981
35.965933,18.664619,0.109951,frame_007982
35.879365,18.665878,0.111768,frame_007983
35.793016,18.666697,0.113598,frame_007984
35.706904,18.667050,0.115620,frame_007985
35.621050,18.666913,0.117809,frame_007986
35.535472,18.666260,0.120138,frame_007987
35.450934,18.665066,0.122334,frame_007988
35.367301,18.663307,0.124385,frame_007989
35.284443,18.660956,0.126278,frame_007990
35.200743,18.659189,0.128027,frame_007991
35.116396,18.658202,0.129621,frame_007992
35.031588,18.658202,0.131047,frame_007993
34.947247,18.658201,0.132373,frame_007994
34.863391,18.658201,0.133594,frame_007995
34.780039,18.658201,0.134705,frame_007996
34.696302,18.658200,0.135687,frame_007997
34.612033,18.658200,0.136551,frame_007998
34.527074,18.658199,0.137306,frame_007999
34.442172,18.658199,0.138036,frame_008000
34.357328,18.658199,0.138717,frame_008001
34.272541,18.658198,0.139329,frame_008002
34.187810,18.657212,0.139817,frame_008003
34.103137,18.655445,0.140195,frame_008004
34.018521,18.653094,0.140475,frame_008005
33.933962,18.651334,0.140669,frame_008006
33.849460,18.650141,0.140791,frame_008007
33.765015,18.649488,0.140854,frame_008008
33.680627,18.649351,0.140915,frame_008009
33.596297,18.649704,0.140975,frame_008010
33.512023,18.650523,0.141036,frame_008011
33.427806,18.651782,0.141089,frame_008012
33.343647,18.653456,0.141157,frame_008013
33.259545,18.655520,0.141262,frame_008014
33.175500,18.657949,0.141253,frame_008015
33.091511,18.660718,0.141156,frame_008016
33.007580,18.663801,0.140996,frame_008017
32.923706,18.667173,0.140950,frame_008018
32.839889,18.670809,0.141053,frame_008019
32.756130,18.674684,0.141340,frame_008020
32.672427,18.678773,0.141622,frame_008021
32.588781,18.683051,0.141901,frame_008022
32.505193,18.687492,0.142177,frame_008023
32.421661,18.692072,0.142473,frame_008024
32.338187,18.696765,0.142798,frame_008025
32.254770,18.701546,0.143161,frame_008026
32.171410,18.706390,0.143697,frame_008027
32.088107,18.711271,0.144399,frame_008028
32.004861,18.716165,0.145257,frame_008029
31.921672,18.721047,0.146276,frame_008030
31.838540,18.725891,0.147451,frame_008031
31.755465,18.730672,0.148780,frame_008032
31.672448,18.735364,0.150314,frame_008033
31.589487,18.739944,0.152059,frame_008034
31.506584,18.744385,0.154023,frame_008035
31.423737,18.748663,0.155980,frame_008036
31.340948,18.752752,0.157900,frame_008037
31.258216,18.756628,0.159755,frame_008038
31.174633,18.760264,0.161704,frame_008039
31.090032,18.763636,0.163744,frame_008040
31.004237,18.766719,0.165869,frame_008041
30.918883,18.769487,0.168085,frame_008042
30.834121,18.771916,0.170381,frame_008043
30.750104,18.773980,0.172748,frame_008044
30.666087,18.775655,0.175137,frame_008045
30.582071,18.776914,0.177540,frame_008046
30.498054,18.777733,0.179947,frame_008047
30.414037,18.778086,0.182412,frame_008048
30.330021,18.777949,0.184933,frame_008049
30.246004,18.777296,0.187508,frame_008050
30.161987,18.776103,0.189952,frame_008051
30.077971,18.774343,0.192248,frame_008052
29.993954,18.771992,0.194378,frame_008053
29.909937,18.770225,0.196546,frame_008054
29.825921,18.769239,0.198733,frame_008055
29.741904,18.769239,0.200918,frame_008056
29.657887,18.769238,0.203047,frame_008057
29.573870,18.769238,0.205108,frame_008058
29.489854,18.769237,0.207090,frame_008059
29.405837,18.769237,0.208874,frame_008060
29.321820,18.769237,0.210446,frame_008061
29.237804,18.769236,0.211793,frame_008062
29.153787,18.769236,0.212976,frame_008063
29.069770,18.769236,0.213990,frame_008064
28.985754,18.769235,0.214831,frame_008065
28.901737,18.769235,0.215603,frame_008066
28.817720,18.769235,0.216322,frame_008067
28.733704,18.769234,0.217005,frame_008068
28.650433,18.769234,0.217563,frame_008069
28.567753,18.769234,0.218015,frame_008070
28.485514,18.769233,0.218381,frame_008071
28.402828,18.769233,0.218818,frame_008072
28.319714,18.769233,0.219325,frame_008073
28.236191,18.769232,0.219904,frame_008074
28.152278,18.768246,0.220515,frame_008075
28.067994,18.766479,0.221179,frame_008076
27.983357,18.764128,0.221917,frame_008077
27.898388,18.762369,0.222621,frame_008078
27.813104,18.761175,0.223295,frame_008079
27.727526,18.760522,0.223940,frame_008080
27.641671,18.760385,0.224587,frame_008081
27.555560,18.760739,0.225235,frame_008082
27.469211,18.761558,0.225885,frame_008083
27.382643,18.762817,0.226492,frame_008084
27.295875,18.764491,0.227066,frame_008085
27.208927,18.766555,0.227616,frame_008086
27.121816,18.768984,0.228181,frame_008087
27.034563,18.771753,0.228772,frame_008088
26.947186,18.774836,0.229400,frame_008089
26.860451,18.778208,0.230106,frame_008090
26.774220,18.781844,0.230887,frame_008091
26.688365,18.785720,0.231737,frame_008092
26.602014,18.789809,0.232569,frame_008093
26.515207,18.794087,0.233387,frame_008094
26.427981,18.798528,0.234197,frame_008095
26.340375,18.803108,0.235033,frame_008096
26.252426,18.807801,0.235900,frame_008097
26.164172,18.812582,0.236804,frame_008098
26.075652,18.817425,0.237776,frame_008099
25.986904,18.822307,0.238810,frame_008100
25.897966,18.827201,0.239903,frame_008101
25.808875,18.832083,0.241069,frame_008102
25.719670,18.836927,0.242320,frame_008103
25.630389,18.841708,0.243671,frame_008104
25.541070,18.846400,0.245022,frame_008105
25.451750,18.850980,0.246359,frame_008106
25.362469,18.855422,0.247666,frame_008107
25.273264,18.859699,0.248982,frame_008108
25.184173,18.863789,0.250294,frame_008109
25.095235,18.867664,0.251592,frame_008110
25.006487,18.871300,0.252912,frame_008111
24.917967,18.874673,0.254252,frame_008112
24.829713,18.877755,0.255615,frame_008113
24.741764,18.880524,0.257061,frame_008114
24.654158,18.882953,0.258574,frame_008115
24.566932,18.885017,0.260138,frame_008116
24.480125,18.886691,0.261703,frame_008117
24.393775,18.887950,0.263261,frame_008118
24.307919,18.888769,0.264806,frame_008119
24.221688,18.889123,0.266413,frame_008120
24.134953,18.888986,0.268085,frame_008121
24.047576,18.888333,0.269824,frame_008122
23.961069,18.887140,0.271520,frame_008123
23.875295,18.885380,0.273145,frame_008124
23.790125,18.883030,0.274673,frame_008125
23.704688,18.881263,0.276090,frame_008126
23.619022,18.880276,0.277395,frame_008127
23.533167,18.880276,0.278589,frame_008128
23.447159,18.880276,0.279737,frame_008129
23.361037,18.880275,0.280828,frame_008130
23.274839,18.880275,0.281855,frame_008131
23.188602,18.880275,0.282744,frame_008132
23.102366,18.880275,0.283494,frame_008133
23.016168,18.880274,0.284102,frame_008134
22.930046,18.879288,0.284683,frame_008135
22.844038,18.877521,0.285232,frame_008136
22.758182,18.875170,0.285746,frame_008137
22.672517,18.873411,0.286105,frame_008138
22.587080,18.872217,0.286328,frame_008139
22.501910,18.871565,0.286432,frame_008140
22.416136,18.871428,0.286435,frame_008141
22.329629,18.871781,0.286328,frame_008142
22.242252,18.872600,0.286107,frame_008143
22.154770,18.873859,0.285841,frame_008144
22.067203,18.875534,0.285537,frame_008145
21.979570,18.877598,0.285204,frame_008146
21.891888,18.880027,0.284769,frame_008147
21.804179,18.882795,0.284255,frame_008148
21.716459,18.885878,0.283684,frame_008149
21.628749,18.889251,0.283124,frame_008150
21.541068,18.892887,0.282570,frame_008151
21.453434,18.896762,0.282019,frame_008152
21.365867,18.900852,0.281563,frame_008153
21.278386,18.905130,0.281197,frame_008154
21.191009,18.909571,0.280916,frame_008155
21.104502,18.914151,0.280658,frame_008156
21.018728,18.918844,0.280423,frame_008157
20.933558,18.923625,0.280214,frame_008158
20.848121,18.928469,0.279995,frame_008159
20.762455,18.933350,0.279771,frame_008160
20.676600,18.938245,0.279549,frame_008161
20.590592,18.943126,0.279356,frame_008162
20.504470,18.947970,0.279200,frame_008163
20.418271,18.952751,0.279087,frame_008164
20.332035,18.957444,0.278950,frame_008165
20.245799,18.962024,0.278780,frame_008166
20.159601,18.966465,0.278566,frame_008167
20.073479,18.970743,0.278336,frame_008168
19.987471,18.974833,0.278090,frame_008169
19.901615,18.978708,0.277829,frame_008170
19.815950,18.982345,0.277552,frame_008171
19.730513,18.985717,0.277251,frame_008172
19.645342,18.988800,0.276921,frame_008173
19.559568,18.991568,0.276507,frame_008174
19.473061,18.993997,0.276000,frame_008175
19.385685,18.996062,0.275393,frame_008176
19.298203,18.998722,0.274701,frame_008177
19.210636,19.001748,0.273941,frame_008178
19.123002,19.004917,0.273129,frame_008179
19.036067,19.006044,0.272279,frame_008180
18.949694,19.005334,0.271384,frame_008181
18.863753,19.002983,0.270435,frame_008182
18.777374,19.000167,0.269523,frame_008183
18.690595,18.996861,0.268640,frame_008184
18.603455,18.993038,0.267779,frame_008185
18.515991,18.989875,0.266780,frame_008186
18.428242,18.987568,0.265639,frame_008187
18.340246,18.986323,0.264354,frame_008188
18.252040,18.985153,0.263069,frame_008189
18.163663,18.984058,0.261799,frame_008190
18.075152,18.983039,0.260563,frame_008191
17.986547,18.982096,0.259285,frame_008192
17.897884,18.981228,0.257972,frame_008193
17.809202,18.980435,0.256632,frame_008194
17.720540,18.979718,0.255309,frame_008195
17.631934,18.979076,0.254003,frame_008196
17.543424,18.978510,0.252714,frame_008197
17.455793,18.978019,0.251451,frame_008198
17.368924,18.977604,0.250246,frame_008199
17.282705,18.977264,0.249133,frame_008200
17.195541,18.977000,0.248065,frame_008201
17.107643,18.976811,0.247051,frame_008202
17.019219,18.976698,0.246099,frame_008203
16.931213,18.976660,0.245195,frame_008204
16.843663,18.976697,0.244327,frame_008205
16.756609,18.976810,0.243480,frame_008206
16.669925,18.976999,0.242621,frame_008207
16.583327,18.977263,0.241754,frame_008208
16.496530,18.977602,0.240886,frame_008209
16.409409,18.978017,0.240115,frame_008210
16.322002,18.978507,0.239438,frame_008211
16.234348,18.979073,0.238852,frame_008212
16.146485,18.979714,0.238325,frame_008213
16.058450,18.980431,0.237856,frame_008214
15.970282,18.981223,0.237443,frame_008215
15.882019,18.982091,0.237040,frame_008216
15.793699,18.983034,0.236648,frame_008217
15.705360,18.984053,0.236272,frame_008218
15.617040,18.985147,0.235942,frame_008219
15.528777,18.986316,0.235660,frame_008220
15.440609,18.987561,0.235425,frame_008221
15.352575,18.988882,0.235223,frame_008222
15.264711,18.990278,0.235050,frame_008223
15.177057,18.991749,0.234897,frame_008224
15.089651,18.993296,0.234833,frame_008225
15.002530,18.994919,0.234843,frame_008226
14.915732,18.996616,0.234913,frame_008227
14.830042,18.997190,0.235111,frame_008228
14.745342,18.996417,0.235431,frame_008229
14.661522,18.994066,0.235869,frame_008230
14.576076,18.992299,0.236283,frame_008231
14.489049,18.991313,0.236669,frame_008232
14.400473,18.991313,0.237023,frame_008233
14.312021,18.990326,0.237338,frame_008234
14.223712,18.988559,0.237589,frame_008235
14.135565,18.986209,0.237750,frame_008236
14.048344,18.984449,0.237848,frame_008237
13.961914,18.983256,0.237883,frame_008238
13.876144,18.982604,0.237856,frame_008239
13.790164,18.982467,0.237818,frame_008240
13.704014,18.982820,0.237751,frame_008241
13.617730,18.983639,0.237638,frame_008242
13.531351,18.984899,0.237406,frame_008243
13.444915,18.986573,0.237058,frame_008244
13.358460,18.988637,0.236600,frame_008245
13.272024,18.991066,0.236100,frame_008246
13.185645,18.993835,0.235533,frame_008247
13.099361,18.996918,0.234875,frame_008248
13.012302,19.000291,0.234172,frame_008249
12.924340,19.003927,0.233426,frame_008250
12.835336,19.007803,0.232638,frame_008251
12.747710,19.011892,0.231716,frame_008252
12.661493,19.016170,0.230672,frame_008253
12.576730,19.020612,0.229515,frame_008254
12.491825,19.025191,0.228223,frame_008255
12.406834,19.029885,0.226793,frame_008256
12.321814,19.034666,0.225223,frame_008257
12.235916,19.039510,0.223500,frame_008258
12.149027,19.044391,0.221654,frame_008259
12.061030,19.049286,0.219717,frame_008260
11.972710,19.054168,0.217635,frame_008261
11.884105,19.059012,0.215427,frame_008262
11.795252,19.063793,0.213112,frame_008263
11.706189,19.068486,0.210755,frame_008264
11.616956,19.073066,0.208371,frame_008265
11.527589,19.077507,0.205976,frame_008266
11.438127,19.081785,0.203593,frame_008267
11.348608,19.085875,0.201250,frame_008268
11.259070,19.089750,0.198977,frame_008269
11.169551,19.093387,0.196765,frame_008270
11.080090,19.096759,0.194641,frame_008271
10.990723,19.099842,0.192635,frame_008272
10.902235,19.102611,0.190771,frame_008273
10.814510,19.105040,0.189072,frame_008274
10.727435,19.107104,0.187560,frame_008275
10.640160,19.108779,0.186193,frame_008276
10.552743,19.110038,0.184980,frame_008277
10.465240,19.110857,0.183929,frame_008278
10.376800,19.111211,0.183034,frame_008279
10.287314,19.111074,0.182295,frame_008280
10.196663,19.110422,0.181711,frame_008281
10.106538,19.109228,0.181400,frame_008282
10.017148,19.107469,0.181363,frame_008283
9.928703,19.105118,0.181603,frame_008284
9.841261,19.103352,0.182116,frame_008285
9.754723,19.102365,0.182879,frame_008286
9.668998,19.102365,0.183868,frame_008287
9.582346,19.102365,0.185059,frame_008288
9.494676,19.102365,0.186449,frame_008289
9.405888,19.102365,0.188033,frame_008290
9.316787,19.102365,0.189783,frame_008291
9.227428,19.102365,0.191667,frame_008292
9.137870,19.102365,0.193650,frame_008293
9.048169,19.102364,0.195708,frame_008294
8.958382,19.102364,0.197843,frame_008295
8.868567,19.102364,0.200057,frame_008296
8.778780,19.102364,0.202266,frame_008297
8.689079,19.102364,0.204440,frame_008298
8.599521,19.102364,0.206543,frame_008299
8.510909,19.102364,0.208576,frame_008300
8.423144,19.102364,0.210510,frame_008301
8.336134,19.102363,0.212316,frame_008302
8.248141,19.102363,0.214020,frame_008303
8.159072,19.102363,0.215611,frame_008304
8.068828,19.102363,0.217075,frame_008305
7.978214,19.102363,0.218430,frame_008306
7.887285,19.102363,0.219646,frame_008307
7.796100,19.102363,0.220696,frame_008308
7.705461,19.102363,0.221587,frame_008309
7.615269,19.102363,0.222325,frame_008310
7.525434,19.102363,0.222916,frame_008311
7.435123,19.102362,0.223341,frame_008312
7.344412,19.102362,0.223616,frame_008313
7.253377,19.102362,0.223757,frame_008314
7.162096,19.102362,0.223808,frame_008315
7.070642,19.102362,0.223766,frame_008316
6.979094,19.102362,0.223629,frame_008317
6.887527,19.102362,0.223374,frame_008318
6.796017,19.102362,0.223018,frame_008319
6.704640,19.102362,0.222581,frame_008320
6.613472,19.101376,0.222093,frame_008321
6.522590,19.099609,0.221578,frame_008322
6.432070,19.097258,0.221060,frame_008323
6.341825,19.095499,0.220544,frame_008324
6.251609,19.094306,0.220053,frame_008325
6.161174,19.093653,0.219612,frame_008326
6.070434,19.093516,0.219342,frame_008327
5.979467,19.093870,0.219246,frame_008328
5.888347,19.094689,0.219330,frame_008329
5.797150,19.095949,0.219497,frame_008330
5.705954,19.097623,0.219771,frame_008331
5.614834,19.099688,0.220174,frame_008332
5.524612,19.102117,0.220727,frame_008333
5.435210,19.104886,0.221430,frame_008334
5.346553,19.107969,0.222285,frame_008335
5.256921,19.111341,0.223244,frame_008336
5.166243,19.114978,0.224288,frame_008337
5.074438,19.118853,0.225398,frame_008338
4.982328,19.122943,0.226575,frame_008339
4.889990,19.127221,0.227822,frame_008340
4.797500,19.131663,0.229138,frame_008341
4.704934,19.136243,0.230460,frame_008342
4.612367,19.140936,0.231771,frame_008343
4.519877,19.145717,0.233057,frame_008344
4.428285,19.150561,0.234437,frame_008345
4.337512,19.155443,0.235907,frame_008346
4.247485,19.160337,0.237465,frame_008347
4.157391,19.165219,0.239127,frame_008348
4.067326,19.170063,0.240867,frame_008349
3.977385,19.174844,0.242658,frame_008350
3.886754,19.179538,0.244502,frame_008351
3.795362,19.184118,0.246369,frame_008352
3.703129,19.188559,0.248229,frame_008353
3.610877,19.192837,0.249968,frame_008354
3.518681,19.196927,0.251586,frame_008355
3.426619,19.200802,0.253079,frame_008356
3.334767,19.204439,0.254399,frame_008357
3.243199,19.207812,0.255528,frame_008358
3.151994,19.210895,0.256450,frame_008359
3.061064,19.213663,0.257169,frame_008360
2.970163,19.216093,0.257696,frame_008361
2.879043,19.218157,0.258042,frame_008362
2.787618,19.219832,0.258243,frame_008363
2.695965,19.221091,0.258319,frame_008364
2.604160,19.221910,0.258292,frame_008365
2.513025,19.222264,0.258170,frame_008366
2.422480,19.222127,0.257948,frame_008367
2.332453,19.221475,0.257620,frame_008368
2.242131,19.220282,0.257247,frame_008369
2.151609,19.218522,0.256838,frame_008370
2.060983,19.216172,0.256405,frame_008371
1.970347,19.214405,0.255968,frame_008372
1.879797,19.213419,0.255542,frame_008373
1.789427,19.213419,0.255138,frame_008374
1.698425,19.213419,0.254837,frame_008375
1.606719,19.213419,0.254642,frame_008376
1.514229,19.213419,0.254561,frame_008377
1.422523,19.213419,0.254420,frame_008378
1.331522,19.213419,0.254217,frame_008379
1.241152,19.213419,0.253953,frame_008380
1.150602,19.213419,0.253662,frame_008381
1.059966,19.213419,0.253377,frame_008382
0.969339,19.213419,0.253132,frame_008383
0.877909,19.213419,0.253018,frame_008384
0.785604,19.213419,0.253029,frame_008385
0.692343,19.213419,0.253160,frame_008386
0.598949,19.213419,0.253348,frame_008387
0.505497,19.213419,0.253588,frame_008388
0.412065,19.213419,0.253873,frame_008389
0.318728,19.213419,0.254210,frame_008390
0.225562,19.213419,0.254612,frame_008391
0.132644,19.213419,0.255092,frame_008392
0.040795,19.212433,0.255708,frame_008393
-0.050064,19.210666,0.256461,frame_008394
-0.140005,19.208316,0.257350,frame_008395
-0.230749,19.206556,0.258399,frame_008396
-0.322370,19.205363,0.259592,frame_008397
-0.414946,19.204711,0.260914,frame_008398
-0.507655,19.204574,0.262175,frame_008399
-0.600421,19.204928,0.263365,frame_008400
-0.693168,19.205747,0.264470,frame_008401
-0.785074,19.207007,0.265455,frame_008402
-0.876218,19.208681,0.266297,frame_008403
-0.966674,19.210746,0.266975,frame_008404
-1.057252,19.213175,0.267620,frame_008405
-1.147860,19.215944,0.268226,frame_008406
-1.238401,19.219027,0.268788,frame_008407
-1.328780,19.222400,0.269216,frame_008408
-1.418902,19.226036,0.269512,frame_008409
-1.508672,19.229912,0.269680,frame_008410
-1.598903,19.234001,0.269860,frame_008411
-1.689667,19.238280,0.270054,frame_008412
-1.781044,19.242721,0.270265,frame_008413
-1.872212,19.247301,0.270501,frame_008414
-1.963094,19.251995,0.270774,frame_008415
-2.053614,19.256776,0.271097,frame_008416
-2.144605,19.261620,0.271415,frame_008417
-2.236158,19.266502,0.271727,frame_008418
-2.328371,19.271397,0.272030,frame_008419
-2.419695,19.276278,0.272324,frame_008420
-2.510229,19.281123,0.272611,frame_008421
-2.600064,19.285904,0.272892,frame_008422
-2.690033,19.290597,0.273179,frame_008423
-2.780059,19.295177,0.273471,frame_008424
-2.870066,19.299619,0.273770,frame_008425
-2.959977,19.303897,0.274080,frame_008426
-3.049718,19.307987,0.274378,frame_008427
-3.139210,19.311862,0.274635,frame_008428
-3.228542,19.315499,0.274885,frame_008429
-3.317958,19.318872,0.275121,frame_008430
-3.407708,19.321955,0.275334,frame_008431
-3.497877,19.324724,0.275473,frame_008432
-3.588388,19.327153,0.275575,frame_008433
-3.679165,19.329218,0.275679,frame_008434
-3.770133,19.330892,0.275734,frame_008435
-3.861215,19.332152,0.275739,frame_008436
-3.952335,19.332971,0.275689,frame_008437
-4.043417,19.333325,0.275641,frame_008438
-4.134385,19.333188,0.275593,frame_008439
-4.225162,19.332536,0.275541,frame_008440
-4.315673,19.331343,0.275492,frame_008441
-4.405842,19.329584,0.275463,frame_008442
-4.495592,19.327233,0.275470,frame_008443
-4.585009,19.325467,0.275500,frame_008444
-4.674340,19.324481,0.275552,frame_008445
-4.763833,19.324481,0.275621,frame_008446
-4.853573,19.324481,0.275649,frame_008447
-4.943485,19.324481,0.275621,frame_008448
-5.033492,19.324481,0.275517,frame_008449
-5.123517,19.324481,0.275465,frame_008450
-5.213486,19.324481,0.275458,frame_008451
-5.303321,19.324481,0.275492,frame_008452
-5.393855,19.324481,0.275623,frame_008453
-5.485180,19.324481,0.275830,frame_008454
-5.577393,19.324481,0.276094,frame_008455
-5.669691,19.324481,0.276285,frame_008456
-5.762018,19.324481,0.276395,frame_008457
-5.854317,19.324481,0.276419,frame_008458
-5.945784,19.324481,0.276434,frame_008459
-6.036518,19.324482,0.276449,frame_008460
-6.126610,19.324482,0.276469,frame_008461
-6.216893,19.324482,0.276427,frame_008462
-6.307290,19.324482,0.276318,frame_008463
-6.397725,19.324482,0.276138,frame_008464
-6.488122,19.324482,0.275822,frame_008465
-6.578404,19.324482,0.275389,frame_008466
-6.668497,19.324482,0.274853,frame_008467
-6.758323,19.324482,0.274220,frame_008468
-6.847806,19.324482,0.273505,frame_008469
-6.936871,19.324482,0.272719,frame_008470
-7.026349,19.324482,0.271941,frame_008471
-7.116331,19.324482,0.271174,frame_008472
-7.206917,19.324483,0.270423,frame_008473
-7.297303,19.324483,0.269733,frame_008474
-7.387432,19.324483,0.269097,frame_008475
-7.477248,19.324483,0.268505,frame_008476
-7.565946,19.324483,0.267936,frame_008477
-7.653625,19.324483,0.267352,frame_008478
-7.740378,19.324483,0.266715,frame_008479
-7.827943,19.324483,0.265983,frame_008480
-7.916413,19.324483,0.265132,frame_008481
-8.005885,19.324483,0.264134,frame_008482
-8.095558,19.324484,0.263065,frame_008483
-8.185373,19.324484,0.261943,frame_008484
-8.275274,19.324484,0.260787,frame_008485
-8.365203,19.324484,0.259604,frame_008486
-8.455104,19.324484,0.258389,frame_008487
-8.544919,19.324484,0.257137,frame_008488
-8.634592,19.324484,0.255769,frame_008489
-8.724064,19.324484,0.254287,frame_008490
-8.813280,19.324484,0.252691,frame_008491
-8.901436,19.324484,0.251003,frame_008492
-8.988630,19.324485,0.249244,frame_008493
-9.074954,19.324485,0.247433,frame_008494
-9.162148,19.324485,0.245585,frame_008495
-9.250304,19.324485,0.243707,frame_008496
-9.339520,19.324485,0.241806,frame_008497
-9.428993,19.324485,0.239896,frame_008498
-9.518665,19.324485,0.237981,frame_008499
-9.608480,19.324485,0.236065,frame_008500
-9.698381,19.323499,0.233992,frame_008501
-9.788310,19.321733,0.231783,frame_008502
-9.878211,19.319383,0.229460,frame_008503
-9.968026,19.317623,0.227008,frame_008504
-10.057699,19.316430,0.224419,frame_008505
-10.147172,19.315778,0.221686,frame_008506
-10.235641,19.315642,0.218921,frame_008507
-10.323206,19.315996,0.216127,frame_008508
-10.409959,19.316815,0.213307,frame_008509
-10.497638,19.318075,0.210426,frame_008510
-10.586337,19.319749,0.207490,frame_008511
-10.676152,19.321814,0.204504,frame_008512
-10.766281,19.324243,0.201422,frame_008513
-10.856667,19.327012,0.198260,frame_008514
-10.947253,19.330096,0.195035,frame_008515
-11.037982,19.333468,0.191939,frame_008516
-11.128796,19.337105,0.188989,frame_008517
-11.219639,19.340981,0.186202,frame_008518
-11.309707,19.345070,0.183577,frame_008519
-11.399099,19.349349,0.181138,frame_008520
-11.487907,19.353791,0.178908,frame_008521
-11.576962,19.358371,0.176844,frame_008522
-11.666189,19.363064,0.174960,frame_008523
-11.755510,19.367846,0.173267,frame_008524
-11.844851,19.372690,0.171713,frame_008525
-11.934135,19.377572,0.170299,frame_008526
-12.023285,19.382467,0.169025,frame_008527
-12.113134,19.387349,0.167724,frame_008528
-12.203773,19.392193,0.166398,frame_008529
-12.295301,19.396974,0.165044,frame_008530
-12.386914,19.401668,0.163737,frame_008531
-12.478557,19.406248,0.162469,frame_008532
-12.570170,19.410690,0.161232,frame_008533
-12.661698,19.414968,0.160047,frame_008534
-12.753083,19.419058,0.158926,frame_008535
-12.844269,19.422934,0.157882,frame_008536
-12.935197,19.426570,0.156850,frame_008537
-13.025811,19.429943,0.155826,frame_008538
-13.116055,19.433027,0.154804,frame_008539
-13.205124,19.435796,0.153860,frame_008540
-13.293117,19.438225,0.152989,frame_008541
-13.380127,19.440290,0.152187,frame_008542
-13.467892,19.441964,0.151519,frame_008543
-13.556504,19.443224,0.150982,frame_008544
-13.646063,19.444043,0.150573,frame_008545
-13.735764,19.444397,0.150181,frame_008546
-13.825550,19.444261,0.149809,frame_008547
-13.915365,19.443609,0.149455,frame_008548
-14.005152,19.441429,0.149125,frame_008549
-14.094853,19.437904,0.148806,frame_008550
-14.184411,19.433203,0.148485,frame_008551
-14.273770,19.429677,0.148352,frame_008552
-14.362871,19.427498,0.148404,frame_008553
-14.451659,19.426846,0.148642,frame_008554
-14.539329,19.426709,0.148954,frame_008555
-14.625981,19.427063,0.149338,frame_008556
-14.711706,19.427883,0.149791,frame_008557
-14.798244,19.429142,0.150340,frame_008558
-14.885686,19.430817,0.150961,frame_008559
-14.974131,19.432882,0.151633,frame_008560
-15.062776,19.435311,0.152222,frame_008561
-15.151563,19.438080,0.152742,frame_008562
-15.240436,19.441164,0.153205,frame_008563
-15.329338,19.444536,0.153863,frame_008564
-15.418211,19.448173,0.154703,frame_008565
-15.506999,19.452049,0.155710,frame_008566
-15.594898,19.456139,0.156622,frame_008567
-15.682006,19.460417,0.157442,frame_008568
-15.768416,19.464859,0.158170,frame_008569
-15.855867,19.469439,0.158791,frame_008570
-15.944451,19.474132,0.159315,frame_008571
-16.034266,19.478914,0.159750,frame_008572
-16.124510,19.483758,0.160194,frame_008573
-16.215124,19.488640,0.160634,frame_008574
-16.306052,19.493535,0.161057,frame_008575
-16.397238,19.498417,0.161390,frame_008576
-16.488623,19.503262,0.161631,frame_008577
-16.580151,19.508043,0.161779,frame_008578
-16.671018,19.512736,0.161956,frame_008579
-16.761324,19.517317,0.162173,frame_008580
-16.851159,19.521759,0.162437,frame_008581
-16.941356,19.526037,0.162741,frame_008582
-17.031839,19.530127,0.163076,frame_008583
-17.122531,19.534003,0.163434,frame_008584
-17.213356,19.537639,0.163853,frame_008585
-17.304238,19.541012,0.164336,frame_008586
-17.395101,19.544096,0.164888,frame_008587
-17.485869,19.546865,0.165556,frame_008588
-17.576466,19.549294,0.166336,frame_008589
-17.666815,19.551359,0.167224,frame_008590
-17.757003,19.553034,0.168130,frame_008591
-17.847276,19.554293,0.169057,frame_008592
-17.937882,19.555113,0.170006,frame_008593
-18.028907,19.555467,0.170885,frame_008594
-18.120274,19.555330,0.171703,frame_008595
-18.211908,19.554678,0.172468,frame_008596
-18.303732,19.553485,0.173297,frame_008597
-18.395671,19.551726,0.174204,frame_008598
-18.487647,19.549376,0.175202,frame_008599
-18.578839,19.547609,0.176306,frame_008600
-18.669327,19.546624,0.177517,frame_008601
-18.759183,19.546624,0.178833,frame_008602
-18.849219,19.546624,0.180180,frame_008603
-18.939342,19.546624,0.181542,frame_008604
-19.029454,19.546624,0.182905,frame_008605
-19.120370,19.546625,0.184201,frame_008606
-19.212162,19.546625,0.185447,frame_008607
-19.304909,19.546625,0.186658,frame_008608
-19.397789,19.546625,0.187889,frame_008609
-19.490727,19.546626,0.189115,frame_008610
-19.583645,19.546626,0.190311,frame_008611
-19.675722,19.546626,0.191599,frame_008612
-19.767038,19.546626,0.192989,frame_008613
-19.857664,19.546627,0.194494,frame_008614
-19.948414,19.546627,0.195839,frame_008615
-20.039193,19.546627,0.197012,frame_008616
-20.129905,19.546627,0.197998,frame_008617
-20.221363,19.546628,0.199064,frame_008618
-20.313640,19.546628,0.200205,frame_008619
-20.406816,19.546628,0.201419,frame_008620
-20.500067,19.546628,0.202791,frame_008621
-20.593319,19.546629,0.204317,frame_008622
-20.686494,19.546629,0.205994,frame_008623
-20.778771,19.546629,0.207616,frame_008624
-20.870229,19.546629,0.209183,frame_008625
-20.960941,19.546630,0.210695,frame_008626
-21.051720,19.546630,0.212306,frame_008627
-21.142470,19.546630,0.214013,frame_008628
-21.233097,19.546630,0.215813,frame_008629
-21.324412,19.546631,0.217573,frame_008630
-21.416489,19.546631,0.219307,frame_008631
-21.509408,19.546631,0.221026,frame_008632
-21.603091,19.546631,0.222709,frame_008633
-21.697308,19.546632,0.224358,frame_008634
-21.791833,19.546632,0.225974,frame_008635
-21.885702,19.546632,0.227666,frame_008636
-21.978857,19.546633,0.229418,frame_008637
-22.071241,19.546633,0.231211,frame_008638
-22.162797,19.545647,0.232824,frame_008639
-22.253469,19.543881,0.234260,frame_008640
-22.343199,19.541530,0.235524,frame_008641
-22.432837,19.539771,0.236727,frame_008642
-22.522495,19.538579,0.237873,frame_008643
-22.612289,19.537926,0.238964,frame_008644
-22.702183,19.537790,0.240088,frame_008645
-22.791983,19.538144,0.241260,frame_008646
-22.881500,19.538964,0.242493,frame_008647
-22.969810,19.540223,0.243752,frame_008648
-23.056891,19.541898,0.245043,frame_008649
-23.142727,19.543963,0.246376,frame_008650
-23.228950,19.547378,0.247725,frame_008651
-23.315556,19.551914,0.249087,frame_008652
-23.402549,19.557348,0.250462,frame_008653
-23.488296,19.562480,0.251889,frame_008654
-23.572816,19.567310,0.253358,frame_008655
-23.656127,19.571839,0.254855,frame_008656
-23.738249,19.576065,0.256488,frame_008657
-23.819201,19.579990,0.258271,frame_008658
-23.899001,19.583612,0.260218,frame_008659
-23.978415,19.586933,0.262186,frame_008660
-24.057306,19.589952,0.264166,frame_008661
-24.135544,19.592669,0.266153,frame_008662
-24.213168,19.595085,0.268153,frame_008663
-24.290383,19.597198,0.270169,frame_008664
-24.367403,19.599009,0.272200,frame_008665
-24.444283,19.600519,0.274318,frame_008666
-24.520926,19.601727,0.276543,frame_008667
-24.597240,19.602632,0.278895,frame_008668
-24.672393,19.603236,0.281410,frame_008669
-24.746461,19.603539,0.284059,frame_008670
-24.819521,19.603539,0.286814,frame_008671
-24.892394,19.603237,0.289556,frame_008672
-24.965001,19.602634,0.292257,frame_008673
-25.037270,19.601728,0.294886,frame_008674
-25.110041,19.600521,0.297567,frame_008675
-25.183422,19.599012,0.300283,frame_008676
-25.257534,19.597201,0.303020,frame_008677
-25.330857,19.595088,0.305604,frame_008678
-25.403522,19.592673,0.308016,frame_008679
-25.475665,19.589957,0.310239,frame_008680
-25.548163,19.586938,0.312335,frame_008681
-25.620995,19.583618,0.314315,frame_008682
-25.694145,19.579996,0.316190,frame_008683
-25.766695,19.576072,0.318039,frame_008684
-25.838475,19.571846,0.319855,frame_008685
-25.909312,19.567318,0.321629,frame_008686
-25.979198,19.561502,0.323193,frame_008687
-26.048285,19.554604,0.324529,frame_008688
-26.116725,19.546820,0.325617,frame_008689
-26.185416,19.540526,0.326633,frame_008690
-26.254355,19.535917,0.327587,frame_008691
-26.323545,19.533201,0.328496,frame_008692
-26.392996,19.531390,0.329362,frame_008693
-26.462724,19.530485,0.330184,frame_008694
-26.532750,19.530485,0.330959,frame_008695
-26.602196,19.531391,0.331629,frame_008696
-26.670928,19.533202,0.332203,frame_008697
-26.738813,19.535919,0.332686,frame_008698
-26.806626,19.539542,0.333089,frame_008699
-26.874402,19.544070,0.333424,frame_008700
-26.942181,19.549504,0.333704,frame_008701
-27.009104,19.554644,0.333922,frame_008702
-27.075057,19.559267,0.334092,frame_008703
-27.139925,19.563143,0.334228,frame_008704
-27.204501,19.567232,0.334237,frame_008705
-27.268840,19.571511,0.334135,frame_008706
-27.333003,19.575953,0.333937,frame_008707
-27.397055,19.580533,0.333705,frame_008708
-27.461069,19.585226,0.333447,frame_008709
-27.525126,19.590008,0.333173,frame_008710
-27.588402,19.594852,0.332913,frame_008711
-27.650822,19.599734,0.332680,frame_008712
-27.712309,19.604629,0.332487,frame_008713
-27.773696,19.609511,0.332422,frame_008714
-27.835073,19.614356,0.332491,frame_008715
-27.896541,19.619137,0.332701,frame_008716
-27.958040,19.623831,0.333027,frame_008717
-28.019359,19.628411,0.333492,frame_008718
-28.080292,19.632853,0.334121,frame_008719
-28.140801,19.637131,0.334765,frame_008720
-28.201015,19.641221,0.335421,frame_008721
-28.261071,19.645097,0.336085,frame_008722
-28.320951,19.648734,0.336785,frame_008723
-28.380478,19.652106,0.337524,frame_008724
-28.439487,19.655190,0.338306,frame_008725
-28.497814,19.657959,0.339098,frame_008726
-28.555304,19.660388,0.339892,frame_008727
-28.611809,19.662453,0.340680,frame_008728
-28.668093,19.664128,0.341544,frame_008729
-28.724188,19.665387,0.342484,frame_008730
-28.780138,19.666207,0.343501,frame_008731
-28.835093,19.666561,0.344671,frame_008732
-28.888954,19.666425,0.345995,frame_008733
-28.941630,19.665772,0.347472,frame_008734
-28.993034,19.663593,0.348989,frame_008735
-29.043088,19.660067,0.350533,frame_008736
-29.091719,19.655367,0.352089,frame_008737
-29.139767,19.651841,0.353716,frame_008738
-29.187341,19.649662,0.355405,frame_008739
-29.234561,19.649010,0.357149,frame_008740
-29.279906,19.648873,0.358957,frame_008741
-29.323510,19.649227,0.360812,frame_008742
-29.365506,19.650047,0.362700,frame_008743
-29.406773,19.651306,0.364490,frame_008744
-29.447289,19.652981,0.366172,frame_008745
-29.487038,19.655046,0.367732,frame_008746
-29.526011,19.657475,0.369249,frame_008747
-29.564204,19.660244,0.370712,frame_008748
-29.601620,19.663327,0.372111,frame_008749
-29.639016,19.665714,0.373481,frame_008750
-29.676251,19.667584,0.374806,frame_008751
-29.713199,19.669109,0.376073,frame_008752
-29.749000,19.671440,0.377241,frame_008753
-29.783706,19.674525,0.378305,frame_008754
-29.817380,19.678314,0.379261,frame_008755
-29.850086,19.682758,0.380160,frame_008756
-29.881899,19.687805,0.381012,frame_008757
-29.912897,19.693406,0.381827,frame_008758
-29.943167,19.699509,0.382600,frame_008759
-29.972800,19.706066,0.383329,frame_008760
-30.001894,19.713025,0.384011,frame_008761
-30.030554,19.719350,0.384593,frame_008762
-30.058891,19.725196,0.385084,frame_008763
-30.087023,19.730711,0.385497,frame_008764
-30.115073,19.737017,0.385821,frame_008765
-30.143171,19.744041,0.386046,frame_008766
-30.171454,19.751706,0.386161,frame_008767
-30.199902,19.758951,0.386186,frame_008768
-30.228341,19.765906,0.386129,frame_008769
-30.256604,19.772692,0.385999,frame_008770
-30.284689,19.780409,0.385834,frame_008771
-30.312766,19.788956,0.385642,frame_008772
-30.341008,19.798233,0.385432,frame_008773
-30.368689,19.808139,0.385213,frame_008774
-30.395827,19.818573,0.384998,frame_008775
-30.422442,19.829434,0.384800,frame_008776
-30.449299,19.839637,0.384605,frame_008777
-30.476261,19.849285,0.384427,frame_008778
-30.503198,19.858475,0.384283,frame_008779
-30.529241,19.868282,0.384211,frame_008780
-30.554427,19.878579,0.384214,frame_008781
-30.578796,19.889241,0.384296,frame_008782
-30.603130,19.899156,0.384406,frame_008783
-30.627312,19.908403,0.384544,frame_008784
-30.651232,19.917054,0.384706,frame_008785
-30.674038,19.926372,0.384904,frame_008786
-30.695788,19.936633,0.385141,frame_008787
-30.716540,19.948114,0.385421,frame_008788
-30.736722,19.960386,0.385747,frame_008789
-30.756314,19.973398,0.386116,frame_008790
-30.775300,19.987100,0.386522,frame_008791
-30.794572,20.001435,0.386928,frame_008792
-30.814287,20.016342,0.387325,frame_008793
-30.834612,20.031755,0.387701,frame_008794
-30.855188,20.048099,0.388117,frame_008795
-30.875956,20.065198,0.388576,frame_008796
-30.896860,20.082876,0.389085,frame_008797
-30.917854,20.099969,0.389621,frame_008798
-30.938896,20.116509,0.390178,frame_008799
-30.959951,20.132515,0.390751,frame_008800
-30.979338,20.149201,0.391298,frame_008801
-30.997020,20.166792,0.391805,frame_008802
-31.012958,20.185515,0.392256,frame_008803
-31.028756,20.204396,0.392677,frame_008804
-31.044374,20.223441,0.393062,frame_008805
-31.059778,20.242643,0.393404,frame_008806
-31.074564,20.262485,0.393670,frame_008807
-31.088790,20.282842,0.393863,frame_008808
-31.102513,20.303586,0.393986,frame_008809
-31.115796,20.324586,0.394009,frame_008810
-31.128703,20.345705,0.393930,frame_008811
-31.141303,20.366802,0.393744,frame_008812
-31.154040,20.388440,0.393559,frame_008813
-31.166911,20.410796,0.393372,frame_008814
-31.179918,20.434044,0.393185,frame_008815
-31.193073,20.457161,0.392961,frame_008816
-31.206389,20.480102,0.392687,frame_008817
-31.219891,20.502811,0.392352,frame_008818
-31.231951,20.526425,0.391944,frame_008819
-31.242593,20.551096,0.391467,frame_008820
-31.251833,20.576975,0.390929,frame_008821
-31.261334,20.602026,0.390289,frame_008822
-31.271111,20.626384,0.389555,frame_008823
-31.281186,20.650165,0.388736,frame_008824
-31.291589,20.674457,0.387834,frame_008825
-31.302355,20.699138,0.386863,frame_008826
-31.313524,20.724079,0.385838,frame_008827
-31.323490,20.750340,0.384849,frame_008828
-31.332294,20.777997,0.383902,frame_008829
-31.339972,20.807126,0.383005,frame_008830
-31.348206,20.835615,0.382094,frame_008831
-31.357030,20.863525,0.381173,frame_008832
-31.366486,20.890896,0.380244,frame_008833
-31.375714,20.919940,0.379319,frame_008834
-31.384599,20.950682,0.378404,frame_008835
-31.393027,20.983147,0.377502,frame_008836
-31.401792,21.017361,0.376613,frame_008837
-31.410948,21.053348,0.375745,frame_008838
-31.420555,21.091134,0.374910,frame_008839
-31.429480,21.129157,0.374100,frame_008840
-31.437867,21.167538,0.373318,frame_008841
-31.445857,21.206383,0.372568,frame_008842
-31.454334,21.246772,0.371809,frame_008843
-31.463277,21.288582,0.371053,frame_008844
-31.472670,21.331685,0.370312,frame_008845
-31.482044,21.374363,0.369612,frame_008846
-31.491304,21.416574,0.368964,frame_008847
-31.500354,21.458260,0.368376,frame_008848
-31.509100,21.500544,0.367828,frame_008849
-31.517446,21.543556,0.367327,frame_008850
-31.525297,21.587419,0.366879,frame_008851
-31.532721,21.633232,0.366514,frame_008852
-31.539944,21.680893,0.366228,frame_008853
-31.547196,21.730303,0.366017,frame_008854
-31.554543,21.780374,0.365856,frame_008855
-31.561890,21.831212,0.365746,frame_008856
-31.569142,21.882912,0.365683,frame_008857
-31.576657,21.934964,0.365717,frame_008858
-31.584425,21.987335,0.365850,frame_008859
-31.592438,22.039981,0.366085,frame_008860
-31.600690,22.092847,0.366416,frame_008861
-31.609180,22.145862,0.366846,frame_008862
-31.617911,22.198945,0.367381,frame_008863
-31.626431,22.252601,0.367969,frame_008864
-31.634667,22.306835,0.368604,frame_008865
-31.642541,22.361643,0.369279,frame_008866
-31.649977,22.417998,0.369973,frame_008867
-31.656899,22.475673,0.370673,frame_008868
-31.663231,22.534443,0.371364,frame_008869
-31.669806,22.593095,0.372110,frame_008870
-31.676713,22.651607,0.372900,frame_008871
-31.684053,22.709951,0.373722,frame_008872
-31.690276,22.769288,0.374579,frame_008873
-31.695479,22.829796,0.375469,frame_008874
-31.699757,22.891649,0.376389,frame_008875
-31.703939,22.953824,0.377359,frame_008876
-31.707949,23.016274,0.378380,frame_008877
-31.711712,23.078947,0.379454,frame_008878
-31.716060,23.141778,0.380501,frame_008879
-31.721084,23.204695,0.381515,frame_008880
-31.726882,23.267621,0.382489,frame_008881
-31.732652,23.331666,0.383447,frame_008882
-31.738336,23.396956,0.384383,frame_008883
-31.743877,23.463617,0.385291,frame_008884
-31.749218,23.530575,0.386176,frame_008885
-31.754303,23.597734,0.387028,frame_008886
-31.759074,23.664988,0.387840,frame_008887
-31.763473,23.732224,0.388617,frame_008888
-31.767444,23.799321,0.389355,frame_008889
-31.770930,23.866149,0.390054,frame_008890
-31.774782,23.932783,0.390707,frame_008891
-31.779110,23.999505,0.391309,frame_008892
-31.784031,24.066586,0.391852,frame_008893
-31.788763,24.134077,0.392376,frame_008894
-31.793265,24.201807,0.392885,frame_008895
-31.797502,24.269594,0.393385,frame_008896
-31.801434,24.338451,0.393871,frame_008897
-31.805023,24.408401,0.394346,frame_008898
-31.808232,24.479471,0.394814,frame_008899
-31.811022,24.551686,0.395272,frame_008900
-31.813356,24.625070,0.395730,frame_008901
-31.815194,24.699650,0.396199,frame_008902
-31.817408,24.773263,0.396672,frame_008903
-31.820126,24.845919,0.397144,frame_008904
-31.823486,24.917609,0.397614,frame_008905
-31.826722,24.990493,0.398081,frame_008906
-31.829816,25.064548,0.398550,frame_008907
-31.832747,25.139747,0.399025,frame_008908
-31.835498,25.215079,0.399499,frame_008909
-31.838049,25.290725,0.399976,frame_008910
-31.840381,25.366856,0.400456,frame_008911
-31.842475,25.444623,0.400989,frame_008912
-31.844313,25.523974,0.401570,frame_008913
-31.845874,25.604860,0.402199,frame_008914
-31.847141,25.686244,0.402826,frame_008915
-31.848093,25.768281,0.403459,frame_008916
-31.848712,25.851119,0.404104,frame_008917
-31.848980,25.933694,0.404776,frame_008918
-31.848876,26.015916,0.405475,frame_008919
-31.848382,26.097674,0.406203,frame_008920
-31.847479,26.180045,0.406909,frame_008921
-31.846148,26.263106,0.407592,frame_008922
-31.844369,26.346929,0.408251,frame_008923
-31.843032,26.431577,0.408932,frame_008924
-31.842286,26.517105,0.409630,frame_008925
-31.842286,26.603559,0.410343,frame_008926
-31.842285,26.690976,0.411055,frame_008927
-31.842285,26.779386,0.411766,frame_008928
-31.842285,26.868810,0.412474,frame_008929
-31.842284,26.956301,0.413187,frame_008930
-31.842284,27.042482,0.413911,frame_008931
-31.842283,27.131635,0.414661,frame_008932
-31.842283,27.223546,0.415428,frame_008933
-31.842283,27.317993,0.416209,frame_008934
-31.842282,27.414757,0.417005,frame_008935
-31.842282,27.511888,0.417825,frame_008936
-31.842281,27.609520,0.418661,frame_008937
-31.842281,27.707772,0.419506,frame_008938
-31.842280,27.807729,0.420362,frame_008939
-31.842280,27.909270,0.421226,frame_008940
-31.842279,28.012264,0.422091,frame_008941
-31.842279,28.116789,0.422898,frame_008942
-31.842279,28.223123,0.423648,frame_008943
-31.842278,28.331541,0.424346,frame_008944
-31.843024,28.442092,0.425029,frame_008945
-31.844360,28.554604,0.425697,frame_008946
-31.846137,28.668897,0.426348,frame_008947
-31.847468,28.781824,0.426989,frame_008948
-31.848370,28.893805,0.427618,frame_008949
-31.848863,29.007197,0.428203,frame_008950
-31.848966,29.121941,0.428771,frame_008951
-31.848697,29.237962,0.429326,frame_008952
-31.848077,29.356155,0.429883,frame_008953
-31.847124,29.477403,0.430414,frame_008954
-31.845857,29.601608,0.430919,frame_008955
-31.844294,29.728668,0.431397,frame_008956
-31.842456,29.856296,0.431862,frame_008957
-31.840361,29.984375,0.432319,frame_008958
-31.838028,30.112771,0.432772,frame_008959
-31.835476,30.241548,0.433217,frame_008960
-31.832724,30.370964,0.433660,frame_008961
-31.829792,30.501262,0.434108,frame_008962
-31.826698,30.632457,0.434515,frame_008963
-31.823461,30.764329,0.434880,frame_008964
-31.820100,30.896644,0.435204,frame_008965
-31.816635,31.030350,0.435539,frame_008966
-31.813084,31.165400,0.435894,frame_008967
-31.809466,31.301742,0.436278,frame_008968
-31.805801,31.435859,0.436655,frame_008969
-31.802107,31.568401,0.437034,frame_008970
-31.798404,31.703428,0.437446,frame_008971
-31.794710,31.840793,0.437917,frame_008972
-31.791045,31.980343,0.438454,frame_008973
-31.787427,32.122158,0.439068,frame_008974
-31.783876,32.266017,0.439733,frame_008975
-31.780411,32.411690,0.440450,frame_008976
-31.777050,32.558940,0.441219,frame_008977
-31.773813,32.706294,0.442036,frame_008978
-31.770719,32.853759,0.442906,frame_008979
-31.767786,33.001328,0.443833,frame_008980
-31.766153,33.151588,0.444805,frame_008981
-31.765606,33.305369,0.445833,frame_008982
-31.764821,33.459990,0.446963,frame_008983
-31.763836,33.615240,0.448193,frame_008984
-31.762690,33.770888,0.449517,frame_008985
-31.761419,33.927912,0.450931,frame_008986
-31.760063,34.087877,0.452405,frame_008987
-31.758660,34.250625,0.453927,frame_008988
-31.757247,34.416001,0.455489,frame_008989
-31.755862,34.581416,0.457062,frame_008990
-31.754544,34.746755,0.458640,frame_008991
-31.753331,34.911882,0.460215,frame_008992
-31.752260,35.075381,0.461812,frame_008993
-31.751371,35.237821,0.463437,frame_008994
-31.750700,35.403438,0.465122,frame_008995
-31.749378,35.570772,0.466836,frame_008996
-31.747275,35.739340,0.468574,frame_008997
-31.744256,35.908657,0.470328,frame_008998
-31.741083,36.080594,0.472052,frame_008999
-31.737778,36.255577,0.473743,frame_009000
-31.734358,36.431636,0.475431,frame_009001
-31.731963,36.606302,0.477111,frame_009002
-31.730377,36.780076,0.478785,frame_009003
-31.728277,36.954696,0.480468,frame_009004
-31.725701,37.129867,0.482158,frame_009005
-31.722688,37.305280,0.483854,frame_009006
-31.719275,37.480607,0.485542,frame_009007
-31.715501,37.656705,0.487231,frame_009008
-31.711403,37.833436,0.488921,frame_009009
-31.707019,38.011884,0.490649,frame_009010
-31.702389,38.192838,0.492417,frame_009011
-31.697548,38.376111,0.494218,frame_009012
-31.692537,38.561526,0.496046,frame_009013
-31.687392,38.744017,0.497846,frame_009014
-31.682152,38.923977,0.499625,frame_009015
-31.677602,39.104234,0.501466,frame_009016
-31.673622,39.284608,0.503360,frame_009017
-31.670103,39.464909,0.505299,frame_009018
-31.666194,39.644941,0.507249,frame_009019
-31.661952,39.828699,0.509233,frame_009020
-31.657434,40.016745,0.511255,frame_009021
-31.652698,40.206699,0.513314,frame_009022
-31.647799,40.398130,0.515404,frame_009023
-31.642796,40.590613,0.517517,frame_009024
-31.637745,40.783423,0.519642,frame_009025
-31.632704,40.970905,0.521737,frame_009026
-31.627729,41.153660,0.523802,frame_009027
-31.623624,41.336188,0.525855,frame_009028
-31.620290,41.519680,0.527907,frame_009029
-31.617636,41.704095,0.529958,frame_009030
-31.614830,41.889390,0.532005,frame_009031
-31.610585,42.076724,0.534080,frame_009032
-31.604727,42.266277,0.536189,frame_009033
-31.598432,42.457037,0.538237,frame_009034
-31.591755,42.648979,0.540225,frame_009035
-31.584756,42.842078,0.542154,frame_009036
-31.577489,43.035303,0.544082,frame_009037
-31.570014,43.228247,0.545998,frame_009038
-31.562386,43.420499,0.547889,frame_009039
-31.554663,43.611640,0.549745,frame_009040
-31.546902,43.799787,0.551601,frame_009041
-31.539160,43.985405,0.553445,frame_009042
-31.532240,44.171399,0.555243,frame_009043
-31.526044,44.360679,0.557013,frame_009044
-31.520480,44.553707,0.558755,frame_009045
-31.514716,44.745481,0.560451,frame_009046
-31.508828,44.935879,0.562092,frame_009047
-31.502892,45.124760,0.563666,frame_009048
-31.496986,45.312949,0.565155,frame_009049
-31.491183,45.501562,0.566589,frame_009050
-31.485562,45.690480,0.567968,frame_009051
-31.480197,45.879587,0.569265,frame_009052
-31.473804,46.071766,0.570498,frame_009053
-31.466207,46.267453,0.571676,frame_009054
-31.458580,46.464109,0.572768,frame_009055
-31.450983,46.661659,0.573784,frame_009056
-31.443471,46.860025,0.574734,frame_009057
-31.436847,47.058148,0.575655,frame_009058
-31.431014,47.256156,0.576556,frame_009059
-31.425880,47.454173,0.577446,frame_009060
-31.420612,47.651796,0.578297,frame_009061
-31.415287,47.848647,0.579107,frame_009062
-31.409981,48.044339,0.579875,frame_009063
-31.404771,48.238470,0.580539,frame_009064
-31.399731,48.435132,0.581184,frame_009065
-31.394939,48.634738,0.581835,frame_009066
-31.389563,48.834720,0.582498,frame_009067
-31.383511,49.034979,0.583165,frame_009068
-31.376684,49.235415,0.583831,frame_009069
-31.370631,49.435925,0.584531,frame_009070
-31.365255,49.636411,0.585264,frame_009071
-31.360463,49.836771,0.586027,frame_009072
-31.355423,50.035404,0.586853,frame_009073
-31.350213,50.231933,0.587721,frame_009074
-31.344907,50.425968,0.588615,frame_009075
-31.339582,50.617111,0.589507,frame_009076
-31.334314,50.811250,0.590423,frame_009077
-31.329180,51.009132,0.591355,frame_009078
-31.324093,51.207724,0.592179,frame_009079
-31.318806,51.406744,0.592905,frame_009080
-31.313072,51.605921,0.593544,frame_009081
-31.306805,51.804003,0.593895,frame_009082
-31.300082,52.000940,0.594012,frame_009083
-31.292977,52.196683,0.593950,frame_009084
-31.285569,52.391180,0.593873,frame_009085
-31.277932,52.584382,0.593825,frame_009086
-31.270143,52.776238,0.593847,frame_009087
-31.263023,52.966097,0.593955,frame_009088
-31.256494,53.153800,0.594166,frame_009089
-31.250483,53.339179,0.594497,frame_009090
-31.244177,53.523051,0.595017,frame_009091
-31.237671,53.708637,0.595696,frame_009092
-31.231061,53.896228,0.596531,frame_009093
-31.223533,54.082158,0.597544,frame_009094
-31.215015,54.266428,0.598736,frame_009095
-31.205427,54.449038,0.600106,frame_009096
-31.195592,54.632174,0.601631,frame_009097
-31.185586,54.815852,0.603305,frame_009098
-31.175485,55.000106,0.605120,frame_009099
-31.166110,55.182801,0.607142,frame_009100
-31.157383,55.363986,0.609351,frame_009101
-31.149231,55.543712,0.611727,frame_009102
-31.140842,55.723016,0.614248,frame_009103
-31.132309,55.901742,0.616906,frame_009104
-31.123729,56.079743,0.619694,frame_009105
-31.115196,56.256882,0.622680,frame_009106
-31.106806,56.433027,0.625849,frame_009107
-31.098654,56.608059,0.629185,frame_009108
-31.089927,56.783062,0.632654,frame_009109
-31.080553,56.958156,0.636237,frame_009110
-31.070452,57.133473,0.639917,frame_009111
-31.061192,57.307965,0.643629,frame_009112
-31.052693,57.481578,0.647361,frame_009113
-31.044884,57.654264,0.651102,frame_009114
-31.036951,57.825988,0.654958,frame_009115
-31.028989,57.996718,0.658921,frame_009116
-31.021094,58.166435,0.662985,frame_009117
-31.013360,58.335125,0.667029,frame_009118
-31.005884,58.502785,0.671036,frame_009119
-30.998760,58.669418,0.674991,frame_009120
-30.991175,58.836024,0.678883,frame_009121
-30.983057,59.002418,0.682690,frame_009122
-30.974325,59.168432,0.686390,frame_009123
-30.965804,59.332929,0.689892,frame_009124
-30.957567,59.495980,0.693157,frame_009125
-30.949693,59.657665,0.696148,frame_009126
-30.943001,59.819059,0.698834,frame_009127
-30.937415,59.980051,0.701178,frame_009128
-30.932860,60.140551,0.703140,frame_009129
-30.927615,60.298296,0.704784,frame_009130
-30.921610,60.453211,0.706093,frame_009131
-30.914762,60.605221,0.707056,frame_009132
-30.907896,60.756436,0.707918,frame_009133
-30.901087,60.906797,0.708713,frame_009134
-30.894412,61.056262,0.709479,frame_009135
-30.887945,61.203821,0.710220,frame_009136
-30.881764,61.349670,0.710952,frame_009137
-30.875945,61.494014,0.711689,frame_009138
-30.870401,61.638055,0.712351,frame_009139
-30.864886,61.781807,0.712956,frame_009140
-30.859153,61.925306,0.713525,frame_009141
-30.853114,62.067401,0.714057,frame_009142
-30.846848,62.207937,0.714553,frame_009143
-30.840429,62.346767,0.715017,frame_009144
-30.833934,62.484954,0.715405,frame_009145
-30.827439,62.622589,0.715731,frame_009146
-30.821020,62.759781,0.716009,frame_009147
-30.814754,62.895456,0.716263,frame_009148
-30.808716,63.029534,0.716507,frame_009149
-30.802982,63.161945,0.716753,frame_009150
-30.796721,63.293825,0.716942,frame_009151
-30.789841,63.425342,0.717075,frame_009152
-30.782244,63.556680,0.717155,frame_009153
-30.775478,63.686841,0.717244,frame_009154
-30.769446,63.815821,0.717349,frame_009155
-30.764054,63.943623,0.717477,frame_009156
-30.758473,64.070260,0.717545,frame_009157
-30.752777,64.195754,0.717556,frame_009158
-30.747044,64.320133,0.717511,frame_009159
-30.741348,64.443436,0.717439,frame_009160
-30.735767,64.565708,0.717338,frame_009161
-30.730376,64.687004,0.717203,frame_009162
-30.724343,64.807387,0.717067,frame_009163
-30.717577,64.926928,0.716937,frame_009164
-30.709980,65.045707,0.716821,frame_009165
-30.702354,65.163812,0.716672,frame_009166
-30.694757,65.281339,0.716489,frame_009167
-30.687245,65.398393,0.716272,frame_009168
-30.680622,65.516073,0.716059,frame_009169
-30.674790,65.634296,0.715854,frame_009170
-30.669655,65.752994,0.715661,frame_009171
-30.664388,65.869932,0.715461,frame_009172
-30.659064,65.985058,0.715255,frame_009173
-30.653758,66.098323,0.715042,frame_009174
-30.648548,66.211615,0.714789,frame_009175
-30.643509,66.324953,0.714499,frame_009176
-30.638717,66.438369,0.714176,frame_009177
-30.633341,66.550710,0.713823,frame_009178
-30.627289,66.661076,0.713492,frame_009179
-30.620463,66.769468,0.713175,frame_009180
-30.613665,66.877084,0.712868,frame_009181
-30.606952,66.984149,0.712572,frame_009182
-30.600383,67.090891,0.712291,frame_009183
-30.594013,67.197336,0.712012,frame_009184
-30.587900,67.303304,0.711743,frame_009185
-30.582101,67.408624,0.711491,frame_009186
-30.576673,67.513344,0.711209,frame_009187
-30.571674,67.617739,0.710890,frame_009188
-30.567159,67.722088,0.710530,frame_009189
-30.562279,67.825481,0.710203,frame_009190
-30.556923,67.927993,0.709907,frame_009191
-30.550973,68.029701,0.709641,frame_009192
-30.545960,68.131665,0.709314,frame_009193
-30.541765,68.233756,0.708923,frame_009194
-30.538278,68.335852,0.708465,frame_009195
-30.534649,68.436854,0.707998,frame_009196
-30.530934,68.536862,0.707526,frame_009197
-30.527190,68.635977,0.707055,frame_009198
-30.523475,68.735286,0.706540,frame_009199
-30.519846,68.834683,0.705993,frame_009200
-30.516359,68.934073,0.705424,frame_009201
-30.513072,69.032382,0.704867,frame_009202
-30.510042,69.129734,0.704327,frame_009203
-30.507326,69.226256,0.703808,frame_009204
-30.504073,69.323060,0.703273,frame_009205
-30.500173,69.420066,0.702726,frame_009206
-30.495508,69.517203,0.702171,frame_009207
-30.490861,69.613422,0.701659,frame_009208
-30.486272,69.708874,0.701195,frame_009209
-30.481778,69.803709,0.700785,frame_009210
-30.477417,69.898079,0.700401,frame_009211
-30.473228,69.992134,0.700042,frame_009212
-30.469248,70.086026,0.699706,frame_009213
-30.466261,70.180891,0.699421,frame_009214
-30.464150,70.276675,0.699184,frame_009215
-30.462804,70.373333,0.698991,frame_009216
-30.461373,70.469839,0.698813,frame_009217
-30.459913,70.566371,0.698652,frame_009218
-30.458481,70.663103,0.698511,frame_009219
-30.456228,70.760000,0.698390,frame_009220
-30.453041,70.856808,0.698287,frame_009221
-30.448804,70.953276,0.698200,frame_009222
-30.444300,71.049368,0.698129,frame_009223
-30.439568,71.145258,0.698069,frame_009224
-30.434646,71.241123,0.698019,frame_009225
-30.429572,71.337224,0.697997,frame_009226
-30.424383,71.433368,0.698009,frame_009227
-30.419118,71.529358,0.698058,frame_009228
-30.413815,71.624017,0.698158,frame_009229
-30.408513,71.718262,0.698255,frame_009230
-30.403248,71.812267,0.698342,frame_009231
-30.398059,71.906210,0.698429,frame_009232
-30.392985,72.000265,0.698514,frame_009233
-30.388063,72.094610,0.698595,frame_009234
-30.384077,72.189207,0.698702,frame_009235
-30.380910,72.283804,0.698834,frame_009236
-30.378451,72.378149,0.698991,frame_009237
-30.375849,72.472204,0.699153,frame_009238
-30.373161,72.566147,0.699321,frame_009239
-30.370445,72.660152,0.699494,frame_009240
-30.367758,72.755383,0.699657,frame_009241
-30.365156,72.851809,0.699799,frame_009242
-30.362697,72.949410,0.699910,frame_009243
-30.359530,73.045987,0.700014,frame_009244
-30.355544,73.141520,0.700110,frame_009245
-30.350622,73.235978,0.700196,frame_009246
-30.345547,73.331510,0.700251,frame_009247
-30.340359,73.428088,0.700275,frame_009248
-30.335094,73.525689,0.700265,frame_009249
-30.329791,73.622115,0.700300,frame_009250
-30.324488,73.717345,0.700377,frame_009251
-30.319223,73.811351,0.700497,frame_009252
-30.314035,73.906279,0.700573,frame_009253
-30.308960,74.002102,0.700610,frame_009254
-30.304038,74.098797,0.700614,frame_009255
-30.299306,74.194167,0.700665,frame_009256
-30.294803,74.288190,0.700759,frame_009257
-30.290566,74.380837,0.700896,frame_009258
-30.287379,74.473270,0.701024,frame_009259
-30.285125,74.565666,0.701144,frame_009260
-30.283694,74.658200,0.701257,frame_009261
-30.282234,74.752034,0.701363,frame_009262
-30.280802,74.847140,0.701462,frame_009263
-30.279457,74.943495,0.701553,frame_009264
-30.277346,75.038903,0.701670,frame_009265
-30.274359,75.133341,0.701796,frame_009266
-30.270379,75.226780,0.701919,frame_009267
-30.266189,75.321370,0.702019,frame_009268
-30.261828,75.417079,0.702097,frame_009269
-30.257334,75.513887,0.702152,frame_009270
-30.252745,75.609597,0.702138,frame_009271
-30.248099,75.704186,0.702061,frame_009272
-30.243434,75.797625,0.701925,frame_009273
-30.238787,75.892063,0.701762,frame_009274
-30.234198,75.987471,0.701573,frame_009275
-30.229704,76.083827,0.701356,frame_009276
-30.225343,76.178932,0.701158,frame_009277
-30.221154,76.272767,0.700973,frame_009278
-30.217173,76.365300,0.700796,frame_009279
-30.213441,76.457696,0.700584,frame_009280
-30.209993,76.550129,0.700337,frame_009281
-30.206869,76.642776,0.700054,frame_009282
-30.204107,76.736799,0.699728,frame_009283
-30.201744,76.832169,0.699364,frame_009284
-30.199820,76.928864,0.698968,frame_009285
-30.198209,77.024687,0.698561,frame_009286
-30.196626,77.119616,0.698141,frame_009287
-30.194787,77.213621,0.697707,frame_009288
-30.192567,77.308852,0.697267,frame_009289
-30.190004,77.405278,0.696822,frame_009290
-30.187137,77.502879,0.696375,frame_009291
-30.184004,77.599456,0.695903,frame_009292
-30.180642,77.694988,0.695406,frame_009293
-30.177090,77.789447,0.694880,frame_009294
-30.173386,77.883993,0.694326,frame_009295
-30.169567,77.978803,0.693745,frame_009296
-30.165673,78.074054,0.693141,frame_009297
-30.161740,78.169707,0.692516,frame_009298
-30.157808,78.265511,0.691877,frame_009299
-30.153913,78.361215,0.691231,frame_009300
-30.150095,78.456780,0.690524,frame_009301
-30.146390,78.552383,0.689756,frame_009302
-30.142838,78.648199,0.688932,frame_009303
-30.139477,78.743206,0.688144,frame_009304
-30.136343,78.837357,0.687399,frame_009305
-30.133476,78.930596,0.686707,frame_009306
-30.130914,79.025049,0.686038,frame_009307
-30.128694,79.120659,0.685383,frame_009308
-30.126854,79.217381,0.684735,frame_009309
-30.124526,79.314192,0.684107,frame_009310
-30.121579,79.411266,0.683501,frame_009311
-30.117876,79.508781,0.682917,frame_009312
-30.114928,79.606698,0.682337,frame_009313
-30.112600,79.704766,0.681765,frame_009314
-30.110760,79.802734,0.681207,frame_009315
-30.108540,79.900563,0.680610,frame_009316
-30.105978,79.998430,0.679967,frame_009317
-30.103111,80.096510,0.679268,frame_009318
-30.099977,80.193781,0.678511,frame_009319
-30.096616,80.290196,0.677702,frame_009320
-30.093064,80.385699,0.676846,frame_009321
-30.089359,80.482416,0.675993,frame_009322
-30.085541,80.580290,0.675154,frame_009323
-30.081646,80.679277,0.674344,frame_009324
-30.077714,80.777151,0.673544,frame_009325
-30.073781,80.873867,0.672759,frame_009326
-30.069886,80.969371,0.671999,frame_009327
-30.066068,81.065786,0.671244,frame_009328
-30.062364,81.163056,0.670489,frame_009329
-30.058812,81.261137,0.669729,frame_009330
-30.055450,81.359004,0.668974,frame_009331
-30.052317,81.456833,0.668228,frame_009332
-30.049450,81.554801,0.667493,frame_009333
-30.046887,81.652869,0.666823,frame_009334
-30.044667,81.750786,0.666218,frame_009335
-30.042828,81.848301,0.665681,frame_009336
-30.040499,81.945375,0.665146,frame_009337
-30.037552,82.042185,0.664615,frame_009338
-30.033849,82.138908,0.664094,frame_009339
-30.030155,82.234518,0.663601,frame_009340
-30.026490,82.328970,0.663136,frame_009341
-30.022873,82.422210,0.662698,frame_009342
-30.019322,82.515375,0.662284,frame_009343
-30.015857,82.608615,0.661893,frame_009344
-30.012497,82.702081,0.661523,frame_009345
-30.009260,82.796910,0.661173,frame_009346
-30.006166,82.893049,0.660844,frame_009347
-30.003234,82.990451,0.660538,frame_009348
-30.000482,83.086891,0.660265,frame_009349
-29.997930,83.182325,0.660029,frame_009350
-29.995598,83.276696,0.659832,frame_009351
-29.993503,83.372130,0.659681,frame_009352
-29.991664,83.468570,0.659584,frame_009353
-29.990102,83.565972,0.659551,frame_009354
-29.988835,83.663311,0.659570,frame_009355
-29.987882,83.760762,0.659640,frame_009356
-29.987262,83.858503,0.659764,frame_009357
-29.987740,83.955510,0.659918,frame_009358
-29.989179,84.051736,0.660096,frame_009359
-29.991450,84.147127,0.660289,frame_009360
-29.993684,84.243805,0.660510,frame_009361
-29.995917,84.341717,0.660749,frame_009362
-29.998188,84.440817,0.660999,frame_009363
-29.999627,84.538880,0.661271,frame_009364
-30.000105,84.635860,0.661560,frame_009365
-29.999485,84.731704,0.661861,frame_009366
-29.998532,84.827547,0.662166,frame_009367
-29.997265,84.923542,0.662465,frame_009368
-29.995703,85.019838,0.662749,frame_009369
-29.993865,85.117573,0.663077,frame_009370
-29.991770,85.216693,0.663443,frame_009371
-29.989437,85.317151,0.663838,frame_009372
-29.986885,85.416723,0.664238,frame_009373
-29.984133,85.515364,0.664640,frame_009374
-29.981201,85.613019,0.665041,frame_009375
-29.978107,85.710824,0.665430,frame_009376
-29.974870,85.808932,0.665808,frame_009377
-29.971510,85.907492,0.666173,frame_009378
-29.968045,86.006442,0.666549,frame_009379
-29.964494,86.105506,0.666922,frame_009380
-29.960877,86.204406,0.667280,frame_009381
-29.957212,86.303079,0.667596,frame_009382
-29.953518,86.401677,0.667870,frame_009383
-29.949815,86.500351,0.668102,frame_009384
-29.946122,86.598051,0.668295,frame_009385
-29.942457,86.694706,0.668434,frame_009386
-29.938839,86.790237,0.668508,frame_009387
-29.935288,86.886741,0.668520,frame_009388
-29.931823,86.984139,0.668471,frame_009389
-29.928463,87.082360,0.668363,frame_009390
-29.925972,87.180354,0.668150,frame_009391
-29.924214,87.278273,0.667835,frame_009392
-29.923060,87.376267,0.667423,frame_009393
-29.921640,87.475474,0.666934,frame_009394
-29.919991,87.575839,0.666370,frame_009395
-29.918151,87.677316,0.665729,frame_009396
-29.916160,87.777681,0.665025,frame_009397
-29.914054,87.876887,0.664258,frame_009398
-29.911872,87.974882,0.663433,frame_009399
-29.909652,88.072801,0.662551,frame_009400
-29.907432,88.170795,0.661617,frame_009401
-29.905250,88.269016,0.660634,frame_009402
-29.903144,88.367400,0.659645,frame_009403
-29.901153,88.465671,0.658654,frame_009404
-29.899314,88.563552,0.657666,frame_009405
-29.897664,88.660980,0.656747,frame_009406
-29.896244,88.758107,0.655885,frame_009407
-29.895090,88.855082,0.655071,frame_009408
-29.894078,88.953044,0.654205,frame_009409
-29.892924,89.051937,0.653294,frame_009410
-29.891341,89.151716,0.652346,frame_009411
-29.889207,89.250156,0.651339,frame_009412
-29.886559,89.347212,0.650282,frame_009413
-29.883435,89.442829,0.649186,frame_009414
-29.879874,89.538145,0.648014,frame_009415
-29.875912,89.633309,0.646788,frame_009416
-29.871590,89.728473,0.645524,frame_009417
-29.866943,89.824775,0.644249,frame_009418
-29.862012,89.922158,0.642974,frame_009419
-29.856833,90.020579,0.641712,frame_009420
-29.851444,90.117812,0.640424,frame_009421
-29.845884,90.213811,0.639121,frame_009422
-29.840191,90.308523,0.637810,frame_009423
-29.834403,90.404069,0.636539,frame_009424
-29.828558,90.500397,0.635316,frame_009425
-29.822694,90.597459,0.634149,frame_009426
-29.816849,90.694231,0.633019,frame_009427
-29.811061,90.790890,0.631944,frame_009428
-29.805368,90.887613,0.630940,frame_009429
-29.799808,90.983374,0.629993,frame_009430
-29.794420,91.078128,0.629104,frame_009431
-29.789241,91.171821,0.628271,frame_009432
-29.784309,91.266575,0.627526,frame_009433
-29.779663,91.362337,0.626876,frame_009434
-29.775340,91.459059,0.626327,frame_009435
-29.771379,91.555718,0.625888,frame_009436
-29.767817,91.652491,0.625546,frame_009437
-29.764693,91.749553,0.625289,frame_009438
-29.762045,91.845880,0.625094,frame_009439
-29.759911,91.941427,0.624962,frame_009440
-29.758329,92.036138,0.624895,frame_009441
-29.757174,92.131151,0.624910,frame_009442
-29.756163,92.226618,0.625018,frame_009443
-29.755009,92.322688,0.625228,frame_009444
-29.753588,92.419298,0.625565,frame_009445
-29.751939,92.516173,0.626025,frame_009446
-29.750100,92.613035,0.626607,frame_009447
-29.748108,92.709822,0.627300,frame_009448
-29.746002,92.806685,0.628101,frame_009449
-29.743820,92.903773,0.629010,frame_009450
-29.741600,93.001239,0.630006,frame_009451
-29.739380,93.099234,0.631091,frame_009452
-29.737199,93.197907,0.632267,frame_009453
-29.735093,93.296211,0.633519,frame_009454
-29.733101,93.394073,0.634844,frame_009455
-29.731262,93.491415,0.636233,frame_009456
-29.729613,93.590335,0.637611,frame_009457
-29.728192,93.690751,0.638951,frame_009458
-29.727038,93.792595,0.640223,frame_009459
-29.725280,93.893615,0.641461,frame_009460
-29.722790,93.993742,0.642657,frame_009461
-29.719429,94.092895,0.643808,frame_009462
-29.715964,94.192186,0.644944,frame_009463
-29.712413,94.291742,0.646060,frame_009464
-29.708796,94.391688,0.647147,frame_009465
-29.705131,94.492149,0.648252,frame_009466
-29.701437,94.593251,0.649377,frame_009467
-29.697734,94.695121,0.650523,frame_009468
-29.694041,94.797671,0.651671,frame_009469
-29.690376,94.900597,0.652819,frame_009470
-29.686758,95.003599,0.653964,frame_009471
-29.683208,95.106588,0.655125,frame_009472
-29.679742,95.209691,0.656304,frame_009473
-29.676382,95.313033,0.657501,frame_009474
-29.673145,95.415539,0.658671,frame_009475
-29.670051,95.517114,0.659816,frame_009476
-29.667119,95.617652,0.660939,frame_009477
-29.665113,95.718241,0.662129,frame_009478
-29.663898,95.818981,0.663387,frame_009479
-29.663343,95.919972,0.664713,frame_009480
-29.662579,96.021315,0.666051,frame_009481
-29.661644,96.123111,0.667400,frame_009482
-29.660575,96.225461,0.668761,frame_009483
-29.659411,96.327265,0.670174,frame_009484
-29.658190,96.428401,0.671634,frame_009485
-29.656950,96.528740,0.673139,frame_009486
-29.655729,96.629343,0.674614,frame_009487
-29.654566,96.730285,0.676051,frame_009488
-29.653497,96.831643,0.677439,frame_009489
-29.652562,96.933491,0.678816,frame_009490
-29.651797,97.035905,0.680182,frame_009491
-29.651243,97.138961,0.681540,frame_009492
-29.650027,97.242733,0.682930,frame_009493
-29.648022,97.347298,0.684354,frame_009494
-29.645090,97.452731,0.685815,frame_009495
-29.641995,97.558894,0.687280,frame_009496
-29.638759,97.665433,0.688743,frame_009497
-29.635398,97.771998,0.690196,frame_009498
-29.631933,97.878450,0.691660,frame_009499
-29.628382,97.984864,0.693126,frame_009500
-29.624765,98.091315,0.694586,frame_009501
-29.621846,98.197880,0.696018,frame_009502
-29.619489,98.304634,0.697424,frame_009503
-29.617564,98.411651,0.698807,frame_009504
-29.615201,98.519009,0.700196,frame_009505
-29.612439,98.626781,0.701585,frame_009506
-29.609315,98.735044,0.702967,frame_009507
-29.605867,98.842673,0.704272,frame_009508
-29.602134,98.949521,0.705500,frame_009509
-29.598154,99.055434,0.706650,frame_009510
-29.593965,99.161447,0.707809,frame_009511
-29.589604,99.267611,0.708976,frame_009512
-29.585110,99.373976,0.710150,frame_009513
-29.580521,99.480593,0.711273,frame_009514
-29.575874,99.587512,0.712346,frame_009515
-29.571209,99.694782,0.713374,frame_009516
-29.566563,99.802456,0.714378,frame_009517
-29.561973,99.910582,0.715355,frame_009518
-29.557479,100.019211,0.716306,frame_009519
-29.553118,100.126208,0.717248,frame_009520
-29.548929,100.231606,0.718178,frame_009521
-29.544949,100.335421,0.719090,frame_009522
-29.541216,100.439840,0.719965,frame_009523
-29.537768,100.544863,0.720802,frame_009524
-29.534644,100.650490,0.721603,frame_009525
-29.532628,100.756720,0.722401,frame_009526
-29.531602,100.863554,0.723202,frame_009527
-29.531455,100.970992,0.724015,frame_009528
-29.530429,101.079033,0.724802,frame_009529
-29.528412,101.187678,0.725560,frame_009530
-29.525289,101.296927,0.726284,frame_009531
-29.521841,101.406780,0.726986,frame_009532
-29.518108,101.517237,0.727672,frame_009533
-29.514128,101.628297,0.728349,frame_009534
-29.509938,101.739961,0.728990,frame_009535
-29.505578,101.852228,0.729597,frame_009536
-29.501083,101.965100,0.730170,frame_009537
-29.496494,102.078575,0.730749,frame_009538
-29.491848,102.192654,0.731335,frame_009539
-29.487183,102.307337,0.731929,frame_009540
-29.482536,102.422623,0.732543,frame_009541
-29.477947,102.538513,0.733180,frame_009542
-29.473453,102.655007,0.733844,frame_009543
-29.469092,102.772105,0.734527,frame_009544
-29.464902,102.889806,0.735227,frame_009545
-29.460922,103.008111,0.735942,frame_009546
-29.457189,103.125820,0.736662,frame_009547
-29.453742,103.242710,0.737382,frame_009548
-29.450618,103.358552,0.738101,frame_009549
-29.447855,103.474305,0.738777,frame_009550
-29.445493,103.589945,0.739407,frame_009551
-29.443568,103.705447,0.739988,frame_009552
-29.441211,103.820786,0.740613,frame_009553
-29.438292,103.935935,0.741277,frame_009554
-29.434674,104.050871,0.741975,frame_009555
-29.431123,104.165568,0.742648,frame_009556
-29.427658,104.280001,0.743286,frame_009557
-29.424298,104.394144,0.743880,frame_009558
-29.421061,104.506987,0.744472,frame_009559
-29.417967,104.618710,0.745064,frame_009560
-29.415034,104.729484,0.745656,frame_009561
-29.412283,104.840460,0.746186,frame_009562
-29.409731,104.951586,0.746648,frame_009563
-29.407398,105.062813,0.747036,frame_009564
-29.406049,105.174091,0.747414,frame_009565
-29.405547,105.285368,0.747780,frame_009566
-29.405763,105.396595,0.748129,frame_009567
-29.405827,105.507722,0.748412,frame_009568
-29.405776,105.618697,0.748630,frame_009569
-29.405650,105.729471,0.748783,frame_009570
-29.405485,105.841194,0.748832,frame_009571
-29.405320,105.954037,0.748779,frame_009572
-29.405194,106.068181,0.748624,frame_009573
-29.405143,106.182613,0.748390,frame_009574
-29.405207,106.297310,0.748081,frame_009575
-29.405422,106.412246,0.747704,frame_009576
-29.404921,106.527396,0.747235,frame_009577
-29.403572,106.642734,0.746687,frame_009578
-29.401239,106.758236,0.746070,frame_009579
-29.398687,106.873876,0.745393,frame_009580
-29.395936,106.989630,0.744663,frame_009581
-29.393003,107.105471,0.743886,frame_009582
-29.389909,107.221376,0.743073,frame_009583
-29.386672,107.337318,0.742239,frame_009584
-29.383312,107.453273,0.741397,frame_009585
-29.379847,107.569215,0.740589,frame_009586
-29.376296,107.685119,0.739823,frame_009587
-29.372678,107.800961,0.739107,frame_009588
-29.369013,107.915728,0.738447,frame_009589
-29.365320,108.029602,0.737843,frame_009590
-29.361617,108.142753,0.737298,frame_009591
-29.357923,108.256332,0.736786,frame_009592
-29.354258,108.370289,0.736315,frame_009593
-29.350641,108.484572,0.735891,frame_009594
-29.347090,108.599132,0.735539,frame_009595
-29.343625,108.713919,0.735256,frame_009596
-29.340264,108.828882,0.735043,frame_009597
-29.337773,108.943970,0.734882,frame_009598
-29.336016,109.059134,0.734776,frame_009599
-29.334861,109.174323,0.734729,frame_009600
-29.333441,109.289487,0.734792,frame_009601
-29.331792,109.404576,0.734966,frame_009602
-29.329952,109.519539,0.735254,frame_009603
-29.327961,109.634325,0.735549,frame_009604
-29.325855,109.748885,0.735850,frame_009605
-29.323673,109.863169,0.736157,frame_009606
-29.321453,109.977125,0.736506,frame_009607
-29.319233,110.090705,0.736892,frame_009608
-29.317051,110.203856,0.737308,frame_009609
-29.314945,110.317730,0.737706,frame_009610
-29.312953,110.432497,0.738088,frame_009611
-29.311114,110.548338,0.738457,frame_009612
-29.309465,110.664243,0.738870,frame_009613
-29.308044,110.780185,0.739321,frame_009614
-29.306890,110.896140,0.739805,frame_009615
-29.305132,111.011096,0.740273,frame_009616
-29.302641,111.125233,0.740716,frame_009617
-29.299281,111.238724,0.741122,frame_009618
-29.295816,111.352719,0.741504,frame_009619
-29.292265,111.467166,0.741859,frame_009620
-29.288648,111.582015,0.742180,frame_009621
-29.284983,111.697217,0.742478,frame_009622
-29.281289,111.812720,0.742752,frame_009623
-29.277586,111.928475,0.743005,frame_009624
-29.273892,112.044432,0.743253,frame_009625
-29.270227,112.160539,0.743494,frame_009626
-29.266610,112.276747,0.743724,frame_009627
-29.263805,112.393005,0.743981,frame_009628
-29.261676,112.509264,0.744265,frame_009629
-29.260094,112.625471,0.744578,frame_009630
-29.258188,112.741579,0.744874,frame_009631
-29.255996,112.857535,0.745160,frame_009632
-29.253558,112.973290,0.745442,frame_009633
-29.250909,113.087808,0.745774,frame_009634
-29.248090,113.201243,0.746162,frame_009635
-29.245137,113.313742,0.746610,frame_009636
-29.242090,113.426430,0.747109,frame_009637
-29.238985,113.539231,0.747654,frame_009638
-29.235861,113.652069,0.748242,frame_009639
-29.232756,113.766070,0.748819,frame_009640
-29.229708,113.881380,0.749383,frame_009641
-29.226755,113.998154,0.749933,frame_009642
-29.223936,114.115356,0.750505,frame_009643
-29.221288,114.232935,0.751102,frame_009644
-29.218849,114.350840,0.751725,frame_009645
-29.216657,114.469023,0.752351,frame_009646
-29.214751,114.587432,0.752973,frame_009647
-29.213169,114.706017,0.753586,frame_009648
-29.211040,114.824728,0.754222,frame_009649
-29.208235,114.943515,0.754873,frame_009650
-29.204618,115.062326,0.755535,frame_009651
-29.200953,115.181113,0.756124,frame_009652
-29.197259,115.299823,0.756638,frame_009653
-29.193556,115.418409,0.757074,frame_009654
-29.189863,115.535832,0.757518,frame_009655
-29.186198,115.652247,0.757969,frame_009656
-29.182580,115.767803,0.758426,frame_009657
-29.179029,115.883623,0.758839,frame_009658
-29.175564,115.999631,0.759205,frame_009659
-29.172204,116.115753,0.759522,frame_009660
-29.168967,116.231912,0.759832,frame_009661
-29.165873,116.348033,0.760144,frame_009662
-29.162940,116.464042,0.760468,frame_009663
-29.160189,116.579861,0.760778,frame_009664
-29.157637,116.695417,0.761069,frame_009665
-29.155304,116.810633,0.761337,frame_009666
-29.153955,116.926634,0.761598,frame_009667
-29.153454,117.043566,0.761849,frame_009668
-29.153669,117.161585,0.762086,frame_009669
-29.153733,117.278669,0.762299,frame_009670
-29.153682,117.394971,0.762490,frame_009671
-29.153556,117.510640,0.762662,frame_009672
-29.153391,117.626800,0.762837,frame_009673
-29.153226,117.743374,0.763017,frame_009674
-29.153100,117.860288,0.763206,frame_009675
-29.153049,117.977466,0.763386,frame_009676
-29.153113,118.094833,0.763556,frame_009677
-29.153328,118.212313,0.763716,frame_009678
-29.152827,118.328844,0.763889,frame_009679
-29.151478,118.444558,0.764067,frame_009680
-29.149145,118.559574,0.764240,frame_009681
-29.146593,118.674993,0.764380,frame_009682
-29.143842,118.790714,0.764498,frame_009683
-29.140909,118.906636,0.764609,frame_009684
-29.137815,119.023858,0.764717,frame_009685
-29.134578,119.142503,0.764825,frame_009686
-29.131218,119.262700,0.764932,frame_009687
-29.127753,119.383387,0.765027,frame_009688
-29.124202,119.504489,0.765106,frame_009689
-29.120584,119.625931,0.765163,frame_009690
-29.116919,119.747638,0.765235,frame_009691
-29.113226,119.869532,0.765322,frame_009692
-29.109523,119.991540,0.765423,frame_009693
-29.105829,120.112600,0.765501,frame_009694
-29.102164,120.232841,0.765560,frame_009695
-29.098546,120.352386,0.765603,frame_009696
-29.094996,120.472333,0.765623,frame_009697
-29.091530,120.592581,0.765623,frame_009698
-29.088170,120.713031,0.765604,frame_009699
-29.085679,120.833582,0.765538,frame_009700
-29.083921,120.954133,0.765423,frame_009701
-29.082767,121.074583,0.765260,frame_009702
-29.081346,121.194832,0.765109,frame_009703
-29.079697,121.314778,0.764977,frame_009704
-29.077858,121.434323,0.764872,frame_009705
-29.075866,121.553578,0.764784,frame_009706
-29.073760,121.672871,0.764706,frame_009707
-29.071578,121.792529,0.764633,frame_009708
-29.069358,121.912664,0.764525,frame_009709
-29.067138,122.033177,0.764393,frame_009710
-29.064956,122.153967,0.764244,frame_009711
-29.062851,122.274932,0.764090,frame_009712
-29.060859,122.395974,0.763943,frame_009713
-29.059020,122.516990,0.763814,frame_009714
-29.057370,122.637880,0.763710,frame_009715
-29.055950,122.758544,0.763637,frame_009716
-29.054795,122.878881,0.763597,frame_009717
-29.053038,122.998790,0.763583,frame_009718
-29.050547,123.118171,0.763596,frame_009719
-29.047186,123.236923,0.763637,frame_009720
-29.043721,123.355159,0.763709,frame_009721
-29.040170,123.473207,0.763822,frame_009722
-29.036553,123.591393,0.763981,frame_009723
-29.032888,123.709830,0.764185,frame_009724
-29.029194,123.828419,0.764437,frame_009725
-29.025491,123.947058,0.764743,frame_009726
-29.021798,124.065646,0.765133,frame_009727
-29.018133,124.184084,0.765605,frame_009728
-29.014515,124.302270,0.766158,frame_009729
-29.011710,124.421304,0.766729,frame_009730
-29.009582,124.541307,0.767310,frame_009731
-29.007999,124.662409,0.767896,frame_009732
-29.006093,124.782563,0.768571,frame_009733
-29.003902,124.901899,0.769337,frame_009734
-29.001463,125.020537,0.770198,frame_009735
-28.998815,125.139579,0.771113,frame_009736
-28.995995,125.258922,0.772080,frame_009737
-28.993043,125.378466,0.773098,frame_009738
-28.989995,125.498111,0.774136,frame_009739
-28.986890,125.617756,0.775192,frame_009740
-28.983766,125.737301,0.776266,frame_009741
-28.980661,125.856644,0.777371,frame_009742
-28.977613,125.975685,0.778497,frame_009743
-28.974661,126.094324,0.779635,frame_009744
-28.971841,126.212674,0.780823,frame_009745
-28.969193,126.331061,0.782055,frame_009746
-28.966754,126.449813,0.783321,frame_009747
-28.964563,126.569043,0.784586,frame_009748
-28.962657,126.688650,0.785849,frame_009749
-28.961074,126.808534,0.787105,frame_009750
-28.958946,126.928594,0.788363,frame_009751
-28.956141,127.048730,0.789622,frame_009752
-28.952523,127.168840,0.790880,frame_009753
-28.948858,127.287839,0.792117,frame_009754
-28.945165,127.405830,0.793332,frame_009755
-28.941462,127.522911,0.794522,frame_009756
-28.937768,127.641355,0.795662,frame_009757
-28.934103,127.761259,0.796742,frame_009758
-28.930486,127.882728,0.797751,frame_009759
-28.926935,128.004675,0.798772,frame_009760
-28.923470,128.126999,0.799797,frame_009761
-28.920109,128.249600,0.800825,frame_009762
-28.916872,128.372377,0.801833,frame_009763
-28.913778,128.495229,0.802827,frame_009764
-28.910846,128.618056,0.803810,frame_009765
-28.908840,128.740758,0.804782,frame_009766
-28.907625,128.863233,0.805740,frame_009767
-28.907070,128.985381,0.806681,frame_009768
-28.906306,129.106115,0.807601,frame_009769
-28.905370,129.225541,0.808497,frame_009770
-28.904301,129.343753,0.809367,frame_009771
-28.903138,129.463028,0.810237,frame_009772
-28.901917,129.583460,0.811109,frame_009773
-28.900677,129.705156,0.811982,frame_009774
-28.899456,129.827027,0.812829,frame_009775
-28.898292,129.948974,0.813657,frame_009776
-28.897223,130.070895,0.814472,frame_009777
-28.896288,130.192691,0.815293,frame_009778
-28.895524,130.314261,0.816111,frame_009779
-28.894969,130.435503,0.816918,frame_009780
-28.893753,130.555332,0.817665,frame_009781
-28.891748,130.673851,0.818363,frame_009782
-28.888816,130.791159,0.819019,frame_009783
-28.885721,130.909528,0.819649,frame_009784
-28.882485,131.029054,0.820251,frame_009785
-28.879124,131.149844,0.820826,frame_009786
-28.876405,131.270810,0.821383,frame_009787
-28.874191,131.391851,0.821925,frame_009788
-28.872351,131.512867,0.822453,frame_009789
-28.870017,131.633757,0.822981,frame_009790
-28.867226,131.754421,0.823517,frame_009791
-28.864016,131.874758,0.824069,frame_009792
-28.860426,131.993681,0.824612,frame_009793
-28.856494,132.111295,0.825148,frame_009794
-28.852256,132.227697,0.825679,frame_009795
-28.847753,132.345160,0.826204,frame_009796
-28.843021,132.463781,0.826716,frame_009797
-28.838099,132.583665,0.827211,frame_009798
-28.833024,132.703725,0.827722,frame_009799
-28.827835,132.823861,0.828247,frame_009800
-28.822571,132.943971,0.828787,frame_009801
-28.817268,133.063956,0.829329,frame_009802
-28.811965,133.183714,0.829874,frame_009803
-28.806700,133.303145,0.830424,frame_009804
-28.801511,133.422363,0.830999,frame_009805
-28.796437,133.541693,0.831600,frame_009806
-28.791515,133.661464,0.832229,frame_009807
-28.786783,133.782774,0.832911,frame_009808
-28.782279,133.905318,0.833641,frame_009809
-28.778042,134.028798,0.834410,frame_009810
-28.774109,134.151938,0.835172,frame_009811
-28.770519,134.274663,0.835917,frame_009812
-28.767310,134.396897,0.836635,frame_009813
-28.764519,134.519552,0.837340,frame_009814
-28.762184,134.642345,0.838031,frame_009815
-28.760345,134.765006,0.838707,frame_009816
-28.758877,134.888255,0.839417,frame_009817
-28.757494,135.011631,0.840142,frame_009818
-28.755911,135.134691,0.840863,frame_009819
-28.754005,135.258206,0.841581,frame_009820
-28.751814,135.381987,0.842276,frame_009821
-28.749375,135.505872,0.842929,frame_009822
-28.746727,135.628521,0.843581,frame_009823
-28.743907,135.749600,0.844200,frame_009824
-28.740955,135.868790,0.844751,frame_009825
-28.737907,135.986775,0.845192,frame_009826
-28.734802,136.103064,0.845509,frame_009827
-28.731678,136.217192,0.845688,frame_009828
-28.728573,136.327733,0.845497,frame_009829
-28.725526,136.434478,0.844948,frame_009830
-28.722573,136.537232,0.844058,frame_009831
-28.719754,136.638007,0.842933,frame_009832
-28.717106,136.736660,0.841597,frame_009833
-28.714667,136.833081,0.840075,frame_009834
-28.712476,136.925996,0.838358,frame_009835
-28.710570,137.015139,0.836466,frame_009836
-28.708987,137.100273,0.834415,frame_009837
-28.706859,137.181184,0.832226,frame_009838
-28.704054,137.257681,0.829916,frame_009839
-28.700437,137.329604,0.827505,frame_009840
-28.696026,137.396811,0.824994,frame_009841
-28.690996,137.459192,0.822411,frame_009842
-28.685516,137.516657,0.819780,frame_009843
-28.680491,137.570344,0.817191,frame_009844
-28.675924,137.620436,0.814655,frame_009845
-28.671813,137.667153,0.812186,frame_009846
-28.668160,137.709546,0.809687,frame_009847
-28.664962,137.747677,0.807187,frame_009848
-28.662222,137.781635,0.804712,frame_009849
-28.660684,137.810546,0.802360,frame_009850
-28.660194,137.834755,0.800139,frame_009851
-28.660602,137.854623,0.798056,frame_009852
-28.661019,137.871511,0.796087,frame_009853
-28.661465,137.885611,0.794251,frame_009854
-28.661958,137.897134,0.792568,frame_009855
-28.662518,137.907520,0.791054,frame_009856
-28.663164,137.917255,0.789725,frame_009857
-28.663914,137.926859,0.788595,frame_009858
-28.664789,137.934487,0.787646,frame_009859
-28.665805,137.940279,0.786881,frame_009860
-28.666984,137.944396,0.786304,frame_009861
-28.668343,137.948214,0.785930,frame_009862
-28.669902,137.952148,0.785765,frame_009863
-28.671680,137.956637,0.785812,frame_009864
-28.674442,137.960948,0.786132,frame_009865
-28.678052,137.965349,0.786721,frame_009866
-28.682378,137.970124,0.787577,frame_009867
-28.685645,137.974376,0.788547,frame_009868
-28.687722,137.978202,0.789625,frame_009869
-28.688472,137.981705,0.790805,frame_009870
-28.689407,137.984999,0.792119,frame_009871
-28.690391,137.988207,0.793540,frame_009872
-28.691292,137.991457,0.795042,frame_009873
-28.691242,137.994888,0.796449,frame_009874
-28.690278,137.998647,0.797729,frame_009875
-28.688439,138.002889,0.798849,frame_009876
-28.686509,138.006578,0.799865,frame_009877
-28.684370,138.009663,0.800741,frame_009878
-28.681911,138.012094,0.801443,frame_009879
-28.679028,138.015020,0.802122,frame_009880
-28.675623,138.018614,0.802783,frame_009881
-28.671602,138.023056,0.803428,frame_009882
-28.666881,138.027334,0.804033,frame_009883
-28.661381,138.031423,0.804601,frame_009884
-28.655028,138.035299,0.805132,frame_009885
-28.647756,138.038936,0.805649,frame_009886
-28.639505,138.042308,0.806148,frame_009887
-28.630220,138.045391,0.806630,frame_009888
-28.619854,138.048160,0.807083,frame_009889
-28.608367,138.050589,0.807509,frame_009890
-28.595722,138.052654,0.807908,frame_009891
-28.582799,138.054328,0.808313,frame_009892
-28.569745,138.055587,0.808731,frame_009893
-28.556717,138.056407,0.809169,frame_009894
-28.543725,138.056760,0.809558,frame_009895
-28.530630,138.056624,0.809892,frame_009896
-28.517305,138.055971,0.810163,frame_009897
-28.502889,138.054778,0.810491,frame_009898
-28.487436,138.053019,0.810884,frame_009899
-28.471008,138.050668,0.811352,frame_009900
-28.453508,138.048901,0.811788,frame_009901
-28.434686,138.047915,0.812191,frame_009902
-28.414298,138.047915,0.812555,frame_009903
-28.392268,138.047915,0.812940,frame_009904
-28.368687,138.047915,0.813349,frame_009905
-28.343654,138.047915,0.813785,frame_009906
-28.318021,138.047915,0.814226,frame_009907
-28.291741,138.047915,0.814676,frame_009908
-28.264784,138.047914,0.815143,frame_009909
-28.236384,138.047914,0.815629,frame_009910
-28.206691,138.047914,0.816138,frame_009911
-28.175860,138.047914,0.816672,frame_009912
-28.144799,138.047914,0.817241,frame_009913
-28.113520,138.047914,0.817847,frame_009914
-28.082049,138.047914,0.818490,frame_009915
-28.049516,138.047914,0.819124,frame_009916
-28.015803,138.047913,0.819740,frame_009917
-27.980801,138.047913,0.820325,frame_009918
-27.944565,138.047913,0.820952,frame_009919
-27.907322,138.047913,0.821622,frame_009920
-27.869302,138.047913,0.822336,frame_009921
-27.830582,138.048899,0.823000,frame_009922
-27.791082,138.050665,0.823606,frame_009923
-27.750730,138.053016,0.824145,frame_009924
-27.710366,138.054775,0.824674,frame_009925
-27.670098,138.055968,0.825199,frame_009926
-27.630048,138.056620,0.825726,frame_009927
-27.589440,138.056756,0.826246,frame_009928
-27.548252,138.056402,0.826750,frame_009929
-27.506469,138.055583,0.827232,frame_009930
-27.464080,138.054323,0.827698,frame_009931
-27.421083,138.052649,0.828147,frame_009932
-27.377481,138.050584,0.828577,frame_009933
-27.333284,138.048155,0.829000,frame_009934
-27.288506,138.045386,0.829416,frame_009935
-27.243171,138.042302,0.829828,frame_009936
-27.197307,138.038929,0.830215,frame_009937
-27.150949,138.035293,0.830576,frame_009938
-27.104138,138.031417,0.830909,frame_009939
-27.057667,138.027327,0.831214,frame_009940
-27.011436,138.023049,0.831493,frame_009941
-26.965355,138.018607,0.831749,frame_009942
-26.918602,138.014027,0.831984,frame_009943
-26.871270,138.009333,0.832201,frame_009944
-26.823456,138.004552,0.832402,frame_009945
-26.774357,137.999707,0.832580,frame_009946
-26.723917,137.994825,0.832741,frame_009947
-26.672078,137.989931,0.832889,frame_009948
-26.620437,137.985049,0.833025,frame_009949
-26.568950,137.980204,0.833144,frame_009950
-26.517025,137.975423,0.833232,frame_009951
-26.463852,137.970729,0.833309,frame_009952
-26.409368,137.966149,0.833378,frame_009953
-26.353513,137.961707,0.833443,frame_009954
-26.296948,137.957429,0.833511,frame_009955
-26.239823,137.953339,0.833579,frame_009956
-26.182292,137.949463,0.833648,frame_009957
-26.123609,137.945826,0.833719,frame_009958
-26.063776,137.942454,0.833800,frame_009959
-26.002791,137.939370,0.833897,frame_009960
-25.942308,137.936601,0.834016,frame_009961
-25.882341,137.934172,0.834159,frame_009962
-25.822914,137.932107,0.834330,frame_009963
-25.762412,137.930432,0.834503,frame_009964
-25.700872,137.929173,0.834683,frame_009965
-25.638334,137.928353,0.834876,frame_009966
-25.575580,137.927999,0.835093,frame_009967
-25.512495,137.928136,0.835333,frame_009968
-25.448965,137.928788,0.835595,frame_009969
-25.385050,137.930967,0.835876,frame_009970
-25.320973,137.934493,0.836170,frame_009971
-25.256967,137.939193,0.836472,frame_009972
-25.193107,137.942719,0.836781,frame_009973
-25.129314,137.944898,0.837099,frame_009974
-25.065516,137.945550,0.837428,frame_009975
-25.000900,137.945687,0.837791,frame_009976
-24.935560,137.945333,0.838188,frame_009977
-24.869593,137.944513,0.838624,frame_009978
-24.803838,137.943253,0.839058,frame_009979
-24.738236,137.941579,0.839489,frame_009980
-24.672734,137.939514,0.839915,frame_009981
-24.607283,137.937084,0.840354,frame_009982
-24.541841,137.934315,0.840803,frame_009983
-24.476376,137.931232,0.841260,frame_009984
-24.410110,137.927859,0.841706,frame_009985
-24.343179,137.924222,0.842140,frame_009986
-24.275715,137.920346,0.842565,frame_009987
-24.208598,137.916257,0.843016,frame_009988
-24.141804,137.911978,0.843487,frame_009989
-24.075319,137.907536,0.843971,frame_009990
-24.008225,137.902956,0.844445,frame_009991
-23.940350,137.898263,0.844911,frame_009992
-23.871524,137.893481,0.845369,frame_009993
-23.802483,137.888637,0.845838,frame_009994
-23.733224,137.883755,0.846315,frame_009995
-23.663750,137.878860,0.846796,frame_009996
-23.593324,137.873978,0.847282,frame_009997
-23.522119,137.869133,0.847772,frame_009998
-23.450304,137.864352,0.848269,frame_009999
-23.377889,137.859658,0.848761,frame_010000
-23.304723,137.855078,0.849243,frame_010001
-23.231334,137.850636,0.849727,frame_010002
-23.157696,137.846358,0.850211,frame_010003
-23.083787,137.842268,0.850694,frame_010004
-23.009590,137.838392,0.851175,frame_010005
-22.935321,137.834755,0.851637,frame_010006
-22.861015,137.831382,0.852074,frame_010007
-22.786713,137.828299,0.852484,frame_010008
-22.712462,137.825530,0.852874,frame_010009
-22.638316,137.823100,0.853248,frame_010010
-22.564336,137.821036,0.853605,frame_010011
-22.489680,137.819361,0.853974,frame_010012
-22.414254,137.818101,0.854346,frame_010013
-22.337961,137.817282,0.854715,frame_010014
-22.261616,137.816928,0.855059,frame_010015
-22.185290,137.817064,0.855385,frame_010016
-22.109063,137.817716,0.855696,frame_010017
-22.032113,137.819895,0.855985,frame_010018
-21.954363,137.823421,0.856253,frame_010019
-21.875738,137.828122,0.856498,frame_010020
-21.797070,137.831647,0.856700,frame_010021
-21.718450,137.833826,0.856859,frame_010022
-21.639976,137.834479,0.856975,frame_010023
-21.560846,137.834615,0.857094,frame_010024
-21.481002,137.834261,0.857216,frame_010025
-21.400387,137.833441,0.857338,frame_010026
-21.319852,137.832182,0.857429,frame_010027
-21.239508,137.830507,0.857491,frame_010028
-21.159473,137.828442,0.857524,frame_010029
-21.078962,137.826013,0.857539,frame_010030
-20.997937,137.823244,0.857538,frame_010031
-20.916360,137.820160,0.857526,frame_010032
-20.834193,137.816788,0.857493,frame_010033
-20.751398,137.813151,0.857441,frame_010034
-20.667937,137.809275,0.857371,frame_010035
-20.585426,137.805185,0.857306,frame_010036
-20.503839,137.800907,0.857251,frame_010037
-20.423163,137.796465,0.857212,frame_010038
-20.341746,137.791884,0.857151,frame_010039
-20.259586,137.787191,0.857067,frame_010040
-20.176684,137.782409,0.856957,frame_010041
-20.093039,137.777565,0.856851,frame_010042
-20.008653,137.772683,0.856753,frame_010043
-19.923525,137.767788,0.856668,frame_010044
-19.837654,137.762906,0.856569,frame_010045
-19.751041,137.758062,0.856457,frame_010046
-19.663686,137.753280,0.856336,frame_010047
-19.576496,137.748587,0.856234,frame_010048
-19.489641,137.744006,0.856154,frame_010049
-19.403293,137.739565,0.856094,frame_010050
-19.316726,137.735286,0.856026,frame_010051
-19.229960,137.731196,0.855954,frame_010052
-19.143013,137.727321,0.855879,frame_010053
-19.056650,137.723684,0.855821,frame_010054
-18.970735,137.720311,0.855779,frame_010055
-18.885137,137.717227,0.855751,frame_010056
-18.798988,137.714458,0.855735,frame_010057
-18.712325,137.712029,0.855730,frame_010058
-18.625186,137.709964,0.855735,frame_010059
-18.537610,137.708290,0.855751,frame_010060
-18.449634,137.707030,0.855780,frame_010061
-18.361296,137.706210,0.855824,frame_010062
-18.273381,137.705856,0.855827,frame_010063
-18.185771,137.705993,0.855785,frame_010064
-18.098355,137.706645,0.855699,frame_010065
-18.010283,137.707838,0.855617,frame_010066
-17.921611,137.709597,0.855543,frame_010067
-17.832396,137.711947,0.855481,frame_010068
-17.742697,137.713714,0.855441,frame_010069
-17.652569,137.714700,0.855421,frame_010070
-17.562070,137.714699,0.855420,frame_010071
-17.471257,137.714699,0.855419,frame_010072
-17.380188,137.714699,0.855425,frame_010073
-17.288918,137.714699,0.855442,frame_010074
-17.198252,137.715685,0.855444,frame_010075
-17.108091,137.717451,0.855431,frame_010076
-17.018342,137.719801,0.855402,frame_010077
-16.928175,137.721560,0.855385,frame_010078
-16.837666,137.722753,0.855382,frame_010079
-16.746890,137.723406,0.855393,frame_010080
-16.656669,137.723542,0.855438,frame_010081
-16.566925,137.723188,0.855511,frame_010082
-16.477585,137.722368,0.855611,frame_010083
-16.387835,137.721109,0.855716,frame_010084
-16.297771,137.719434,0.855828,frame_010085
-16.207489,137.717369,0.855946,frame_010086
-16.116921,137.714940,0.856099,frame_010087
-16.025839,137.712171,0.856280,frame_010088
-15.934015,137.709088,0.856486,frame_010089
-15.841383,137.705715,0.856675,frame_010090
-15.748036,137.702078,0.856851,frame_010091
-15.654072,137.698202,0.857016,frame_010092
-15.559583,137.694112,0.857191,frame_010093
-15.464667,137.689834,0.857374,frame_010094
-15.369418,137.685392,0.857564,frame_010095
-15.274677,137.680812,0.857769,frame_010096
-15.180383,137.676118,0.857992,frame_010097
-15.086484,137.671337,0.858233,frame_010098
-14.992185,137.666493,0.858505,frame_010099
-14.897600,137.661610,0.858800,frame_010100
-14.802844,137.656716,0.859106,frame_010101
-14.708777,137.651834,0.859417,frame_010102
-14.615358,137.646989,0.859731,frame_010103
-14.522552,137.642208,0.860047,frame_010104
-14.428676,137.637514,0.860322,frame_010105
-14.333695,137.632934,0.860556,frame_010106
-14.237569,137.628492,0.860746,frame_010107
-14.141904,137.624214,0.860891,frame_010108
-14.046658,137.620124,0.860989,frame_010109
-13.951796,137.616249,0.861036,frame_010110
-13.857290,137.612612,0.861079,frame_010111
-13.763118,137.609239,0.861108,frame_010112
-13.669264,137.606155,0.861118,frame_010113
-13.574064,137.603387,0.861121,frame_010114
-13.477503,137.600957,0.861116,frame_010115
-13.379558,137.598892,0.861100,frame_010116
-13.281109,137.597218,0.861061,frame_010117
-13.182289,137.595958,0.860996,frame_010118
-13.083231,137.595139,0.860900,frame_010119
-12.984815,137.594785,0.860742,frame_010120
-12.887017,137.594921,0.860517,frame_010121
-12.789823,137.595573,0.860220,frame_010122
-12.692477,137.596766,0.859881,frame_010123
-12.595130,137.598526,0.859500,frame_010124
-12.497936,137.600876,0.859081,frame_010125
-12.400885,137.602642,0.858618,frame_010126
-12.303805,137.603628,0.858115,frame_010127
-12.206525,137.603628,0.857577,frame_010128
-12.109782,137.603628,0.857010,frame_010129
-12.013572,137.603628,0.856414,frame_010130
-11.917899,137.603628,0.855792,frame_010131
-11.821118,137.603628,0.855125,frame_010132
-11.723234,137.603627,0.854413,frame_010133
-11.624241,137.603627,0.853654,frame_010134
-11.525785,137.603627,0.852879,frame_010135
-11.427863,137.603627,0.852088,frame_010136
-11.330477,137.603627,0.851284,frame_010137
-11.231984,137.603627,0.850428,frame_010138
-11.132386,137.603627,0.849518,frame_010139
-11.031681,137.603627,0.848554,frame_010140
-10.931512,137.603626,0.847595,frame_010141
-10.831877,137.603626,0.846644,frame_010142
-10.732779,137.603626,0.845705,frame_010143
-10.633481,137.603626,0.844733,frame_010144
-10.534154,137.603626,0.843735,frame_010145
-10.434970,137.603626,0.842718,frame_010146
-10.335938,137.603626,0.841696,frame_010147
-10.236906,137.603626,0.840676,frame_010148
-10.137722,137.603625,0.839661,frame_010149
-10.038395,137.603625,0.838605,frame_010150
-9.939097,137.603625,0.837507,frame_010151
-9.839998,137.603625,0.836367,frame_010152
-9.741109,137.603625,0.835215,frame_010153
-9.642277,137.603625,0.834051,frame_010154
-9.543350,137.603625,0.832876,frame_010155
-9.445083,137.603625,0.831687,frame_010156
-9.347493,137.603625,0.830494,frame_010157
-9.250600,137.603624,0.829310,frame_010158
-9.152781,137.603624,0.828143,frame_010159
-9.054058,137.603624,0.827006,frame_010160
-8.954446,137.603624,0.825908,frame_010161
-8.854700,137.603624,0.824828,frame_010162
-8.754669,137.603624,0.823765,frame_010163
-8.654201,137.603624,0.822720,frame_010164
-8.553304,137.603624,0.821703,frame_010165
-8.452150,137.603624,0.820713,frame_010166
-8.350911,137.603624,0.819748,frame_010167
-8.250503,137.603623,0.818796,frame_010168
-8.150943,137.603623,0.817858,frame_010169
-8.052252,137.603623,0.816934,frame_010170
-7.952806,137.603623,0.816034,frame_010171
-7.852627,137.603623,0.815159,frame_010172
-7.751730,137.603623,0.814310,frame_010173
-7.651779,137.604609,0.813487,frame_010174
-7.552790,137.606376,0.812693,frame_010175
-7.454784,137.608726,0.811927,frame_010176
-7.356884,137.610485,0.811209,frame_010177
-7.258954,137.611678,0.810541,frame_010178
-7.160863,137.612331,0.809921,frame_010179
-7.061731,137.612467,0.809332,frame_010180
-6.961580,137.612113,0.808773,frame_010181
-6.860427,137.611294,0.808245,frame_010182
-6.759933,137.610034,0.807721,frame_010183
-6.660116,137.608360,0.807206,frame_010184
-6.560997,137.606295,0.806706,frame_010185
-6.460952,137.603866,0.806249,frame_010186
-6.360002,137.601097,0.805831,frame_010187
-6.258163,137.598014,0.805446,frame_010188
-6.157099,137.594641,0.805073,frame_010189
-6.056825,137.591004,0.804714,frame_010190
-5.957364,137.587129,0.804371,frame_010191
-5.857090,137.583039,0.804015,frame_010192
-5.756026,137.578761,0.803643,frame_010193
-5.654187,137.574319,0.803256,frame_010194
-5.553237,137.569739,0.802901,frame_010195
-5.453191,137.565046,0.802577,frame_010196
-5.354073,137.560264,0.802284,frame_010197
-5.254256,137.555420,0.802028,frame_010198
-5.153762,137.550538,0.801803,frame_010199
-5.052609,137.545644,0.801602,frame_010200
-4.952458,137.540762,0.801393,frame_010201
-4.853326,137.535917,0.801180,frame_010202
-4.755235,137.531136,0.800965,frame_010203
-4.656559,137.527429,0.800765,frame_010204
-4.557322,137.524616,0.800575,frame_010205
-4.457538,137.522524,0.800389,frame_010206
-4.357218,137.520005,0.800197,frame_010207
-4.256365,137.517109,0.800007,frame_010208
-4.154974,137.513886,0.799825,frame_010209
-4.053946,137.510386,0.799677,frame_010210
-3.953431,137.506659,0.799564,frame_010211
-3.853582,137.502757,0.799490,frame_010212
-3.753643,137.498728,0.799446,frame_010213
-3.653600,137.494624,0.799433,frame_010214
-3.553429,137.490495,0.799450,frame_010215
-3.454009,137.486392,0.799489,frame_010216
-3.355475,137.482363,0.799546,frame_010217
-3.257958,137.478461,0.799620,frame_010218
-3.160686,137.474734,0.799710,frame_010219
-3.063621,137.471234,0.799817,frame_010220
-2.966725,137.468011,0.799942,frame_010221
-2.870856,137.465115,0.800087,frame_010222
-2.776128,137.462596,0.800251,frame_010223
-2.682657,137.460504,0.800435,frame_010224
-2.588902,137.457691,0.800640,frame_010225
-2.494965,137.453984,0.800864,frame_010226
-2.400935,137.449203,0.801108,frame_010227
-2.307634,137.444358,0.801387,frame_010228
-2.214970,137.439476,0.801693,frame_010229
-2.122844,137.434582,0.802017,frame_010230
-2.032059,137.429700,0.802343,frame_010231
-1.942674,137.424856,0.802670,frame_010232
-1.854744,137.420074,0.802993,frame_010233
-1.766674,137.415381,0.803334,frame_010234
-1.678507,137.410801,0.803696,frame_010235
-1.590275,137.406359,0.804085,frame_010236
-1.502905,137.402081,0.804461,frame_010237
-1.416572,137.397992,0.804821,frame_010238
-1.331443,137.394116,0.805162,frame_010239
-1.247520,137.390479,0.805529,frame_010240
-1.164632,137.387107,0.805920,frame_010241
-1.082607,137.384024,0.806334,frame_010242
-1.001424,137.382241,0.806761,frame_010243
-0.921221,137.381578,0.807206,frame_010244
-0.842128,137.381864,0.807672,frame_010245
-0.764106,137.380963,0.808159,frame_010246
-0.686949,137.379130,0.808663,frame_010247
-0.610445,137.376613,0.809181,frame_010248
-0.534536,137.375622,0.809686,frame_010249
-0.459321,137.375979,0.810172,frame_010250
-0.384893,137.377510,0.810631,frame_010251
-0.310428,137.379066,0.811114,frame_010252
-0.235838,137.380698,0.811618,frame_010253
-0.161022,137.382455,0.812139,frame_010254
-0.086773,137.383189,0.812633,frame_010255
-0.013132,137.382727,0.813093,frame_010256
0.059866,137.380889,0.813510,frame_010257
0.132192,137.378686,0.813939,frame_010258
0.203823,137.376144,0.814378,frame_010259
0.274745,137.373287,0.814822,frame_010260
0.344948,137.370141,0.815187,frame_010261
0.414428,137.366730,0.815480,frame_010262
0.483189,137.363081,0.815708,frame_010263
0.551240,137.359218,0.815958,frame_010264
0.618598,137.355166,0.816220,frame_010265
0.685283,137.350951,0.816484,frame_010266
0.751325,137.346597,0.816715,frame_010267
0.816759,137.342131,0.816910,frame_010268
0.881626,137.337576,0.817066,frame_010269
0.945973,137.332958,0.817173,frame_010270
1.009855,137.328302,0.817234,frame_010271
1.073331,137.323634,0.817254,frame_010272
1.136468,137.318979,0.817261,frame_010273
1.199340,137.314361,0.817256,frame_010274
1.262025,137.309806,0.817235,frame_010275
1.323702,137.305339,0.817173,frame_010276
1.384294,137.300986,0.817072,frame_010277
1.443725,137.296771,0.816939,frame_010278
1.502827,137.292719,0.816773,frame_010279
1.561692,137.288856,0.816568,frame_010280
1.620418,137.285206,0.816317,frame_010281
1.679109,137.281796,0.816010,frame_010282
1.737877,137.278650,0.815651,frame_010283
1.796840,137.275793,0.815243,frame_010284
1.855958,137.273251,0.814828,frame_010285
1.915039,137.271048,0.814406,frame_010286
1.973896,137.269210,0.813979,frame_010287
2.031601,137.267762,0.813538,frame_010288
2.088136,137.266729,0.813087,frame_010289
2.143481,137.266136,0.812630,frame_010290
2.199272,137.266009,0.812141,frame_010291
2.255502,137.266372,0.811621,frame_010292
2.312177,137.267251,0.811073,frame_010293
2.368408,137.267470,0.810441,frame_010294
2.424060,137.266834,0.809749,frame_010295
2.479002,137.265136,0.809018,frame_010296
2.534018,137.264562,0.808320,frame_010297
2.589159,137.265336,0.807659,frame_010298
2.644489,137.267686,0.807037,frame_010299
2.699921,137.269453,0.806467,frame_010300
2.755222,137.270439,0.805948,frame_010301
2.810168,137.270439,0.805483,frame_010302
2.863805,137.270439,0.805078,frame_010303
2.916092,137.270439,0.804724,frame_010304
2.966993,137.270439,0.804413,frame_010305
3.017227,137.270439,0.804157,frame_010306
3.066614,137.270439,0.803949,frame_010307
3.114992,137.270439,0.803781,frame_010308
3.162206,137.270439,0.803598,frame_010309
3.208118,137.270439,0.803395,frame_010310
3.252602,137.270439,0.803166,frame_010311
3.295541,137.270439,0.803000,frame_010312
3.336836,137.270439,0.802901,frame_010313
3.376398,137.270439,0.802875,frame_010314
3.414149,137.270439,0.802787,frame_010315
3.450028,137.270439,0.802634,frame_010316
3.483982,137.270439,0.802414,frame_010317
3.515975,137.270439,0.802183,frame_010318
3.545980,137.270439,0.801938,frame_010319
3.573985,137.270439,0.801676,frame_010320
3.599244,137.270439,0.801362,frame_010321
3.621925,137.270439,0.801010,frame_010322
3.642203,137.270439,0.800629,frame_010323
3.661004,137.270439,0.800254,frame_010324
3.678360,137.270439,0.799878,frame_010325
3.694315,137.270439,0.799495,frame_010326
3.708927,137.270439,0.799105,frame_010327
3.722265,137.270440,0.798713,frame_010328
3.734412,137.270440,0.798325,frame_010329
3.745463,137.270440,0.797941,frame_010330
3.755525,137.270440,0.797553,frame_010331
3.764720,137.270440,0.797156,frame_010332
3.773180,137.270440,0.796785,frame_010333
3.781051,137.270440,0.796437,frame_010334
3.788493,137.270440,0.796110,frame_010335
3.794767,137.271426,0.795743,frame_010336
3.799891,137.273193,0.795333,frame_010337
3.803887,137.275543,0.794879,frame_010338
3.807691,137.277302,0.794416,frame_010339
3.811505,137.278495,0.793936,frame_010340
3.815545,137.279148,0.793434,frame_010341
3.819133,137.279284,0.792941,frame_010342
3.822341,137.278931,0.792447,frame_010343
3.825248,137.278111,0.791943,frame_010344
3.827940,137.277838,0.791499,frame_010345
3.830509,137.277930,0.791128,frame_010346
3.833054,137.278216,0.790845,frame_010347
3.835678,137.277546,0.790569,frame_010348
3.838493,137.275971,0.790302,frame_010349
3.841617,137.273540,0.790046,frame_010350
3.844264,137.271290,0.789801,frame_010351
3.846398,137.269066,0.789565,frame_010352
3.847980,137.266722,0.789338,frame_010353
3.849880,137.263132,0.789041,frame_010354
3.852228,137.258373,0.788677,frame_010355
3.855159,137.252519,0.788248,frame_010356
3.857911,137.246632,0.787754,frame_010357
3.860462,137.240583,0.787192,frame_010358
3.862794,137.234250,0.786559,frame_010359
3.864889,137.227026,0.785876,frame_010360
3.866727,137.218910,0.785146,frame_010361
3.868288,137.209903,0.784375,frame_010362
3.869555,137.200011,0.783543,frame_010363
3.870508,137.189246,0.782650,frame_010364
3.871128,137.177622,0.781696,frame_010365
3.871395,137.164665,0.780734,frame_010366
3.871292,137.150500,0.779770,frame_010367
3.870798,137.135254,0.778815,frame_010368
3.869896,137.120037,0.777924,frame_010369
3.868565,137.104772,0.777082,frame_010370
3.866787,137.089385,0.776277,frame_010371
3.865450,137.073815,0.775523,frame_010372
3.864704,137.058007,0.774827,frame_010373
3.864704,137.041914,0.774197,frame_010374
3.864704,137.025500,0.773575,frame_010375
3.864704,137.008734,0.772957,frame_010376
3.864704,136.991596,0.772341,frame_010377
3.864704,136.973086,0.771754,frame_010378
3.864704,136.953407,0.771200,frame_010379
3.864704,136.932760,0.770682,frame_010380
3.864704,136.912331,0.770127,frame_010381
3.864704,136.892117,0.769541,frame_010382
3.864704,136.872122,0.768932,frame_010383
3.864705,136.852359,0.768296,frame_010384
3.864705,136.832848,0.767637,frame_010385
3.864705,136.813618,0.766958,frame_010386
3.864705,136.792412,0.766595,frame_010387
3.864705,136.770832,0.766229,frame_010388
3.864705,136.748878,0.765857,frame_010389
3.864705,136.726552,0.765472,frame_010390
3.864705,136.703857,0.765071,frame_010391
3.864705,136.680792,0.764649,frame_010392
3.864705,136.657361,0.764201,frame_010393
3.864705,136.633564,0.763722,frame_010394
3.864705,136.609403,0.763208,frame_010395
3.864705,136.584880,0.762654,frame_010396
3.864705,136.559996,0.762056,frame_010397
3.864705,136.534753,0.761409,frame_010398
3.864705,136.509152,0.760707,frame_010399
3.864705,136.483194,0.759948,frame_010400
3.864705,136.456882,0.759125,frame_010401
3.864705,136.430217,0.758234,frame_010402
3.864705,136.403201,0.757270,frame_010403
3.864705,136.375834,0.756229,frame_010404
3.864705,136.348119,0.755106,frame_010405
3.864705,136.320057,0.753897,frame_010406
3.864705,136.291650,0.752596,frame_010407
3.864705,136.262899,0.751200,frame_010408
3.864705,136.233806,0.749703,frame_010409
3.864705,136.204372,0.748100,frame_010410
3.864705,136.174599,0.746388,frame_010411
